split,time,target_direction_3,target_is_tie_3,target_up_3,target_dn_3
train,2006.05.18 14:00,-1,False,5.0,7.5
train,2006.05.25 12:00,-1,False,1.2000000000000455,7.5
train,2006.05.25 15:00,1,False,6.0,4.0
train,2006.05.25 15:00,1,False,6.0,4.0
train,2006.05.26 13:00,-1,False,2.2000000000000455,12.0
train,2006.05.26 13:00,-1,False,2.2000000000000455,12.0
train,2006.05.30 13:00,1,False,12.600000000000023,1.2999999999999545
train,2006.06.02 13:00,1,False,7.7000000000000455,2.5
train,2007.11.16 13:00,-1,False,5.800000000000068,5.899999999999977
train,2008.01.23 13:00,-1,False,8.899999999999977,10.399999999999977
train,2008.01.23 14:00,1,False,14.199999999999932,0.7000000000000455
train,2008.01.23 15:00,1,False,7.199999999999932,6.600000000000023
train,2008.01.24 12:00,1,False,11.699999999999932,1.3000000000000682
train,2008.01.24 14:00,1,False,10.099999999999909,0.6000000000000227
train,2008.01.24 15:00,-1,False,2.0,5.5
train,2008.01.25 13:00,-1,False,1.6000000000000227,8.100000000000023
train,2008.01.25 15:00,-1,False,0.5,8.5
train,2008.01.25 16:00,-1,False,2.199999999999932,6.899999999999977
train,2008.01.29 13:00,-1,False,1.8999999999999773,7.0
train,2008.01.30 15:00,1,False,3.6000000000000227,0.10000000000002274
train,2008.02.01 13:00,-1,False,2.5,29.200000000000045
train,2008.03.12 13:00,1,False,4.399999999999977,2.6000000000000227
train,2008.03.14 14:00,-1,False,2.6000000000000227,8.600000000000023
train,2008.03.17 03:00,1,False,4.999999999999886,0.3000000000000682
train,2008.03.18 14:00,-1,False,2.199999999999932,4.600000000000023
train,2008.03.19 15:00,-1,False,0.6000000000000227,21.600000000000023
train,2008.03.20 14:00,1,False,8.600000000000023,2.199999999999932
train,2008.03.20 15:00,-1,False,0.39999999999997726,10.399999999999977
train,2008.03.21 12:00,1,False,0.39999999999997726,0.0
train,2008.03.21 13:00,1,False,0.20000000000004547,0.10000000000002274
train,2008.03.25 13:00,-1,False,2.8999999999999773,5.399999999999977
train,2008.03.25 15:00,1,False,6.399999999999977,5.100000000000023
train,2008.03.26 13:00,1,False,8.899999999999977,2.3999999999999773
train,2008.03.26 15:00,1,False,4.2999999999999545,1.2000000000000455
train,2008.03.27 14:00,-1,False,1.0,5.2000000000000455
train,2008.03.27 15:00,1,False,5.800000000000068,5.100000000000023
train,2008.03.28 13:00,-1,False,0.0,11.700000000000045
train,2008.03.28 15:00,-1,False,0.5,10.899999999999977
train,2008.03.31 14:00,-1,False,1.1000000000000227,17.800000000000068
train,2008.04.01 13:00,-1,False,2.3999999999999773,25.200000000000045
train,2008.04.01 15:00,-1,False,0.20000000000004547,16.100000000000023
train,2008.04.02 12:00,-1,False,2.699999999999932,8.900000000000091
train,2008.04.02 15:00,-1,False,5.399999999999977,5.899999999999977
train,2008.04.02 15:00,-1,False,5.399999999999977,5.899999999999977
train,2008.04.03 13:00,1,False,9.800000000000068,5.599999999999909
train,2008.04.03 15:00,-1,False,9.300000000000068,11.599999999999909
train,2008.04.04 13:00,-1,False,4.7999999999999545,5.7000000000000455
train,2008.04.09 14:00,1,False,15.300000000000068,0.2999999999999545
train,2008.04.10 14:00,-1,False,4.899999999999977,9.600000000000023
train,2008.04.11 12:00,1,False,6.300000000000068,2.2999999999999545
train,2008.04.11 13:00,-1,False,4.7000000000000455,10.0
train,2008.05.02 13:00,-1,False,2.900000000000091,9.399999999999977
train,2008.07.24 14:00,-1,False,5.699999999999932,6.100000000000023
train,2008.08.11 20:00,-1,False,0.09999999999990905,5.0
train,2008.08.12 02:00,-1,False,2.3999999999999773,9.800000000000068
train,2008.08.12 04:00,1,False,6.7999999999999545,2.2000000000000455
train,2008.08.12 08:00,-1,False,1.2000000000000455,9.299999999999955
train,2008.08.12 09:00,-1,False,7.2999999999999545,7.399999999999977
train,2008.08.12 15:00,-1,False,2.7000000000000455,11.100000000000023
train,2008.08.13 14:00,1,False,8.0,6.899999999999977
train,2008.08.14 13:00,-1,False,0.20000000000004547,18.799999999999955
train,2008.08.14 14:00,-1,False,1.6999999999999318,9.900000000000091
train,2008.08.15 11:00,1,False,18.0,0.5
train,2008.08.15 16:00,1,False,10.900000000000091,0.09999999999990905
train,2008.08.19 13:00,-1,False,2.300000000000068,7.399999999999977
train,2008.08.19 15:00,1,False,24.700000000000045,1.7000000000000455
train,2008.08.19 15:00,1,False,24.700000000000045,1.7000000000000455
train,2008.08.20 12:00,1,False,6.0,3.2999999999999545
train,2008.08.20 13:00,-1,False,5.899999999999977,8.899999999999977
train,2008.08.20 15:00,-1,False,5.099999999999909,13.0
train,2008.08.20 15:00,-1,False,5.099999999999909,13.0
train,2008.08.21 12:00,1,False,7.0,2.900000000000091
train,2008.08.21 15:00,1,False,8.0,0.599999999999909
train,2008.08.22 14:00,1,False,5.199999999999932,0.7000000000000455
train,2008.08.22 15:00,1,False,7.2999999999999545,2.7000000000000455
train,2008.08.25 13:00,-1,False,4.600000000000023,5.300000000000068
train,2008.08.26 13:00,1,False,20.90000000000009,0.2999999999999545
train,2008.08.27 13:00,-1,False,2.5,8.100000000000023
train,2008.08.27 15:00,-1,False,0.40000000000009095,6.7999999999999545
train,2008.08.27 15:00,-1,False,0.40000000000009095,6.7999999999999545
train,2008.08.29 14:00,1,False,4.2999999999999545,3.400000000000091
train,2008.09.04 14:00,-1,False,0.900000000000091,15.5
train,2008.09.05 13:00,1,False,20.5,2.3999999999999773
train,2008.09.10 15:00,-1,False,0.10000000000002274,19.700000000000045
train,2008.09.11 15:00,-1,False,6.899999999999977,7.2000000000000455
train,2008.09.11 16:00,1,False,8.600000000000023,2.3999999999999773
train,2008.09.12 12:00,1,False,4.600000000000023,3.2999999999999545
train,2008.09.12 15:00,1,False,10.899999999999977,3.7000000000000455
train,2008.09.15 14:00,1,False,6.699999999999932,3.2000000000000455
train,2008.09.15 14:00,1,False,6.699999999999932,3.2000000000000455
train,2008.09.16 14:00,-1,False,1.8999999999999773,8.299999999999955
train,2008.09.16 15:00,-1,False,3.5,5.699999999999932
train,2008.09.17 12:00,1,False,21.200000000000045,2.2999999999999545
train,2008.09.17 14:00,1,False,56.700000000000045,1.1999999999999318
train,2008.09.18 11:00,1,False,10.200000000000045,2.8999999999999773
train,2008.09.18 12:00,-1,False,0.0,17.699999999999932
train,2008.09.18 13:00,-1,False,2.2999999999999545,23.700000000000045
train,2008.09.18 14:00,-1,False,5.7999999999999545,17.90000000000009
train,2008.09.18 17:00,1,False,34.0,3.900000000000091
train,2008.09.18 20:00,-1,False,0.0,53.200000000000045
train,2008.09.19 11:00,1,False,32.39999999999998,2.1000000000000227
train,2008.09.19 13:00,1,False,32.90000000000009,0.0
train,2008.09.19 14:00,1,False,16.800000000000068,3.1000000000000227
train,2008.09.19 16:00,-1,False,4.400000000000091,6.5
train,2008.09.19 18:00,1,False,18.0,1.8999999999999773
train,2008.09.22 11:00,1,False,10.800000000000068,0.8999999999999773
train,2008.09.22 12:00,1,False,15.399999999999977,4.7000000000000455
train,2008.09.22 14:00,1,False,20.200000000000045,2.599999999999909
train,2008.09.22 15:00,1,False,8.100000000000023,3.5
train,2008.09.22 18:00,1,False,9.199999999999932,1.400000000000091
train,2008.09.23 07:00,-1,False,0.6000000000000227,11.700000000000045
train,2008.09.23 10:00,1,False,9.800000000000068,0.7999999999999545
train,2008.09.23 13:00,-1,False,7.100000000000023,11.199999999999932
train,2008.09.23 15:00,-1,False,1.5,15.899999999999977
train,2008.09.23 16:00,-1,False,2.699999999999932,18.5
train,2008.09.23 18:00,-1,False,7.399999999999977,8.299999999999955
train,2008.09.23 18:00,-1,False,7.399999999999977,8.299999999999955
train,2008.09.24 08:00,1,False,3.699999999999932,3.0
train,2008.09.24 09:00,1,False,4.699999999999932,2.2000000000000455
train,2008.09.24 11:00,1,False,13.399999999999977,1.3999999999999773
train,2008.09.24 13:00,1,False,11.5,2.0
train,2008.09.24 16:00,-1,False,3.1000000000000227,6.5
train,2008.09.25 10:00,-1,False,3.7999999999999545,6.100000000000023
train,2008.09.25 11:00,-1,False,0.1999999999999318,8.600000000000023
train,2008.09.25 14:00,-1,False,6.7000000000000455,20.399999999999977
train,2008.09.25 17:00,1,False,9.0,0.8999999999999773
train,2008.09.25 17:00,1,False,9.0,0.8999999999999773
train,2008.09.26 10:00,1,False,9.399999999999977,4.7999999999999545
train,2008.09.26 16:00,-1,False,0.0,12.399999999999977
train,2008.09.26 18:00,-1,False,1.2000000000000455,8.399999999999977
train,2008.09.29 10:00,1,False,16.799999999999955,0.20000000000004547
train,2008.09.29 10:00,1,False,16.799999999999955,0.20000000000004547
train,2008.09.29 13:00,1,False,23.399999999999977,8.700000000000045
train,2008.09.29 15:00,1,False,11.700000000000045,10.399999999999977
train,2008.09.29 17:00,1,False,18.800000000000068,5.5
train,2008.09.30 07:00,-1,False,4.5,11.599999999999909
train,2008.09.30 09:00,1,False,4.800000000000068,2.599999999999909
train,2008.09.30 11:00,-1,False,4.399999999999977,13.399999999999977
train,2008.09.30 12:00,-1,False,5.0,15.600000000000023
train,2008.09.30 13:00,-1,False,1.6999999999999318,22.399999999999977
train,2008.09.30 14:00,-1,False,0.0,16.399999999999977
train,2008.09.30 18:00,-1,False,2.400000000000091,18.59999999999991
train,2008.10.01 07:00,1,False,6.400000000000091,2.599999999999909
train,2008.10.01 09:00,-1,False,4.699999999999932,4.900000000000091
train,2008.10.01 10:00,-1,False,0.0,12.200000000000045
train,2008.10.01 10:00,-1,False,0.0,12.200000000000045
train,2008.10.01 14:00,1,False,11.699999999999932,4.600000000000023
train,2008.10.01 16:00,1,False,11.200000000000045,5.5
train,2008.10.01 17:00,-1,False,6.7000000000000455,22.0
train,2008.10.01 18:00,-1,False,1.0,21.899999999999977
train,2008.10.01 19:00,-1,False,0.3000000000000682,20.0
train,2008.10.02 09:00,1,False,5.699999999999932,0.5
train,2008.10.02 10:00,-1,False,1.1999999999999318,6.100000000000023
train,2008.10.02 12:00,-1,False,6.400000000000091,17.299999999999955
train,2008.10.02 15:00,-1,False,5.699999999999932,17.399999999999977
train,2008.10.02 17:00,-1,False,3.2999999999999545,5.0
train,2008.10.02 19:00,-1,False,3.3999999999999773,7.5
train,2008.10.03 07:00,-1,False,0.7999999999999545,11.0
train,2008.10.03 09:00,1,False,3.3999999999999773,2.6000000000000227
train,2008.10.03 10:00,-1,False,2.5,2.7000000000000455
train,2008.10.03 11:00,1,False,8.600000000000023,6.5
train,2008.10.03 13:00,-1,False,7.2000000000000455,20.899999999999977
train,2008.10.03 15:00,1,False,16.600000000000023,4.899999999999977
train,2008.10.03 16:00,-1,False,1.2000000000000455,19.799999999999955
train,2008.10.03 18:00,-1,False,6.0,7.399999999999977
train,2008.10.06 10:00,1,False,30.700000000000045,0.39999999999997726
train,2008.10.06 16:00,-1,False,1.2000000000000455,12.5
train,2008.10.06 18:00,-1,False,5.300000000000068,8.799999999999955
train,2008.10.07 13:00,1,False,13.899999999999977,4.2000000000000455
train,2008.10.07 14:00,-1,False,3.7000000000000455,14.399999999999977
train,2008.10.07 16:00,1,False,10.600000000000023,7.7000000000000455
train,2008.10.07 17:00,1,False,10.5,8.900000000000091
train,2008.10.07 18:00,1,False,15.399999999999977,0.2999999999999545
train,2008.10.08 13:00,1,False,20.0,2.199999999999932
train,2008.10.08 14:00,-1,False,1.599999999999909,17.200000000000045
train,2008.10.08 15:00,1,False,10.199999999999932,5.100000000000023
train,2008.10.08 17:00,-1,False,1.400000000000091,16.09999999999991
train,2008.10.08 18:00,-1,False,1.400000000000091,13.099999999999909
train,2008.10.09 11:00,-1,False,1.2999999999999545,4.800000000000068
train,2008.10.09 16:00,-1,False,2.1000000000000227,8.699999999999932
train,2008.10.09 18:00,1,False,30.5,5.600000000000023
train,2008.10.10 07:00,1,False,14.800000000000068,3.8999999999999773
train,2008.10.10 10:00,-1,False,0.09999999999990905,9.0
train,2008.10.10 12:00,-1,False,3.3999999999999773,21.899999999999977
train,2008.10.10 16:00,-1,False,6.199999999999932,64.30000000000007
train,2008.10.13 07:00,-1,False,2.0,7.7999999999999545
train,2008.10.13 09:00,-1,False,5.0,9.700000000000045
train,2008.10.13 10:00,-1,False,2.400000000000091,12.299999999999955
train,2008.10.13 12:00,-1,False,4.899999999999977,25.899999999999977
train,2008.10.13 13:00,-1,False,6.7999999999999545,31.5
train,2008.10.13 15:00,-1,False,5.5,8.199999999999932
train,2008.10.13 17:00,1,False,11.0,3.900000000000091
train,2008.10.14 07:00,1,False,5.100000000000023,3.2999999999999545
train,2008.10.14 08:00,-1,False,6.300000000000068,7.099999999999909
train,2008.10.14 09:00,1,False,11.0,1.900000000000091
train,2008.10.14 10:00,1,False,8.300000000000068,4.899999999999977
train,2008.10.14 13:00,-1,False,8.399999999999977,13.0
train,2008.10.14 14:00,-1,False,5.0,9.300000000000068
train,2008.10.14 15:00,-1,False,4.399999999999977,9.5
train,2008.10.14 17:00,1,False,6.599999999999909,3.1000000000000227
train,2008.10.14 19:00,-1,False,1.3000000000000682,7.199999999999932
train,2008.10.15 07:00,1,False,3.5,1.3000000000000682
train,2008.10.15 09:00,-1,False,1.8000000000000682,4.2999999999999545
train,2008.10.15 12:00,-1,False,2.1000000000000227,14.599999999999909
train,2008.10.15 12:00,-1,False,2.1000000000000227,14.599999999999909
train,2008.10.15 15:00,1,False,9.200000000000045,4.199999999999932
train,2008.10.15 17:00,-1,False,3.0,13.299999999999955
train,2008.10.15 19:00,1,False,9.300000000000068,0.39999999999997726
train,2008.10.16 08:00,-1,False,1.6999999999999318,6.900000000000091
train,2008.10.16 10:00,-1,False,3.3999999999999773,6.399999999999977
train,2008.10.16 13:00,-1,False,8.300000000000068,38.299999999999955
train,2008.10.16 14:00,-1,False,4.900000000000091,49.69999999999993
train,2008.10.16 16:00,-1,False,3.400000000000091,19.699999999999932
train,2008.10.16 16:00,-1,False,3.400000000000091,19.699999999999932
train,2008.10.16 18:00,-1,False,1.2000000000000455,7.600000000000023
train,2008.10.16 19:00,-1,False,3.1000000000000227,5.899999999999977
train,2008.10.16 21:00,-1,False,1.1000000000000227,10.099999999999909
train,2008.10.17 02:00,1,False,4.399999999999977,0.2999999999999545
train,2008.10.17 06:00,1,False,10.599999999999909,1.0
train,2008.10.17 08:00,-1,False,0.40000000000009095,17.5
train,2008.10.17 09:00,-1,False,3.2999999999999545,15.800000000000068
train,2008.10.17 15:00,-1,False,6.100000000000023,12.700000000000045
train,2008.10.17 17:00,1,False,10.800000000000068,2.3999999999999773
train,2008.10.17 17:00,1,False,10.800000000000068,2.3999999999999773
train,2008.10.17 20:00,1,False,4.5,3.5
train,2008.10.20 01:00,1,False,11.900000000000091,0.0
train,2008.10.20 08:00,-1,False,0.5,6.300000000000068
train,2008.10.20 10:00,-1,False,3.1000000000000227,7.300000000000068
train,2008.10.20 12:00,-1,False,0.39999999999997726,14.0
train,2008.10.20 17:00,1,False,5.300000000000068,4.099999999999909
train,2008.10.20 18:00,1,False,7.100000000000023,4.2999999999999545
train,2008.10.21 07:00,-1,False,2.8999999999999773,16.200000000000045
train,2008.10.21 11:00,-1,False,2.6000000000000227,16.300000000000068
train,2008.10.21 13:00,-1,False,2.5,12.200000000000045
train,2008.10.21 15:00,1,False,7.7000000000000455,6.199999999999932
train,2008.10.21 17:00,1,False,6.0,2.6000000000000227
train,2008.10.21 19:00,1,False,3.400000000000091,1.599999999999909
train,2008.10.22 07:00,-1,False,0.0,8.600000000000023
train,2008.10.22 09:00,-1,False,0.6999999999999318,14.400000000000091
train,2008.10.22 11:00,-1,False,3.300000000000068,8.600000000000023
train,2008.10.22 11:00,-1,False,3.300000000000068,8.600000000000023
train,2008.10.22 13:00,-1,False,6.7000000000000455,8.700000000000045
train,2008.10.22 15:00,1,False,7.599999999999909,6.300000000000068
train,2008.10.22 20:00,-1,False,3.2000000000000455,7.699999999999932
train,2008.10.22 22:00,-1,False,0.39999999999997726,9.900000000000091
train,2008.10.22 23:00,1,False,4.7999999999999545,3.900000000000091
train,2008.10.23 03:00,-1,False,1.7999999999999545,4.2000000000000455
train,2008.10.23 04:00,1,False,6.0,0.0
train,2008.10.23 06:00,1,False,10.200000000000045,0.09999999999990905
train,2008.10.23 07:00,1,False,8.799999999999955,0.40000000000009095
train,2008.10.23 09:00,-1,False,0.5,24.300000000000068
train,2008.10.23 13:00,1,False,26.100000000000023,8.200000000000045
train,2008.10.23 16:00,-1,False,0.39999999999997726,15.600000000000023
train,2008.10.23 17:00,-1,False,0.2999999999999545,11.700000000000045
train,2008.10.23 19:00,-1,False,6.100000000000023,6.7999999999999545
train,2008.10.23 21:00,1,False,8.700000000000045,0.5
train,2008.10.24 06:00,-1,False,0.0,14.400000000000091
train,2008.10.24 12:00,1,False,20.799999999999955,4.0
train,2008.10.24 15:00,1,False,37.39999999999998,3.1000000000000227
train,2008.10.24 19:00,-1,False,1.2000000000000455,8.399999999999977
train,2008.10.24 22:00,1,False,9.799999999999955,3.7000000000000455
train,2008.10.27 06:00,-1,False,5.400000000000091,22.0
train,2008.10.27 07:00,-1,False,1.3000000000000682,20.799999999999955
train,2008.10.27 11:00,1,False,7.7999999999999545,7.2000000000000455
train,2008.10.27 13:00,1,False,17.59999999999991,2.6000000000000227
train,2008.10.27 14:00,1,False,14.199999999999932,1.900000000000091
train,2008.10.27 16:00,1,False,19.90000000000009,0.1999999999999318
train,2008.10.28 09:00,1,False,10.800000000000068,5.600000000000023
train,2008.10.28 11:00,1,False,9.100000000000023,5.7000000000000455
train,2008.10.28 13:00,-1,False,3.2000000000000455,13.100000000000023
train,2008.10.28 13:00,-1,False,3.2000000000000455,13.100000000000023
train,2008.10.28 17:00,1,False,8.800000000000068,5.600000000000023
train,2008.10.29 07:00,-1,False,2.400000000000091,13.5
train,2008.10.29 08:00,-1,False,7.0,8.900000000000091
train,2008.10.29 10:00,1,False,18.100000000000023,0.39999999999997726
train,2008.10.29 11:00,1,False,14.799999999999955,3.7000000000000455
train,2008.10.29 13:00,1,False,15.200000000000045,1.3999999999999773
train,2008.10.29 14:00,1,False,14.700000000000045,7.0
train,2008.10.29 16:00,-1,False,0.7000000000000455,15.399999999999977
train,2008.10.30 08:00,-1,False,0.10000000000002274,11.100000000000023
train,2008.10.30 09:00,-1,False,1.8999999999999773,5.2000000000000455
train,2008.10.30 11:00,-1,False,0.1999999999999318,15.600000000000023
train,2008.10.30 12:00,-1,False,1.1000000000000227,16.100000000000023
train,2008.10.31 10:00,1,False,9.5,1.6000000000000227
train,2008.10.31 12:00,1,False,15.0,0.10000000000002274
train,2008.10.31 13:00,-1,False,6.7999999999999545,8.700000000000045
train,2008.10.31 15:00,-1,False,0.8000000000000682,15.699999999999932
train,2008.11.03 10:00,1,False,5.399999999999977,1.6000000000000227
train,2008.11.03 10:00,1,False,5.399999999999977,1.6000000000000227
train,2008.11.03 13:00,-1,False,0.6999999999999318,9.0
train,2008.11.03 16:00,-1,False,2.2000000000000455,3.8999999999999773
train,2008.11.03 18:00,-1,False,1.3999999999999773,6.899999999999977
train,2008.11.04 10:00,1,False,15.700000000000045,0.39999999999997726
train,2008.11.04 15:00,1,False,22.0,2.1000000000000227
train,2008.11.04 17:00,-1,False,2.6000000000000227,6.399999999999977
train,2008.11.04 18:00,1,False,7.899999999999977,5.5
train,2008.11.05 10:00,1,False,10.599999999999909,0.900000000000091
train,2008.11.05 12:00,-1,False,2.199999999999932,12.0
train,2008.11.05 14:00,-1,False,8.799999999999955,17.799999999999955
train,2008.11.05 15:00,-1,False,8.5,18.09999999999991
train,2008.11.05 17:00,1,False,5.5,4.5
train,2008.11.05 18:00,1,False,7.5,4.199999999999932
train,2008.11.06 11:00,1,False,19.899999999999977,0.5
train,2008.11.06 12:00,1,False,21.300000000000068,0.2999999999999545
train,2008.11.06 14:00,-1,False,3.5,27.5
train,2008.11.06 16:00,-1,False,1.599999999999909,15.100000000000023
train,2008.11.06 18:00,1,False,4.600000000000023,1.8999999999999773
train,2008.11.07 11:00,-1,False,2.2999999999999545,6.899999999999977
train,2008.11.07 12:00,-1,False,5.2999999999999545,7.100000000000023
train,2008.11.07 15:00,1,False,6.2000000000000455,3.5
train,2008.11.07 16:00,-1,False,1.8999999999999773,5.899999999999977
train,2008.11.07 17:00,-1,False,1.3999999999999773,4.600000000000023
train,2008.11.10 13:00,1,False,16.399999999999977,4.2999999999999545
train,2008.11.10 14:00,-1,False,1.6999999999999318,22.100000000000023
train,2008.11.10 15:00,-1,False,2.199999999999932,11.0
train,2008.11.11 17:00,1,False,6.2999999999999545,2.3999999999999773
train,2008.11.12 14:00,-1,False,1.6999999999999318,14.5
train,2008.11.12 17:00,-1,False,4.600000000000023,5.5
train,2008.11.13 12:00,1,False,5.900000000000091,3.5
train,2008.11.13 15:00,-1,False,12.299999999999955,14.0
train,2008.11.13 15:00,-1,False,12.299999999999955,14.0
train,2008.11.14 12:00,1,False,22.40000000000009,0.0
train,2008.11.14 15:00,-1,False,3.7999999999999545,9.100000000000023
train,2008.11.17 12:00,-1,False,0.1999999999999318,12.5
train,2008.11.17 15:00,1,False,11.300000000000068,5.199999999999932
train,2008.11.18 13:00,1,False,9.899999999999977,2.8999999999999773
train,2008.11.18 14:00,1,False,12.0,2.599999999999909
train,2008.11.18 16:00,1,False,8.699999999999932,4.600000000000023
train,2008.11.18 16:00,1,False,8.699999999999932,4.600000000000023
train,2008.11.19 12:00,1,False,21.399999999999977,3.1000000000000227
train,2008.11.19 14:00,1,False,26.899999999999977,0.0
train,2008.11.19 15:00,-1,False,2.7000000000000455,27.399999999999977
train,2008.11.20 13:00,-1,False,1.3000000000000682,11.599999999999909
train,2008.11.20 14:00,1,False,8.5,4.899999999999977
train,2008.11.21 14:00,1,False,27.700000000000045,3.0
train,2008.11.21 15:00,1,False,26.0,4.7000000000000455
train,2008.11.24 12:00,-1,False,5.100000000000023,5.5
train,2008.11.24 15:00,1,False,7.2999999999999545,2.3999999999999773
train,2008.11.24 16:00,-1,False,4.5,8.099999999999909
train,2008.11.25 12:00,1,False,19.100000000000023,5.7999999999999545
train,2008.11.25 13:00,1,False,22.399999999999977,2.5
train,2008.11.25 15:00,-1,False,4.399999999999977,10.200000000000045
train,2008.11.25 15:00,-1,False,4.399999999999977,10.200000000000045
train,2008.11.26 15:00,-1,False,0.10000000000002274,9.0
train,2008.11.26 16:00,-1,False,1.3999999999999773,6.100000000000023
train,2008.11.27 13:00,-1,False,0.10000000000002274,2.8999999999999773
train,2008.12.02 15:00,1,False,5.2999999999999545,2.300000000000068
train,2008.12.03 12:00,-1,False,1.400000000000091,10.899999999999977
train,2008.12.03 14:00,1,False,12.5,6.399999999999977
train,2008.12.03 15:00,1,False,14.100000000000023,4.7999999999999545
train,2008.12.04 13:00,1,False,10.399999999999977,2.8999999999999773
train,2008.12.04 15:00,1,False,9.100000000000023,7.2999999999999545
train,2008.12.04 16:00,-1,False,8.700000000000045,9.899999999999977
train,2008.12.05 12:00,-1,False,0.10000000000002274,21.0
train,2008.12.05 15:00,-1,False,1.1000000000000227,9.0
train,2008.12.05 15:00,-1,False,1.1000000000000227,9.0
train,2008.12.08 14:00,-1,False,0.6999999999999318,13.100000000000023
train,2008.12.08 15:00,1,False,8.0,2.6000000000000227
train,2008.12.09 13:00,-1,False,2.8999999999999773,7.100000000000023
train,2008.12.09 15:00,1,False,11.899999999999977,3.0
train,2008.12.10 15:00,1,False,8.899999999999977,5.899999999999977
train,2008.12.10 16:00,1,False,12.600000000000023,0.39999999999997726
train,2008.12.11 15:00,-1,False,3.800000000000068,7.600000000000023
train,2008.12.12 13:00,1,False,11.200000000000045,5.5
train,2008.12.12 13:00,1,False,11.200000000000045,5.5
train,2008.12.12 15:00,-1,False,2.7999999999999545,7.7000000000000455
train,2008.12.15 13:00,1,False,14.0,5.7999999999999545
train,2008.12.15 13:00,1,False,14.0,5.7999999999999545
train,2008.12.16 14:00,1,False,5.100000000000023,3.1000000000000227
train,2008.12.17 12:00,1,False,18.300000000000068,4.599999999999909
train,2008.12.17 12:00,1,False,18.300000000000068,4.599999999999909
train,2008.12.17 14:00,1,False,20.299999999999955,1.1000000000000227
train,2008.12.17 17:00,1,False,4.0,3.2999999999999545
train,2008.12.18 13:00,-1,False,1.8000000000000682,22.299999999999955
train,2008.12.18 14:00,-1,False,1.3000000000000682,14.5
train,2008.12.18 16:00,-1,False,1.5,10.399999999999977
train,2008.12.19 14:00,-1,False,2.0,6.399999999999977
train,2008.12.19 15:00,1,False,6.100000000000023,1.3999999999999773
train,2008.12.19 16:00,-1,False,2.2000000000000455,2.6000000000000227
train,2008.12.22 14:00,-1,False,1.6000000000000227,6.5
train,2008.12.23 14:00,-1,False,3.199999999999932,12.399999999999977
train,2008.12.23 15:00,-1,False,0.7999999999999545,13.800000000000068
train,2008.12.24 12:00,1,False,5.0,2.7999999999999545
train,2008.12.24 12:00,1,False,5.0,2.7999999999999545
train,2008.12.24 14:00,1,False,8.200000000000045,0.599999999999909
train,2008.12.24 15:00,1,False,7.0,0.8999999999999773
train,2008.12.26 12:00,1,False,4.600000000000023,0.0
train,2008.12.26 13:00,-1,False,1.6000000000000227,3.6000000000000227
train,2008.12.26 15:00,1,False,3.900000000000091,2.8999999999999773
train,2008.12.30 14:00,-1,False,3.7999999999999545,4.100000000000023
train,2009.01.02 12:00,1,False,6.899999999999977,1.1000000000000227
train,2009.01.02 15:00,1,False,5.100000000000023,0.10000000000002274
train,2009.01.06 13:00,1,False,6.099999999999909,1.2000000000000455
train,2009.01.07 13:00,-1,False,6.0,24.300000000000068
train,2009.01.07 15:00,-1,False,0.6000000000000227,13.600000000000023
train,2009.01.08 14:00,1,False,8.800000000000068,4.0
train,2009.01.09 12:00,-1,False,3.3999999999999773,12.300000000000068
train,2009.01.09 14:00,1,False,9.0,8.600000000000023
train,2009.01.14 12:00,-1,False,2.2999999999999545,11.399999999999977
train,2009.01.14 14:00,-1,False,5.899999999999977,9.899999999999977
train,2009.01.15 12:00,1,False,8.199999999999932,5.399999999999977
train,2009.01.15 14:00,-1,False,0.40000000000009095,15.699999999999932
train,2009.01.15 15:00,-1,False,4.399999999999977,7.7000000000000455
train,2009.01.16 13:00,1,False,10.799999999999955,0.6000000000000227
train,2009.01.16 16:00,1,False,6.899999999999977,2.7999999999999545
train,2009.01.20 13:00,1,False,9.200000000000045,5.2999999999999545
train,2009.01.21 12:00,-1,False,0.7999999999999545,12.0
train,2009.01.22 12:00,1,False,10.5,6.0
train,2009.01.22 15:00,-1,False,3.5,5.2999999999999545
train,2009.01.23 13:00,1,False,12.199999999999932,1.400000000000091
train,2009.01.23 14:00,1,False,20.5,4.2999999999999545
train,2009.01.26 13:00,1,False,9.399999999999977,8.799999999999955
train,2009.01.27 13:00,1,False,6.899999999999977,1.900000000000091
train,2009.01.27 14:00,-1,False,0.5,8.300000000000068
train,2009.01.28 14:00,-1,False,1.8999999999999773,13.5
train,2009.01.29 12:00,1,False,9.299999999999955,2.6000000000000227
train,2009.01.29 16:00,1,False,9.799999999999955,2.0
train,2009.01.30 12:00,1,False,7.100000000000023,2.699999999999932
train,2009.01.30 13:00,-1,False,7.600000000000023,8.199999999999932
train,2009.01.30 15:00,-1,False,7.0,8.399999999999977
train,2009.01.30 16:00,1,False,9.700000000000045,1.0
train,2009.02.02 14:00,1,False,6.899999999999977,5.600000000000023
train,2009.02.03 12:00,1,False,8.699999999999932,2.5
train,2009.02.03 13:00,1,False,9.199999999999932,2.2000000000000455
train,2009.02.03 16:00,-1,False,3.3999999999999773,14.5
train,2009.02.04 12:00,1,False,10.600000000000023,3.099999999999909
train,2009.02.04 14:00,1,False,10.399999999999977,0.0
train,2009.02.04 16:00,1,False,4.2000000000000455,3.699999999999932
train,2009.02.05 15:00,-1,False,1.8000000000000682,12.799999999999955
train,2009.02.05 15:00,-1,False,1.8000000000000682,12.799999999999955
train,2009.02.06 15:00,-1,False,3.099999999999909,5.0
train,2009.02.10 13:00,1,False,11.100000000000023,1.3999999999999773
train,2009.02.11 13:00,1,False,21.100000000000023,7.2000000000000455
train,2009.02.11 15:00,1,False,8.300000000000068,0.1999999999999318
train,2009.02.12 15:00,1,False,6.800000000000068,2.0
train,2009.02.13 12:00,-1,False,2.0,7.099999999999909
train,2009.02.13 13:00,-1,False,4.2999999999999545,4.7999999999999545
train,2009.02.13 15:00,-1,False,2.7000000000000455,5.5
train,2009.02.17 13:00,1,False,8.199999999999932,2.800000000000068
train,2009.02.17 13:00,1,False,8.199999999999932,2.800000000000068
train,2009.02.18 13:00,-1,False,0.0,9.800000000000068
train,2009.02.18 14:00,1,False,11.700000000000045,0.6000000000000227
train,2009.02.19 15:00,-1,False,2.2999999999999545,6.2000000000000455
train,2009.02.26 13:00,-1,False,5.899999999999977,7.800000000000068
train,2009.02.26 14:00,-1,False,3.300000000000068,10.399999999999977
train,2009.02.27 15:00,-1,False,3.1000000000000227,24.5
train,2009.03.02 14:00,-1,False,0.8999999999999773,19.700000000000045
train,2009.03.03 12:00,-1,False,6.899999999999977,10.700000000000045
train,2009.03.03 13:00,-1,False,5.899999999999977,18.0
train,2009.03.03 13:00,-1,False,5.899999999999977,18.0
train,2009.03.03 15:00,-1,False,3.2000000000000455,6.7999999999999545
train,2009.03.04 12:00,1,False,10.899999999999977,1.7999999999999545
train,2009.03.04 15:00,1,False,7.100000000000023,4.800000000000068
train,2009.03.05 12:00,-1,False,1.6999999999999318,4.5
train,2009.03.05 13:00,-1,False,4.2999999999999545,6.0
train,2009.03.05 14:00,1,False,11.899999999999977,7.600000000000023
train,2009.03.06 15:00,1,False,7.0,2.7000000000000455
train,2009.03.06 16:00,-1,False,2.7000000000000455,5.599999999999909
train,2009.03.09 12:00,-1,False,2.3999999999999773,14.799999999999955
train,2009.03.09 14:00,-1,False,1.0,22.700000000000045
train,2009.03.09 14:00,-1,False,1.0,22.700000000000045
train,2009.03.10 12:00,-1,False,3.8999999999999773,15.300000000000068
train,2009.03.10 14:00,-1,False,0.09999999999990905,14.200000000000045
train,2009.03.11 12:00,-1,False,1.8000000000000682,7.899999999999977
train,2009.03.11 13:00,1,False,9.899999999999977,5.100000000000023
train,2009.03.11 15:00,1,False,11.699999999999932,2.900000000000091
train,2009.03.12 13:00,1,False,21.899999999999977,1.8000000000000682
train,2009.03.12 15:00,-1,False,3.3999999999999773,5.5
train,2009.03.12 15:00,-1,False,3.3999999999999773,5.5
train,2009.03.13 12:00,1,False,12.899999999999977,4.600000000000023
train,2009.03.13 14:00,-1,False,3.300000000000068,8.0
train,2009.03.16 14:00,1,False,5.399999999999977,1.1000000000000227
train,2009.03.17 13:00,1,False,6.699999999999932,0.39999999999997726
train,2009.03.17 14:00,-1,False,1.099999999999909,5.0
train,2009.03.18 14:00,-1,False,1.8999999999999773,21.700000000000045
train,2009.03.20 12:00,-1,False,4.7000000000000455,7.2999999999999545
train,2009.03.20 14:00,-1,False,0.900000000000091,7.399999999999977
train,2009.03.23 14:00,1,False,5.399999999999977,0.20000000000004547
train,2009.03.24 14:00,1,False,5.199999999999932,2.3999999999999773
train,2009.03.25 14:00,-1,False,0.39999999999997726,17.199999999999932
train,2009.03.26 13:00,-1,False,1.1999999999999318,8.200000000000045
train,2009.03.26 14:00,1,False,5.7999999999999545,1.3000000000000682
train,2009.03.27 13:00,1,False,4.5,2.2999999999999545
train,2009.03.27 14:00,-1,False,0.8999999999999773,4.2000000000000455
train,2009.03.27 15:00,-1,False,1.1000000000000227,4.599999999999909
train,2009.03.31 13:00,1,False,7.2999999999999545,5.900000000000091
train,2009.04.01 15:00,-1,False,1.0,6.7999999999999545
train,2009.04.02 15:00,-1,False,3.300000000000068,7.699999999999932
train,2009.04.03 12:00,-1,False,5.2999999999999545,7.800000000000068
train,2009.04.03 15:00,-1,False,3.1000000000000227,8.799999999999955
train,2009.04.07 13:00,1,False,6.7999999999999545,2.6000000000000227
train,2009.04.08 13:00,1,False,6.0,4.699999999999932
train,2009.04.08 14:00,-1,False,2.5,7.2999999999999545
train,2009.04.08 15:00,1,False,10.200000000000045,1.3999999999999773
train,2009.04.09 13:00,-1,False,0.10000000000002274,8.799999999999955
train,2009.04.10 13:00,-1,False,0.009999999999990905,2.740000000000009
train,2009.12.02 13:00,1,False,5.869999999999891,4.040000000000191
train,2009.12.02 15:00,-1,False,3.119999999999891,5.970000000000027
train,2009.12.03 13:00,-1,False,2.25,14.769999999999982
train,2009.12.03 15:00,-1,False,4.940000000000055,5.819999999999936
train,2009.12.04 12:00,-1,False,5.100000000000136,19.75
train,2009.12.04 15:00,-1,False,0.3300000000001546,24.950000000000045
train,2009.12.07 14:00,-1,False,1.0299999999999727,7.710000000000036
train,2009.12.08 12:00,-1,False,0.01999999999998181,13.529999999999973
train,2009.12.08 15:00,1,False,5.569999999999936,2.75
train,2009.12.09 12:00,-1,False,3.6800000000000637,6.7000000000000455
train,2009.12.09 14:00,-1,False,5.179999999999836,6.8400000000001455
train,2009.12.09 15:00,-1,False,5.2199999999998,15.38000000000011
train,2009.12.09 16:00,-1,False,0.7100000000000364,27.920000000000073
train,2009.12.10 12:00,1,False,7.900000000000091,2.519999999999982
train,2009.12.10 13:00,1,False,8.819999999999936,0.650000000000091
train,2009.12.10 16:00,-1,False,2.0499999999999545,3.9099999999998545
train,2009.12.11 12:00,-1,False,2.800000000000182,17.589999999999918
train,2009.12.11 14:00,-1,False,0.8800000000001091,23.410000000000082
train,2009.12.14 13:00,1,False,4.519999999999982,3.75
train,2009.12.14 16:00,1,False,2.8099999999999454,0.75
train,2009.12.15 12:00,1,False,11.519999999999982,2.900000000000091
train,2009.12.15 15:00,-1,False,5.730000000000018,5.860000000000127
train,2009.12.16 12:00,-1,False,4.669999999999845,5.240000000000009
train,2009.12.16 14:00,1,False,7.059999999999945,2.4200000000000728
train,2009.12.16 15:00,-1,False,1.3299999999999272,4.1400000000001
train,2009.12.16 16:00,-1,False,0.8900000000001,4.449999999999818
train,2009.12.17 12:00,-1,False,2.0699999999999363,7.630000000000109
train,2009.12.17 14:00,-1,False,7.240000000000009,12.649999999999864
train,2009.12.17 15:00,-1,False,1.4200000000000728,16.149999999999864
train,2009.12.17 16:00,-1,False,1.0600000000001728,15.61999999999989
train,2009.12.18 12:00,-1,False,1.4600000000000364,9.240000000000009
train,2009.12.18 13:00,-1,False,3.839999999999918,7.430000000000064
train,2009.12.18 16:00,1,False,15.700000000000045,1.2999999999999545
train,2009.12.23 12:00,1,False,5.050000000000182,2.599999999999909
train,2009.12.24 15:00,1,False,3.5900000000001455,1.4600000000000364
train,2010.01.15 13:00,-1,False,1.8699999999998909,8.480000000000018
train,2010.01.22 13:00,-1,False,3.2200000000000273,10.3599999999999
train,2010.01.28 14:00,-1,False,5.279999999999973,8.799999999999955
train,2010.02.04 14:00,-1,False,0.16999999999984539,42.440000000000055
train,2010.02.05 12:00,1,False,9.039999999999964,2.380000000000109
train,2010.02.05 13:00,1,False,11.039999999999964,0.38000000000010914
train,2010.02.05 15:00,-1,False,4.6400000000001,13.379999999999882
train,2010.02.05 15:00,-1,False,4.6400000000001,13.379999999999882
train,2010.02.09 13:00,-1,False,0.33999999999991815,7.970000000000027
train,2010.02.10 14:00,-1,False,3.0900000000001455,10.289999999999964
train,2010.02.11 12:00,1,False,7.8400000000001455,3.9199999999998454
train,2010.02.11 13:00,1,False,7.360000000000127,4.399999999999864
train,2010.02.11 15:00,1,False,16.819999999999936,2.5699999999999363
train,2010.02.12 12:00,1,False,8.090000000000146,2.7899999999999636
train,2010.02.12 15:00,1,False,7.779999999999973,2.8300000000001546
train,2010.02.17 13:00,-1,False,1.1200000000001182,10.849999999999909
train,2010.02.17 14:00,-1,False,2.769999999999982,7.9500000000000455
train,2010.02.24 13:00,1,False,10.5,1.1700000000000728
train,2010.02.25 14:00,1,False,9.239999999999782,4.850000000000136
train,2010.03.03 13:00,-1,False,3.199999999999818,3.5800000000001546
train,2010.03.04 13:00,-1,False,0.19000000000005457,13.3599999999999
train,2010.03.05 14:00,1,False,6.899999999999864,1.650000000000091
train,2010.05.07 14:00,1,False,8.690000000000055,3.8199999999999363
train,2010.05.12 13:00,-1,False,1.8800000000001091,6.900000000000091
train,2010.05.13 13:00,1,False,7.900000000000091,0.22000000000002728
train,2010.05.14 13:00,-1,False,1.5600000000001728,21.319999999999936
train,2010.05.18 14:00,1,False,7.849999999999909,0.2999999999999545
train,2010.05.19 13:00,-1,False,3.439999999999827,14.740000000000009
train,2010.05.19 15:00,-1,False,1.5799999999999272,12.430000000000064
train,2010.05.20 15:00,-1,False,1.4800000000000182,14.38000000000011
train,2010.05.20 16:00,1,False,8.690000000000055,4.3400000000001455
train,2010.05.21 12:00,-1,False,1.4200000000000728,12.789999999999964
train,2010.05.21 16:00,1,False,9.11999999999989,3.4400000000000546
train,2010.05.21 16:00,1,False,9.11999999999989,3.4400000000000546
train,2010.05.24 14:00,1,False,6.079999999999927,1.8800000000001091
train,2010.05.25 13:00,1,False,6.269999999999982,4.360000000000127
train,2010.05.26 12:00,-1,False,0.9400000000000546,3.689999999999827
train,2010.05.26 16:00,-1,False,0.41000000000008185,4.75
train,2010.05.27 12:00,-1,False,1.6399999999998727,7.190000000000055
train,2010.05.27 14:00,1,False,7.0,2.740000000000009
train,2010.05.27 15:00,1,False,4.039999999999964,1.9100000000000819
train,2010.05.28 12:00,-1,False,0.959999999999809,9.060000000000173
train,2010.05.28 13:00,-1,False,0.5299999999999727,9.940000000000055
train,2010.06.01 14:00,1,False,3.0299999999999727,2.3099999999999454
train,2010.06.02 14:00,1,False,7.329999999999927,3.4600000000000364
train,2010.06.04 14:00,1,False,9.089999999999918,7.5900000000001455
train,2010.06.25 14:00,1,False,6.149999999999864,0.13000000000010914
train,2010.07.02 13:00,-1,False,2.150000000000091,6.029999999999973
train,2010.10.20 14:00,1,False,9.029999999999973,3.8299999999999272
train,2010.10.21 14:00,-1,False,6.170000000000073,13.150000000000091
train,2010.10.22 15:00,-1,False,2.019999999999982,2.8500000000001364
train,2010.10.27 13:00,-1,False,0.6700000000000728,10.660000000000082
train,2010.10.28 13:00,1,False,7.970000000000027,0.10999999999989996
train,2010.10.29 15:00,1,False,15.490000000000009,0.009999999999990905
train,2010.11.04 14:00,1,False,7.5499999999999545,1.9500000000000455
train,2010.11.05 13:00,1,False,16.15000000000009,0.9499999999998181
train,2010.11.05 14:00,1,False,11.299999999999955,2.019999999999982
train,2010.11.09 14:00,1,False,8.819999999999936,0.2300000000000182
train,2010.11.10 14:00,-1,False,3.150000000000091,20.149999999999864
train,2010.11.16 13:00,-1,False,1.0699999999999363,17.930000000000064
train,2010.11.17 13:00,1,False,5.119999999999891,4.430000000000064
train,2010.11.17 15:00,1,False,6.149999999999864,2.1400000000001
train,2010.11.17 16:00,-1,False,2.369999999999891,5.980000000000018
train,2010.11.18 12:00,-1,False,1.25,7.569999999999936
train,2010.11.19 12:00,-1,False,0.20000000000004547,16.899999999999864
train,2010.11.19 16:00,1,False,4.0,2.4700000000000273
train,2010.11.23 13:00,1,False,23.34999999999991,0.40000000000009095
train,2010.11.24 15:00,-1,False,0.029999999999972715,6.2999999999999545
train,2010.11.24 15:00,-1,False,0.029999999999972715,6.2999999999999545
train,2010.11.25 13:00,1,False,2.7000000000000455,0.36999999999989086
train,2010.11.25 15:00,1,False,1.8600000000001273,1.0399999999999636
train,2010.11.26 13:00,-1,False,1.8999999999998636,10.0
train,2010.11.26 13:00,-1,False,1.8999999999998636,10.0
train,2010.12.09 13:00,1,False,10.670000000000073,2.0799999999999272
train,2010.12.09 14:00,1,False,6.75,6.0
train,2010.12.10 12:00,-1,False,0.4299999999998363,16.310000000000173
train,2010.12.14 13:00,-1,False,1.5499999999999545,13.849999999999909
train,2010.12.17 13:00,-1,False,2.730000000000018,7.069999999999936
train,2011.01.21 14:00,-1,False,2.4700000000000273,6.25
train,2011.01.21 14:00,-1,False,2.4700000000000273,6.25
train,2011.01.28 14:00,1,False,31.340000000000146,3.119999999999891
train,2011.02.02 13:00,-1,False,3.380000000000109,3.8799999999998818
train,2011.02.03 13:00,1,False,8.910000000000082,3.5299999999999727
train,2011.02.10 14:00,1,False,12.480000000000018,0.4600000000000364
train,2011.03.10 14:00,-1,False,0.8899999999998727,17.060000000000173
train,2011.03.11 13:00,-1,False,1.9200000000000728,6.440000000000055
train,2011.03.16 14:00,-1,False,4.220000000000027,5.889999999999873
train,2011.03.17 15:00,-1,False,1.240000000000009,3.5699999999999363
train,2011.03.18 14:00,1,False,5.770000000000209,0.01999999999998181
train,2011.03.23 13:00,1,False,8.86999999999989,2.1000000000001364
train,2011.03.24 14:00,1,False,6.550000000000182,3.3999999999998636
train,2011.04.15 14:00,1,False,12.549999999999955,1.5499999999999545
train,2011.04.29 14:00,1,False,7.7999999999999545,1.2000000000000455
train,2011.05.04 14:00,-1,False,1.6100000000001273,22.289999999999964
train,2011.05.04 15:00,-1,False,3.7100000000000364,32.049999999999955
train,2011.05.05 13:00,-1,False,7.180000000000064,10.709999999999809
train,2011.05.06 12:00,1,False,9.920000000000073,8.889999999999873
train,2011.05.06 15:00,1,False,9.949999999999818,6.620000000000118
train,2011.05.09 13:00,-1,False,0.8800000000001091,9.769999999999982
train,2011.05.09 14:00,-1,False,4.550000000000182,6.319999999999936
train,2011.05.11 12:00,-1,False,1.5,13.099999999999909
train,2011.05.12 14:00,1,False,12.899999999999864,4.900000000000091
train,2011.05.13 12:00,-1,False,1.0,10.050000000000182
train,2011.05.13 13:00,-1,False,0.6200000000001182,10.179999999999836
train,2011.05.13 14:00,-1,False,1.8500000000001364,7.399999999999864
train,2011.05.16 13:00,1,False,9.100000000000136,0.5
train,2011.05.16 14:00,1,False,9.3599999999999,2.25
train,2011.05.17 12:00,-1,False,3.0,16.799999999999955
train,2011.05.17 13:00,-1,False,0.09999999999990905,19.299999999999955
train,2011.05.17 16:00,-1,False,5.2000000000000455,8.019999999999982
train,2011.05.18 12:00,1,False,3.0,2.7999999999999545
train,2011.05.18 13:00,-1,False,4.400000000000091,5.0
train,2011.05.18 14:00,1,False,7.680000000000064,2.9200000000000728
train,2011.05.18 16:00,1,False,3.449999999999818,0.75
train,2011.05.19 13:00,-1,False,1.3500000000001364,6.199999999999818
train,2011.05.19 14:00,-1,False,2.75,4.75
train,2011.05.20 12:00,-1,False,1.7699999999999818,8.680000000000064
train,2011.05.20 15:00,-1,False,12.700000000000045,15.069999999999936
train,2011.05.23 14:00,-1,False,4.7999999999999545,6.7000000000000455
train,2011.05.24 13:00,1,False,4.830000000000155,3.2999999999999545
train,2011.05.24 14:00,1,False,6.599999999999909,1.5700000000001637
train,2011.05.25 14:00,-1,False,1.7000000000000455,4.0
train,2011.05.25 14:00,-1,False,1.7000000000000455,4.0
train,2011.05.26 13:00,1,False,6.2000000000000455,4.600000000000136
train,2011.05.26 15:00,-1,False,0.2999999999999545,11.0
train,2011.05.27 14:00,1,False,4.25,2.6200000000001182
train,2011.07.08 14:00,1,False,18.430000000000064,1.2999999999999545
train,2011.07.14 14:00,-1,False,6.199999999999818,6.850000000000136
train,2011.07.19 13:00,-1,False,0.6599999999998545,6.160000000000082
train,2011.07.19 14:00,-1,False,1.8799999999998818,4.940000000000055
train,2011.07.20 13:00,-1,False,3.1200000000001182,6.669999999999845
train,2011.07.21 12:00,-1,False,3.269999999999982,5.679999999999836
train,2011.07.21 13:00,-1,False,2.5299999999999727,6.419999999999845
train,2011.07.21 15:00,-1,False,3.8099999999999454,4.4500000000000455
train,2011.07.25 14:00,-1,False,2.6499999999998636,4.670000000000073
train,2011.07.26 13:00,1,False,2.730000000000018,2.2799999999999727
train,2011.07.27 15:00,-1,False,5.189999999999827,9.570000000000164
train,2011.07.28 14:00,-1,False,4.269999999999982,11.690000000000055
train,2011.07.29 13:00,1,False,18.539999999999964,0.4099999999998545
train,2011.08.03 11:00,-1,False,0.9500000000000455,4.5499999999999545
train,2011.08.03 13:00,-1,False,4.539999999999964,5.910000000000082
train,2011.08.03 13:00,-1,False,4.539999999999964,5.910000000000082
train,2011.08.03 16:00,-1,False,2.3199999999999363,5.190000000000055
train,2011.08.03 16:00,-1,False,2.3199999999999363,5.190000000000055
train,2011.08.04 14:00,1,False,12.1099999999999,2.6900000000000546
train,2011.08.05 12:00,-1,False,2.75,15.029999999999973
train,2011.08.05 15:00,1,False,12.1099999999999,3.880000000000109
train,2011.08.08 10:00,1,False,5.860000000000127,4.490000000000009
train,2011.08.08 11:00,1,False,5.730000000000018,3.5800000000001546
train,2011.08.08 13:00,-1,False,1.8399999999999181,13.529999999999973
train,2011.08.08 22:00,1,False,7.300000000000182,0.8799999999998818
train,2011.08.09 02:00,1,False,28.0,0.0
train,2011.08.09 02:00,1,False,28.0,0.0
train,2011.08.09 08:00,-1,False,8.849999999999909,18.15000000000009
train,2011.08.09 11:00,1,False,21.0,8.699999999999818
train,2011.08.09 11:00,1,False,21.0,8.699999999999818
train,2011.08.09 13:00,-1,False,0.3500000000001364,32.950000000000045
train,2011.08.09 18:00,1,False,32.180000000000064,5.819999999999936
train,2011.08.09 19:00,1,False,33.25,17.11999999999989
train,2011.08.09 22:00,1,False,31.15000000000009,1.8299999999999272
train,2011.08.09 23:00,1,False,23.799999999999955,5.2800000000002
train,2011.08.10 04:00,1,False,4.400000000000091,2.9500000000000455
train,2011.08.10 04:00,1,False,4.400000000000091,2.9500000000000455
train,2011.08.10 07:00,-1,False,9.039999999999964,11.660000000000082
train,2011.08.10 10:00,-1,False,4.599999999999909,9.769999999999982
train,2011.08.10 12:00,1,False,12.509999999999991,2.259999999999991
train,2011.08.10 13:00,1,False,18.220000000000027,0.0
train,2011.08.10 17:00,1,False,24.160000000000082,0.06999999999993634
train,2011.08.10 19:00,1,False,18.019999999999982,11.329999999999927
train,2011.08.10 22:00,1,False,21.410000000000082,5.479999999999791
train,2011.08.10 23:00,1,False,16.089999999999918,0.5
train,2011.08.11 02:00,-1,False,0.0,29.38000000000011
train,2011.08.11 03:00,-1,False,4.410000000000082,23.720000000000027
train,2011.08.11 06:00,-1,False,0.8999999999998636,18.63000000000011
train,2011.08.11 07:00,-1,False,7.379999999999882,11.090000000000146
train,2011.08.11 10:00,-1,False,11.240000000000009,12.480000000000018
train,2011.08.11 12:00,-1,False,7.410000000000082,15.419999999999845
train,2011.08.11 15:00,-1,False,6.380000000000109,17.910000000000082
train,2011.08.11 18:00,-1,False,7.560000000000173,28.559999999999945
train,2011.08.11 20:00,1,False,26.059999999999945,6.470000000000027
train,2011.08.12 02:00,1,False,8.849999999999909,3.9400000000000546
train,2011.08.12 04:00,1,False,8.069999999999936,2.25
train,2011.08.12 05:00,1,False,7.879999999999882,0.4900000000000091
train,2011.08.12 07:00,-1,False,4.509999999999991,16.289999999999964
train,2011.08.12 09:00,1,False,9.200000000000045,9.009999999999991
train,2011.08.12 10:00,-1,False,6.690000000000055,12.829999999999927
train,2011.08.12 13:00,-1,False,5.990000000000009,16.4699999999998
train,2011.08.12 14:00,-1,False,6.509999999999991,27.980000000000018
train,2011.08.12 16:00,-1,False,1.1300000000001091,19.670000000000073
train,2011.08.12 18:00,1,False,11.269999999999982,3.9700000000000273
train,2011.08.12 20:00,1,False,4.369999999999891,1.8400000000001455
train,2011.08.12 22:00,-1,False,0.06999999999993634,17.299999999999955
train,2011.08.15 01:00,-1,False,5.6400000000001,12.1099999999999
train,2011.08.15 02:00,1,False,13.900000000000091,4.869999999999891
train,2011.08.15 06:00,-1,False,3.6700000000000728,6.25
train,2011.08.15 11:00,-1,False,2.1800000000000637,6.480000000000018
train,2011.08.15 11:00,-1,False,2.1800000000000637,6.480000000000018
train,2011.08.15 14:00,1,False,6.599999999999909,3.9300000000000637
train,2011.08.15 16:00,1,False,17.460000000000036,0.75
train,2011.08.16 05:00,1,False,3.4500000000000455,0.6799999999998363
train,2011.08.16 07:00,1,False,11.529999999999973,0.0
train,2011.08.16 08:00,1,False,11.920000000000073,0.7799999999999727
train,2011.08.16 13:00,-1,False,6.150000000000091,9.269999999999982
train,2011.08.16 14:00,-1,False,5.769999999999982,14.079999999999927
train,2011.08.16 15:00,-1,False,7.720000000000027,12.129999999999882
train,2011.08.16 16:00,1,False,10.11999999999989,3.509999999999991
train,2011.08.16 17:00,-1,False,2.7999999999999545,8.519999999999982
train,2011.08.16 18:00,1,False,9.579999999999927,1.6100000000001273
train,2011.08.16 19:00,1,False,5.880000000000109,0.9400000000000546
train,2011.08.17 05:00,-1,False,1.7200000000000273,2.089999999999918
train,2011.08.17 06:00,1,False,6.559999999999945,0.6700000000000728
train,2011.08.17 07:00,1,False,6.620000000000118,0.08999999999991815
train,2011.08.17 11:00,-1,False,2.009999999999991,7.0499999999999545
train,2011.08.17 13:00,-1,False,1.6199999999998909,9.010000000000218
train,2011.08.17 16:00,-1,False,1.3199999999999363,12.579999999999927
train,2011.08.17 18:00,1,False,10.289999999999964,0.650000000000091
train,2011.08.17 19:00,1,False,8.850000000000136,0.2899999999999636
train,2011.08.18 07:00,1,False,5.3900000000001,0.16999999999984539
train,2011.08.18 08:00,1,False,3.2000000000000455,1.490000000000009
train,2011.08.18 11:00,1,False,20.519999999999982,1.2200000000000273
train,2011.08.18 12:00,1,False,21.38000000000011,1.1900000000000546
train,2011.08.18 18:00,1,False,12.950000000000045,0.1799999999998363
train,2011.08.18 20:00,1,False,6.960000000000036,1.3899999999998727
train,2011.08.18 23:00,1,False,11.549999999999955,4.009999999999991
train,2011.08.19 02:00,1,False,15.720000000000027,0.05999999999994543
train,2011.08.19 06:00,1,False,13.269999999999982,1.0200000000002092
train,2011.08.19 07:00,1,False,24.690000000000055,1.5399999999999636
train,2011.08.19 11:00,1,False,15.160000000000082,10.88000000000011
train,2011.08.19 14:00,-1,False,1.25,25.789999999999964
train,2011.08.19 16:00,-1,False,1.449999999999818,14.080000000000155
train,2011.08.19 18:00,-1,False,3.6200000000001182,5.4500000000000455
train,2011.08.19 19:00,-1,False,1.6300000000001091,5.940000000000055
train,2011.08.19 20:00,-1,False,3.150000000000091,3.4200000000000728
train,2011.08.19 21:00,1,False,26.730000000000018,3.0399999999999636
train,2011.08.19 23:00,1,False,12.519999999999982,5.1400000000001
train,2011.08.22 02:00,1,False,7.650000000000091,6.190000000000055
train,2011.08.22 03:00,-1,False,1.1799999999998363,10.790000000000191
train,2011.08.22 04:00,1,False,7.660000000000082,4.670000000000073
train,2011.08.22 06:00,1,False,24.299999999999955,1.009999999999991
train,2011.08.22 11:00,-1,False,0.3300000000001546,21.75999999999999
train,2011.08.22 16:00,1,False,18.99000000000001,2.1800000000000637
train,2011.08.22 19:00,1,False,10.160000000000082,3.9600000000000364
train,2011.08.22 20:00,1,False,5.310000000000173,4.689999999999827
train,2011.08.22 21:00,1,False,22.220000000000027,0.20000000000004547
train,2011.08.23 02:00,-1,False,0.5899999999999181,16.700000000000045
train,2011.08.23 05:00,1,False,9.569999999999936,0.39000000000010004
train,2011.08.23 08:00,-1,False,2.7999999999999545,29.059999999999945
train,2011.08.23 11:00,1,False,9.680000000000064,5.0499999999999545
train,2011.08.23 13:00,-1,False,0.07999999999992724,21.840000000000146
train,2011.08.23 16:00,-1,False,11.600000000000136,26.269999999999982
train,2011.08.23 17:00,-1,False,5.680000000000064,32.190000000000055
train,2011.08.23 19:00,-1,False,10.3599999999999,33.1400000000001
train,2011.08.23 20:00,-1,False,1.3699999999998909,42.86000000000013
train,2011.08.23 22:00,1,False,13.569999999999936,0.8500000000001364
train,2011.08.24 01:00,1,False,18.12999999999988,1.759999999999991
train,2011.08.24 06:00,1,False,5.889999999999873,4.110000000000127
train,2011.08.24 07:00,-1,False,6.029999999999973,6.610000000000127
train,2011.08.24 10:00,-1,False,3.769999999999982,7.629999999999882
train,2011.08.24 11:00,-1,False,3.6499999999998636,9.480000000000018
train,2011.08.24 13:00,-1,False,4.930000000000064,39.86999999999989
train,2011.08.24 16:00,-1,False,0.6800000000000637,41.73000000000002
train,2011.08.24 18:00,-1,False,5.690000000000055,33.580000000000155
train,2011.08.24 20:00,1,False,16.0,3.730000000000018
train,2011.08.24 23:00,1,False,9.349999999999909,7.529999999999973
train,2011.08.25 01:00,1,False,13.990000000000009,7.129999999999882
train,2011.08.25 02:00,1,False,16.669999999999845,0.6400000000001
train,2011.08.25 05:00,-1,False,4.629999999999882,23.230000000000018
train,2011.08.25 09:00,-1,False,6.069999999999936,36.960000000000036
train,2011.08.25 11:00,-1,False,1.7799999999999727,23.50999999999999
train,2011.08.25 14:00,-1,False,16.309999999999945,21.460000000000036
train,2011.08.25 16:00,1,False,38.86999999999989,5.029999999999973
train,2011.08.25 17:00,1,False,30.559999999999945,6.259999999999991
train,2011.08.25 20:00,1,False,15.3599999999999,3.5499999999999545
train,2011.08.25 22:00,-1,False,1.8999999999998636,8.25
train,2011.08.26 02:00,-1,False,7.639999999999873,7.880000000000109
train,2011.08.26 03:00,1,False,12.47999999999979,7.380000000000109
train,2011.08.26 05:00,1,False,13.649999999999864,1.1800000000000637
train,2011.08.26 08:00,1,False,16.40000000000009,9.480000000000018
train,2011.08.26 10:00,1,False,5.420000000000073,3.759999999999991
train,2011.08.26 12:00,-1,False,6.630000000000109,22.460000000000036
train,2011.08.26 14:00,-1,False,4.849999999999909,24.710000000000036
train,2011.08.26 15:00,1,False,19.829999999999927,9.730000000000018
train,2011.08.26 16:00,-1,False,13.809999999999945,15.75
train,2011.08.26 18:00,1,False,28.930000000000064,5.509999999999991
train,2011.08.26 18:00,1,False,28.930000000000064,5.509999999999991
train,2011.08.29 02:00,-1,False,0.8899999999998727,17.1400000000001
train,2011.08.29 05:00,1,False,6.850000000000136,2.730000000000018
train,2011.08.29 08:00,1,False,6.519999999999982,5.829999999999927
train,2011.08.29 10:00,-1,False,0.459999999999809,7.680000000000064
train,2011.08.29 11:00,-1,False,3.6400000000001,5.639999999999873
train,2011.08.29 13:00,-1,False,6.789999999999964,34.899999999999864
train,2011.08.29 16:00,1,False,16.569999999999936,9.990000000000009
train,2011.08.29 18:00,-1,False,4.990000000000009,7.269999999999982
train,2011.08.29 19:00,-1,False,1.259999999999991,14.259999999999991
train,2011.08.30 02:00,1,False,10.049999999999955,2.259999999999991
train,2011.08.30 05:00,-1,False,1.7899999999999636,4.3900000000001
train,2011.08.30 06:00,-1,False,3.0900000000001455,4.569999999999936
train,2011.08.30 08:00,-1,False,3.8900000000001,11.190000000000055
train,2011.08.30 10:00,-1,False,0.75,12.370000000000118
train,2011.08.30 12:00,1,False,41.74000000000001,0.9099999999998545
train,2011.08.30 16:00,1,False,15.389999999999873,1.740000000000009
train,2011.08.30 18:00,1,False,17.589999999999918,0.8500000000001364
train,2011.08.30 19:00,1,False,14.269999999999982,3.0399999999999636
train,2011.08.30 23:00,-1,False,1.3800000000001091,9.539999999999964
train,2011.08.31 04:00,-1,False,1.3999999999998636,2.400000000000091
train,2011.08.31 06:00,1,False,3.490000000000009,1.1800000000000637
train,2011.08.31 07:00,-1,False,2.7899999999999636,9.230000000000018
train,2011.08.31 09:00,-1,False,1.7799999999999727,12.240000000000009
train,2011.08.31 11:00,-1,False,1.8299999999999272,9.120000000000118
train,2011.08.31 11:00,-1,False,1.8299999999999272,9.120000000000118
train,2011.08.31 13:00,-1,False,1.550000000000182,18.8599999999999
train,2011.08.31 14:00,-1,False,5.240000000000009,15.170000000000073
train,2011.08.31 16:00,1,False,21.360000000000127,4.230000000000018
train,2011.08.31 17:00,1,False,9.700000000000045,5.150000000000091
train,2011.08.31 19:00,-1,False,2.3299999999999272,12.740000000000009
train,2011.09.01 05:00,-1,False,0.4500000000000455,4.910000000000082
train,2011.09.01 07:00,-1,False,3.3799999999998818,9.120000000000118
train,2011.09.01 11:00,-1,False,2.0699999999999363,7.75
train,2011.09.01 11:00,-1,False,2.0699999999999363,7.75
train,2011.09.01 13:00,1,False,9.699999999999818,1.6900000000000546
train,2011.09.01 16:00,-1,False,2.6800000000000637,13.3599999999999
train,2011.09.01 18:00,1,False,7.0499999999999545,0.5199999999999818
train,2011.09.02 03:00,1,False,4.569999999999936,0.4900000000000091
train,2011.09.02 06:00,1,False,8.389999999999873,1.75
train,2011.09.02 08:00,1,False,27.360000000000127,0.5
train,2011.09.02 09:00,1,False,19.13000000000011,2.2100000000000364
train,2011.09.02 11:00,1,False,11.490000000000009,0.1899999999998272
train,2011.09.02 13:00,1,False,29.289999999999964,0.0
train,2011.09.02 16:00,1,False,7.920000000000073,1.2300000000000182
train,2011.09.02 18:00,1,False,5.5499999999999545,3.519999999999982
train,2011.09.02 20:00,1,False,10.470000000000027,0.2799999999999727
train,2011.09.02 21:00,1,False,11.3900000000001,2.269999999999982
train,2011.09.02 23:00,1,False,10.38000000000011,6.740000000000009
train,2011.09.05 04:00,-1,False,2.980000000000018,4.4099999999998545
train,2011.09.05 05:00,-1,False,0.0,6.569999999999936
train,2011.09.05 08:00,1,False,18.36999999999989,3.6700000000000728
train,2011.09.05 10:00,-1,False,9.430000000000064,9.740000000000009
train,2011.09.05 11:00,-1,False,8.680000000000064,10.490000000000009
train,2011.09.05 13:00,1,False,9.409999999999854,3.1400000000001
train,2011.09.05 14:00,1,False,10.179999999999836,5.150000000000091
train,2011.09.05 16:00,1,False,7.230000000000018,0.7799999999999727
train,2011.09.05 19:00,1,False,2.4600000000000364,0.6599999999998545
train,2011.09.05 21:00,1,False,3.3400000000001455,0.049999999999954525
train,2011.09.05 21:00,1,False,3.3400000000001455,0.049999999999954525
train,2011.09.06 01:00,-1,False,0.22000000000002728,7.4500000000000455
train,2011.09.06 02:00,1,False,4.5,3.769999999999982
train,2011.09.06 05:00,1,False,18.980000000000018,0.049999999999954525
train,2011.09.06 10:00,1,False,28.62000000000012,24.649999999999864
train,2011.09.06 12:00,-1,False,6.2999999999999545,13.8900000000001
train,2011.09.06 14:00,1,False,13.679999999999836,10.350000000000136
train,2011.09.06 15:00,-1,False,16.299999999999955,29.37999999999988
train,2011.09.06 17:00,-1,False,3.6200000000001182,30.62999999999988
train,2011.09.06 17:00,-1,False,3.6200000000001182,30.62999999999988
train,2011.09.06 19:00,-1,False,3.709999999999809,15.150000000000091
train,2011.09.06 21:00,-1,False,1.8099999999999454,12.740000000000009
train,2011.09.06 23:00,1,False,10.950000000000045,1.990000000000009
train,2011.09.07 02:00,-1,False,4.059999999999945,7.519999999999982
train,2011.09.07 05:00,-1,False,1.5299999999999727,59.36000000000013
train,2011.09.07 05:00,-1,False,1.5299999999999727,59.36000000000013
train,2011.09.07 07:00,-1,False,7.379999999999882,18.970000000000027
train,2011.09.07 08:00,1,False,15.620000000000118,7.1099999999999
train,2011.09.07 10:00,-1,False,2.130000000000109,10.720000000000027
train,2011.09.07 11:00,-1,False,2.8899999999998727,12.980000000000018
train,2011.09.07 18:00,1,False,12.170000000000073,8.200000000000045
train,2011.09.07 20:00,-1,False,5.400000000000091,6.2000000000000455
train,2011.09.07 22:00,-1,False,0.4800000000000182,4.870000000000118
train,2011.09.07 23:00,1,False,15.149999999999864,2.4500000000000455
train,2011.09.08 02:00,1,False,29.7800000000002,0.09999999999990905
train,2011.09.08 04:00,-1,False,1.900000000000091,10.929999999999836
train,2011.09.08 05:00,1,False,7.579999999999927,3.599999999999909
train,2011.09.08 07:00,1,False,14.160000000000082,2.4500000000000455
train,2011.09.08 11:00,1,False,22.950000000000045,5.579999999999927
train,2011.09.08 13:00,1,False,26.329999999999927,6.059999999999945
train,2011.09.08 17:00,-1,False,5.899999999999864,6.710000000000036
train,2011.09.08 18:00,-1,False,2.630000000000109,10.879999999999882
train,2011.09.08 19:00,1,False,16.049999999999955,6.490000000000009
train,2011.09.08 21:00,1,False,10.829999999999927,0.049999999999954525
train,2011.09.08 23:00,-1,False,0.6800000000000637,13.009999999999991
train,2011.09.09 03:00,1,False,6.420000000000073,3.7999999999999545
train,2011.09.09 05:00,1,False,10.199999999999818,2.130000000000109
train,2011.09.09 06:00,1,False,14.539999999999964,3.3600000000001273
train,2011.09.09 08:00,1,False,16.00999999999999,0.5599999999999454
train,2011.09.09 12:00,-1,False,1.259999999999991,50.61000000000013
train,2011.09.09 14:00,1,False,32.49000000000001,2.019999999999982
train,2011.09.09 17:00,1,False,20.570000000000164,0.6399999999998727
train,2011.09.09 20:00,-1,False,0.029999999999972715,19.50999999999999
train,2011.09.09 22:00,-1,False,5.75,6.399999999999864
train,2011.09.12 02:00,-1,False,0.849999999999909,16.25
train,2011.09.12 02:00,-1,False,0.849999999999909,16.25
train,2011.09.12 04:00,1,False,7.9500000000000455,4.0499999999999545
train,2011.09.12 06:00,-1,False,10.230000000000018,21.710000000000036
train,2011.09.12 07:00,-1,False,3.099999999999909,28.5
train,2011.09.12 08:00,-1,False,2.5599999999999454,22.460000000000036
train,2011.09.12 10:00,1,False,14.039999999999964,10.970000000000027
train,2011.09.12 13:00,1,False,11.980000000000018,10.669999999999845
train,2011.09.12 14:00,-1,False,8.349999999999909,14.299999999999955
train,2011.09.12 16:00,-1,False,2.1700000000000728,26.449999999999818
train,2011.09.12 17:00,-1,False,3.150000000000091,27.460000000000036
train,2011.09.12 22:00,1,False,9.539999999999964,1.349999999999909
train,2011.09.13 05:00,1,False,6.709999999999809,5.080000000000155
train,2011.09.13 08:00,-1,False,8.259999999999991,29.680000000000064
train,2011.09.13 10:00,-1,False,1.509999999999991,24.069999999999936
train,2011.09.13 12:00,1,False,21.710000000000036,3.4500000000000455
train,2011.09.13 16:00,-1,False,6.180000000000064,12.849999999999909
train,2011.09.13 18:00,1,False,22.1099999999999,2.160000000000082
train,2011.09.14 05:00,-1,False,2.4600000000000364,9.759999999999991
train,2011.09.14 10:00,1,False,8.759999999999991,1.3299999999999272
train,2011.09.14 12:00,-1,False,2.730000000000018,16.569999999999936
train,2011.09.14 15:00,-1,False,1.740000000000009,11.740000000000009
train,2011.09.14 17:00,-1,False,0.6800000000000637,13.189999999999827
train,2011.09.14 19:00,1,False,8.759999999999991,7.259999999999991
train,2011.09.14 20:00,-1,False,1.199999999999818,13.240000000000009
train,2011.09.15 05:00,-1,False,0.7999999999999545,13.100000000000136
train,2011.09.15 09:00,-1,False,4.309999999999945,7.339999999999918
train,2011.09.15 10:00,-1,False,5.569999999999936,11.569999999999936
train,2011.09.15 11:00,-1,False,0.8899999999998727,17.00999999999999
train,2011.09.15 13:00,-1,False,4.920000000000073,22.669999999999845
train,2011.09.15 16:00,-1,False,1.849999999999909,14.340000000000146
train,2011.09.15 19:00,1,False,10.389999999999873,4.870000000000118
train,2011.09.15 20:00,1,False,10.189999999999827,0.9500000000000455
train,2011.09.15 21:00,1,False,6.529999999999973,0.14999999999986358
train,2011.09.15 23:00,-1,False,3.0499999999999545,13.049999999999955
train,2011.09.16 02:00,-1,False,0.0,20.019999999999982
train,2011.09.16 04:00,-1,False,1.9100000000000819,12.799999999999955
train,2011.09.16 07:00,1,False,14.009999999999991,3.0800000000001546
train,2011.09.16 09:00,1,False,14.88000000000011,0.4499999999998181
train,2011.09.16 10:00,1,False,11.61999999999989,4.7000000000000455
train,2011.09.16 11:00,1,False,11.799999999999955,4.5
train,2011.09.16 14:00,1,False,14.070000000000164,5.619999999999891
train,2011.09.16 16:00,1,False,31.820000000000164,0.049999999999954525
train,2011.09.16 16:00,1,False,31.820000000000164,0.049999999999954525
train,2011.09.16 20:00,1,False,19.0,4.029999999999973
train,2011.09.19 02:00,-1,False,0.75,9.730000000000018
train,2011.09.19 04:00,1,False,8.059999999999945,0.9900000000000091
train,2011.09.19 05:00,-1,False,1.3500000000001364,7.699999999999818
train,2011.09.19 07:00,1,False,5.089999999999918,3.790000000000191
train,2011.09.19 08:00,-1,False,5.779999999999973,8.830000000000155
train,2011.09.19 11:00,1,False,7.769999999999982,1.8299999999999272
train,2011.09.19 12:00,-1,False,4.9699999999998,8.350000000000136
train,2011.09.19 14:00,-1,False,2.7000000000000455,40.180000000000064
train,2011.09.19 18:00,-1,False,2.3899999999998727,12.760000000000218
train,2011.09.19 21:00,1,False,8.86999999999989,0.5700000000001637
train,2011.09.20 02:00,-1,False,4.480000000000018,4.569999999999936
train,2011.09.20 04:00,-1,False,2.009999999999991,3.5900000000001455
train,2011.09.20 05:00,-1,False,0.7699999999999818,12.0
train,2011.09.20 06:00,-1,False,0.15999999999985448,12.539999999999964
train,2011.09.20 09:00,1,False,14.319999999999936,0.12999999999988177
train,2011.09.20 12:00,-1,False,1.1699999999998454,9.900000000000091
train,2011.09.20 14:00,-1,False,15.700000000000045,17.420000000000073
train,2011.09.20 16:00,1,False,19.00999999999999,0.0
train,2011.09.20 17:00,-1,False,5.669999999999845,7.9500000000000455
train,2011.09.20 19:00,1,False,5.120000000000118,3.589999999999918
train,2011.09.21 05:00,1,False,12.940000000000055,0.0
train,2011.09.21 08:00,-1,False,5.559999999999945,7.619999999999891
train,2011.09.21 09:00,-1,False,3.1599999999998545,10.019999999999982
train,2011.09.21 11:00,1,False,7.009999999999991,4.309999999999945
train,2011.09.21 12:00,-1,False,0.7400000000000091,23.1099999999999
train,2011.09.21 16:00,1,False,16.25,7.7999999999999545
train,2011.09.21 18:00,-1,False,13.240000000000009,23.0
train,2011.09.22 06:00,-1,False,3.7000000000000455,9.990000000000009
train,2011.09.22 08:00,-1,False,1.4400000000000546,16.170000000000073
train,2011.09.22 10:00,-1,False,1.5,23.09999999999991
train,2011.09.22 12:00,-1,False,0.7200000000000273,35.569999999999936
train,2011.09.22 18:00,1,False,13.160000000000082,5.309999999999945
train,2011.09.22 20:00,1,False,11.840000000000146,9.649999999999864
train,2011.09.22 21:00,-1,False,4.610000000000127,12.149999999999864
train,2011.09.22 23:00,1,False,7.519999999999982,0.8800000000001091
train,2011.09.23 02:00,1,False,13.329999999999927,0.4600000000000364
train,2011.09.23 05:00,-1,False,0.6800000000000637,25.75
train,2011.09.23 09:00,-1,False,4.580000000000155,18.899999999999864
train,2011.09.23 11:00,-1,False,0.7999999999999545,48.569999999999936
train,2011.09.23 17:00,-1,False,5.919999999999845,46.12000000000012
train,2011.09.23 21:00,1,False,14.819999999999936,9.950000000000045
train,2011.09.23 22:00,-1,False,12.559999999999945,12.769999999999982
train,2011.09.23 23:00,-1,False,16.100000000000136,18.09999999999991
train,2011.09.26 01:00,1,False,22.039999999999964,2.5700000000001637
train,2011.09.26 02:00,-1,False,13.759999999999991,14.350000000000136
train,2011.09.26 04:00,-1,False,0.5299999999999727,40.88000000000011
train,2011.09.26 10:00,1,False,30.37999999999988,2.5900000000001455
train,2011.09.26 12:00,1,False,32.90000000000009,2.5399999999999636
train,2011.09.26 14:00,-1,False,7.3400000000001455,40.8599999999999
train,2011.09.26 15:00,-1,False,1.25,43.50999999999999
train,2011.09.26 18:00,-1,False,11.75,13.75
train,2011.09.26 19:00,1,False,30.09999999999991,12.600000000000136
train,2011.09.26 21:00,1,False,26.37999999999988,2.3200000000001637
train,2011.09.26 23:00,-1,False,6.980000000000018,9.299999999999955
train,2011.09.27 03:00,1,False,20.50999999999999,2.759999999999991
train,2011.09.27 04:00,1,False,20.610000000000127,0.14999999999986358
train,2011.09.27 07:00,1,False,20.779999999999973,4.019999999999982
train,2011.09.27 08:00,1,False,12.349999999999909,7.279999999999973
train,2011.09.27 10:00,1,False,24.069999999999936,0.41000000000008185
train,2011.09.27 13:00,-1,False,4.009999999999991,17.360000000000127
train,2011.09.27 14:00,-1,False,0.37000000000011823,17.549999999999955
train,2011.09.27 17:00,-1,False,0.8599999999999,22.200000000000045
train,2011.09.27 18:00,1,False,10.069999999999936,9.700000000000045
train,2011.09.27 19:00,-1,False,2.0299999999999727,13.320000000000164
train,2011.09.27 21:00,-1,False,3.1100000000001273,6.470000000000027
train,2011.09.27 23:00,-1,False,1.6899999999998272,12.3900000000001
train,2011.09.28 01:00,-1,False,4.789999999999964,17.059999999999945
train,2011.09.28 03:00,-1,False,4.269999999999982,10.120000000000118
train,2011.09.28 05:00,1,False,9.980000000000018,2.869999999999891
train,2011.09.28 08:00,1,False,32.289999999999964,0.09999999999990905
train,2011.09.28 09:00,1,False,17.190000000000055,2.509999999999991
train,2011.09.28 11:00,-1,False,6.069999999999936,12.36999999999989
train,2011.09.28 12:00,-1,False,3.990000000000009,14.060000000000173
train,2011.09.28 13:00,-1,False,1.75,12.830000000000155
train,2011.09.28 16:00,-1,False,1.8699999999998909,23.220000000000027
train,2011.09.28 17:00,-1,False,1.4199999999998454,39.710000000000036
train,2011.09.28 18:00,-1,False,0.5899999999999181,41.09999999999991
train,2011.09.28 22:00,-1,False,8.150000000000091,17.25999999999999
train,2011.09.28 23:00,-1,False,1.7000000000000455,26.340000000000146
train,2011.09.29 04:00,1,False,12.360000000000127,6.5499999999999545
train,2011.09.29 05:00,1,False,17.97999999999979,1.4400000000000546
train,2011.09.29 09:00,1,False,13.740000000000009,7.709999999999809
train,2011.09.29 12:00,-1,False,3.1200000000001182,16.699999999999818
train,2011.09.29 15:00,1,False,14.980000000000018,11.060000000000173
train,2011.09.29 17:00,1,False,13.75,1.740000000000009
train,2011.09.29 18:00,-1,False,1.3199999999999363,12.829999999999927
train,2011.09.29 20:00,-1,False,4.5,5.720000000000027
train,2011.09.29 23:00,1,False,10.4699999999998,0.5700000000001637
train,2011.09.29 23:00,1,False,10.4699999999998,0.5700000000001637
train,2011.09.30 04:00,-1,False,0.6600000000000819,18.899999999999864
train,2011.09.30 05:00,-1,False,1.9600000000000364,8.389999999999873
train,2011.09.30 08:00,-1,False,6.0,6.579999999999927
train,2011.09.30 11:00,-1,False,0.6100000000001273,16.86999999999989
train,2011.09.30 13:00,-1,False,2.099999999999909,12.5
train,2011.09.30 18:00,1,False,10.870000000000118,7.019999999999982
train,2011.09.30 20:00,-1,False,4.400000000000091,7.7999999999999545
train,2011.09.30 22:00,1,False,8.809999999999945,3.7799999999999727
train,2011.09.30 23:00,1,False,8.189999999999827,2.2999999999999545
train,2011.10.03 03:00,1,False,7.940000000000055,0.75
train,2011.10.03 04:00,-1,False,3.5599999999999454,3.849999999999909
train,2011.10.03 05:00,-1,False,1.9200000000000728,5.829999999999927
train,2011.10.03 07:00,1,False,22.09999999999991,1.849999999999909
train,2011.10.03 13:00,1,False,7.039999999999964,6.400000000000091
train,2011.10.03 16:00,-1,False,7.190000000000055,8.539999999999964
train,2011.10.03 18:00,-1,False,4.0,9.820000000000164
train,2011.10.03 19:00,-1,False,3.6400000000001,11.029999999999973
train,2011.10.03 21:00,1,False,14.759999999999991,4.930000000000064
train,2011.10.03 23:00,1,False,9.610000000000127,6.089999999999918
train,2011.10.04 03:00,1,False,7.460000000000036,1.6599999999998545
train,2011.10.04 04:00,1,False,8.779999999999973,0.30999999999994543
train,2011.10.04 07:00,1,False,13.909999999999854,3.4300000000000637
train,2011.10.04 08:00,-1,False,7.789999999999964,9.549999999999955
train,2011.10.04 11:00,-1,False,4.620000000000118,27.75
train,2011.10.04 11:00,-1,False,4.620000000000118,27.75
train,2011.10.04 13:00,-1,False,0.1799999999998363,27.220000000000027
train,2011.10.04 15:00,-1,False,5.529999999999973,37.59999999999991
train,2011.10.04 19:00,-1,False,1.0,25.389999999999873
train,2011.10.04 23:00,1,False,8.0,2.369999999999891
train,2011.10.05 04:00,1,False,11.86999999999989,0.20000000000004547
train,2011.10.05 05:00,-1,False,2.2200000000000273,7.369999999999891
train,2011.10.05 07:00,-1,False,1.4200000000000728,7.5499999999999545
train,2011.10.05 09:00,-1,False,1.9800000000000182,30.600000000000136
train,2011.10.05 11:00,1,False,13.150000000000091,6.009999999999991
train,2011.10.05 13:00,1,False,22.74000000000001,0.5199999999999818
train,2011.10.05 16:00,1,False,26.210000000000036,8.689999999999827
train,2011.10.05 18:00,1,False,21.329999999999927,0.9800000000000182
train,2011.10.05 21:00,1,False,8.730000000000018,1.650000000000091
train,2011.10.05 22:00,1,False,6.779999999999973,0.9300000000000637
train,2011.10.06 02:00,1,False,10.700000000000045,2.1099999999999
train,2011.10.06 04:00,1,False,6.869999999999891,0.40000000000009095
train,2011.10.06 06:00,-1,False,4.119999999999891,4.8900000000001
train,2011.10.06 08:00,1,False,7.630000000000109,6.809999999999945
train,2011.10.06 10:00,1,False,8.930000000000064,2.8700000000001182
train,2011.10.06 11:00,-1,False,4.019999999999982,8.769999999999982
train,2011.10.06 12:00,-1,False,4.069999999999936,14.600000000000136
train,2011.10.06 15:00,-1,False,3.3600000000001273,15.539999999999964
train,2011.10.06 18:00,1,False,11.070000000000164,3.339999999999918
train,2011.10.06 18:00,1,False,11.070000000000164,3.339999999999918
train,2011.10.06 20:00,1,False,5.3599999999999,3.9300000000000637
train,2011.10.07 02:00,1,False,6.459999999999809,2.5900000000001455
train,2011.10.07 03:00,1,False,14.829999999999927,0.0
train,2011.10.07 07:00,-1,False,2.380000000000109,5.589999999999918
train,2011.10.07 09:00,-1,False,1.9800000000000182,13.059999999999945
train,2011.10.07 10:00,-1,False,1.4399999999998272,12.759999999999991
train,2011.10.07 13:00,1,False,9.700000000000045,7.849999999999909
train,2011.10.07 14:00,1,False,13.680000000000064,4.2199999999998
train,2011.10.07 16:00,-1,False,11.049999999999955,20.25999999999999
train,2011.10.07 18:00,-1,False,0.18000000000006366,26.700000000000045
train,2011.10.07 18:00,-1,False,0.18000000000006366,26.700000000000045
train,2011.10.07 21:00,1,False,6.970000000000027,1.0600000000001728
train,2011.10.10 06:00,1,False,2.980000000000018,2.6699999999998454
train,2011.10.10 08:00,1,False,11.589999999999918,0.2800000000002001
train,2011.10.10 14:00,1,False,8.480000000000018,6.839999999999918
train,2011.10.10 15:00,1,False,11.690000000000055,7.220000000000027
train,2011.10.10 16:00,1,False,15.120000000000118,3.8199999999999363
train,2011.10.10 18:00,-1,False,0.08000000000015461,7.849999999999909
train,2011.10.10 20:00,1,False,4.660000000000082,2.019999999999982
train,2011.10.10 23:00,-1,False,0.5100000000002183,11.339999999999918
train,2011.10.10 23:00,-1,False,0.5100000000002183,11.339999999999918
train,2011.10.11 02:00,1,False,10.63000000000011,2.9700000000000273
train,2011.10.11 04:00,-1,False,1.5800000000001546,5.4099999999998545
train,2011.10.11 06:00,-1,False,0.8699999999998909,10.580000000000155
train,2011.10.11 09:00,-1,False,2.6099999999999,20.6400000000001
train,2011.10.11 10:00,-1,False,0.2699999999999818,19.940000000000055
train,2011.10.11 12:00,-1,False,3.310000000000173,5.919999999999845
train,2011.10.11 14:00,-1,False,6.710000000000036,6.720000000000027
train,2011.10.11 16:00,-1,False,4.5300000000002,7.9699999999998
train,2011.10.11 18:00,-1,False,1.1600000000000819,8.409999999999854
train,2011.10.11 20:00,1,False,7.110000000000127,3.2200000000000273
train,2011.10.12 06:00,1,False,8.190000000000055,1.5399999999999636
train,2011.10.12 08:00,1,False,15.860000000000127,0.0
train,2011.10.12 13:00,1,False,8.430000000000064,6.029999999999973
train,2011.10.12 15:00,-1,False,0.4800000000000182,10.8900000000001
train,2011.10.12 16:00,-1,False,1.2300000000000182,10.639999999999873
train,2011.10.12 21:00,1,False,5.009999999999991,2.3599999999999
train,2011.10.13 05:00,-1,False,2.8500000000001364,9.569999999999936
train,2011.10.13 06:00,-1,False,0.3000000000001819,12.11999999999989
train,2011.10.13 08:00,1,False,8.259999999999991,0.8200000000001637
train,2011.10.13 09:00,1,False,5.430000000000064,4.039999999999964
train,2011.10.13 11:00,-1,False,2.980000000000018,8.420000000000073
train,2011.10.13 17:00,1,False,8.579999999999927,2.589999999999918
train,2011.10.14 07:00,1,False,12.009999999999991,0.540000000000191
train,2011.10.14 12:00,1,False,7.279999999999973,3.900000000000091
train,2011.10.14 15:00,-1,False,6.900000000000091,9.670000000000073
train,2011.10.14 17:00,1,False,11.849999999999909,2.7200000000000273
train,2011.10.14 18:00,1,False,11.599999999999909,0.2599999999999909
train,2011.10.17 08:00,1,False,14.120000000000118,3.0
train,2011.10.17 10:00,-1,False,5.25,5.6099999999999
train,2011.10.17 13:00,-1,False,2.1400000000001,5.699999999999818
train,2011.10.17 15:00,-1,False,3.8500000000001364,4.5
train,2011.10.17 16:00,-1,False,5.130000000000109,15.069999999999936
train,2011.10.17 18:00,-1,False,0.0,14.079999999999927
train,2011.10.18 13:00,-1,False,3.3199999999999363,28.49000000000001
train,2011.10.18 15:00,-1,False,8.830000000000155,13.629999999999882
train,2011.10.18 17:00,1,False,18.610000000000127,4.009999999999991
train,2011.10.18 18:00,1,False,13.059999999999945,2.880000000000109
train,2011.10.19 12:00,-1,False,3.3199999999999363,7.139999999999873
train,2011.10.19 14:00,1,False,13.710000000000036,0.13999999999987267
train,2011.10.19 15:00,-1,False,7.569999999999936,11.450000000000045
train,2011.10.19 17:00,-1,False,0.0,12.0
train,2011.10.20 07:00,-1,False,8.13000000000011,11.649999999999864
train,2011.10.20 09:00,-1,False,6.519999999999982,15.879999999999882
train,2011.10.20 10:00,1,False,12.110000000000127,1.9500000000000455
train,2011.10.20 11:00,1,False,9.100000000000136,3.9600000000000364
train,2011.10.20 14:00,-1,False,6.199999999999818,7.520000000000209
train,2011.10.20 16:00,-1,False,6.5,17.559999999999945
train,2011.10.20 18:00,1,False,10.830000000000155,7.2999999999999545
train,2011.10.21 12:00,1,False,23.529999999999973,1.5699999999999363
train,2011.10.21 13:00,1,False,24.439999999999827,0.0
train,2011.10.21 17:00,1,False,7.120000000000118,2.4199999999998454
train,2011.10.24 10:00,1,False,5.920000000000073,2.6699999999998454
train,2011.10.24 13:00,1,False,8.569999999999936,3.5399999999999636
train,2011.10.24 16:00,-1,False,5.309999999999945,5.740000000000009
train,2011.10.24 17:00,-1,False,3.1099999999999,7.940000000000055
train,2011.10.25 11:00,1,False,5.930000000000064,2.509999999999991
train,2011.10.25 13:00,-1,False,1.6100000000001273,12.8599999999999
train,2011.10.25 14:00,1,False,29.269999999999982,9.419999999999845
train,2011.10.25 17:00,1,False,18.25,1.75
train,2011.10.26 06:00,1,False,7.889999999999873,3.1800000000000637
train,2011.10.26 08:00,-1,False,1.5499999999999545,7.269999999999982
train,2011.10.26 10:00,-1,False,2.6800000000000637,7.6099999999999
train,2011.10.26 13:00,-1,False,9.029999999999973,9.190000000000055
train,2011.10.26 16:00,1,False,10.470000000000027,5.069999999999936
train,2011.10.26 18:00,1,False,8.519999999999982,0.7799999999999727
train,2011.10.27 08:00,-1,False,2.150000000000091,15.599999999999909
train,2011.10.27 10:00,-1,False,2.660000000000082,9.5
train,2011.10.27 12:00,1,False,18.930000000000064,4.539999999999964
train,2011.10.27 14:00,-1,False,7.690000000000055,11.25
train,2011.10.27 16:00,1,False,29.169999999999845,0.38000000000010914
train,2011.10.27 17:00,1,False,22.299999999999955,1.6200000000001182
train,2011.10.27 23:00,1,False,5.860000000000127,4.259999999999991
train,2011.10.28 02:00,1,False,5.660000000000082,5.329999999999927
train,2011.10.28 07:00,-1,False,2.6699999999998454,9.13000000000011
train,2011.10.28 09:00,-1,False,2.650000000000091,6.0499999999999545
train,2011.10.28 10:00,-1,False,1.8299999999999272,6.75
train,2011.10.28 13:00,-1,False,6.309999999999945,6.5
train,2011.10.28 13:00,-1,False,6.309999999999945,6.5
train,2011.10.28 15:00,1,False,6.759999999999991,4.809999999999945
train,2011.10.28 16:00,-1,False,5.209999999999809,6.360000000000127
train,2011.10.31 07:00,1,False,7.139999999999873,6.75
train,2011.10.31 09:00,1,False,6.079999999999927,1.240000000000009
train,2011.10.31 10:00,1,False,9.559999999999945,2.0900000000001455
train,2011.10.31 12:00,1,False,7.610000000000127,2.2899999999999636
train,2011.10.31 16:00,1,False,5.180000000000064,4.339999999999918
train,2011.10.31 17:00,-1,False,3.099999999999909,6.420000000000073
train,2011.11.01 08:00,-1,False,0.7599999999999909,9.25
train,2011.11.01 13:00,-1,False,13.960000000000036,17.24000000000001
train,2011.11.01 16:00,1,False,13.559999999999945,12.549999999999955
train,2011.11.01 17:00,1,False,20.00999999999999,7.779999999999973
train,2011.11.02 07:00,1,False,10.88000000000011,2.7199999999998
train,2011.11.02 11:00,-1,False,4.9500000000000455,6.130000000000109
train,2011.11.02 14:00,1,False,15.579999999999927,2.0700000000001637
train,2011.11.02 17:00,-1,False,4.480000000000018,18.6099999999999
train,2011.11.03 10:00,1,False,25.850000000000136,1.5499999999999545
train,2011.11.03 12:00,1,False,30.639999999999873,2.4300000000000637
train,2011.11.03 14:00,-1,False,4.759999999999991,15.779999999999973
train,2011.11.03 17:00,1,False,9.830000000000155,0.37999999999988177
train,2011.11.03 17:00,1,False,9.830000000000155,0.37999999999988177
train,2011.11.04 08:00,-1,False,2.7200000000000273,5.539999999999964
train,2011.11.04 08:00,-1,False,2.7200000000000273,5.539999999999964
train,2011.11.04 12:00,-1,False,4.800000000000182,8.240000000000009
train,2011.11.04 15:00,1,False,4.789999999999964,2.8300000000001546
train,2011.11.04 15:00,1,False,4.789999999999964,2.8300000000001546
train,2011.11.04 17:00,1,False,5.289999999999964,1.7799999999999727
train,2011.11.07 08:00,-1,False,2.0599999999999454,9.299999999999955
train,2011.11.07 10:00,1,False,9.149999999999864,4.829999999999927
train,2011.11.07 12:00,1,False,12.539999999999964,1.6399999999998727
train,2011.11.07 15:00,1,False,7.5,1.5399999999999636
train,2011.11.08 02:00,-1,False,1.3599999999999,2.3099999999999454
train,2011.11.08 06:00,-1,False,1.240000000000009,6.619999999999891
train,2011.11.08 07:00,-1,False,0.07000000000016371,9.189999999999827
train,2011.11.08 08:00,1,False,6.289999999999964,6.179999999999836
train,2011.11.08 11:00,-1,False,0.35999999999989996,11.160000000000082
train,2011.11.08 12:00,-1,False,0.0,10.370000000000118
train,2011.11.08 15:00,1,False,6.680000000000064,3.2999999999999545
train,2011.11.08 18:00,-1,False,8.5,17.62999999999988
train,2011.11.08 18:00,-1,False,8.5,17.62999999999988
train,2011.11.09 13:00,1,False,15.079999999999927,3.8600000000001273
train,2011.11.09 17:00,-1,False,3.5699999999999363,8.849999999999909
train,2011.11.09 17:00,-1,False,3.5699999999999363,8.849999999999909
train,2011.11.10 10:00,1,False,6.330000000000155,3.75
train,2011.11.10 12:00,1,False,8.980000000000018,4.839999999999918
train,2011.11.10 13:00,-1,False,6.529999999999973,10.820000000000164
train,2011.11.10 16:00,-1,False,1.0,24.019999999999982
train,2011.11.10 18:00,-1,False,8.100000000000136,8.990000000000009
train,2011.11.11 11:00,1,False,7.680000000000064,3.150000000000091
train,2011.11.11 11:00,1,False,7.680000000000064,3.150000000000091
train,2011.11.11 13:00,1,False,9.710000000000036,2.3099999999999454
train,2011.11.11 16:00,1,False,16.970000000000027,0.12999999999988177
train,2011.11.14 10:00,-1,False,0.0,10.480000000000018
train,2011.11.14 15:00,-1,False,4.980000000000018,6.130000000000109
train,2011.11.14 17:00,-1,False,3.490000000000009,6.009999999999991
train,2011.11.15 12:00,1,False,12.310000000000173,0.9600000000000364
train,2011.11.15 14:00,1,False,15.930000000000064,2.4299999999998363
train,2011.11.15 17:00,-1,False,4.460000000000036,11.190000000000055
train,2011.11.16 13:00,-1,False,3.300000000000182,21.419999999999845
train,2011.11.16 13:00,-1,False,3.300000000000182,21.419999999999845
train,2011.11.16 15:00,-1,False,4.779999999999973,17.62000000000012
train,2011.11.16 18:00,1,False,5.410000000000082,4.509999999999991
train,2011.11.17 13:00,-1,False,0.14999999999986358,22.940000000000055
train,2011.11.17 14:00,-1,False,1.7999999999999545,18.690000000000055
train,2011.11.17 15:00,-1,False,4.150000000000091,13.059999999999945
train,2011.11.17 17:00,-1,False,5.269999999999982,25.980000000000018
train,2011.11.18 08:00,1,False,9.069999999999936,1.3400000000001455
train,2011.11.18 10:00,1,False,8.709999999999809,0.3300000000001546
train,2011.11.18 12:00,-1,False,7.0900000000001455,7.879999999999882
train,2011.11.18 14:00,-1,False,0.37000000000011823,17.24000000000001
train,2011.11.18 15:00,1,False,10.329999999999927,7.060000000000173
train,2011.11.18 17:00,-1,False,3.3199999999999363,13.680000000000064
train,2011.11.18 18:00,-1,False,3.6399999999998727,11.900000000000091
train,2011.11.21 09:00,-1,False,0.0,20.3900000000001
train,2011.11.21 10:00,-1,False,1.8200000000001637,13.740000000000009
train,2011.11.21 13:00,1,False,10.660000000000082,4.119999999999891
train,2011.11.21 15:00,-1,False,4.009999999999991,26.410000000000082
train,2011.11.21 17:00,-1,False,3.1000000000001364,21.519999999999982
train,2011.11.21 22:00,-1,False,2.2100000000000364,14.039999999999964
train,2011.11.22 02:00,1,False,10.710000000000036,1.0899999999999181
train,2011.11.22 07:00,1,False,12.210000000000036,2.349999999999909
train,2011.11.22 08:00,1,False,12.329999999999927,0.0
train,2011.11.22 11:00,1,False,10.210000000000036,0.7799999999999727
train,2011.11.22 13:00,-1,False,3.7899999999999636,11.009999999999991
train,2011.11.22 14:00,1,False,11.899999999999864,6.3900000000001
train,2011.11.22 16:00,-1,False,5.210000000000036,6.229999999999791
train,2011.11.22 18:00,1,False,8.8599999999999,0.9700000000000273
train,2011.11.23 08:00,-1,False,2.2999999999999545,14.220000000000027
train,2011.11.23 09:00,-1,False,0.0,18.88000000000011
train,2011.11.23 13:00,1,False,5.839999999999918,4.829999999999927
train,2011.11.23 15:00,-1,False,4.039999999999964,13.450000000000045
train,2011.11.23 16:00,1,False,14.75,7.680000000000064
train,2011.11.24 13:00,-1,False,1.4200000000000728,5.009999999999991
train,2011.11.24 16:00,1,False,3.5499999999999545,1.8199999999999363
train,2011.11.24 18:00,-1,False,0.7300000000000182,3.939999999999827
train,2011.11.25 12:00,1,False,6.529999999999973,2.410000000000082
train,2011.11.25 15:00,1,False,20.789999999999964,1.740000000000009
train,2011.11.25 16:00,1,False,11.440000000000055,6.730000000000018
train,2011.11.28 12:00,1,False,6.25,4.3400000000001455
train,2011.11.28 13:00,1,False,7.8900000000001,2.7000000000000455
train,2011.11.28 15:00,-1,False,2.4500000000000455,7.349999999999909
train,2011.11.28 16:00,-1,False,2.6499999999998636,5.0
train,2011.11.29 11:00,1,False,9.299999999999955,0.040000000000190994
train,2011.11.29 13:00,-1,False,1.8500000000001364,7.139999999999873
train,2011.11.29 17:00,1,False,4.589999999999918,4.220000000000027
train,2011.11.30 11:00,1,False,13.539999999999964,3.8099999999999454
train,2011.11.30 13:00,1,False,33.40000000000009,4.039999999999964
train,2011.11.30 14:00,1,False,32.830000000000155,0.009999999999990905
train,2011.11.30 17:00,-1,False,0.900000000000091,6.579999999999927
train,2011.11.30 18:00,1,False,4.319999999999936,2.8099999999999454
train,2011.12.01 12:00,-1,False,0.01999999999998181,6.5
train,2011.12.01 13:00,1,False,5.130000000000109,2.0499999999999545
train,2011.12.01 15:00,-1,False,6.110000000000127,10.419999999999845
train,2011.12.01 16:00,1,False,9.850000000000136,8.700000000000045
train,2011.12.02 13:00,1,False,11.160000000000082,7.119999999999891
train,2011.12.02 16:00,-1,False,3.380000000000109,8.25
train,2011.12.02 17:00,-1,False,0.9900000000000091,8.8900000000001
train,2011.12.05 12:00,-1,False,0.8400000000001455,12.919999999999845
train,2011.12.05 16:00,-1,False,0.25,15.8599999999999
train,2011.12.07 13:00,1,False,14.25,4.519999999999982
train,2011.12.07 16:00,-1,False,3.2999999999999545,11.190000000000055
train,2011.12.08 13:00,-1,False,17.3599999999999,30.579999999999927
train,2011.12.08 14:00,-1,False,13.099999999999909,34.83999999999992
train,2011.12.08 16:00,-1,False,2.509999999999991,12.799999999999955
train,2011.12.08 17:00,-1,False,4.009999999999991,6.819999999999936
train,2011.12.09 11:00,1,False,13.059999999999945,0.8800000000001091
train,2011.12.09 14:00,-1,False,0.6199999999998909,12.63000000000011
train,2011.12.12 12:00,-1,False,1.7699999999999818,11.329999999999927
train,2011.12.12 14:00,-1,False,0.8800000000001091,22.970000000000027
train,2011.12.12 18:00,1,False,4.209999999999809,2.730000000000018
train,2011.12.13 10:00,1,False,9.180000000000064,2.759999999999991
train,2011.12.13 11:00,1,False,7.8599999999999,0.3500000000001364
train,2011.12.13 14:00,1,False,10.789999999999964,8.63000000000011
train,2011.12.13 15:00,1,False,13.340000000000146,10.7199999999998
train,2011.12.13 23:00,1,False,10.860000000000127,5.029999999999973
train,2011.12.14 02:00,1,False,6.959999999999809,2.9600000000000364
train,2011.12.14 07:00,-1,False,2.0699999999999363,4.2000000000000455
train,2011.12.14 10:00,-1,False,3.2200000000000273,13.230000000000018
train,2011.12.14 11:00,-1,False,2.7200000000000273,13.799999999999955
train,2011.12.14 12:00,-1,False,0.16000000000008185,10.209999999999809
train,2011.12.14 15:00,-1,False,0.0,59.88000000000011
train,2011.12.14 16:00,-1,False,0.06999999999993634,47.37000000000012
train,2011.12.14 19:00,-1,False,2.839999999999918,23.050000000000182
train,2011.12.14 20:00,-1,False,0.25,12.820000000000164
train,2011.12.14 23:00,-1,False,3.4700000000000273,9.149999999999864
train,2011.12.15 03:00,1,False,4.460000000000036,2.6400000000001
train,2011.12.15 03:00,1,False,4.460000000000036,2.6400000000001
train,2011.12.15 05:00,-1,False,3.650000000000091,8.690000000000055
train,2011.12.15 07:00,1,False,18.820000000000164,3.9699999999998
train,2011.12.15 10:00,-1,False,5.6599999999998545,10.680000000000064
train,2011.12.15 11:00,1,False,15.220000000000027,0.009999999999990905
train,2011.12.15 15:00,-1,False,9.579999999999927,23.350000000000136
train,2011.12.15 17:00,1,False,10.589999999999918,3.2899999999999636
train,2011.12.15 18:00,-1,False,3.900000000000091,8.930000000000064
train,2011.12.15 22:00,1,False,13.829999999999927,0.6800000000000637
train,2011.12.16 05:00,1,False,5.930000000000064,2.240000000000009
train,2011.12.16 07:00,1,False,8.699999999999818,2.1100000000001273
train,2011.12.16 08:00,1,False,4.3599999999999,2.7899999999999636
train,2011.12.16 10:00,1,False,4.529999999999973,1.9200000000000728
train,2011.12.16 11:00,1,False,7.169999999999845,4.830000000000155
train,2011.12.16 12:00,1,False,11.2199999999998,0.5099999999999909
train,2011.12.16 13:00,-1,False,5.829999999999927,12.25
train,2011.12.16 15:00,-1,False,5.170000000000073,9.309999999999945
train,2011.12.16 17:00,-1,False,4.529999999999973,5.369999999999891
train,2011.12.16 17:00,-1,False,4.529999999999973,5.369999999999891
train,2011.12.19 07:00,1,False,10.029999999999973,0.36999999999989086
train,2011.12.19 11:00,-1,False,1.7699999999999818,3.619999999999891
train,2011.12.19 12:00,1,False,12.950000000000045,4.220000000000027
train,2011.12.19 15:00,-1,False,0.2599999999999909,16.980000000000018
train,2011.12.19 16:00,-1,False,3.9400000000000546,10.150000000000091
train,2011.12.20 14:00,1,False,10.190000000000055,3.4299999999998363
train,2011.12.20 15:00,1,False,7.209999999999809,0.9300000000000637
train,2011.12.21 13:00,-1,False,1.7999999999999545,15.960000000000036
train,2011.12.21 16:00,1,False,8.75,5.509999999999991
train,2011.12.21 18:00,1,False,4.519999999999982,1.0299999999999727
train,2011.12.21 18:00,1,False,4.519999999999982,1.0299999999999727
train,2011.12.22 11:00,-1,False,0.7999999999999545,8.5300000000002
train,2011.12.22 13:00,-1,False,2.7100000000000364,7.869999999999891
train,2011.12.22 13:00,-1,False,2.7100000000000364,7.869999999999891
train,2011.12.22 15:00,-1,False,6.370000000000118,8.429999999999836
train,2011.12.22 16:00,-1,False,0.6200000000001182,10.8599999999999
train,2011.12.22 18:00,1,False,4.8900000000001,0.8699999999998909
train,2011.12.23 11:00,-1,False,0.6600000000000819,6.809999999999945
train,2011.12.23 14:00,-1,False,3.009999999999991,4.040000000000191
train,2011.12.23 16:00,1,False,4.519999999999982,2.1800000000000637
train,2011.12.23 17:00,-1,False,0.4700000000000273,4.3400000000001455
train,2011.12.27 11:00,-1,False,0.25,6.690000000000055
train,2011.12.27 12:00,-1,False,1.3099999999999454,5.440000000000055
train,2011.12.27 16:00,-1,False,3.0299999999999727,6.8900000000001
train,2011.12.28 12:00,1,False,4.9699999999998,3.0
train,2011.12.28 14:00,-1,False,7.7199999999998,15.830000000000155
train,2011.12.28 15:00,-1,False,0.9099999999998545,28.25
train,2011.12.28 16:00,-1,False,0.30999999999994543,21.24000000000001
train,2011.12.28 23:00,-1,False,4.7999999999999545,6.809999999999945
train,2011.12.29 10:00,-1,False,1.1700000000000728,29.429999999999836
train,2011.12.29 10:00,-1,False,1.1700000000000728,29.429999999999836
train,2011.12.29 14:00,1,False,8.089999999999918,4.300000000000182
train,2011.12.29 16:00,1,False,7.460000000000036,3.1399999999998727
train,2011.12.29 17:00,1,False,13.679999999999836,5.120000000000118
train,2011.12.29 18:00,1,False,13.560000000000173,5.779999999999973
train,2011.12.30 13:00,-1,False,3.5599999999999454,8.600000000000136
train,2011.12.30 17:00,-1,False,8.36999999999989,8.720000000000027
train,2012.01.03 14:00,1,False,11.269999999999982,6.130000000000109
train,2012.01.03 16:00,1,False,9.75,1.490000000000009
train,2012.01.04 16:00,-1,False,2.7000000000000455,11.240000000000009
train,2012.01.05 14:00,-1,False,5.319999999999936,12.269999999999982
train,2012.01.05 15:00,-1,False,6.3599999999999,7.009999999999991
train,2012.01.06 13:00,-1,False,8.650000000000091,8.940000000000055
train,2012.01.06 14:00,-1,False,8.920000000000073,13.789999999999964
train,2012.01.06 17:00,1,False,5.769999999999982,1.2699999999999818
train,2012.01.09 16:00,-1,False,3.769999999999982,6.529999999999973
train,2012.01.10 17:00,-1,False,2.4300000000000637,7.6599999999998545
train,2012.01.11 16:00,1,False,9.049999999999955,2.2200000000000273
train,2012.01.11 16:00,1,False,9.049999999999955,2.2200000000000273
train,2012.01.12 12:00,1,False,5.170000000000073,1.8799999999998818
train,2012.01.12 15:00,1,False,7.360000000000127,4.069999999999936
train,2012.01.12 16:00,-1,False,2.4700000000000273,9.160000000000082
train,2012.01.12 18:00,-1,False,1.5899999999999181,9.039999999999964
train,2012.01.13 15:00,-1,False,2.3900000000001,13.5
train,2012.01.13 15:00,-1,False,2.3900000000001,13.5
train,2012.01.16 12:00,1,False,4.0,0.9200000000000728
train,2012.01.16 13:00,-1,False,0.9399999999998272,4.190000000000055
train,2012.01.16 14:00,-1,False,0.5700000000001637,3.4099999999998545
train,2012.01.17 13:00,-1,False,3.25,5.960000000000036
train,2012.01.18 13:00,-1,False,0.4499999999998181,13.110000000000127
train,2012.01.19 12:00,-1,False,0.7199999999997999,8.930000000000064
train,2012.01.19 13:00,-1,False,1.650000000000091,11.740000000000009
train,2012.01.19 14:00,-1,False,0.0,11.819999999999936
train,2012.01.20 13:00,1,False,7.339999999999918,1.9800000000000182
train,2012.01.20 16:00,1,False,13.210000000000036,1.009999999999991
train,2012.01.25 13:00,-1,False,2.240000000000009,4.5
train,2012.01.25 15:00,1,False,7.75,5.7999999999999545
train,2012.01.26 14:00,1,False,15.25,1.849999999999909
train,2012.01.26 16:00,-1,False,1.9400000000000546,9.709999999999809
train,2012.01.27 13:00,1,False,7.1400000000001,4.990000000000009
train,2012.01.31 13:00,1,False,9.529999999999973,1.5399999999999636
train,2012.01.31 15:00,-1,False,2.849999999999909,18.49000000000001
train,2012.02.01 13:00,-1,False,4.800000000000182,5.949999999999818
train,2012.02.01 15:00,-1,False,4.360000000000127,6.629999999999882
train,2012.02.02 13:00,-1,False,2.6599999999998545,6.410000000000082
train,2012.02.02 14:00,1,False,15.490000000000009,1.0
train,2012.02.02 15:00,1,False,13.490000000000009,2.230000000000018
train,2012.02.03 12:00,-1,False,2.2899999999999636,13.319999999999936
train,2012.02.03 16:00,1,False,8.009999999999991,3.660000000000082
train,2012.02.06 15:00,1,False,9.199999999999818,1.5299999999999727
train,2012.02.07 13:00,1,False,10.61999999999989,5.150000000000091
train,2012.02.07 15:00,1,False,21.74000000000001,0.5499999999999545
train,2012.02.08 13:00,-1,False,1.1599999999998545,7.330000000000155
train,2012.02.08 16:00,-1,False,2.990000000000009,18.690000000000055
train,2012.02.09 12:00,1,False,6.0499999999999545,4.779999999999973
train,2012.02.09 13:00,1,False,19.309999999999945,4.6099999999999
train,2012.02.09 15:00,1,False,17.559999999999945,0.7300000000000182
train,2012.02.10 12:00,-1,False,3.5499999999999545,15.349999999999909
train,2012.02.10 13:00,-1,False,0.0,15.75
train,2012.02.10 14:00,1,False,10.180000000000064,6.899999999999864
train,2012.02.10 16:00,1,False,11.230000000000018,1.599999999999909
train,2012.02.13 13:00,-1,False,4.360000000000127,12.029999999999973
train,2012.02.14 13:00,1,False,8.029999999999973,7.630000000000109
train,2012.02.14 16:00,-1,False,2.4700000000000273,9.519999999999982
train,2012.02.15 13:00,1,False,11.440000000000055,2.0799999999999272
train,2012.02.15 16:00,-1,False,0.7100000000000364,7.940000000000055
train,2012.02.16 13:00,-1,False,1.3900000000001,12.569999999999936
train,2012.02.16 13:00,-1,False,1.3900000000001,12.569999999999936
train,2012.02.16 16:00,1,False,13.909999999999854,0.0500000000001819
train,2012.02.17 12:00,1,False,4.1599999999998545,2.160000000000082
train,2012.02.17 14:00,-1,False,3.4099999999998545,11.1400000000001
train,2012.02.17 16:00,-1,False,3.5300000000002,6.289999999999964
train,2012.02.21 13:00,1,False,11.259999999999991,1.9300000000000637
train,2012.02.22 12:00,-1,False,3.269999999999982,4.910000000000082
train,2012.02.22 15:00,1,False,5.019999999999982,2.2799999999999727
train,2012.02.22 16:00,1,False,4.849999999999909,2.1200000000001182
train,2012.02.23 12:00,1,False,9.3900000000001,1.1899999999998272
train,2012.02.23 15:00,-1,False,4.059999999999945,9.720000000000027
train,2012.02.23 16:00,1,False,11.740000000000009,0.009999999999990905
train,2012.02.24 12:00,-1,False,2.6299999999998818,3.4400000000000546
train,2012.02.24 13:00,-1,False,0.0,7.4699999999998
train,2012.02.24 15:00,-1,False,1.1100000000001273,7.539999999999964
train,2012.02.29 13:00,-1,False,1.990000000000009,6.6099999999999
train,2012.02.29 13:00,-1,False,1.990000000000009,6.6099999999999
train,2012.02.29 15:00,-1,False,6.730000000000018,72.26999999999998
train,2012.03.02 12:00,-1,False,3.0299999999999727,9.230000000000018
train,2012.03.02 14:00,-1,False,4.509999999999991,7.470000000000027
train,2012.03.02 16:00,1,False,6.380000000000109,5.599999999999909
train,2012.03.06 13:00,-1,False,4.740000000000009,24.0300000000002
train,2012.03.07 13:00,-1,False,1.759999999999991,8.25
train,2012.03.07 15:00,1,False,8.88000000000011,5.389999999999873
train,2012.03.08 13:00,-1,False,1.7100000000000364,9.699999999999818
train,2012.03.08 15:00,-1,False,2.800000000000182,5.7999999999999545
train,2012.03.09 12:00,-1,False,2.9299999999998363,19.840000000000146
train,2012.03.09 14:00,-1,False,13.950000000000045,23.40000000000009
train,2012.03.13 13:00,-1,False,0.6200000000001182,12.679999999999836
train,2012.03.13 13:00,-1,False,0.6200000000001182,12.679999999999836
train,2012.03.13 16:00,1,False,12.309999999999945,0.2599999999999909
train,2012.03.14 12:00,-1,False,2.8700000000001182,18.549999999999955
train,2012.03.14 15:00,-1,False,3.9400000000000546,7.099999999999909
train,2012.03.14 17:00,-1,False,0.5499999999999545,14.819999999999936
train,2012.03.14 22:00,-1,False,0.5499999999999545,7.630000000000109
train,2012.03.15 12:00,-1,False,3.7899999999999636,7.190000000000055
train,2012.03.15 14:00,-1,False,5.7999999999999545,5.849999999999909
train,2012.03.15 15:00,1,False,13.419999999999845,0.36000000000012733
train,2012.03.15 17:00,1,False,19.539999999999964,0.9300000000000637
train,2012.03.16 15:00,1,False,10.259999999999991,1.2000000000000455
train,2012.03.19 13:00,1,False,9.139999999999873,2.3600000000001273
train,2012.03.19 15:00,1,False,12.870000000000118,2.349999999999909
train,2012.03.20 12:00,-1,False,3.759999999999991,8.170000000000073
train,2012.03.20 14:00,1,False,11.299999999999955,1.0399999999999636
train,2012.03.20 15:00,1,False,6.589999999999918,2.490000000000009
train,2012.03.21 15:00,1,False,8.829999999999927,4.509999999999991
train,2012.03.22 12:00,-1,False,2.9500000000000455,9.410000000000082
train,2012.03.22 15:00,1,False,11.089999999999918,2.25
train,2012.03.22 16:00,1,False,6.650000000000091,2.6399999999998727
train,2012.03.23 12:00,1,False,7.940000000000055,4.399999999999864
train,2012.03.23 15:00,1,False,8.740000000000009,2.4400000000000546
train,2012.03.26 12:00,1,False,23.289999999999964,1.7200000000000273
train,2012.03.26 16:00,1,False,9.069999999999936,0.0
train,2012.03.26 16:00,1,False,9.069999999999936,0.0
train,2012.03.27 13:00,-1,False,3.5,8.930000000000064
train,2012.03.27 15:00,-1,False,4.100000000000136,11.539999999999964
train,2012.03.28 14:00,-1,False,1.240000000000009,7.150000000000091
train,2012.03.28 15:00,-1,False,4.020000000000209,4.259999999999991
train,2012.03.28 16:00,-1,False,0.9100000000000819,13.990000000000009
train,2012.03.29 14:00,-1,False,4.690000000000055,11.049999999999955
train,2012.03.30 13:00,1,False,6.480000000000018,2.2000000000000455
train,2012.03.30 15:00,-1,False,2.660000000000082,5.669999999999845
train,2012.03.30 15:00,-1,False,2.660000000000082,5.669999999999845
train,2012.04.03 13:00,-1,False,3.2999999999999545,5.980000000000018
train,2012.04.04 14:00,-1,False,1.1600000000000819,12.860000000000127
train,2012.04.05 13:00,1,False,4.539999999999964,2.380000000000109
train,2012.04.11 13:00,-1,False,3.2800000000002,3.9099999999998545
train,2012.04.11 15:00,1,False,4.230000000000018,3.300000000000182
train,2012.04.12 14:00,1,False,22.079999999999927,2.25
train,2012.04.12 15:00,1,False,21.180000000000064,1.5799999999999272
train,2012.04.13 13:00,-1,False,2.4700000000000273,7.879999999999882
train,2012.04.13 15:00,-1,False,0.9900000000000091,9.189999999999827
train,2012.04.20 13:00,-1,False,3.209999999999809,5.350000000000136
train,2012.05.09 08:00,-1,False,1.6899999999998272,10.740000000000009
train,2012.05.09 13:00,-1,False,4.870000000000118,5.349999999999909
train,2012.05.09 15:00,1,False,9.5300000000002,4.179999999999836
train,2012.05.10 14:00,1,False,10.189999999999827,0.5800000000001546
train,2012.05.14 13:00,-1,False,3.759999999999991,4.649999999999864
train,2012.05.16 15:00,1,False,12.509999999999991,5.309999999999945
train,2012.05.17 14:00,1,False,17.710000000000036,8.129999999999882
train,2012.05.18 13:00,-1,False,2.9199999999998454,4.8900000000001
train,2012.05.18 16:00,-1,False,5.740000000000009,5.990000000000009
train,2012.05.21 13:00,-1,False,3.0799999999999272,6.160000000000082
train,2012.05.22 13:00,1,False,5.279999999999973,1.959999999999809
train,2012.05.22 15:00,1,False,11.660000000000082,1.5399999999999636
train,2012.05.23 12:00,1,False,7.9500000000000455,0.9800000000000182
train,2012.05.23 14:00,-1,False,3.1800000000000637,26.6400000000001
train,2012.05.24 12:00,1,False,16.5,0.16000000000008185
train,2012.05.24 16:00,1,False,6.379999999999882,5.220000000000027
train,2012.05.25 12:00,1,False,4.849999999999909,2.5299999999999727
train,2012.05.25 13:00,1,False,7.329999999999927,5.139999999999873
train,2012.05.25 15:00,1,False,7.139999999999873,1.0599999999999454
train,2012.05.25 16:00,-1,False,2.619999999999891,5.579999999999927
train,2012.05.28 14:00,-1,False,0.3500000000001364,5.629999999999882
train,2012.05.29 14:00,1,False,7.940000000000055,2.4500000000000455
train,2012.05.30 13:00,-1,False,8.579999999999927,14.809999999999945
train,2012.05.30 13:00,-1,False,8.579999999999927,14.809999999999945
train,2012.05.30 15:00,-1,False,11.799999999999955,15.180000000000064
train,2012.05.31 13:00,-1,False,7.2999999999999545,11.620000000000118
train,2012.06.01 13:00,1,False,48.82999999999993,9.460000000000036
train,2012.06.01 16:00,1,False,17.559999999999945,0.0
train,2012.06.04 13:00,-1,False,0.0,8.910000000000082
train,2012.06.04 14:00,-1,False,1.0299999999999727,12.310000000000173
train,2012.06.04 16:00,-1,False,1.6399999999998727,11.5300000000002
train,2012.06.05 12:00,1,False,5.620000000000118,1.759999999999991
train,2012.06.05 14:00,-1,False,4.5900000000001455,6.369999999999891
train,2012.06.05 15:00,-1,False,2.7799999999999727,5.720000000000027
train,2012.06.05 16:00,-1,False,3.5299999999999727,4.970000000000027
train,2012.06.06 12:00,1,False,7.900000000000091,0.5
train,2012.06.06 14:00,1,False,6.550000000000182,1.3599999999999
train,2012.06.06 16:00,1,False,4.220000000000027,2.199999999999818
train,2012.06.07 14:00,-1,False,1.75,25.75
train,2012.06.07 15:00,-1,False,4.179999999999836,44.26999999999998
train,2012.06.08 12:00,-1,False,4.100000000000136,6.009999999999991
train,2012.06.08 13:00,-1,False,4.970000000000027,5.1400000000001
train,2012.06.08 15:00,1,False,14.070000000000164,0.0
train,2012.06.08 16:00,1,False,10.310000000000173,2.509999999999991
train,2012.06.11 13:00,-1,False,4.420000000000073,9.480000000000018
train,2012.06.12 13:00,1,False,14.920000000000073,3.269999999999982
train,2012.06.12 15:00,1,False,17.539999999999964,0.009999999999990905
train,2012.06.13 15:00,-1,False,3.490000000000009,4.690000000000055
train,2012.06.13 17:00,-1,False,2.5499999999999545,9.259999999999991
train,2012.06.14 13:00,-1,False,8.210000000000036,10.420000000000073
train,2012.06.14 14:00,-1,False,7.509999999999991,11.120000000000118
train,2012.06.14 16:00,1,False,9.889999999999873,2.1700000000000728
train,2012.06.15 13:00,1,False,8.610000000000127,5.789999999999964
train,2012.06.15 16:00,1,False,6.589999999999918,3.769999999999982
train,2012.06.15 16:00,1,False,6.589999999999918,3.769999999999982
train,2012.06.18 12:00,-1,False,1.490000000000009,6.330000000000155
train,2012.06.18 13:00,-1,False,2.5299999999999727,3.7000000000000455
train,2012.06.19 12:00,-1,False,1.7799999999999727,5.270000000000209
train,2012.06.19 14:00,-1,False,0.44000000000005457,10.059999999999945
train,2012.06.20 13:00,-1,False,1.300000000000182,12.0
train,2012.06.20 14:00,-1,False,0.7400000000000091,16.820000000000164
train,2012.06.20 16:00,-1,False,7.269999999999982,12.540000000000191
train,2012.06.21 12:00,-1,False,2.769999999999982,15.009999999999991
train,2012.06.21 15:00,-1,False,0.7899999999999636,21.220000000000027
train,2012.06.22 13:00,-1,False,2.6900000000000546,4.619999999999891
train,2012.06.22 16:00,-1,False,1.0,9.960000000000036
train,2012.06.25 14:00,1,False,7.559999999999945,0.6900000000000546
train,2012.06.26 13:00,-1,False,0.9399999999998272,9.190000000000055
train,2012.06.26 14:00,-1,False,0.7000000000000455,15.86999999999989
train,2012.06.27 12:00,-1,False,2.3900000000001,6.399999999999864
train,2012.06.27 14:00,1,False,11.720000000000027,8.669999999999845
train,2012.06.27 15:00,1,False,17.559999999999945,0.9200000000000728
train,2012.06.28 13:00,-1,False,6.419999999999845,7.019999999999982
train,2012.06.29 13:00,1,False,22.86999999999989,0.5399999999999636
train,2012.07.03 13:00,1,False,10.86999999999989,0.5
train,2012.07.04 13:00,1,False,1.5499999999999545,1.1100000000001273
train,2012.07.04 15:00,-1,False,1.0800000000001546,3.8099999999999454
train,2012.07.05 13:00,-1,False,4.910000000000082,21.3599999999999
train,2012.07.06 14:00,1,False,14.320000000000164,12.039999999999964
train,2012.07.11 14:00,-1,False,4.339999999999918,6.470000000000027
train,2012.07.11 14:00,-1,False,4.339999999999918,6.470000000000027
train,2012.07.12 14:00,-1,False,0.049999999999954525,9.079999999999927
train,2012.07.13 14:00,1,False,12.279999999999973,5.360000000000127
train,2012.07.18 14:00,-1,False,2.2100000000000364,9.899999999999864
train,2012.07.18 15:00,1,False,13.399999999999864,0.43000000000006366
train,2012.07.19 12:00,1,False,9.189999999999827,0.09000000000014552
train,2012.07.20 12:00,-1,False,3.1900000000000546,6.5499999999999545
train,2012.07.24 14:00,1,False,9.569999999999936,1.490000000000009
train,2012.07.26 14:00,-1,False,1.3799999999998818,8.579999999999927
train,2012.08.02 14:00,-1,False,10.63000000000011,16.569999999999936
train,2012.08.03 14:00,-1,False,7.569999999999936,10.460000000000036
train,2012.09.07 14:00,1,False,46.6099999999999,5.2000000000000455
train,2012.09.13 14:00,1,False,4.569999999999936,3.8900000000001
train,2012.09.14 12:00,-1,False,1.7799999999999727,9.0
train,2012.09.14 14:00,1,False,5.230000000000018,4.8599999999999
train,2012.09.18 13:00,1,False,13.180000000000064,2.6100000000001273
train,2012.09.19 13:00,-1,False,2.009999999999991,11.63000000000011
train,2012.09.19 15:00,-1,False,3.0799999999999272,5.509999999999991
train,2012.09.20 14:00,1,False,6.089999999999918,5.480000000000018
train,2012.09.21 13:00,1,False,14.100000000000136,1.0399999999999636
train,2012.09.21 15:00,-1,False,0.8800000000001091,17.09999999999991
train,2012.09.26 14:00,-1,False,0.5799999999999272,22.819999999999936
train,2012.09.27 14:00,1,False,12.269999999999982,0.03999999999996362
train,2012.09.28 12:00,-1,False,0.43000000000006366,8.349999999999909
train,2012.09.28 13:00,-1,False,3.2999999999999545,8.379999999999882
train,2012.10.02 14:00,-1,False,5.970000000000027,7.970000000000027
train,2012.10.03 14:00,-1,False,3.8999999999998636,4.620000000000118
train,2012.10.05 13:00,-1,False,2.7100000000000364,17.069999999999936
train,2012.10.10 13:00,1,False,5.860000000000127,5.419999999999845
train,2012.11.09 14:00,1,False,7.389999999999873,4.290000000000191
train,2012.11.16 14:00,1,False,5.960000000000036,3.2100000000000364
train,2012.12.21 14:00,1,False,11.3599999999999,1.7200000000000273
train,2012.12.28 13:00,-1,False,2.3999999999998636,2.900000000000091
train,2013.01.04 14:00,1,False,17.769999999999982,5.369999999999891
train,2013.01.11 14:00,-1,False,9.269999999999982,10.980000000000018
train,2013.01.16 14:00,1,False,5.120000000000118,1.259999999999991
train,2013.01.17 13:00,-1,False,0.6700000000000728,15.379999999999882
train,2013.01.17 13:00,-1,False,0.6700000000000728,15.379999999999882
train,2013.01.18 13:00,1,False,5.060000000000173,3.0499999999999545
train,2013.01.18 14:00,1,False,4.930000000000064,4.690000000000055
train,2013.02.21 14:00,1,False,13.339999999999918,3.740000000000009
train,2013.02.27 13:00,1,False,4.9500000000000455,3.6299999999998818
train,2013.02.27 14:00,1,False,5.210000000000036,3.699999999999818
train,2013.02.28 14:00,-1,False,4.870000000000118,6.839999999999918
train,2013.03.01 14:00,1,False,15.940000000000055,0.0
train,2013.03.05 14:00,-1,False,3.4500000000000455,8.139999999999873
train,2013.03.06 13:00,-1,False,3.7100000000000364,7.919999999999845
train,2013.03.07 13:00,-1,False,2.0399999999999636,6.6400000000001
train,2013.03.08 13:00,-1,False,1.1400000000001,16.45999999999981
train,2013.04.12 19:00,-1,False,0.14000000000010004,22.449999999999818
train,2013.04.12 21:00,-1,False,0.290000000000191,20.429999999999836
train,2013.04.15 02:00,-1,False,5.629999999999882,65.60000000000014
train,2013.04.15 04:00,-1,False,6.130000000000109,21.660000000000082
train,2013.04.15 06:00,1,False,17.680000000000064,4.910000000000082
train,2013.04.15 07:00,-1,False,12.090000000000146,13.639999999999873
train,2013.04.15 10:00,-1,False,5.0499999999999545,52.26999999999998
train,2013.04.15 14:00,-1,False,18.440000000000055,52.789999999999964
train,2013.04.15 16:00,-1,False,0.8299999999999272,49.039999999999964
train,2013.04.15 19:00,-1,False,6.059999999999945,22.09999999999991
train,2013.04.15 20:00,-1,False,1.8700000000001182,31.960000000000036
train,2013.04.15 22:00,-1,False,9.52000000000021,20.269999999999982
train,2013.04.16 01:00,-1,False,10.61999999999989,28.660000000000082
train,2013.04.16 02:00,-1,False,9.299999999999955,29.980000000000018
train,2013.04.16 04:00,1,False,35.49000000000001,3.75
train,2013.04.16 04:00,1,False,35.49000000000001,3.75
train,2013.04.16 06:00,1,False,31.789999999999964,0.0
train,2013.04.16 10:00,1,False,21.25999999999999,12.310000000000173
train,2013.04.16 12:00,1,False,14.070000000000164,8.539999999999964
train,2013.04.16 14:00,1,False,17.529999999999973,14.420000000000073
train,2013.04.16 15:00,-1,False,1.509999999999991,25.279999999999973
train,2013.04.16 16:00,1,False,12.710000000000036,9.279999999999973
train,2013.04.16 18:00,-1,False,1.1700000000000728,23.3599999999999
train,2013.04.16 19:00,-1,False,11.180000000000064,16.87999999999988
train,2013.04.16 20:00,-1,False,0.5,24.579999999999927
train,2013.04.16 21:00,1,False,10.669999999999845,4.0
train,2013.04.16 23:00,1,False,7.5900000000001455,7.449999999999818
train,2013.04.17 02:00,1,False,11.710000000000036,6.069999999999936
train,2013.04.17 04:00,-1,False,5.990000000000009,10.620000000000118
train,2013.04.17 04:00,-1,False,5.990000000000009,10.620000000000118
train,2013.04.17 06:00,-1,False,0.2800000000002001,13.299999999999955
train,2013.04.17 08:00,1,False,14.230000000000018,0.8699999999998909
train,2013.04.17 11:00,-1,False,3.160000000000082,11.599999999999909
train,2013.04.17 13:00,1,False,12.389999999999873,9.769999999999982
train,2013.04.17 16:00,-1,False,7.6099999999999,14.180000000000064
train,2013.04.17 16:00,-1,False,7.6099999999999,14.180000000000064
train,2013.04.17 18:00,-1,False,1.3799999999998818,18.310000000000173
train,2013.04.17 20:00,-1,False,1.3399999999999181,9.400000000000091
train,2013.04.17 22:00,1,False,7.879999999999882,1.0800000000001546
train,2013.04.18 02:00,-1,False,3.349999999999909,37.08999999999992
train,2013.04.18 05:00,1,False,12.660000000000082,1.6000000000001364
train,2013.04.18 06:00,1,False,14.429999999999836,2.1700000000000728
train,2013.04.18 09:00,1,False,21.519999999999982,4.110000000000127
train,2013.04.18 13:00,-1,False,8.159999999999854,12.370000000000118
train,2013.04.18 16:00,1,False,10.599999999999909,3.9600000000000364
train,2013.04.18 17:00,-1,False,4.099999999999909,8.450000000000045
train,2013.04.18 19:00,1,False,4.759999999999991,3.9199999999998454
train,2013.04.19 07:00,1,False,27.069999999999936,0.21000000000003638
train,2013.04.19 10:00,-1,False,4.069999999999936,4.210000000000036
train,2013.04.19 12:00,-1,False,1.6900000000000546,14.8599999999999
train,2013.04.19 13:00,-1,False,2.519999999999982,14.470000000000027
train,2013.04.19 15:00,-1,False,4.739999999999782,5.980000000000018
train,2013.04.19 17:00,-1,False,1.7300000000000182,10.579999999999927
train,2013.04.22 02:00,1,False,14.11999999999989,4.8400000000001455
train,2013.04.22 06:00,1,False,5.730000000000018,4.189999999999827
train,2013.04.22 08:00,1,False,7.720000000000027,1.5899999999999181
train,2013.04.22 09:00,1,False,4.8599999999999,2.5699999999999363
train,2013.04.22 10:00,1,False,17.300000000000182,0.8099999999999454
train,2013.04.22 15:00,-1,False,1.5299999999999727,9.38000000000011
train,2013.04.22 18:00,1,False,5.710000000000036,2.990000000000009
train,2013.04.23 06:00,-1,False,4.150000000000091,12.529999999999973
train,2013.04.23 08:00,-1,False,1.6300000000001091,13.240000000000009
train,2013.04.23 12:00,1,False,13.700000000000045,2.099999999999909
train,2013.04.23 14:00,-1,False,3.3700000000001182,16.11999999999989
train,2013.04.23 15:00,-1,False,5.129999999999882,11.450000000000045
train,2013.04.23 17:00,1,False,9.259999999999991,1.0599999999999454
train,2013.04.23 19:00,1,False,4.7000000000000455,4.629999999999882
train,2013.04.24 06:00,1,False,7.319999999999936,0.39000000000010004
train,2013.04.24 09:00,-1,False,1.8099999999999454,7.370000000000118
train,2013.04.24 15:00,-1,False,2.2899999999999636,7.789999999999964
train,2013.04.24 16:00,-1,False,1.400000000000091,7.279999999999973
train,2013.04.25 01:00,1,False,7.009999999999991,3.3400000000001455
train,2013.04.25 09:00,1,False,3.490000000000009,2.509999999999991
train,2013.04.25 09:00,1,False,3.490000000000009,2.509999999999991
train,2013.04.25 11:00,1,False,4.560000000000173,0.6499999999998636
train,2013.04.25 14:00,1,False,12.240000000000009,1.150000000000091
train,2013.04.25 15:00,-1,False,5.610000000000127,6.7999999999999545
train,2013.04.25 16:00,1,False,8.690000000000055,0.6600000000000819
train,2013.04.25 18:00,1,False,15.1400000000001,1.0699999999999363
train,2013.04.25 22:00,1,False,9.650000000000091,1.2000000000000455
train,2013.04.25 23:00,1,False,10.769999999999982,2.3799999999998818
train,2013.04.26 03:00,1,False,9.029999999999973,1.8700000000001182
train,2013.04.26 05:00,-1,False,0.05999999999994543,6.070000000000164
train,2013.04.26 09:00,-1,False,0.3000000000001819,15.029999999999973
train,2013.04.26 09:00,-1,False,0.3000000000001819,15.029999999999973
train,2013.04.26 12:00,1,False,12.060000000000173,0.9299999999998363
train,2013.04.26 14:00,1,False,19.039999999999964,0.8099999999999454
train,2013.04.26 16:00,-1,False,13.75,21.429999999999836
train,2013.04.26 18:00,-1,False,7.339999999999918,7.589999999999918
train,2013.04.26 20:00,-1,False,3.6799999999998363,4.3900000000001
train,2013.04.26 22:00,1,False,10.6400000000001,0.9800000000000182
train,2013.04.26 23:00,-1,False,1.2200000000000273,4.5499999999999545
train,2013.04.29 02:00,1,False,7.190000000000055,2.3299999999999272
train,2013.04.29 06:00,1,False,3.3500000000001364,0.4099999999998545
train,2013.04.29 07:00,1,False,7.440000000000055,1.5199999999999818
train,2013.04.29 11:00,1,False,6.920000000000073,1.8699999999998909
train,2013.04.29 13:00,-1,False,6.900000000000091,8.799999999999955
train,2013.04.29 15:00,-1,False,5.509999999999991,6.460000000000036
train,2013.04.29 17:00,-1,False,1.9400000000000546,6.809999999999945
train,2013.04.29 18:00,-1,False,2.1499999999998636,4.410000000000082
train,2013.04.30 10:00,-1,False,0.029999999999972715,9.399999999999864
train,2013.04.30 11:00,1,False,4.900000000000091,0.33999999999991815
train,2013.04.30 15:00,-1,False,5.849999999999909,7.0499999999999545
train,2013.04.30 18:00,1,False,6.5499999999999545,2.3799999999998818
train,2013.05.01 13:00,-1,False,2.2200000000000273,21.36999999999989
train,2013.05.02 14:00,1,False,17.169999999999845,1.0800000000001546
train,2013.05.02 17:00,-1,False,1.759999999999991,5.539999999999964
train,2013.05.03 11:00,1,False,11.279999999999973,1.8999999999998636
train,2013.05.03 13:00,-1,False,0.18000000000006366,25.75
train,2013.05.03 14:00,-1,False,1.6800000000000637,19.220000000000027
train,2013.05.03 16:00,1,False,9.470000000000027,3.3099999999999454
train,2013.05.06 12:00,-1,False,3.8200000000001637,4.289999999999964
train,2013.05.06 14:00,-1,False,1.0800000000001546,7.429999999999836
train,2013.05.07 13:00,-1,False,4.210000000000036,15.210000000000036
train,2013.05.07 14:00,-1,False,0.9800000000000182,20.430000000000064
train,2013.05.07 15:00,-1,False,3.4300000000000637,9.240000000000009
train,2013.05.08 13:00,1,False,16.74000000000001,0.2599999999999909
train,2013.05.08 16:00,-1,False,1.0199999999999818,4.5
train,2013.05.09 13:00,-1,False,0.290000000000191,11.349999999999909
train,2013.05.09 13:00,-1,False,0.290000000000191,11.349999999999909
train,2013.05.13 14:00,-1,False,3.7799999999999727,4.289999999999964
train,2013.05.14 12:00,-1,False,2.0,10.049999999999955
train,2013.05.14 16:00,-1,False,5.3900000000001,8.789999999999964
train,2013.05.15 12:00,-1,False,2.880000000000109,8.700000000000045
train,2013.05.15 13:00,1,False,8.52000000000021,3.0599999999999454
train,2013.05.15 16:00,-1,False,0.5099999999999909,24.049999999999955
train,2013.05.15 16:00,-1,False,0.5099999999999909,24.049999999999955
train,2013.05.16 12:00,1,False,7.940000000000055,1.7899999999999636
train,2013.05.17 11:00,1,False,6.029999999999973,2.7200000000000273
train,2013.05.17 13:00,-1,False,3.369999999999891,11.860000000000127
train,2013.05.17 16:00,-1,False,0.16000000000008185,14.200000000000045
train,2013.05.17 16:00,-1,False,0.16000000000008185,14.200000000000045
train,2013.05.20 12:00,1,False,14.090000000000146,2.3999999999998636
train,2013.05.20 16:00,1,False,44.86999999999989,0.8900000000001
train,2013.05.20 17:00,1,False,39.82999999999993,1.2100000000000364
train,2013.05.21 13:00,-1,False,0.0,19.710000000000036
train,2013.05.21 18:00,1,False,8.179999999999836,1.3200000000001637
train,2013.05.22 11:00,1,False,13.730000000000018,2.269999999999982
train,2013.05.22 13:00,1,False,11.240000000000009,3.339999999999918
train,2013.05.22 13:00,1,False,11.240000000000009,3.339999999999918
train,2013.05.22 15:00,-1,False,20.210000000000036,27.169999999999845
train,2013.05.22 18:00,-1,False,2.6799999999998363,20.75
train,2013.05.22 18:00,-1,False,2.6799999999998363,20.75
train,2013.05.23 14:00,-1,False,6.639999999999873,11.110000000000127
train,2013.05.23 16:00,1,False,5.559999999999945,5.430000000000064
train,2013.05.24 11:00,-1,False,2.160000000000082,6.309999999999945
train,2013.05.24 12:00,1,False,8.1400000000001,1.3399999999999181
train,2013.05.24 13:00,1,False,7.0,2.0699999999999363
train,2013.05.24 16:00,-1,False,1.0799999999999272,3.7000000000000455
train,2013.05.24 17:00,1,False,1.599999999999909,1.3400000000001455
train,2013.05.27 12:00,1,False,3.5699999999999363,0.44000000000005457
train,2013.05.27 13:00,1,False,2.8299999999999272,0.6900000000000546
train,2013.05.27 14:00,-1,False,1.75,1.9400000000000546
train,2013.05.27 15:00,1,False,2.300000000000182,1.3899999999998727
train,2013.05.28 13:00,1,False,6.2999999999999545,4.360000000000127
train,2013.05.28 14:00,1,False,6.569999999999936,6.210000000000036
train,2013.05.28 16:00,1,False,15.88000000000011,9.909999999999854
train,2013.05.28 17:00,1,False,18.579999999999927,1.5800000000001546
train,2013.05.29 14:00,-1,False,1.7200000000000273,9.090000000000146
train,2013.05.29 15:00,-1,False,4.289999999999964,4.830000000000155
train,2013.05.30 13:00,1,False,14.589999999999918,4.850000000000136
train,2013.05.30 15:00,1,False,11.349999999999909,0.6300000000001091
train,2013.05.30 18:00,1,False,3.800000000000182,1.7200000000000273
train,2013.05.31 11:00,-1,False,0.959999999999809,8.529999999999973
train,2013.05.31 13:00,-1,False,2.480000000000018,18.170000000000073
train,2013.05.31 15:00,-1,False,3.230000000000018,16.789999999999964
train,2013.06.03 12:00,-1,False,1.990000000000009,3.4700000000000273
train,2013.06.03 15:00,1,False,21.409999999999854,4.960000000000036
train,2013.06.03 16:00,1,False,23.039999999999964,0.0
train,2013.06.04 16:00,-1,False,2.7799999999999727,8.490000000000009
train,2013.06.05 13:00,1,False,12.759999999999991,0.25
train,2013.06.05 15:00,1,False,8.529999999999973,2.2100000000000364
train,2013.06.05 16:00,1,False,7.25,1.6600000000000819
train,2013.06.06 12:00,1,False,6.610000000000127,5.4099999999998545
train,2013.06.07 13:00,-1,False,2.410000000000082,29.700000000000045
train,2013.06.07 14:00,-1,False,3.900000000000091,28.210000000000036
train,2013.06.11 14:00,-1,False,4.1599999999998545,9.660000000000082
train,2013.06.11 15:00,1,False,8.049999999999955,5.769999999999982
train,2013.06.12 13:00,1,False,6.829999999999927,3.8600000000001273
train,2013.06.12 14:00,1,False,16.410000000000082,5.100000000000136
train,2013.06.12 15:00,1,False,18.29000000000019,3.2200000000000273
train,2013.06.13 13:00,-1,False,0.15999999999985448,10.460000000000036
train,2013.06.13 14:00,-1,False,2.160000000000082,8.509999999999991
train,2013.06.14 14:00,1,False,12.459999999999809,1.4500000000000455
train,2013.06.19 13:00,1,False,7.889999999999873,0.42000000000007276
train,2013.06.20 14:00,-1,False,1.0499999999999545,15.639999999999873
train,2013.06.20 15:00,1,False,11.220000000000027,4.809999999999945
train,2013.06.20 17:00,-1,False,3.5799999999999272,15.299999999999955
train,2013.06.20 23:00,-1,False,3.490000000000009,9.61999999999989
train,2013.06.21 01:00,-1,False,5.180000000000064,10.649999999999864
train,2013.06.21 03:00,1,False,20.410000000000082,3.5699999999999363
train,2013.06.21 11:00,-1,False,1.849999999999909,6.580000000000155
train,2013.06.21 13:00,-1,False,3.3999999999998636,8.320000000000164
train,2013.06.21 15:00,1,False,5.470000000000027,4.2999999999999545
train,2013.06.21 16:00,-1,False,0.8800000000001091,9.349999999999909
train,2013.06.24 14:00,1,False,6.650000000000091,5.169999999999845
train,2013.06.25 14:00,-1,False,0.4800000000000182,15.1099999999999
train,2013.06.25 15:00,-1,False,0.9400000000000546,11.529999999999973
train,2013.06.26 13:00,1,False,19.449999999999818,1.3600000000001273
train,2013.06.26 17:00,-1,False,2.0700000000001637,5.480000000000018
train,2013.06.26 22:00,1,False,9.289999999999964,0.10999999999989996
train,2013.06.27 14:00,1,False,5.5,5.019999999999982
train,2013.06.27 16:00,-1,False,1.1100000000001273,9.25
train,2013.06.27 22:00,1,False,5.920000000000073,0.8800000000001091
train,2013.06.28 01:00,-1,False,5.5499999999999545,22.230000000000018
train,2013.06.28 04:00,1,False,16.389999999999873,0.3500000000001364
train,2013.06.28 04:00,1,False,16.389999999999873,0.3500000000001364
train,2013.06.28 06:00,1,False,10.759999999999991,6.509999999999991
train,2013.06.28 08:00,-1,False,1.5199999999999818,13.190000000000055
train,2013.06.28 09:00,-1,False,1.0399999999999636,9.2800000000002
train,2013.06.28 11:00,1,False,3.4700000000000273,2.589999999999918
train,2013.06.28 13:00,-1,False,1.1200000000001182,16.75999999999999
train,2013.06.28 14:00,1,False,18.440000000000055,16.220000000000027
train,2013.06.28 17:00,1,False,19.170000000000073,0.01999999999998181
train,2013.06.28 18:00,1,False,9.070000000000164,6.959999999999809
train,2013.06.28 21:00,1,False,10.799999999999955,2.0399999999999636
train,2013.07.01 09:00,-1,False,0.9200000000000728,6.920000000000073
train,2013.07.01 11:00,-1,False,3.019999999999982,6.930000000000064
train,2013.07.01 13:00,-1,False,2.619999999999891,7.4500000000000455
train,2013.07.01 16:00,1,False,25.299999999999955,1.8099999999999454
train,2013.07.01 18:00,-1,False,2.4700000000000273,8.509999999999991
train,2013.07.02 09:00,1,False,8.029999999999973,1.7100000000000364
train,2013.07.02 10:00,-1,False,2.7100000000000364,5.210000000000036
train,2013.07.02 11:00,-1,False,0.7300000000000182,7.220000000000027
train,2013.07.02 13:00,-1,False,1.5700000000001637,8.829999999999927
train,2013.07.02 16:00,-1,False,1.4600000000000364,7.720000000000027
train,2013.07.02 18:00,-1,False,1.7899999999999636,9.170000000000073
train,2013.07.03 11:00,1,False,11.25,4.380000000000109
train,2013.07.03 13:00,1,False,11.440000000000055,1.0599999999999454
train,2013.07.03 14:00,-1,False,5.319999999999936,8.0
train,2013.07.03 15:00,1,False,8.920000000000073,3.3799999999998818
train,2013.07.03 16:00,1,False,11.220000000000027,1.490000000000009
train,2013.07.03 18:00,-1,False,1.25,5.900000000000091
train,2013.07.03 18:00,-1,False,1.25,5.900000000000091
train,2013.07.04 12:00,-1,False,2.5299999999999727,4.470000000000027
train,2013.07.04 15:00,1,False,4.059999999999945,1.5899999999999181
train,2013.07.04 16:00,-1,False,0.4900000000000091,4.779999999999973
train,2013.07.04 17:00,-1,False,1.5600000000001728,1.9399999999998272
train,2013.07.05 13:00,-1,False,3.3099999999999454,31.180000000000064
train,2013.07.05 15:00,-1,False,1.7399999999997817,15.990000000000009
train,2013.07.05 18:00,-1,False,1.0199999999999818,2.3099999999999454
train,2013.07.08 12:00,1,False,11.700000000000045,0.0
train,2013.07.08 13:00,1,False,7.539999999999964,0.6900000000000546
train,2013.07.08 16:00,1,False,6.050000000000182,0.01999999999998181
train,2013.07.08 17:00,-1,False,1.5299999999999727,1.800000000000182
train,2013.07.09 15:00,-1,False,5.230000000000018,6.839999999999918
train,2013.07.09 17:00,-1,False,1.5299999999999727,5.080000000000155
train,2013.07.10 13:00,1,False,4.430000000000064,3.4600000000000364
train,2013.07.10 15:00,1,False,6.400000000000091,3.7799999999999727
train,2013.07.10 17:00,-1,False,1.1199999999998909,12.070000000000164
train,2013.07.10 18:00,-1,False,9.02000000000021,9.049999999999955
train,2013.07.11 10:00,-1,False,3.6299999999998818,4.460000000000036
train,2013.07.11 11:00,-1,False,0.03000000000020009,6.389999999999873
train,2013.07.11 12:00,1,False,5.670000000000073,2.869999999999891
train,2013.07.11 13:00,1,False,5.539999999999964,3.0
train,2013.07.11 15:00,-1,False,0.7300000000000182,8.149999999999864
train,2013.07.11 16:00,-1,False,2.839999999999918,5.730000000000018
train,2013.07.12 11:00,-1,False,1.9600000000000364,8.25
train,2013.07.12 14:00,1,False,10.189999999999827,1.300000000000182
train,2013.07.12 15:00,1,False,8.399999999999864,0.2699999999999818
train,2013.07.15 13:00,-1,False,4.009999999999991,9.179999999999836
train,2013.07.17 13:00,1,False,12.960000000000036,3.1700000000000728
train,2013.07.17 16:00,-1,False,6.240000000000009,24.039999999999964
train,2013.07.17 16:00,-1,False,6.240000000000009,24.039999999999964
train,2013.07.18 14:00,1,False,7.480000000000018,4.430000000000064
train,2013.07.18 16:00,-1,False,0.9600000000000364,6.129999999999882
train,2013.07.19 13:00,1,False,4.670000000000073,1.400000000000091
train,2013.07.19 15:00,1,False,6.180000000000064,1.4800000000000182
train,2013.07.23 13:00,1,False,5.260000000000218,0.8299999999999272
train,2013.07.23 15:00,1,False,4.920000000000073,1.949999999999818
train,2013.07.24 13:00,-1,False,1.0599999999999454,10.470000000000027
train,2013.07.24 14:00,-1,False,0.6600000000000819,11.509999999999991
train,2013.07.25 13:00,1,False,13.149999999999864,0.5899999999999181
train,2013.07.26 14:00,-1,False,4.400000000000091,14.919999999999845
train,2013.07.31 13:00,-1,False,0.7400000000000091,20.389999999999873
train,2013.08.01 12:00,-1,False,4.150000000000091,5.679999999999836
train,2013.08.01 13:00,-1,False,4.6400000000001,5.189999999999827
train,2013.08.02 12:00,1,False,30.819999999999936,4.370000000000118
train,2013.08.02 13:00,1,False,29.5,5.690000000000055
train,2013.08.06 13:00,-1,False,0.5800000000001546,15.519999999999982
train,2013.08.07 13:00,1,False,9.620000000000118,1.8199999999999363
train,2013.08.07 14:00,1,False,8.930000000000064,2.0599999999999454
train,2013.08.07 15:00,1,False,9.310000000000173,0.7199999999997999
train,2013.08.08 13:00,1,False,8.789999999999964,1.4100000000000819
train,2013.08.08 15:00,1,False,20.439999999999827,2.1700000000000728
train,2013.08.09 13:00,-1,False,1.0800000000001546,4.459999999999809
train,2013.08.09 14:00,1,False,2.9300000000000637,2.6099999999999
train,2013.08.09 15:00,1,False,8.160000000000082,1.699999999999818
train,2013.08.13 15:00,-1,False,3.7000000000000455,13.3900000000001
train,2013.08.14 13:00,-1,False,2.709999999999809,5.940000000000055
train,2013.08.15 12:00,-1,False,0.9199999999998454,19.980000000000018
train,2013.08.16 13:00,1,False,10.809999999999945,3.0699999999999363
train,2013.08.19 13:00,-1,False,4.1400000000001,4.849999999999909
train,2013.08.19 14:00,-1,False,2.3199999999999363,9.930000000000064
train,2013.08.20 14:00,1,False,11.669999999999845,2.130000000000109
train,2013.08.21 13:00,1,False,3.2100000000000364,3.1800000000000637
train,2013.08.21 15:00,1,False,5.829999999999927,4.259999999999991
train,2013.08.22 12:00,1,False,10.069999999999936,2.2100000000000364
train,2013.08.22 14:00,1,False,12.900000000000091,2.949999999999818
train,2013.08.22 16:00,1,False,6.9500000000000455,4.430000000000064
train,2013.08.22 16:00,1,False,6.9500000000000455,4.430000000000064
train,2013.08.23 12:00,-1,False,0.9200000000000728,6.579999999999927
train,2013.08.23 13:00,-1,False,0.900000000000091,6.4099999999998545
train,2013.08.23 16:00,1,False,23.899999999999864,0.0
train,2013.08.26 13:00,1,False,4.7800000000002,2.1399999999998727
train,2013.08.27 13:00,1,False,11.059999999999945,0.0
train,2013.08.27 16:00,1,False,4.8900000000001,2.3199999999999363
train,2013.08.28 12:00,1,False,5.009999999999991,3.9200000000000728
train,2013.08.28 14:00,-1,False,6.819999999999936,8.75
train,2013.08.28 16:00,1,False,4.029999999999973,3.6200000000001182
train,2013.08.29 12:00,1,False,7.430000000000064,3.5
train,2013.08.29 16:00,-1,False,3.2000000000000455,6.710000000000036
train,2013.08.30 13:00,-1,False,2.6200000000001182,3.8599999999999
train,2013.08.30 16:00,1,False,10.600000000000136,0.5199999999999818
train,2013.09.03 13:00,1,False,12.029999999999973,1.1100000000001273
train,2013.09.04 14:00,-1,False,0.0,18.329999999999927
train,2013.09.05 14:00,-1,False,3.790000000000191,31.34999999999991
train,2013.09.06 12:00,1,False,24.37999999999988,9.039999999999964
train,2013.09.06 14:00,1,False,22.75,10.669999999999845
train,2013.09.06 16:00,1,False,5.289999999999964,1.3900000000001
train,2013.09.10 13:00,-1,False,0.9800000000000182,14.240000000000009
train,2013.09.11 15:00,1,False,3.7100000000000364,1.9099999999998545
train,2013.09.12 12:00,-1,False,2.4300000000000637,13.129999999999882
train,2013.09.12 14:00,-1,False,0.25,14.710000000000036
train,2013.09.13 13:00,1,False,9.0,3.1399999999998727
train,2013.09.17 13:00,-1,False,4.629999999999882,7.550000000000182
train,2013.09.18 15:00,-1,False,2.730000000000018,4.820000000000164
train,2013.09.18 16:00,-1,False,2.759999999999991,4.560000000000173
train,2013.09.19 14:00,1,False,8.910000000000082,4.829999999999927
train,2013.09.19 16:00,1,False,10.379999999999882,3.8400000000001455
train,2013.09.20 12:00,-1,False,2.519999999999982,10.38000000000011
train,2013.09.20 14:00,-1,False,3.25,21.840000000000146
train,2013.09.20 16:00,-1,False,0.20000000000004547,23.029999999999973
train,2013.09.23 13:00,-1,False,1.150000000000091,7.740000000000009
train,2013.09.23 13:00,-1,False,1.150000000000091,7.740000000000009
train,2013.09.24 13:00,-1,False,3.759999999999991,9.3900000000001
train,2013.09.24 14:00,-1,False,4.3400000000001455,8.809999999999945
train,2013.09.24 16:00,1,False,3.869999999999891,1.2999999999999545
train,2013.09.25 12:00,-1,False,1.7000000000000455,6.789999999999964
train,2013.09.25 14:00,1,False,8.190000000000055,5.129999999999882
train,2013.09.25 16:00,1,False,16.799999999999955,0.6199999999998909
train,2013.09.25 16:00,1,False,16.799999999999955,0.6199999999998909
train,2013.09.26 13:00,-1,False,2.5799999999999272,5.970000000000027
train,2013.09.26 14:00,-1,False,1.1000000000001364,13.789999999999964
train,2013.09.26 15:00,-1,False,1.4100000000000819,12.039999999999964
train,2013.09.27 13:00,1,False,19.689999999999827,0.009999999999990905
train,2013.09.27 16:00,-1,False,2.0299999999999727,3.75
train,2013.09.30 13:00,-1,False,2.0699999999999363,13.2800000000002
train,2013.09.30 15:00,1,False,9.710000000000036,5.080000000000155
train,2013.10.01 13:00,-1,False,0.0,42.190000000000055
train,2013.10.02 13:00,1,False,13.11999999999989,1.009999999999991
train,2013.10.02 14:00,1,False,29.54000000000019,0.4700000000000273
train,2013.10.03 12:00,-1,False,0.13999999999987267,7.490000000000009
train,2013.10.03 14:00,1,False,12.650000000000091,4.369999999999891
train,2013.10.03 16:00,1,False,11.180000000000064,0.0
train,2013.10.04 13:00,-1,False,8.13000000000011,8.210000000000036
train,2013.10.08 13:00,1,False,7.339999999999918,5.259999999999991
train,2013.10.08 14:00,1,False,12.019999999999982,2.5499999999999545
train,2013.10.09 13:00,-1,False,1.959999999999809,7.790000000000191
train,2013.10.10 12:00,1,False,12.670000000000073,5.5499999999999545
train,2013.10.11 12:00,-1,False,5.180000000000064,23.919999999999845
train,2013.10.11 14:00,-1,False,0.5399999999999636,27.839999999999918
train,2013.10.11 15:00,1,False,4.759999999999991,4.459999999999809
train,2013.10.11 16:00,1,False,5.650000000000091,3.709999999999809
train,2013.10.15 15:00,1,False,15.740000000000009,0.05999999999994543
train,2013.10.15 15:00,1,False,15.740000000000009,0.05999999999994543
train,2013.10.16 13:00,-1,False,1.5699999999999363,12.3900000000001
train,2013.10.16 15:00,-1,False,2.5499999999999545,10.690000000000055
train,2013.10.17 12:00,1,False,16.29000000000019,1.5299999999999727
train,2013.10.17 15:00,1,False,8.779999999999973,0.9400000000000546
train,2013.10.18 12:00,-1,False,0.8299999999999272,5.220000000000027
train,2013.10.18 14:00,-1,False,3.4700000000000273,3.8999999999998636
train,2013.10.21 14:00,1,False,4.150000000000091,1.7300000000000182
train,2013.10.22 14:00,1,False,27.5,2.130000000000109
train,2013.10.23 12:00,1,False,4.190000000000055,2.5399999999999636
train,2013.10.23 15:00,-1,False,2.6100000000001273,4.899999999999864
train,2013.10.24 12:00,1,False,11.779999999999973,0.11000000000012733
train,2013.10.25 12:00,-1,False,2.4400000000000546,6.039999999999964
train,2013.10.25 15:00,1,False,5.8599999999999,1.6700000000000728
train,2013.10.29 13:00,1,False,9.660000000000082,0.8699999999998909
train,2013.10.29 14:00,1,False,5.849999999999909,1.3200000000001637
train,2013.10.31 14:00,-1,False,4.830000000000155,5.149999999999864
train,2013.11.14 14:00,1,False,14.539999999999964,0.5599999999999454
train,2013.11.15 14:00,1,False,5.769999999999982,1.0599999999999454
train,2013.11.21 14:00,-1,False,0.2999999999999545,11.170000000000073
train,2013.12.06 14:00,1,False,16.319999999999936,15.509999999999991
train,2013.12.13 13:00,1,False,6.710000000000036,1.4399999999998272
train,2013.12.18 13:00,1,False,2.75,1.5900000000001455
train,2013.12.19 14:00,-1,False,2.1399999999998727,12.340000000000146
train,2013.12.20 13:00,-1,False,3.759999999999991,4.25
train,2013.12.20 15:00,1,False,12.220000000000027,2.130000000000109
train,2013.12.26 13:00,1,False,10.519999999999982,0.40000000000009095
train,2013.12.26 14:00,1,False,10.899999999999864,0.020000000000209184
train,2013.12.27 13:00,1,False,7.910000000000082,0.8399999999999181
train,2013.12.27 14:00,1,False,7.779999999999973,0.9700000000000273
train,2014.01.03 13:00,1,False,3.9400000000000546,3.8599999999999
train,2014.03.21 14:00,-1,False,2.1499999999998636,4.2000000000000455
train,2014.11.12 14:00,1,False,6.880000000000109,0.14999999999986358
train,2014.11.13 13:00,1,False,4.680000000000064,1.4600000000000364
train,2014.11.18 13:00,-1,False,0.17000000000007276,9.399999999999864
train,2014.11.19 13:00,-1,False,0.6199999999998909,5.360000000000127
train,2014.11.19 15:00,-1,False,0.2699999999999818,23.339999999999918
train,2014.11.20 13:00,-1,False,1.4300000000000637,8.309999999999945
train,2014.11.21 12:00,1,False,13.480000000000018,1.2800000000002
train,2014.11.21 13:00,1,False,13.700000000000045,0.0
train,2014.11.25 14:00,-1,False,3.349999999999909,9.160000000000082
train,2014.11.26 14:00,1,False,2.8600000000001273,2.3999999999998636
train,2014.11.26 14:00,1,False,2.8600000000001273,2.3999999999998636
train,2014.11.27 14:00,-1,False,1.240000000000009,5.689999999999827
train,2014.11.28 14:00,-1,False,4.240000000000009,7.710000000000036
train,2014.12.02 14:00,1,False,9.1099999999999,0.2700000000002092
train,2014.12.03 15:00,1,False,11.789999999999964,1.2699999999999818
train,2014.12.04 13:00,1,False,10.950000000000045,0.8699999999998909
train,2014.12.04 14:00,1,False,8.75,1.8199999999999363
train,2014.12.10 13:00,1,False,7.7000000000000455,2.1800000000000637
train,2014.12.12 12:00,-1,False,1.0800000000001546,4.319999999999936
train,2014.12.12 15:00,-1,False,3.630000000000109,8.039999999999964
train,2014.12.18 13:00,-1,False,0.4299999999998363,5.6400000000001
train,2014.12.19 13:00,1,False,4.120000000000118,1.8299999999999272
train,2014.12.24 14:00,-1,False,1.1699999999998454,5.230000000000018
train,2014.12.26 14:00,-1,False,1.1099999999999,4.630000000000109
train,2015.01.14 13:00,1,False,16.210000000000036,1.1499999999998636
train,2015.01.14 14:00,1,False,12.349999999999909,0.9400000000000546
train,2015.01.15 14:00,1,False,9.210000000000036,4.879999999999882
train,2015.01.16 12:00,1,False,11.620000000000118,1.0899999999999181
train,2015.01.16 14:00,1,False,18.019999999999982,0.7599999999999909
train,2015.01.21 13:00,-1,False,7.329999999999927,8.13000000000011
train,2015.01.21 14:00,-1,False,4.329999999999927,16.25999999999999
train,2015.01.23 13:00,1,False,3.75,2.1099999999999
train,2015.01.27 13:00,1,False,10.819999999999936,1.1700000000000728
train,2015.01.27 13:00,1,False,10.819999999999936,1.1700000000000728
train,2015.01.28 13:00,-1,False,3.300000000000182,6.389999999999873
train,2015.01.29 14:00,1,False,5.960000000000036,5.689999999999827
train,2015.01.30 12:00,-1,False,1.4400000000000546,6.849999999999909
train,2015.01.30 14:00,1,False,10.38000000000011,5.039999999999964
train,2015.01.30 14:00,1,False,10.38000000000011,5.039999999999964
train,2015.02.04 13:00,1,False,3.839999999999918,1.490000000000009
train,2015.02.04 15:00,-1,False,5.569999999999936,7.400000000000091
train,2015.02.05 13:00,1,False,4.660000000000082,3.25
train,2015.02.05 14:00,-1,False,3.759999999999991,4.150000000000091
train,2015.02.11 14:00,-1,False,0.5699999999999363,15.279999999999973
train,2015.02.13 14:00,1,False,9.75,0.0
train,2016.02.11 14:00,1,False,13.519999999999982,5.319999999999936
train,2016.02.12 14:00,-1,False,4.119999999999891,5.670000000000073
train,2016.02.12 14:00,-1,False,4.119999999999891,5.670000000000073
train,2016.02.16 14:00,-1,False,2.3899999999998727,8.470000000000027
train,2016.02.17 12:00,1,False,7.169999999999845,1.2000000000000455
train,2016.02.18 12:00,1,False,5.179999999999836,2.0299999999999727
train,2016.02.18 14:00,1,False,10.0,0.5600000000001728
train,2016.02.19 13:00,-1,False,4.320000000000164,7.819999999999936
train,2016.02.19 15:00,-1,False,3.4300000000000637,5.730000000000018
train,2016.02.19 16:00,1,False,4.810000000000173,0.0
train,2016.02.22 14:00,1,False,7.980000000000018,0.599999999999909
train,2016.02.23 13:00,1,False,9.0300000000002,2.009999999999991
train,2016.02.24 13:00,1,False,13.069999999999936,4.309999999999945
train,2016.02.24 16:00,-1,False,4.190000000000055,12.700000000000045
train,2016.02.25 13:00,-1,False,6.220000000000027,7.029999999999973
train,2016.02.25 15:00,-1,False,7.740000000000009,8.460000000000036
train,2016.02.25 16:00,1,False,7.0499999999999545,0.9300000000000637
train,2016.02.26 12:00,-1,False,5.279999999999973,6.400000000000091
train,2016.02.26 15:00,-1,False,2.259999999999991,17.159999999999854
train,2016.03.01 14:00,-1,False,2.119999999999891,18.54000000000019
train,2016.03.02 14:00,1,False,10.789999999999964,3.5
train,2016.03.03 12:00,1,False,3.3999999999998636,2.480000000000018
train,2016.03.04 12:00,-1,False,0.599999999999909,23.0
train,2016.03.04 14:00,-1,False,14.069999999999936,15.210000000000036
train,2016.03.07 14:00,-1,False,1.5,6.730000000000018
train,2016.03.08 14:00,-1,False,0.9600000000000364,12.049999999999955
train,2016.03.09 13:00,-1,False,6.0,8.839999999999918
train,2016.03.09 14:00,-1,False,1.7200000000000273,13.11999999999989
train,2016.03.10 12:00,-1,False,10.410000000000082,10.879999999999882
train,2016.03.10 13:00,1,False,15.690000000000055,13.210000000000036
train,2016.03.10 14:00,1,False,29.440000000000055,2.6299999999998818
train,2016.03.11 13:00,1,False,5.180000000000064,2.0499999999999545
train,2016.03.16 13:00,-1,False,1.6399999999998727,5.819999999999936
train,2016.03.16 15:00,-1,False,2.0799999999999272,3.019999999999982
train,2016.03.17 13:00,-1,False,1.150000000000091,7.849999999999909
train,2016.03.17 15:00,-1,False,1.849999999999909,3.4500000000000455
train,2016.03.18 12:00,-1,False,0.7700000000002092,6.079999999999927
train,2016.03.18 15:00,-1,False,1.8299999999999272,2.0699999999999363
train,2016.03.22 14:00,-1,False,3.0299999999999727,4.149999999999864
train,2016.03.23 13:00,-1,False,0.4900000000000091,16.210000000000036
train,2016.03.24 13:00,1,False,4.579999999999927,1.0200000000002092
train,2016.03.24 15:00,1,False,4.819999999999936,0.0
train,2016.05.05 14:00,-1,False,4.479999999999791,7.180000000000064
train,2016.05.12 14:00,1,False,13.769999999999982,1.5399999999999636
train,2016.05.13 14:00,-1,False,0.0,12.519999999999982
train,2016.06.24 07:00,-1,False,0.09999999999990905,28.61999999999989
train,2016.06.24 13:00,1,False,11.970000000000027,7.320000000000164
train,2016.06.24 14:00,-1,False,7.350000000000136,15.420000000000073
train,2016.06.24 15:00,-1,False,1.6300000000001091,21.1400000000001
train,2016.06.27 15:00,-1,False,0.5900000000001455,11.799999999999955
train,2016.06.28 15:00,1,False,6.230000000000018,3.5799999999999272
train,2016.06.29 14:00,1,False,9.660000000000082,0.9399999999998272
train,2016.06.29 16:00,1,False,6.6099999999999,1.8800000000001091
train,2016.06.30 13:00,1,False,4.990000000000009,1.740000000000009
train,2016.06.30 14:00,1,False,4.570000000000164,2.189999999999827
train,2016.07.01 14:00,1,False,8.710000000000036,0.0
train,2016.07.04 14:00,1,False,2.5599999999999454,2.4200000000000728
train,2016.07.05 12:00,1,False,4.569999999999936,1.5
train,2016.07.05 14:00,-1,False,3.869999999999891,5.490000000000009
train,2016.07.05 15:00,-1,False,3.660000000000082,7.099999999999909
train,2016.07.05 16:00,-1,False,5.5499999999999545,8.329999999999927
train,2016.07.06 14:00,-1,False,1.5399999999999636,8.279999999999973
train,2016.07.07 12:00,-1,False,0.07000000000016371,6.0499999999999545
train,2016.07.07 15:00,-1,False,0.07999999999992724,11.339999999999918
train,2016.07.07 16:00,1,False,6.819999999999936,4.259999999999991
train,2016.07.08 14:00,-1,False,15.1400000000001,19.86999999999989
train,2016.07.08 16:00,1,False,4.2999999999999545,1.8199999999999363
train,2016.07.12 13:00,-1,False,0.040000000000190994,10.439999999999827
train,2016.07.13 14:00,1,False,4.5,4.060000000000173
train,2016.07.14 13:00,-1,False,0.9100000000000819,9.029999999999973
train,2016.07.14 14:00,1,False,5.180000000000064,4.650000000000091
train,2016.07.15 13:00,-1,False,1.7300000000000182,11.919999999999845
train,2016.07.15 14:00,-1,False,2.0399999999999636,11.6099999999999
train,2016.07.21 13:00,-1,False,2.9600000000000364,5.1099999999999
train,2016.07.22 13:00,-1,False,1.3500000000001364,5.720000000000027
train,2016.07.22 14:00,-1,False,1.8099999999999454,4.900000000000091
train,2016.11.10 14:00,-1,False,3.300000000000182,17.559999999999945
train,2016.11.11 13:00,-1,False,2.8200000000001637,23.1099999999999
train,2016.11.11 15:00,-1,False,0.8999999999998636,34.23000000000002
train,2016.11.14 13:00,-1,False,1.0599999999999454,12.480000000000018
train,2016.11.15 12:00,-1,False,2.5799999999999272,4.680000000000064
train,2016.11.15 13:00,-1,False,0.650000000000091,8.240000000000009
train,2016.11.16 12:00,-1,False,2.8099999999999454,4.639999999999873
train,2016.11.16 15:00,-1,False,2.490000000000009,3.8900000000001
train,2016.11.17 13:00,-1,False,0.2599999999999909,7.550000000000182
train,2016.11.17 13:00,-1,False,0.2599999999999909,7.550000000000182
train,2016.11.17 16:00,-1,False,3.869999999999891,7.170000000000073
train,2016.11.18 12:00,1,False,7.990000000000009,0.6900000000000546
train,2016.11.18 16:00,-1,False,1.1100000000001273,5.259999999999991
train,2016.11.21 12:00,-1,False,2.8599999999999,2.8700000000001182
train,2016.11.21 13:00,-1,False,1.5,4.230000000000018
train,2016.11.21 15:00,-1,False,1.6599999999998545,3.7899999999999636
train,2016.11.22 12:00,-1,False,1.2000000000000455,3.6900000000000546
train,2016.11.23 12:00,-1,False,0.6399999999998727,23.88000000000011
train,2016.11.23 13:00,-1,False,0.4900000000000091,23.22999999999979
train,2016.11.24 12:00,-1,False,1.8599999999999,3.050000000000182
train,2016.11.24 16:00,-1,False,0.32999999999992724,5.060000000000173
train,2016.11.25 14:00,1,False,3.5599999999999454,3.400000000000091
train,2016.11.25 15:00,-1,False,3.2999999999999545,8.559999999999945
train,2016.12.01 14:00,-1,False,4.089999999999918,7.009999999999991
train,2016.12.02 14:00,1,False,7.089999999999918,4.350000000000136
val_select,2021.01.04 14:00,1,False,12.410000000000082,2.6299999999998818
val_select,2021.01.06 13:00,-1,False,3.269999999999982,20.00999999999999
val_select,2021.01.07 13:00,-1,False,1.349999999999909,11.670000000000073
val_select,2021.01.07 14:00,-1,False,1.9800000000000182,11.039999999999964
val_select,2021.01.08 15:00,-1,False,1.9700000000000273,40.930000000000064
val_select,2021.01.11 14:00,-1,False,7.779999999999973,13.700000000000045
val_select,2021.01.12 13:00,-1,False,1.3999999999998636,23.440000000000055
val_select,2021.01.12 17:00,1,False,8.150000000000091,4.130000000000109
val_select,2021.01.13 12:00,1,False,4.8400000000001455,4.75
val_select,2021.01.13 16:00,-1,False,1.8799999999998818,5.630000000000109
val_select,2021.01.14 14:00,1,False,11.410000000000082,3.240000000000009
val_select,2021.01.14 15:00,1,False,8.370000000000118,2.480000000000018
val_select,2021.01.14 16:00,1,False,11.110000000000127,3.509999999999991
val_select,2021.01.15 12:00,-1,False,0.7599999999999909,17.410000000000082
val_select,2021.01.15 16:00,-1,False,2.1800000000000637,15.959999999999809
val_select,2021.01.15 16:00,-1,False,2.1800000000000637,15.959999999999809
val_select,2021.01.18 12:00,1,False,5.7000000000000455,3.0800000000001546
val_select,2021.01.18 14:00,-1,False,2.259999999999991,3.050000000000182
val_select,2021.01.18 15:00,1,False,4.039999999999964,2.6400000000001
val_select,2021.01.19 13:00,-1,False,0.4900000000000091,9.75
val_select,2021.01.19 13:00,-1,False,0.4900000000000091,9.75
val_select,2021.01.19 16:00,1,False,7.580000000000155,2.459999999999809
val_select,2021.01.20 12:00,-1,False,0.5699999999999363,21.230000000000018
val_select,2021.01.20 16:00,1,False,14.8599999999999,0.8299999999999272
val_select,2021.01.21 13:00,-1,False,1.240000000000009,12.850000000000136
val_select,2021.01.22 12:00,-1,False,0.5899999999999181,14.599999999999909
val_select,2021.01.22 16:00,1,False,7.959999999999809,0.0
val_select,2021.01.25 14:00,-1,False,4.769999999999982,13.3900000000001
val_select,2021.01.26 13:00,1,False,7.2999999999999545,2.8999999999998636
val_select,2021.01.28 14:00,1,False,23.660000000000082,2.689999999999827
val_select,2021.02.02 13:00,-1,False,5.170000000000073,12.690000000000055
val_select,2021.02.03 13:00,1,False,7.389999999999873,3.130000000000109
val_select,2021.02.04 12:00,1,False,7.730000000000018,5.379999999999882
val_select,2021.02.05 16:00,1,False,12.420000000000073,0.38999999999987267
val_select,2021.02.05 16:00,1,False,12.420000000000073,0.38999999999987267
val_select,2021.02.09 14:00,-1,False,4.819999999999936,10.549999999999955
val_select,2021.02.10 15:00,-1,False,2.6499999999998636,16.220000000000027
val_select,2021.02.11 14:00,-1,False,4.190000000000055,5.679999999999836
val_select,2021.02.12 13:00,-1,False,2.009999999999991,8.200000000000045
val_select,2021.02.12 13:00,-1,False,2.009999999999991,8.200000000000045
val_select,2021.02.18 13:00,-1,False,5.529999999999973,10.970000000000027
val_select,2021.02.19 14:00,1,False,17.74000000000001,4.470000000000027
val_select,2021.02.23 13:00,-1,False,3.6799999999998363,13.540000000000191
val_select,2021.02.25 14:00,-1,False,2.689999999999827,17.700000000000045
val_select,2021.02.25 14:00,-1,False,2.689999999999827,17.700000000000045
val_select,2021.02.26 12:00,-1,False,2.5699999999999363,6.920000000000073
val_select,2021.02.26 14:00,-1,False,8.399999999999864,34.100000000000136
val_select,2021.02.26 16:00,-1,False,0.9500000000000455,27.86999999999989
val_select,2021.02.26 19:00,1,False,6.079999999999927,0.5900000000001455
val_select,2021.03.01 15:00,1,False,7.039999999999964,4.920000000000073
val_select,2021.03.01 16:00,-1,False,7.849999999999909,8.420000000000073
val_select,2021.03.01 17:00,-1,False,3.730000000000018,18.169999999999845
val_select,2021.03.02 01:00,-1,False,3.5299999999999727,14.5
val_select,2021.03.02 06:00,1,False,10.8599999999999,2.7200000000000273
val_select,2021.03.02 08:00,-1,False,3.3299999999999272,6.460000000000036
val_select,2021.03.02 11:00,1,False,11.389999999999873,0.08999999999991815
val_select,2021.03.02 16:00,1,False,12.610000000000127,5.480000000000018
val_select,2021.03.02 18:00,1,False,6.9500000000000455,0.33999999999991815
val_select,2021.03.03 14:00,-1,False,0.0,24.210000000000036
val_select,2021.03.03 15:00,1,False,12.679999999999836,10.550000000000182
val_select,2021.03.03 16:00,1,False,13.669999999999845,9.560000000000173
val_select,2021.03.03 18:00,-1,False,1.6399999999998727,6.630000000000109
val_select,2021.03.04 12:00,1,False,7.830000000000155,2.2899999999999636
val_select,2021.03.04 16:00,-1,False,7.639999999999873,16.25
val_select,2021.03.04 18:00,-1,False,3.2999999999999545,24.15000000000009
val_select,2021.03.05 11:00,1,False,4.4500000000000455,1.1099999999999
val_select,2021.03.05 16:00,1,False,9.370000000000118,0.18000000000006366
val_select,2021.03.05 17:00,1,False,8.150000000000091,2.6599999999998545
val_select,2021.03.08 12:00,-1,False,3.3299999999999272,7.8900000000001
val_select,2021.03.08 15:00,-1,False,2.7000000000000455,15.6099999999999
val_select,2021.03.09 13:00,1,False,11.549999999999955,6.389999999999873
val_select,2021.03.09 14:00,1,False,17.74000000000001,0.0
val_select,2021.03.10 13:00,1,False,11.860000000000127,1.240000000000009
val_select,2021.03.10 14:00,1,False,10.88000000000011,1.3699999999998909
val_select,2021.03.10 16:00,-1,False,2.0499999999999545,4.089999999999918
val_select,2021.03.11 12:00,-1,False,1.240000000000009,8.680000000000064
val_select,2021.03.11 16:00,1,False,4.630000000000109,3.0599999999999454
val_select,2021.03.12 12:00,1,False,4.0,3.900000000000091
val_select,2021.03.12 14:00,-1,False,2.0799999999999272,7.190000000000055
val_select,2021.03.12 16:00,1,False,16.430000000000064,4.210000000000036
val_select,2021.03.15 13:00,-1,False,4.649999999999864,6.470000000000027
val_select,2021.03.17 13:00,-1,False,5.179999999999836,5.259999999999991
val_select,2021.03.17 14:00,1,False,5.369999999999891,5.069999999999936
val_select,2021.03.19 14:00,-1,False,1.8199999999999363,5.900000000000091
val_select,2021.06.25 13:00,1,False,7.179999999999836,0.9100000000000819
val_select,2021.06.25 14:00,1,False,5.279999999999973,3.6799999999998363
val_select,2022.02.24 13:00,-1,False,5.519999999999982,31.00999999999999
val_select,2022.02.24 15:00,-1,False,3.7000000000000455,46.0
val_select,2022.02.24 16:00,-1,False,6.259999999999991,21.12000000000012
val_select,2022.02.25 14:00,-1,False,2.0900000000001455,12.970000000000027
val_select,2022.02.25 14:00,-1,False,2.0900000000001455,12.970000000000027
val_select,2022.02.28 16:00,-1,False,6.360000000000127,19.660000000000082
val_select,2022.03.01 14:00,1,False,13.5,4.0
val_select,2022.03.01 15:00,1,False,18.070000000000164,0.6899999999998272
val_select,2022.03.02 13:00,-1,False,5.6099999999999,7.079999999999927
val_select,2022.03.02 17:00,-1,False,1.0499999999999545,12.029999999999973
val_select,2022.03.02 18:00,1,False,9.759999999999991,3.939999999999827
val_select,2022.03.03 11:00,1,False,9.61999999999989,0.010000000000218279
val_select,2022.03.03 12:00,-1,False,4.8900000000001,9.61999999999989
val_select,2022.03.03 14:00,1,False,6.6400000000001,6.3599999999999
val_select,2022.03.03 16:00,1,False,5.8599999999999,3.4300000000000637
val_select,2022.03.03 16:00,1,False,5.8599999999999,3.4300000000000637
val_select,2022.03.04 15:00,1,False,18.75,4.350000000000136
val_select,2022.03.04 16:00,1,False,13.6400000000001,9.460000000000036
val_select,2022.03.04 17:00,1,False,8.559999999999945,1.290000000000191
val_select,2022.03.07 02:00,1,False,12.690000000000055,3.349999999999909
val_select,2022.03.07 04:00,1,False,4.350000000000136,3.949999999999818
val_select,2022.03.07 06:00,-1,False,3.660000000000082,13.549999999999955
val_select,2022.03.07 07:00,1,False,14.960000000000036,7.519999999999982
val_select,2022.03.07 09:00,1,False,9.629999999999882,3.740000000000009
val_select,2022.03.07 13:00,-1,False,0.01999999999998181,29.210000000000036
val_select,2022.03.07 16:00,-1,False,6.990000000000009,9.639999999999873
val_select,2022.03.07 18:00,1,False,17.699999999999818,1.0600000000001728
val_select,2022.03.08 01:00,-1,False,1.3299999999999272,17.6400000000001
val_select,2022.03.08 10:00,-1,False,2.9200000000000728,5.9500000000000455
val_select,2022.03.08 11:00,1,False,9.25,3.599999999999909
val_select,2022.03.08 13:00,1,False,32.200000000000045,5.419999999999845
val_select,2022.03.08 16:00,1,False,30.65000000000009,18.580000000000155
val_select,2022.03.08 19:00,1,False,23.350000000000136,7.559999999999945
val_select,2022.03.08 20:00,-1,False,9.779999999999973,15.629999999999882
val_select,2022.03.09 01:00,1,False,11.580000000000155,8.759999999999991
val_select,2022.03.09 03:00,1,False,17.309999999999718,1.4800000000000182
val_select,2022.03.09 07:00,-1,False,4.439999999999827,9.690000000000055
val_select,2022.03.09 08:00,-1,False,1.0199999999999818,34.33999999999992
val_select,2022.03.09 10:00,-1,False,0.20000000000004547,38.00999999999999
val_select,2022.03.09 13:00,-1,False,10.240000000000009,35.350000000000136
val_select,2022.03.09 15:00,1,False,15.779999999999973,13.670000000000073
val_select,2022.03.09 17:00,-1,False,9.370000000000118,15.4699999999998
val_select,2022.03.09 19:00,1,False,10.200000000000045,5.8400000000001455
val_select,2022.03.09 22:00,-1,False,7.870000000000118,9.240000000000009
val_select,2022.03.10 01:00,-1,False,0.22000000000002728,19.569999999999936
val_select,2022.03.10 04:00,1,False,9.3900000000001,1.8399999999999181
val_select,2022.03.10 09:00,1,False,24.850000000000136,0.4399999999998272
val_select,2022.03.10 10:00,1,False,24.0,7.1400000000001
val_select,2022.03.10 11:00,1,False,23.409999999999854,2.0800000000001546
val_select,2022.03.10 15:00,-1,False,10.480000000000018,14.700000000000045
val_select,2022.03.10 16:00,-1,False,8.639999999999873,15.430000000000064
val_select,2022.03.10 18:00,1,False,11.0,1.5900000000001455
val_select,2022.03.11 08:00,1,False,8.980000000000018,4.620000000000118
val_select,2022.03.11 10:00,-1,False,1.5799999999999272,23.320000000000164
val_select,2022.03.11 11:00,-1,False,4.230000000000018,27.84999999999991
val_select,2022.03.11 16:00,1,False,14.940000000000055,4.849999999999909
val_select,2022.03.14 08:00,-1,False,0.9699999999997999,17.0300000000002
val_select,2022.03.14 09:00,-1,False,0.7200000000000273,13.170000000000073
val_select,2022.03.14 12:00,-1,False,6.320000000000164,11.909999999999854
val_select,2022.03.14 14:00,-1,False,0.9300000000000637,14.61999999999989
val_select,2022.03.14 15:00,-1,False,2.5,6.460000000000036
val_select,2022.03.14 16:00,1,False,5.9500000000000455,3.589999999999918
val_select,2022.03.14 18:00,-1,False,0.8199999999999363,10.519999999999982
val_select,2022.03.15 09:00,-1,False,6.0,7.420000000000073
val_select,2022.03.15 10:00,-1,False,0.01999999999998181,14.610000000000127
val_select,2022.03.15 11:00,-1,False,1.75,12.330000000000155
val_select,2022.03.15 15:00,-1,False,8.069999999999936,15.830000000000155
val_select,2022.03.15 17:00,1,False,5.779999999999973,5.550000000000182
val_select,2022.03.15 19:00,-1,False,3.369999999999891,10.589999999999918
val_select,2022.03.16 07:00,-1,False,1.3400000000001455,7.889999999999873
val_select,2022.03.16 08:00,1,False,8.440000000000055,3.3899999999998727
val_select,2022.03.16 09:00,1,False,7.730000000000018,4.5
val_select,2022.03.16 11:00,-1,False,5.230000000000018,6.389999999999873
val_select,2022.03.16 13:00,-1,False,1.0900000000001455,20.699999999999818
val_select,2022.03.16 14:00,-1,False,2.0,16.169999999999845
val_select,2022.03.16 17:00,-1,False,6.619999999999891,16.700000000000045
val_select,2022.03.16 19:00,1,False,21.930000000000064,12.549999999999955
val_select,2022.03.17 06:00,-1,False,0.05999999999994543,5.830000000000155
val_select,2022.03.17 10:00,1,False,9.320000000000164,2.8299999999999272
val_select,2022.03.17 12:00,-1,False,3.6900000000000546,7.680000000000064
val_select,2022.03.17 14:00,1,False,10.730000000000018,2.230000000000018
val_select,2022.03.17 15:00,1,False,4.769999999999982,4.220000000000027
val_select,2022.03.17 18:00,-1,False,1.6000000000001364,8.899999999999864
val_select,2022.03.17 19:00,-1,False,0.4199999999998454,7.0
val_select,2022.03.18 08:00,1,False,4.3400000000001455,2.8899999999998727
val_select,2022.03.18 09:00,-1,False,3.060000000000173,5.309999999999945
val_select,2022.03.18 11:00,1,False,7.529999999999973,4.580000000000155
val_select,2022.03.18 13:00,-1,False,0.900000000000091,18.210000000000036
val_select,2022.03.18 15:00,-1,False,4.8599999999999,7.120000000000118
val_select,2022.03.18 16:00,-1,False,0.5499999999999545,9.900000000000091
val_select,2022.03.18 17:00,-1,False,0.5499999999999545,9.400000000000091
val_select,2022.03.18 19:00,-1,False,0.6699999999998454,11.470000000000027
val_select,2022.03.21 10:00,-1,False,2.769999999999982,3.519999999999982
val_select,2022.03.21 12:00,-1,False,4.910000000000082,7.899999999999864
val_select,2022.03.21 13:00,1,False,12.179999999999836,7.690000000000055
val_select,2022.03.21 16:00,-1,False,4.25,6.339999999999918
val_select,2022.03.21 17:00,-1,False,5.910000000000082,8.089999999999918
val_select,2022.03.22 09:00,-1,False,0.049999999999954525,10.460000000000036
val_select,2022.03.22 12:00,-1,False,3.490000000000009,7.720000000000027
val_select,2022.03.22 13:00,-1,False,3.1900000000000546,17.069999999999936
val_select,2022.03.22 15:00,-1,False,0.41000000000008185,12.909999999999854
val_select,2022.03.22 17:00,1,False,6.899999999999864,0.2699999999999818
val_select,2022.03.23 14:00,1,False,7.819999999999936,3.0699999999999363
val_select,2022.03.23 15:00,-1,False,1.5299999999999727,9.3599999999999
val_select,2022.03.23 17:00,1,False,10.509999999999991,1.75
val_select,2022.03.24 12:00,1,False,14.0300000000002,1.3199999999999363
val_select,2022.03.24 15:00,1,False,12.769999999999982,2.5499999999999545
val_select,2022.03.24 15:00,1,False,12.769999999999982,2.5499999999999545
val_select,2022.03.25 14:00,-1,False,5.529999999999973,13.190000000000055
val_select,2022.03.25 15:00,1,False,13.110000000000127,0.5
val_select,2022.03.25 16:00,1,False,9.0,1.2000000000000455
val_select,2022.03.28 13:00,1,False,17.679999999999836,0.7800000000002001
val_select,2022.03.28 14:00,1,False,15.589999999999918,0.42000000000007276
val_select,2022.03.29 13:00,-1,False,2.7799999999999727,22.220000000000027
val_select,2022.03.29 14:00,-1,False,6.660000000000082,18.00999999999999
val_select,2022.03.29 16:00,1,False,10.649999999999864,1.7200000000000273
val_select,2022.03.30 13:00,1,False,14.600000000000136,0.14999999999986358
val_select,2022.03.31 13:00,1,False,12.169999999999845,2.150000000000091
val_select,2022.04.01 13:00,1,False,6.2999999999999545,5.110000000000127
val_select,2022.04.05 13:00,1,False,14.740000000000009,4.5
val_select,2022.04.05 14:00,1,False,16.699999999999818,3.6800000000000637
val_select,2022.04.06 13:00,1,False,9.5300000000002,4.089999999999918
val_select,2022.04.07 13:00,1,False,7.389999999999873,3.0300000000002
val_select,2022.04.08 14:00,1,False,14.340000000000146,4.579999999999927
val_select,2022.04.12 13:00,1,False,17.75999999999999,2.7999999999999545
val_select,2022.04.12 14:00,1,False,22.110000000000127,1.3099999999999454
val_select,2022.04.13 14:00,-1,False,2.6900000000000546,6.210000000000036
val_select,2022.04.14 14:00,-1,False,2.6000000000001364,16.899999999999864
val_select,2022.04.19 14:00,-1,False,1.9100000000000819,28.74000000000001
val_select,2022.04.22 14:00,1,False,11.049999999999955,5.810000000000173
val_select,2022.04.22 14:00,1,False,11.049999999999955,5.810000000000173
val_select,2022.04.26 14:00,1,False,7.710000000000036,3.1099999999999
val_select,2022.04.27 13:00,-1,False,9.289999999999964,16.0
val_select,2022.04.28 12:00,-1,False,5.690000000000055,7.670000000000073
val_select,2022.04.28 13:00,-1,False,6.5900000000001455,6.769999999999982
val_select,2022.04.28 14:00,1,False,9.120000000000118,4.240000000000009
val_select,2022.05.04 14:00,-1,False,1.9600000000000364,7.220000000000027
val_select,2022.05.05 12:00,1,False,12.319999999999936,2.3300000000001546
val_select,2022.05.06 13:00,-1,False,5.269999999999982,10.269999999999982
val_select,2022.05.09 14:00,1,False,10.8900000000001,2.589999999999918
val_select,2022.05.10 14:00,-1,False,4.079999999999927,15.080000000000155
val_select,2022.05.11 13:00,-1,False,5.560000000000173,17.480000000000018
val_select,2022.05.11 16:00,-1,False,1.4400000000000546,6.9099999999998545
val_select,2022.05.12 14:00,-1,False,6.670000000000073,6.710000000000036
val_select,2022.05.12 15:00,-1,False,4.0,11.63000000000011
val_select,2022.05.13 12:00,-1,False,0.01999999999998181,14.560000000000173
val_select,2022.05.13 17:00,-1,False,1.8699999999998909,7.589999999999918
val_select,2022.05.16 13:00,-1,False,4.3599999999999,8.320000000000164
val_select,2022.05.16 16:00,1,False,8.670000000000073,0.30999999999994543
val_select,2022.05.17 15:00,-1,False,0.5199999999999818,14.370000000000118
val_select,2022.05.17 15:00,-1,False,0.5199999999999818,14.370000000000118
val_select,2022.05.18 14:00,1,False,6.889999999999873,1.6000000000001364
val_select,2022.05.18 16:00,1,False,14.240000000000009,0.2599999999999909
val_select,2022.05.19 16:00,1,False,9.600000000000136,0.05999999999994543
val_select,2022.05.19 16:00,1,False,9.600000000000136,0.05999999999994543
val_select,2022.05.20 14:00,-1,False,4.1400000000001,10.199999999999818
val_select,2022.05.24 14:00,1,False,10.86999999999989,3.9600000000000364
val_select,2022.05.26 14:00,1,False,6.970000000000027,4.990000000000009
val_select,2022.06.24 14:00,-1,False,4.029999999999973,8.019999999999982
val_select,2022.07.15 14:00,1,False,9.589999999999918,5.430000000000064
val_select,2022.09.23 14:00,1,False,10.170000000000073,6.110000000000127
val_select,2022.09.28 14:00,1,False,29.6099999999999,0.2400000000000091
val_select,2022.09.28 14:00,1,False,29.6099999999999,0.2400000000000091
val_select,2022.09.29 13:00,1,False,8.120000000000118,2.2200000000000273
val_select,2022.10.04 13:00,1,False,7.970000000000027,5.509999999999991
val_select,2022.10.04 14:00,1,False,16.74000000000001,1.7699999999999818
val_select,2022.10.05 14:00,1,False,8.069999999999936,5.600000000000136
val_select,2022.10.05 16:00,-1,False,2.8900000000001,7.990000000000009
val_select,2022.10.05 16:00,-1,False,2.8900000000001,7.990000000000009
val_select,2022.10.06 15:00,-1,False,1.6200000000001182,7.289999999999964
val_select,2022.10.07 13:00,-1,False,4.369999999999891,18.299999999999955
val_select,2022.10.07 14:00,-1,False,4.139999999999873,18.529999999999973
val_select,2022.10.11 14:00,-1,False,2.730000000000018,6.670000000000073
val_select,2022.10.13 14:00,-1,False,1.6700000000000728,36.32999999999993
val_select,2022.10.14 13:00,1,False,8.019999999999982,6.5
val_select,2022.10.26 14:00,-1,False,2.3600000000001273,7.9099999999998545
val_select,2022.10.27 14:00,-1,False,3.740000000000009,7.169999999999845
val_select,2022.11.18 14:00,-1,False,4.130000000000109,10.1099999999999
val_select,2023.01.13 14:00,1,False,19.8599999999999,2.9300000000000637
val_select,2023.01.20 14:00,-1,False,2.259999999999991,8.009999999999991
val_select,2023.01.26 14:00,-1,False,5.580000000000155,13.649999999999864
val_select,2023.02.03 14:00,-1,False,1.3900000000001,46.169999999999845
val_select,2023.02.07 14:00,1,False,9.370000000000118,4.849999999999909
val_select,2023.02.08 13:00,-1,False,3.4200000000000728,11.220000000000027
val_select,2023.02.08 13:00,-1,False,3.4200000000000728,11.220000000000027
val_select,2023.02.09 13:00,1,False,8.1099999999999,3.2799999999999727
val_select,2023.02.09 14:00,-1,False,8.159999999999854,9.580000000000155
val_select,2023.02.10 13:00,-1,False,3.8600000000001273,4.599999999999909
val_select,2023.02.14 14:00,-1,False,10.550000000000182,16.819999999999936
val_select,2023.02.15 14:00,-1,False,3.1200000000001182,5.369999999999891
val_select,2023.02.15 16:00,1,False,4.5499999999999545,3.0599999999999454
val_select,2023.02.15 16:00,1,False,4.5499999999999545,3.0599999999999454
val_select,2023.02.16 14:00,-1,False,0.5199999999999818,12.240000000000009
val_select,2023.02.17 14:00,1,False,14.190000000000055,4.059999999999945
val_select,2023.03.17 14:00,1,False,20.019999999999982,0.6800000000000637
val_select,2023.03.17 21:00,1,False,11.850000000000136,1.3699999999998909
val_select,2023.03.20 00:00,-1,False,2.1900000000000546,9.230000000000018
val_select,2023.03.20 01:00,-1,False,1.5599999999999454,8.790000000000191
val_select,2023.03.20 10:00,-1,False,3.0699999999999363,22.460000000000036
val_select,2023.03.20 13:00,-1,False,2.769999999999982,18.0
val_select,2023.03.20 15:00,-1,False,3.0699999999999363,12.100000000000136
val_select,2023.03.20 15:00,-1,False,3.0699999999999363,12.100000000000136
val_select,2023.03.21 13:00,-1,False,0.8199999999999363,20.950000000000045
val_select,2023.03.22 12:00,-1,False,1.8300000000001546,5.480000000000018
val_select,2023.03.22 15:00,1,False,9.049999999999955,0.36000000000012733
val_select,2023.03.23 11:00,-1,False,2.6200000000001182,11.549999999999955
val_select,2023.03.23 13:00,-1,False,6.689999999999827,11.830000000000155
val_select,2023.03.23 15:00,1,False,11.090000000000146,6.419999999999845
val_select,2023.03.23 16:00,1,False,20.720000000000027,1.3699999999998909
val_select,2023.03.24 13:00,-1,False,7.130000000000109,9.939999999999827
val_select,2023.03.24 14:00,-1,False,2.9199999999998454,13.059999999999945
val_select,2023.03.24 15:00,1,False,8.809999999999945,5.669999999999845
val_select,2023.03.24 17:00,-1,False,3.410000000000082,11.980000000000018
val_select,2023.03.27 14:00,-1,False,4.059999999999945,10.150000000000091
val_select,2023.03.27 16:00,1,False,9.720000000000027,3.880000000000109
val_select,2023.03.28 13:00,1,False,10.63000000000011,0.9900000000000091
val_select,2023.03.28 16:00,1,False,6.730000000000018,4.3599999999999
val_select,2023.03.29 14:00,-1,False,5.029999999999973,5.660000000000082
val_select,2023.03.29 16:00,1,False,6.089999999999918,5.070000000000164
val_select,2023.03.30 12:00,1,False,7.930000000000064,0.4399999999998272
val_select,2023.03.30 14:00,1,False,6.690000000000055,4.639999999999873
val_select,2023.03.30 16:00,1,False,17.699999999999818,2.7200000000000273
val_select,2023.03.31 12:00,1,False,9.230000000000018,2.230000000000018
val_select,2023.03.31 16:00,-1,False,1.5299999999999727,4.7000000000000455
val_select,2023.04.04 13:00,1,False,11.069999999999936,3.7000000000000455
val_select,2023.04.04 14:00,1,False,43.039999999999964,0.5399999999999636
val_select,2023.04.05 13:00,1,False,9.940000000000055,1.2999999999999545
val_select,2023.04.05 14:00,-1,False,9.36999999999989,12.990000000000009
val_select,2023.04.05 15:00,-1,False,0.4800000000000182,21.699999999999818
val_select,2023.04.05 16:00,-1,False,9.009999999999991,12.730000000000018
val_select,2023.04.06 15:00,-1,False,1.3199999999999363,12.100000000000136
val_select,2023.04.12 14:00,1,False,20.579999999999927,6.379999999999882
val_select,2023.04.13 14:00,1,False,20.110000000000127,2.0699999999999363
val_select,2023.04.14 14:00,-1,False,7.0,35.34999999999991
val_select,2023.04.18 13:00,-1,False,2.3700000000001182,12.3599999999999
val_select,2023.04.20 13:00,1,False,7.7999999999999545,6.150000000000091
val_select,2023.04.20 14:00,1,False,11.27000000000021,3.6299999999998818
val_select,2023.04.21 14:00,-1,False,10.009999999999991,16.420000000000073
val_select,2023.04.27 14:00,-1,False,6.399999999999864,22.720000000000027
val_select,2023.05.03 13:00,-1,False,3.5800000000001546,8.789999999999964
val_select,2023.05.04 15:00,1,False,22.63000000000011,4.910000000000082
val_select,2023.05.10 14:00,1,False,18.829999999999927,4.419999999999845
val_select,2023.05.11 13:00,-1,False,12.240000000000009,18.00999999999999
val_select,2023.05.12 13:00,1,False,16.470000000000027,3.4899999999997817
val_select,2023.05.12 14:00,1,False,17.789999999999964,1.2799999999999727
val_select,2023.05.17 14:00,-1,False,0.5499999999999545,12.529999999999973
val_select,2023.05.17 14:00,-1,False,0.5499999999999545,12.529999999999973
val_eval,2025.04.04 14:00,-1,False,16.329999999999927,54.08999999999969
val_eval,2025.04.07 14:00,-1,False,7.149999999999636,51.01000000000022
val_eval,2025.04.08 12:00,1,False,12.990000000000236,7.299999999999727
val_eval,2025.04.08 14:00,1,False,20.179999999999836,1.2699999999999818
val_eval,2025.04.08 15:00,-1,False,7.6599999999998545,25.970000000000255
val_eval,2025.04.08 16:00,-1,False,6.150000000000091,31.440000000000055
val_eval,2025.04.09 14:00,1,False,38.43000000000029,2.5799999999999272
val_eval,2025.04.10 12:00,1,False,16.409999999999854,7.0
val_eval,2025.04.10 14:00,1,False,51.6899999999996,7.120000000000346
val_eval,2025.04.10 16:00,1,False,19.019999999999982,4.349999999999909
val_eval,2025.04.11 13:00,1,False,30.110000000000127,2.7800000000002
val_eval,2025.04.11 13:00,1,False,30.110000000000127,2.7800000000002
val_eval,2025.04.11 15:00,1,False,21.240000000000236,4.670000000000073
val_eval,2025.04.11 16:00,1,False,15.2800000000002,10.63000000000011
val_eval,2025.04.14 12:00,-1,False,12.420000000000073,21.679999999999836
val_eval,2025.04.14 13:00,-1,False,4.139999999999873,29.960000000000036
val_eval,2025.04.14 15:00,1,False,11.259999999999764,9.200000000000273
val_eval,2025.04.15 16:00,1,False,8.070000000000164,5.730000000000018
val_eval,2025.04.16 14:00,1,False,20.570000000000164,10.61999999999989
val_eval,2025.04.16 14:00,1,False,20.570000000000164,10.61999999999989
val_eval,2025.04.16 16:00,1,False,24.590000000000146,3.1900000000000546
val_eval,2025.04.16 18:00,1,False,16.25,1.7399999999997817
val_eval,2025.04.17 13:00,-1,False,14.75,43.57999999999993
val_eval,2025.04.17 15:00,-1,False,3.7600000000002183,31.049999999999727
val_eval,2025.04.17 17:00,1,False,25.549999999999727,1.8400000000001455
val_eval,2025.04.21 10:00,1,False,13.099999999999909,6.139999999999873
val_eval,2025.04.21 14:00,1,False,15.289999999999964,9.38000000000011
val_eval,2025.04.21 17:00,-1,False,3.819999999999709,16.829999999999927
val_eval,2025.04.22 06:00,-1,False,15.610000000000127,23.449999999999818
val_eval,2025.04.22 08:00,-1,False,0.8200000000001637,36.54999999999973
val_eval,2025.04.22 09:00,-1,False,4.129999999999654,25.360000000000127
val_eval,2025.04.22 11:00,-1,False,13.5300000000002,30.36999999999989
val_eval,2025.04.22 13:00,-1,False,8.079999999999927,48.039999999999964
val_eval,2025.04.22 15:00,-1,False,20.019999999999982,46.82999999999993
val_eval,2025.04.22 16:00,-1,False,3.199999999999818,57.909999999999854
val_eval,2025.04.23 12:00,-1,False,9.020000000000437,58.82999999999993
val_eval,2025.04.23 13:00,-1,False,8.600000000000364,64.75999999999976
val_eval,2025.04.23 14:00,-1,False,1.699999999999818,51.940000000000055
val_eval,2025.04.23 17:00,1,False,24.550000000000182,3.199999999999818
val_eval,2025.04.24 12:00,-1,False,14.840000000000146,16.920000000000073
val_eval,2025.04.24 12:00,-1,False,14.840000000000146,16.920000000000073
val_eval,2025.04.24 15:00,1,False,20.26000000000022,8.170000000000073
val_eval,2025.04.24 17:00,1,False,10.759999999999764,6.920000000000073
val_eval,2025.04.25 12:00,-1,False,5.050000000000182,32.789999999999964
val_eval,2025.04.25 14:00,-1,False,0.2199999999997999,27.480000000000018
val_eval,2025.04.25 15:00,-1,False,6.389999999999873,10.940000000000055
val_eval,2025.04.25 16:00,1,False,17.110000000000127,7.869999999999891
val_eval,2025.04.29 13:00,1,False,11.83999999999969,9.670000000000073
val_eval,2025.04.29 14:00,-1,False,8.710000000000036,12.799999999999727
val_eval,2025.04.29 16:00,1,False,15.449999999999818,9.230000000000018
val_eval,2025.04.30 15:00,-1,False,5.960000000000036,15.75
val_eval,2025.04.30 16:00,-1,False,4.549999999999727,11.039999999999964
val_eval,2025.05.01 15:00,-1,False,6.650000000000091,19.769999999999982
val_eval,2025.05.01 16:00,-1,False,2.6599999999998545,14.050000000000182
val_eval,2025.05.02 12:00,-1,False,9.850000000000364,19.83999999999969
val_eval,2025.05.02 12:00,-1,False,9.850000000000364,19.83999999999969
val_eval,2025.05.02 14:00,-1,False,14.260000000000218,20.09999999999991
val_eval,2025.05.02 16:00,-1,False,1.3299999999999272,40.00999999999976
val_eval,2025.05.06 15:00,1,False,19.670000000000073,13.789999999999964
val_eval,2025.05.06 17:00,1,False,22.670000000000073,0.3799999999996544
val_eval,2025.05.07 13:00,1,False,11.2800000000002,11.099999999999909
val_eval,2025.05.07 13:00,1,False,11.2800000000002,11.099999999999909
val_eval,2025.05.07 16:00,-1,False,3.7599999999997635,7.220000000000255
val_eval,2025.05.08 13:00,1,False,24.710000000000036,1.3200000000001637
val_eval,2025.05.08 13:00,1,False,24.710000000000036,1.3200000000001637
val_eval,2025.05.08 16:00,-1,False,2.980000000000018,59.25
val_eval,2025.05.09 13:00,-1,False,8.150000000000091,12.609999999999673
val_eval,2025.05.09 14:00,-1,False,12.5600000000004,13.069999999999709
val_eval,2025.05.12 13:00,1,False,24.15000000000009,4.039999999999964
val_eval,2025.05.13 14:00,-1,False,13.760000000000218,16.529999999999745
val_eval,2025.05.14 12:00,-1,False,3.4299999999998363,60.73999999999978
val_eval,2025.05.14 14:00,1,False,13.929999999999836,9.329999999999927
val_eval,2025.05.14 16:00,1,False,9.110000000000127,7.989999999999782
val_eval,2025.05.16 12:00,-1,False,10.710000000000036,21.61999999999989
val_eval,2025.05.16 14:00,-1,False,11.019999999999982,11.239999999999782
val_eval,2025.05.16 17:00,1,False,8.75,2.949999999999818
val_eval,2025.05.16 17:00,1,False,8.75,2.949999999999818
val_eval,2025.05.19 14:00,1,False,12.349999999999909,11.940000000000055
val_eval,2025.05.20 12:00,1,False,26.230000000000018,2.4200000000000728
val_eval,2025.05.20 16:00,-1,False,5.320000000000164,9.079999999999927
val_eval,2025.05.21 13:00,-1,False,1.4400000000000546,20.26000000000022
val_eval,2025.05.21 15:00,1,False,11.550000000000182,8.190000000000055
val_eval,2025.05.22 14:00,-1,False,11.559999999999945,24.789999999999964
val_eval,2025.05.22 14:00,-1,False,11.559999999999945,24.789999999999964
val_eval,2025.05.22 16:00,-1,False,7.650000000000091,15.66000000000031
val_eval,2025.05.23 12:00,1,False,35.95000000000027,4.019999999999982
val_eval,2025.05.23 13:00,1,False,17.100000000000364,10.86999999999989
val_eval,2025.05.23 16:00,-1,False,6.6599999999998545,7.110000000000127
val_eval,2025.05.27 14:00,1,False,10.849999999999909,8.909999999999854
val_eval,2025.05.27 16:00,-1,False,4.480000000000018,10.139999999999873
val_eval,2025.05.28 12:00,-1,False,2.7800000000002,15.800000000000182
val_eval,2025.05.28 16:00,-1,False,0.10999999999967258,13.990000000000236
val_eval,2025.05.28 16:00,-1,False,0.10999999999967258,13.990000000000236
val_eval,2025.05.29 12:00,1,False,25.340000000000146,1.2599999999997635
val_eval,2025.05.30 13:00,-1,False,14.159999999999854,22.259999999999764
val_eval,2025.05.30 16:00,1,False,12.980000000000018,6.619999999999891
val_eval,2025.06.02 12:00,1,False,26.699999999999818,3.380000000000109
val_eval,2025.06.04 14:00,1,False,25.730000000000018,8.070000000000164
val_eval,2025.06.04 17:00,1,False,10.420000000000073,0.9099999999998545
val_eval,2025.06.05 14:00,-1,False,4.690000000000055,43.9699999999998
val_eval,2025.06.06 14:00,-1,False,7.539999999999964,36.59999999999991
val_eval,2025.06.10 14:00,-1,False,12.039999999999964,13.730000000000018
val_eval,2025.06.11 14:00,-1,False,7.510000000000218,9.179999999999836
val_eval,2025.06.12 16:00,1,False,7.449999999999818,5.970000000000255
val_eval,2025.06.13 13:00,1,False,24.5600000000004,0.4499999999998181
val_eval,2025.06.13 13:00,1,False,24.5600000000004,0.4499999999998181
val_eval,2025.06.13 16:00,-1,False,5.6599999999998545,8.509999999999764
val_eval,2025.06.16 14:00,-1,False,2.319999999999709,32.909999999999854
val_eval,2025.06.17 14:00,-1,False,10.6899999999996,20.610000000000127
val_eval,2025.06.19 13:00,-1,False,0.8400000000001455,10.429999999999836
val_eval,2025.06.20 12:00,1,False,18.390000000000327,13.440000000000055
val_eval,2025.06.20 15:00,-1,False,4.180000000000291,5.069999999999709
val_eval,2025.06.24 12:00,-1,False,3.3599999999996726,30.01000000000022
val_eval,2025.06.24 14:00,-1,False,3.2100000000000364,19.170000000000073
val_eval,2025.06.24 16:00,1,False,16.61999999999989,4.829999999999927
val_eval,2025.06.25 14:00,-1,False,6.429999999999836,8.690000000000055
val_eval,2025.06.25 16:00,1,False,11.86999999999989,1.7899999999999636
val_eval,2025.06.26 16:00,1,False,19.159999999999854,0.010000000000218279
val_eval,2025.06.27 13:00,-1,False,0.9900000000002365,25.40000000000009
val_eval,2025.06.27 16:00,1,False,10.2800000000002,1.5300000000002
val_eval,2025.06.27 17:00,1,False,8.190000000000055,4.010000000000218
val_eval,2025.06.30 14:00,1,False,8.970000000000255,3.7299999999995634
val_eval,2025.09.08 14:00,1,False,21.98999999999978,3.849999999999909
val_eval,2025.09.09 15:00,-1,False,8.08999999999969,39.120000000000346
val_eval,2025.09.09 17:00,-1,False,3.9699999999998,5.650000000000091
val_eval,2025.09.10 13:00,-1,False,8.289999999999964,8.890000000000327
val_eval,2025.09.10 15:00,-1,False,4.0,12.830000000000382
val_eval,2025.09.10 15:00,-1,False,4.0,12.830000000000382
val_eval,2025.09.11 15:00,1,False,11.680000000000291,3.9600000000000364
val_eval,2025.09.11 15:00,1,False,11.680000000000291,3.9600000000000364
val_eval,2025.09.12 12:00,-1,False,1.5,12.699999999999818
val_eval,2025.09.12 13:00,-1,False,7.050000000000182,8.819999999999709
val_eval,2025.09.12 15:00,-1,False,3.8400000000001455,8.349999999999909
val_eval,2025.09.12 17:00,1,False,6.989999999999782,0.8000000000001819
val_eval,2025.09.16 12:00,-1,False,6.289999999999964,7.940000000000055
val_eval,2025.09.16 14:00,1,False,14.150000000000091,10.039999999999964
val_eval,2025.09.16 16:00,-1,False,4.809999999999945,7.460000000000036
val_eval,2025.09.16 17:00,1,False,5.019999999999982,1.4600000000000364
val_eval,2025.09.17 14:00,1,False,8.409999999999854,5.849999999999909
val_eval,2025.09.23 12:00,-1,False,5.799999999999727,8.640000000000327
val_eval,2025.09.23 14:00,-1,False,4.610000000000127,16.5
val_eval,2025.09.23 16:00,1,False,11.579999999999927,8.870000000000346
val_eval,2025.09.23 17:00,-1,False,6.0900000000001455,23.25
val_eval,2025.09.24 14:00,-1,False,5.140000000000327,28.279999999999745
val_eval,2025.09.24 16:00,-1,False,3.519999999999982,20.679999999999836
val_eval,2025.09.25 16:00,1,False,12.5300000000002,3.480000000000018
val_eval,2025.09.26 13:00,1,False,35.16000000000031,2.1099999999996726
val_eval,2025.09.26 13:00,1,False,35.16000000000031,2.1099999999996726
val_eval,2025.09.29 12:00,1,False,13.509999999999764,8.710000000000036
val_eval,2025.09.29 13:00,-1,False,1.5199999999999818,19.699999999999818
val_eval,2025.09.29 14:00,1,False,19.08999999999969,4.900000000000091
val_eval,2025.09.29 16:00,-1,False,5.369999999999891,6.269999999999982
val_eval,2025.09.30 09:00,-1,False,3.399999999999636,50.55000000000018
val_eval,2025.09.30 12:00,1,False,18.0300000000002,7.279999999999745
val_eval,2025.09.30 17:00,1,False,10.38000000000011,1.069999999999709
val_eval,2025.10.01 11:00,-1,False,2.1100000000001273,24.429999999999836
val_eval,2025.10.01 15:00,-1,False,5.9699999999998,16.5
val_eval,2025.10.01 17:00,-1,False,3.5099999999997635,13.510000000000218
val_eval,2025.10.01 17:00,-1,False,3.5099999999997635,13.510000000000218
val_eval,2025.10.02 16:00,-1,False,8.159999999999854,20.529999999999745
val_eval,2025.10.03 12:00,1,False,24.639999999999873,11.010000000000218
val_eval,2025.10.03 13:00,1,False,28.34999999999991,1.5799999999999272
val_eval,2025.10.03 14:00,1,False,17.5300000000002,7.699999999999818
val_eval,2025.10.03 16:00,1,False,11.590000000000146,6.0300000000002
val_eval,2025.10.06 11:00,-1,False,4.339999999999691,15.75
val_eval,2025.10.06 13:00,1,False,20.970000000000255,11.129999999999654
val_eval,2025.10.06 15:00,1,False,25.670000000000073,3.849999999999909
val_eval,2025.10.07 12:00,1,False,25.40000000000009,3.7599999999997635
val_eval,2025.10.07 18:00,1,False,11.08999999999969,2.3299999999999272
val_eval,2025.10.07 18:00,1,False,11.08999999999969,2.3299999999999272
val_eval,2025.10.08 12:00,1,False,12.329999999999927,10.389999999999873
val_eval,2025.10.08 13:00,1,False,11.539999999999964,11.179999999999836
val_eval,2025.10.08 16:00,1,False,11.110000000000127,10.710000000000036
val_eval,2025.10.08 16:00,1,False,11.110000000000127,10.710000000000036
val_eval,2025.10.08 19:00,-1,False,3.580000000000382,18.83999999999969
val_eval,2025.10.09 14:00,-1,False,4.460000000000036,49.399999999999636
val_eval,2025.10.09 16:00,-1,False,4.099999999999909,79.5
val_eval,2025.10.09 17:00,-1,False,7.2599999999997635,69.63000000000011
val_eval,2025.10.10 12:00,-1,False,5.849999999999909,18.4699999999998
val_eval,2025.10.10 16:00,1,False,32.41000000000031,14.690000000000055
val_eval,2025.10.10 17:00,-1,False,11.070000000000164,22.730000000000018
val_eval,2025.10.13 13:00,1,False,29.840000000000146,0.9400000000000546
val_eval,2025.10.13 15:00,1,False,22.93000000000029,3.3600000000001273
val_eval,2025.10.14 08:00,1,False,32.97999999999956,9.510000000000218
val_eval,2025.10.14 11:00,-1,False,16.590000000000146,23.829999999999927
val_eval,2025.10.14 12:00,-1,False,5.800000000000182,34.13999999999942
val_eval,2025.10.14 16:00,1,False,26.19000000000051,2.889999999999418
val_eval,2025.10.14 19:00,-1,False,4.3400000000001455,13.69000000000051
val_eval,2025.10.15 11:00,-1,False,13.86999999999989,15.850000000000364
val_eval,2025.10.15 12:00,-1,False,1.5599999999994907,26.020000000000437
val_eval,2025.10.15 15:00,1,False,19.720000000000255,12.849999999999454
val_eval,2025.10.15 17:00,1,False,14.38000000000011,7.630000000000109
val_eval,2025.10.15 18:00,-1,False,14.230000000000473,16.31999999999971
val_eval,2025.10.16 12:00,1,False,15.800000000000182,15.510000000000218
val_eval,2025.10.16 15:00,1,False,46.0600000000004,0.5999999999994543
val_eval,2025.10.17 17:00,-1,False,7.219999999999345,51.23000000000047
val_eval,2025.10.20 13:00,1,False,54.69000000000051,7.010000000000218
val_eval,2025.10.20 15:00,1,False,55.17000000000007,7.960000000000036
val_eval,2025.10.20 17:00,1,False,15.149999999999636,11.890000000000327
val_eval,2025.10.21 11:00,-1,False,8.05999999999949,58.13000000000011
val_eval,2025.10.21 14:00,-1,False,14.61999999999989,130.03999999999996
val_eval,2025.10.21 17:00,-1,False,5.040000000000873,45.1899999999996
val_eval,2025.10.22 14:00,1,False,49.7800000000002,24.11999999999989
val_eval,2025.10.22 16:00,1,False,55.84999999999991,0.1799999999998363
val_eval,2025.10.22 17:00,1,False,44.289999999999964,13.800000000000182
val_eval,2025.10.23 12:00,1,False,42.26999999999953,8.720000000000255
val_eval,2025.10.23 13:00,1,False,45.43000000000029,9.069999999999709
val_eval,2025.10.24 14:00,1,False,52.929999999999836,2.930000000000291
val_eval,2025.10.27 14:00,-1,False,4.319999999999709,74.16000000000031
val_eval,2025.10.27 16:00,1,False,20.90000000000009,16.360000000000127
val_eval,2025.10.28 12:00,-1,False,14.079999999999927,20.800000000000182
val_eval,2025.10.28 13:00,1,False,30.2800000000002,18.059999999999945
val_eval,2025.10.28 15:00,1,False,30.960000000000036,4.0
val_eval,2025.10.29 13:00,-1,False,13.539999999999964,14.099999999999909
val_eval,2025.10.29 14:00,-1,False,0.0,36.24000000000024
val_eval,2025.10.29 15:00,-1,False,10.180000000000291,23.019999999999982
val_eval,2025.10.29 16:00,-1,False,3.380000000000109,23.13000000000011
val_eval,2025.10.30 12:00,-1,False,11.019999999999982,24.38000000000011
val_eval,2025.10.30 16:00,1,False,21.490000000000236,7.889999999999873
val_eval,2025.10.31 12:00,1,False,28.90000000000009,5.760000000000218
val_eval,2025.10.31 13:00,1,False,25.970000000000255,1.1299999999996544
val_eval,2025.10.31 14:00,-1,False,12.0300000000002,13.559999999999945
val_eval,2025.10.31 15:00,-1,False,10.7800000000002,44.059999999999945
val_eval,2025.11.03 14:00,1,False,17.539999999999964,11.359999999999673
val_eval,2025.11.04 13:00,-1,False,2.269999999999982,66.40999999999985
val_eval,2025.11.04 14:00,-1,False,11.659999999999854,55.40000000000009
val_eval,2025.11.05 13:00,1,False,18.7800000000002,4.559999999999945
val_eval,2025.11.06 14:00,-1,False,10.710000000000036,29.730000000000018
val_eval,2025.11.07 14:00,-1,False,11.459999999999582,11.710000000000036
val_eval,2025.11.10 12:00,1,False,24.889999999999873,5.059999999999945
val_eval,2025.11.10 12:00,1,False,24.889999999999873,5.059999999999945
val_eval,2025.11.10 14:00,-1,False,8.13000000000011,22.809999999999945
val_eval,2025.11.10 16:00,1,False,18.550000000000182,5.800000000000182
val_eval,2025.11.11 12:00,-1,False,4.579999999999927,8.800000000000182
val_eval,2025.11.11 14:00,-1,False,12.579999999999927,36.89000000000033
val_eval,2025.11.11 15:00,-1,False,0.6500000000005457,45.31999999999971
val_eval,2025.11.11 16:00,-1,False,1.8100000000004002,27.409999999999854
val_eval,2025.11.12 12:00,1,False,11.970000000000255,4.730000000000473
val_eval,2025.11.12 13:00,1,False,14.0,2.9200000000000728
val_eval,2025.11.12 15:00,1,False,70.75999999999931,1.9900000000006912
val_eval,2025.11.12 16:00,1,False,70.21000000000004,1.4600000000000364
val_eval,2025.11.13 13:00,-1,False,14.850000000000364,45.73999999999978
val_eval,2025.11.13 14:00,-1,False,1.3900000000003274,57.55999999999949
val_eval,2025.11.13 15:00,-1,False,0.11999999999989086,47.340000000000146
val_eval,2025.11.13 17:00,-1,False,8.300000000000182,57.17000000000007
val_eval,2025.11.14 17:00,1,False,17.699999999999818,12.779999999999745
val_eval,2025.11.17 13:00,-1,False,13.2199999999998,18.179999999999836
val_eval,2025.11.17 14:00,-1,False,14.449999999999818,16.949999999999818
val_eval,2025.11.17 16:00,-1,False,4.900000000000091,23.86999999999989
val_eval,2025.11.18 13:00,1,False,42.879999999999654,10.200000000000273
val_eval,2025.11.18 15:00,-1,False,16.779999999999745,24.51000000000022
val_eval,2025.11.19 13:00,1,False,16.039999999999964,11.86999999999989
val_eval,2025.11.19 14:00,-1,False,17.829999999999927,24.480000000000018
val_eval,2025.11.19 15:00,-1,False,23.63000000000011,41.19999999999982
val_eval,2025.11.19 16:00,-1,False,4.859999999999673,71.82000000000016
val_eval,2025.11.20 14:00,1,False,25.460000000000036,15.0
val_eval,2025.11.21 14:00,1,False,17.59999999999991,11.230000000000018
val_eval,2025.11.24 14:00,1,False,13.269999999999982,12.13000000000011
val_eval,2025.11.25 13:00,-1,False,17.06999999999971,22.280000000000655
val_eval,2025.11.25 15:00,-1,False,1.0600000000004002,36.159999999999854
val_eval,2025.11.25 16:00,1,False,34.149999999999636,7.140000000000327
val_eval,2025.11.26 13:00,-1,False,1.769999999999527,31.76000000000022
val_eval,2025.11.26 15:00,-1,False,15.079999999999927,16.600000000000364
val_eval,2025.11.26 15:00,-1,False,15.079999999999927,16.600000000000364
val_eval,2025.11.27 14:00,1,False,7.780000000000655,4.769999999999527
val_eval,2025.11.28 14:00,1,False,32.19999999999982,7.770000000000437
val_eval,2025.11.28 16:00,1,False,18.75,12.38000000000011
val_eval,2025.11.28 17:00,1,False,23.039999999999964,6.109999999999673
val_eval,2025.12.01 13:00,-1,False,10.010000000000218,34.86999999999989
val_eval,2025.12.01 15:00,-1,False,2.449999999999818,27.670000000000073
val_eval,2025.12.01 16:00,-1,False,4.940000000000509,20.789999999999964
val_eval,2025.12.02 12:00,1,False,29.390000000000327,0.819999999999709
val_eval,2025.12.02 17:00,1,False,27.590000000000146,2.399999999999636
val_eval,2025.12.03 13:00,1,False,32.94000000000051,3.2299999999995634
val_eval,2025.12.03 17:00,-1,False,8.659999999999854,21.140000000000327
val_eval,2025.12.03 17:00,-1,False,8.659999999999854,21.140000000000327
val_eval,2025.12.04 12:00,-1,False,9.260000000000218,11.55999999999949
val_eval,2025.12.04 14:00,1,False,22.93000000000029,4.609999999999673
val_eval,2025.12.04 16:00,1,False,18.230000000000473,9.769999999999527
val_eval,2025.12.05 12:00,1,False,16.11999999999989,2.75
val_eval,2025.12.05 13:00,1,False,21.710000000000036,1.8099999999994907
val_eval,2025.12.05 14:00,1,False,30.26000000000022,6.949999999999818
val_eval,2025.12.05 16:00,-1,False,17.020000000000437,43.51000000000022
val_eval,2025.12.08 14:00,-1,False,0.8900000000003274,37.279999999999745
val_eval,2025.12.09 12:00,-1,False,3.8599999999996726,8.220000000000255
val_eval,2025.12.10 13:00,1,False,9.449999999999818,6.0600000000004
val_eval,2025.12.11 12:00,-1,False,6.420000000000073,11.579999999999927
val_eval,2025.12.11 13:00,1,False,33.02000000000044,6.069999999999709
val_eval,2025.12.11 16:00,1,False,50.159999999999854,5.4099999999998545
val_eval,2025.12.12 14:00,-1,False,27.5600000000004,37.849999999999454
val_eval,2025.12.12 16:00,-1,False,1.5799999999999272,92.11999999999989
val_eval,2025.12.12 17:00,-1,False,14.890000000000327,31.00999999999931
val_eval,2025.12.15 09:00,1,False,11.039999999999964,1.4700000000002547
val_eval,2025.12.15 12:00,-1,False,8.670000000000073,8.920000000000073
val_eval,2025.12.15 14:00,-1,False,0.6399999999994179,33.970000000000255
val_eval,2025.12.15 15:00,-1,False,5.759999999999309,45.73000000000047
val_eval,2025.12.16 14:00,1,False,40.57999999999993,3.6099999999996726
val_eval,2025.12.16 18:00,1,False,14.450000000000728,4.1899999999996
val_eval,2025.12.17 11:00,-1,False,6.300000000000182,10.319999999999709
val_eval,2025.12.17 12:00,1,False,25.449999999999818,2.7200000000002547
val_eval,2025.12.17 13:00,1,False,29.609999999999673,1.4200000000000728
val_eval,2025.12.17 15:00,-1,False,6.270000000000437,22.079999999999927
val_eval,2025.12.17 18:00,1,False,11.960000000000036,5.970000000000255
val_eval,2025.12.18 12:00,1,False,17.579999999999927,10.849999999999454
val_eval,2025.12.18 14:00,1,False,22.210000000000036,12.13000000000011
val_eval,2025.12.18 16:00,1,False,47.150000000000546,5.219999999999345
val_eval,2025.12.18 17:00,1,False,38.07999999999993,14.289999999999964
val_eval,2025.12.19 12:00,1,False,7.75,7.020000000000437
val_eval,2025.12.19 13:00,1,False,10.659999999999854,7.460000000000036
val_eval,2025.12.19 15:00,1,False,26.600000000000364,8.329999999999927
val_eval,2025.12.19 17:00,1,False,11.150000000000546,3.3299999999999272
val_eval,2025.12.22 13:00,1,False,18.909999999999854,4.110000000000582
val_eval,2025.12.22 13:00,1,False,18.909999999999854,4.110000000000582
val_eval,2025.12.23 05:00,-1,False,1.4600000000000364,17.390000000000327
val_eval,2025.12.23 09:00,-1,False,6.550000000000182,8.480000000000473
val_eval,2025.12.23 11:00,1,False,13.789999999999964,0.8799999999991996
val_eval,2025.12.23 12:00,1,False,13.1899999999996,10.860000000000582
val_eval,2025.12.23 16:00,1,False,29.0600000000004,20.1899999999996
val_eval,2025.12.23 18:00,1,False,22.670000000000073,3.869999999999891
val_eval,2025.12.24 08:00,-1,False,2.4899999999997817,15.329999999999927
val_eval,2025.12.24 13:00,-1,False,4.670000000000073,29.19000000000051
val_eval,2025.12.24 15:00,-1,False,1.1199999999998909,39.63000000000011
val_eval,2025.12.24 18:00,1,False,26.590000000000146,1.449999999999818
val_eval,2025.12.26 13:00,1,False,24.649999999999636,5.130000000000109
val_eval,2025.12.26 14:00,1,False,39.350000000000364,4.239999999999782
val_eval,2025.12.26 16:00,1,False,27.649999999999636,12.220000000000255
val_eval,2025.12.29 14:00,-1,False,3.160000000000764,161.10999999999967
val_eval,2025.12.29 16:00,-1,False,2.1899999999996,57.63000000000011
val_eval,2025.12.30 13:00,-1,False,19.93000000000029,28.30999999999949
val_eval,2025.12.30 16:00,1,False,14.659999999999854,12.260000000000218
val_eval,2025.12.30 17:00,1,False,14.55999999999949,12.360000000000582
val_eval,2025.12.31 13:00,1,False,42.3700000000008,7.789999999999964
val_eval,2025.12.31 15:00,-1,False,6.160000000000764,30.079999999999927
low_n_disclosure,2026.01.02 14:00,-1,False,7.920000000000073,64.02000000000044
low_n_disclosure,2026.01.12 12:00,1,False,26.109999999999673,15.779999999999745
low_n_disclosure,2026.01.12 15:00,-1,False,14.260000000000218,30.949999999999818
low_n_disclosure,2026.01.12 16:00,1,False,28.220000000000255,0.0
low_n_disclosure,2026.01.13 13:00,1,False,45.82000000000062,10.659999999999854
low_n_disclosure,2026.01.13 15:00,1,False,26.57000000000062,14.649999999999636
low_n_disclosure,2026.01.13 17:00,-1,False,1.0100000000002183,38.600000000000364
low_n_disclosure,2026.01.14 14:00,-1,False,6.079999999999927,36.44000000000051
low_n_disclosure,2026.01.14 16:00,-1,False,8.659999999999854,18.480000000000473
low_n_disclosure,2026.01.20 12:00,-1,False,9.159999999999854,11.289999999999964
low_n_disclosure,2026.01.20 14:00,1,False,23.079999999999927,12.449999999999818
low_n_disclosure,2026.01.20 14:00,1,False,23.079999999999927,12.449999999999818
low_n_disclosure,2026.01.20 16:00,1,False,25.899999999999636,14.090000000000146
low_n_disclosure,2026.01.20 17:00,1,False,30.399999999999636,6.769999999999527
low_n_disclosure,2026.01.21 12:00,1,False,18.210000000000036,6.880000000000109
low_n_disclosure,2026.01.21 14:00,-1,False,15.960000000000036,51.61999999999989
low_n_disclosure,2026.01.21 14:00,-1,False,15.960000000000036,51.61999999999989
low_n_disclosure,2026.01.21 17:00,-1,False,3.949999999999818,49.18000000000029
low_n_disclosure,2026.01.22 14:00,1,False,54.289999999999964,8.69000000000051
low_n_disclosure,2026.01.22 16:00,1,False,68.01000000000022,10.949999999999818
low_n_disclosure,2026.01.23 12:00,1,False,18.050000000000182,17.61999999999989
low_n_disclosure,2026.01.23 13:00,1,False,33.4399999999996,4.619999999999891
low_n_disclosure,2026.01.23 14:00,1,False,23.769999999999527,15.520000000000437
low_n_disclosure,2026.01.26 12:00,-1,False,5.369999999999891,37.05000000000018
low_n_disclosure,2026.01.26 12:00,-1,False,5.369999999999891,37.05000000000018
low_n_disclosure,2026.01.26 15:00,1,False,35.01000000000022,11.670000000000073
low_n_disclosure,2026.01.26 16:00,-1,False,8.710000000000036,30.98999999999978
low_n_disclosure,2026.01.27 13:00,-1,False,15.659999999999854,29.520000000000437
low_n_disclosure,2026.01.27 14:00,-1,False,7.5,37.68000000000029
low_n_disclosure,2026.01.27 16:00,1,False,49.19999999999982,6.210000000000036
low_n_disclosure,2026.01.27 17:00,1,False,17.960000000000036,8.720000000000255
low_n_disclosure,2026.01.28 14:00,-1,False,22.19000000000051,40.710000000000036
low_n_disclosure,2026.01.28 16:00,-1,False,25.94000000000051,45.840000000000146
low_n_disclosure,2026.01.29 14:00,-1,False,12.55999999999949,438.66000000000076
low_n_disclosure,2026.01.29 15:00,-1,False,40.61999999999989,410.60000000000036
low_n_disclosure,2026.01.30 15:00,1,False,95.14000000000033,73.78999999999996
low_n_disclosure,2026.01.30 16:00,-1,False,43.850000000000364,229.10999999999967
low_n_disclosure,2026.02.24 13:00,-1,False,0.7799999999997453,72.11000000000058
low_n_disclosure,2026.02.24 13:00,-1,False,0.7799999999997453,72.11000000000058
low_n_disclosure,2026.03.02 14:00,-1,False,19.49000000000069,90.00999999999931
low_n_disclosure,2026.03.02 16:00,-1,False,18.23999999999978,69.60000000000036
low_n_disclosure,2026.03.06 14:00,1,False,88.88999999999942,17.160000000000764
low_n_disclosure,2026.03.18 16:00,1,False,32.780000000000655,5.339999999999236
low_n_disclosure,2026.03.19 16:00,-1,False,32.899999999999636,39.79000000000087
low_n_disclosure,2026.03.20 14:00,-1,False,1.269999999999527,137.85000000000036
low_n_disclosure,2026.03.20 15:00,-1,False,4.880000000000109,111.73000000000047
low_n_disclosure,2026.03.23 12:00,1,False,222.90000000000055,0.0
low_n_disclosure,2026.03.24 14:00,1,False,53.18000000000029,29.1899999999996
low_n_disclosure,2026.03.24 16:00,-1,False,22.13000000000011,39.61000000000058
low_n_disclosure,2026.03.25 14:00,1,False,33.42000000000007,20.710000000000036
low_n_disclosure,2026.03.25 15:00,1,False,35.02000000000044,19.109999999999673
low_n_disclosure,2026.04.01 14:00,1,False,56.69999999999982,15.350000000000364
low_n_disclosure,2026.04.24 14:00,1,False,45.470000000000255,5.139999999999418
low_n_disclosure,2026.04.28 15:00,-1,False,14.61999999999989,22.840000000000146
low_n_disclosure,2026.04.28 17:00,1,False,17.710000000000036,5.960000000000036
low_n_disclosure,2026.04.29 16:00,1,False,29.280000000000655,3.4099999999998545
low_n_disclosure,2026.05.15 14:00,-1,False,14.909999999999854,39.81999999999971
low_n_disclosure,2026.05.19 16:00,1,False,20.389999999999418,5.8200000000006185
low_n_disclosure,2026.05.27 16:00,1,False,20.520000000000437,5.640000000000327
