profile,model_key,seed,horizon,target_family,split,top_frac,top_n,rest_n,top_mean,rest_mean,lift,lift_ci_p05,lift_ci_p50,lift_ci_p95
atr_only,ridge_regression,42,3,entry_movement,val_select,0.05,333.0,6315.0,9.41774774774775,6.216836104513064,1.5148779201225862,1.311536983816906,1.4973083218008774,1.7274825001604193
atr_only,ridge_regression,42,3,entry_movement,val_select,0.1,665.0,5983.0,8.670932330827071,6.1222229650676905,1.4163045645841161,1.293878087059452,1.4104812079804705,1.5490840199787332
atr_only,ridge_regression,42,3,entry_movement,val_select,0.2,1330.0,5318.0,8.007022556390977,5.969554343738247,1.3413099362752143,1.2426602344216384,1.3394988512629031,1.4198308155777126
atr_only,ridge_regression,42,3,entry_movement,val_eval,0.05,333.0,6313.0,26.00369369369369,10.326664026611754,2.5181117180419856,2.2143741216675554,2.502825025840794,2.9447774091469023
atr_only,ridge_regression,42,3,entry_movement,val_eval,0.1,665.0,5981.0,24.868586466165425,9.582653402441062,2.595167060913469,2.334048173253374,2.586278669508026,2.8906469464049622
atr_only,ridge_regression,42,3,entry_movement,val_eval,0.2,1330.0,5316.0,21.877624060150378,8.418777276147479,2.598670013772096,2.350264824014462,2.546237787093146,2.791120271881158
atr_only,ridge_regression,42,3,entry_movement,low_n_disclosure,0.05,59.0,1103.0,43.019152542372865,39.35693563009975,1.0930513733765466,0.776229718654159,1.0826446174207858,1.712996525681344
atr_only,ridge_regression,42,3,entry_movement,low_n_disclosure,0.1,117.0,1045.0,51.67769230769234,38.18424880382777,1.3533772151231092,0.9256961836093068,1.3063961078541295,1.6654365650880172
atr_only,ridge_regression,42,3,entry_movement,low_n_disclosure,0.2,233.0,929.0,52.86484978540775,36.201636167922516,1.4602889642941097,1.1428286563364576,1.4041683062886798,1.7611287126002817
atr_only,ridge_regression,42,6,entry_movement,val_select,0.05,333.0,6315.0,13.318168168168162,9.235228820269201,1.442104838695263,1.2434735266332742,1.4490240029053278,1.6955778241219455
atr_only,ridge_regression,42,6,entry_movement,val_select,0.1,665.0,5983.0,12.490270676691727,9.100683603543374,1.372454116724661,1.2477900690979464,1.369053922316243,1.5109536671685944
atr_only,ridge_regression,42,6,entry_movement,val_select,0.2,1330.0,5318.0,11.655240601503756,8.885661902971043,1.3116907585248845,1.210598902785843,1.3080761452825769,1.4024366183712758
atr_only,ridge_regression,42,6,entry_movement,val_eval,0.05,333.0,6313.0,38.549219219219225,15.194664977031524,2.5370233090029153,2.1934527810059223,2.5166899864225947,2.995277209970563
atr_only,ridge_regression,42,6,entry_movement,val_eval,0.1,665.0,5981.0,36.61729323308274,14.11307640862732,2.594564939129685,2.3147925951341466,2.5824672654563754,2.8869003716909
atr_only,ridge_regression,42,6,entry_movement,val_eval,0.2,1330.0,5316.0,32.20126315789475,12.402770880361174,2.596295897788691,2.333431962184628,2.5446995048071424,2.773118185732877
atr_only,ridge_regression,42,6,entry_movement,low_n_disclosure,0.05,59.0,1103.0,61.89406779661023,57.10650045330917,1.08383576835032,0.7182297060363825,1.0720937975106157,1.7823857074714171
atr_only,ridge_regression,42,6,entry_movement,low_n_disclosure,0.1,117.0,1045.0,75.79863247863256,55.28400000000001,1.3710772100179534,0.8708321890856496,1.3089623666195913,1.7499612827287563
atr_only,ridge_regression,42,6,entry_movement,low_n_disclosure,0.2,233.0,929.0,76.43660944206013,52.56242195909581,1.4542063815389494,1.130137177173091,1.4023926879845638,1.8266481659085647
atr_only,ridge_regression,42,12,entry_movement,val_select,0.05,333.0,6315.0,18.923393393393393,13.465931908155186,1.405279153530628,1.2153902799797298,1.4226311133570673,1.653364955871748
atr_only,ridge_regression,42,12,entry_movement,val_select,0.1,665.0,5983.0,17.962661654135342,13.269877987631622,1.3536418097346257,1.2390225342841126,1.3482186549937432,1.4871758495647203
atr_only,ridge_regression,42,12,entry_movement,val_select,0.2,1330.0,5318.0,16.906887218045114,12.947102294095526,1.3058433334349595,1.2040963742748587,1.3102804450850796,1.4030331142622954
atr_only,ridge_regression,42,12,entry_movement,val_eval,0.05,333.0,6313.0,54.01801801801804,21.974077300807863,2.4582610354261427,2.046839109276488,2.4264853723178734,2.94250693736024
atr_only,ridge_regression,42,12,entry_movement,val_eval,0.1,665.0,5981.0,51.44727819548875,20.481175388730982,2.5119299658844647,2.2227662107160446,2.490561728664277,2.8735599732827968
atr_only,ridge_regression,42,12,entry_movement,val_eval,0.2,1330.0,5316.0,45.851751879699265,18.00743416102333,2.546267917444025,2.26383503233082,2.498792407554909,2.740057275169878
atr_only,ridge_regression,42,12,entry_movement,low_n_disclosure,0.05,59.0,1103.0,82.458813559322,83.85336355394378,0.9833691823974997,0.6122343707769692,0.9782566754630958,1.7250541007722027
atr_only,ridge_regression,42,12,entry_movement,low_n_disclosure,0.1,117.0,1045.0,102.40350427350424,81.69772248803827,1.2534438066923788,0.8120694763416518,1.2347312358016547,1.7013008174572017
atr_only,ridge_regression,42,12,entry_movement,low_n_disclosure,0.2,233.0,929.0,104.049313304721,78.69950484391818,1.3221088685510558,1.0308457384324923,1.3017894621447077,1.650964666676132
atr_only,ridge_regression,42,24,entry_movement,val_select,0.05,333.0,6315.0,28.010450450450456,19.670019002375298,1.4240174575870004,1.22827806935973,1.4350648792378895,1.7221775070331715
atr_only,ridge_regression,42,24,entry_movement,val_select,0.1,665.0,5983.0,26.31112781954888,19.396080561591177,1.3565177632666225,1.2379659382748527,1.3488642374398645,1.494156552489915
atr_only,ridge_regression,42,24,entry_movement,val_select,0.2,1330.0,5318.0,24.49511278195489,18.985549078600975,1.2901977541204677,1.1953937751268735,1.2975412282875047,1.4050447705176543
atr_only,ridge_regression,42,24,entry_movement,val_eval,0.05,333.0,6313.0,78.03792792792795,32.060727071123075,2.434066069518938,1.9562123351927407,2.373446992049437,2.91356249958821
atr_only,ridge_regression,42,24,entry_movement,val_eval,0.1,665.0,5981.0,74.24592481203008,29.93018893161679,2.4806366903217345,2.1460072529305014,2.4588682837624027,2.8719853608969848
atr_only,ridge_regression,42,24,entry_movement,val_eval,0.2,1330.0,5316.0,66.04627819548874,26.438007900677203,2.4981563831742775,2.179196309975723,2.4567714633676907,2.7466172043207715
atr_only,ridge_regression,42,24,entry_movement,low_n_disclosure,0.05,59.0,1103.0,116.64627118644059,121.46677243880325,0.9603142393958701,0.5779407945704613,0.9379256547629422,1.5100285488811163
atr_only,ridge_regression,42,24,entry_movement,low_n_disclosure,0.1,117.0,1045.0,140.50923076923067,119.0625837320574,1.1801291922694837,0.7914140562012134,1.1356453162975035,1.508972260447803
atr_only,ridge_regression,42,24,entry_movement,low_n_disclosure,0.2,233.0,929.0,145.8300429184549,115.0501399354144,1.2675346853147624,1.0107800379941885,1.2164740287277238,1.5581935582371418
atr_only,hist_gradient_boosting,42,3,entry_movement,val_select,0.05,333.0,6315.0,9.532672672672668,6.210775930324624,1.5348601816608145,1.3435809914661443,1.5069136572128436,1.7346687714534315
atr_only,hist_gradient_boosting,42,3,entry_movement,val_select,0.1,665.0,5983.0,8.65863157894737,6.123590172154438,1.4139795994709812,1.2962852518765176,1.3971444000321007,1.5276890564941648
atr_only,hist_gradient_boosting,42,3,entry_movement,val_select,0.2,1330.0,5318.0,8.084180451127818,5.950257615644979,1.358626965977427,1.2711977237005712,1.3524573933039044,1.4353893582348094
atr_only,hist_gradient_boosting,42,3,entry_movement,val_eval,0.05,333.0,6313.0,15.547177177177156,10.878227467131316,1.42920133120521,1.2596804657609764,1.465065786588121,1.7641413369432681
atr_only,hist_gradient_boosting,42,3,entry_movement,val_eval,0.1,665.0,5981.0,19.22881203007517,10.209714094633005,1.8833839862551371,1.7077505256519265,1.9671334014289306,2.2331173556522477
atr_only,hist_gradient_boosting,42,3,entry_movement,val_eval,0.2,1330.0,5316.0,21.3460977443609,8.55175884123401,2.496106139176474,2.159552610299643,2.4381064676117936,2.679647426834078
atr_only,hist_gradient_boosting,42,3,entry_movement,low_n_disclosure,0.05,59.0,1103.0,24.656779661017012,40.33914777878515,0.611236999755962,0.6546274583154531,0.9413086502701693,1.7809101535100458
atr_only,hist_gradient_boosting,42,3,entry_movement,low_n_disclosure,0.1,117.0,1045.0,24.564273504273515,41.2199138755981,0.5959321889514037,0.6881004995124399,0.9542694619865186,1.5097424558635277
atr_only,hist_gradient_boosting,42,3,entry_movement,low_n_disclosure,0.2,233.0,929.0,26.014120171673813,42.93599569429497,0.6058813764770893,0.7237707832515138,0.9881823463883872,1.3846308980981268
atr_only,hist_gradient_boosting,43,3,entry_movement,val_select,0.05,333.0,6315.0,9.505525525525526,6.21220744259699,1.5301365276932504,1.335326128957844,1.5094738224377326,1.7353072757450672
atr_only,hist_gradient_boosting,43,3,entry_movement,val_select,0.1,665.0,5983.0,8.495323308270677,6.141741601203409,1.3832107991332798,1.2699751471489997,1.378627241430069,1.5126677470258805
atr_only,hist_gradient_boosting,43,3,entry_movement,val_select,0.2,1330.0,5318.0,7.957864661654135,5.981848439262881,1.330335387540302,1.2549878101793024,1.3407547019910306,1.4204623321425294
atr_only,hist_gradient_boosting,43,3,entry_movement,val_eval,0.05,333.0,6313.0,13.872882882882866,10.966543640107714,1.2650187094633771,1.1211908314812573,1.257528725167667,1.4087520536547746
atr_only,hist_gradient_boosting,43,3,entry_movement,val_eval,0.1,665.0,5981.0,12.64995488721804,10.941187092459455,1.1561775500517901,1.045886212523371,1.1762360570939618,1.3138996819397268
atr_only,hist_gradient_boosting,43,3,entry_movement,val_eval,0.2,1330.0,5316.0,16.65110526315789,9.726390142964632,1.7119511985854379,1.5977972733545993,1.8603770893236773,2.1468992370392925
atr_only,hist_gradient_boosting,43,3,entry_movement,low_n_disclosure,0.05,59.0,1103.0,24.656779661017012,40.33914777878515,0.611236999755962,0.6546274583154531,0.9413086502701693,1.7809101535100458
atr_only,hist_gradient_boosting,43,3,entry_movement,low_n_disclosure,0.1,117.0,1045.0,24.564273504273515,41.2199138755981,0.5959321889514037,0.6881004995124399,0.9542694619865186,1.5097424558635277
atr_only,hist_gradient_boosting,43,3,entry_movement,low_n_disclosure,0.2,233.0,929.0,26.014120171673813,42.93599569429497,0.6058813764770893,0.7237707832515138,0.9881823463883872,1.3846308980981268
atr_only,hist_gradient_boosting,44,3,entry_movement,val_select,0.05,333.0,6315.0,9.476216216216214,6.21375296912114,1.5250390968723222,1.3210523825943399,1.4940376487530118,1.718617256384739
atr_only,hist_gradient_boosting,44,3,entry_movement,val_select,0.1,665.0,5983.0,8.53657142857143,6.137156944676584,1.3909651497467594,1.2677113976210228,1.3844103644412495,1.504395516292809
atr_only,hist_gradient_boosting,44,3,entry_movement,val_select,0.2,1330.0,5318.0,7.98987969924812,5.973841669800677,1.3374776468614893,1.2542070921336919,1.3314447822184698,1.4089560309313007
atr_only,hist_gradient_boosting,44,3,entry_movement,val_eval,0.05,333.0,6313.0,14.268348348348328,10.945683510217014,1.303559374344219,1.1898360110162922,1.3320034495907196,1.4752320493055597
atr_only,hist_gradient_boosting,44,3,entry_movement,val_eval,0.1,665.0,5981.0,13.494646616541335,10.847269687343255,1.2440592891579967,1.1031549855724074,1.248175954388578,1.3936124641469603
atr_only,hist_gradient_boosting,44,3,entry_movement,val_eval,0.2,1330.0,5316.0,13.795541353383452,10.440818284424381,1.3213084432245745,1.1678877710325306,1.42926594315772,1.709447530055297
atr_only,hist_gradient_boosting,44,3,entry_movement,low_n_disclosure,0.05,59.0,1103.0,24.656779661017012,40.33914777878515,0.611236999755962,0.6546274583154531,0.9413086502701693,1.7809101535100458
atr_only,hist_gradient_boosting,44,3,entry_movement,low_n_disclosure,0.1,117.0,1045.0,24.564273504273515,41.2199138755981,0.5959321889514037,0.6881004995124399,0.9542694619865186,1.5097424558635277
atr_only,hist_gradient_boosting,44,3,entry_movement,low_n_disclosure,0.2,233.0,929.0,26.014120171673813,42.93599569429497,0.6058813764770893,0.7237707832515138,0.9881823463883872,1.3846308980981268
atr_only,hist_gradient_boosting,42,6,entry_movement,val_select,0.05,333.0,6315.0,13.66444444444444,9.216969121140144,1.4825312165908766,1.2849512506680494,1.4625826014742844,1.7135438314741922
atr_only,hist_gradient_boosting,42,6,entry_movement,val_select,0.1,665.0,5983.0,12.615263157894734,9.086790907571453,1.3883078510569915,1.2436312172774804,1.3705414378241072,1.5113616059512072
atr_only,hist_gradient_boosting,42,6,entry_movement,val_select,0.2,1330.0,5318.0,11.686315789473683,8.877890184279803,1.3163393043728786,1.2079941026104848,1.3081436484791362,1.3876159226151492
atr_only,hist_gradient_boosting,42,6,entry_movement,val_eval,0.05,333.0,6313.0,19.617747747747735,16.193267859971492,1.2114755290524954,1.0984140043953308,1.2327936519199394,1.3702127498727616
atr_only,hist_gradient_boosting,42,6,entry_movement,val_eval,0.1,665.0,5981.0,20.85255639097745,15.865885303460962,1.314301470868991,1.1242683389820265,1.3147437848814767,1.5474314806143874
atr_only,hist_gradient_boosting,42,6,entry_movement,val_eval,0.2,1330.0,5316.0,28.044045112781966,13.442857411587662,2.0861669698741405,1.8614616072131587,2.0968098616024515,2.363667012183529
atr_only,hist_gradient_boosting,42,6,entry_movement,low_n_disclosure,0.05,59.0,1103.0,35.08830508474578,58.540353581142355,0.5993866271427646,0.6272941861480514,0.9316800695260624,1.879555999635256
atr_only,hist_gradient_boosting,42,6,entry_movement,low_n_disclosure,0.1,117.0,1045.0,34.925641025641035,59.860210526315804,0.58345336106506,0.6864713448702786,0.9548176034969438,1.547823003057634
atr_only,hist_gradient_boosting,42,6,entry_movement,low_n_disclosure,0.2,233.0,929.0,36.83103004291844,62.495791173304646,0.5893361673073911,0.717515426784467,0.9939578116460133,1.4186133562405858
atr_only,hist_gradient_boosting,43,6,entry_movement,val_select,0.05,333.0,6315.0,13.663063063063062,9.21704196357878,1.482369627593405,1.293952467967741,1.4687213056480264,1.7072903260066945
atr_only,hist_gradient_boosting,43,6,entry_movement,val_select,0.1,665.0,5983.0,12.60646616541353,9.087768677920774,1.3871904768044572,1.249087145532693,1.3776444855739536,1.501575019636976
atr_only,hist_gradient_boosting,43,6,entry_movement,val_select,0.2,1330.0,5318.0,11.531436090225561,8.91662467092892,1.2932512599551007,1.1961347535436946,1.2869706493705562,1.380079760052356
atr_only,hist_gradient_boosting,43,6,entry_movement,val_eval,0.05,333.0,6313.0,20.685195195195185,16.13696182480596,1.2818519012294878,1.1289650553420905,1.2669263062506824,1.3892857609580052
atr_only,hist_gradient_boosting,43,6,entry_movement,val_eval,0.1,665.0,5981.0,18.53724812030076,16.123313827119215,1.1497170072520289,1.0418655458654826,1.1609071202533103,1.286727868532188
atr_only,hist_gradient_boosting,43,6,entry_movement,val_eval,0.2,1330.0,5316.0,26.750766917293248,13.766420240782544,1.9431897653425563,1.619351192787371,1.856220212044832,2.122025697700919
atr_only,hist_gradient_boosting,43,6,entry_movement,low_n_disclosure,0.05,59.0,1103.0,35.08830508474578,58.540353581142355,0.5993866271427646,0.6272941861480514,0.9316800695260624,1.879555999635256
atr_only,hist_gradient_boosting,43,6,entry_movement,low_n_disclosure,0.1,117.0,1045.0,34.925641025641035,59.860210526315804,0.58345336106506,0.6864713448702786,0.9548176034969438,1.547823003057634
atr_only,hist_gradient_boosting,43,6,entry_movement,low_n_disclosure,0.2,233.0,929.0,36.83103004291844,62.495791173304646,0.5893361673073911,0.717515426784467,0.9939578116460133,1.4186133562405858
atr_only,hist_gradient_boosting,44,6,entry_movement,val_select,0.05,333.0,6315.0,13.517087087087083,9.224739509105305,1.465308269544631,1.2892393915802036,1.463894265643488,1.6957783123124601
atr_only,hist_gradient_boosting,44,6,entry_movement,val_select,0.1,665.0,5983.0,12.60735338345864,9.087670065184689,1.3873031583483684,1.2545816153462983,1.36687858351223,1.5044070880052243
atr_only,hist_gradient_boosting,44,6,entry_movement,val_select,0.2,1330.0,5318.0,11.470804511278194,8.931788266265514,1.2842674019269238,1.1986426698760264,1.275811269038087,1.3604884061443139
atr_only,hist_gradient_boosting,44,6,entry_movement,val_eval,0.05,333.0,6313.0,21.27615615615613,16.105789640424526,1.3210253350605243,1.123516020851846,1.274114502383604,1.4638281545085465
atr_only,hist_gradient_boosting,44,6,entry_movement,val_eval,0.1,665.0,5981.0,19.500390977443608,16.016226383547906,1.2175396694863583,1.0619349353033198,1.1921401530868303,1.317617587227044
atr_only,hist_gradient_boosting,44,6,entry_movement,val_eval,0.2,1330.0,5316.0,22.389142857142854,14.857646726862308,1.5069104326369371,1.1533886047268562,1.3537813466250768,1.6153499177850252
atr_only,hist_gradient_boosting,44,6,entry_movement,low_n_disclosure,0.05,59.0,1103.0,35.08830508474578,58.540353581142355,0.5993866271427646,0.6272941861480514,0.9316800695260624,1.879555999635256
atr_only,hist_gradient_boosting,44,6,entry_movement,low_n_disclosure,0.1,117.0,1045.0,34.925641025641035,59.860210526315804,0.58345336106506,0.6864713448702786,0.9548176034969438,1.547823003057634
atr_only,hist_gradient_boosting,44,6,entry_movement,low_n_disclosure,0.2,233.0,929.0,36.83103004291844,62.495791173304646,0.5893361673073911,0.717515426784467,0.9939578116460133,1.4186133562405858
atr_only,hist_gradient_boosting,42,12,entry_movement,val_select,0.05,333.0,6315.0,18.97837837837838,13.463032462391135,1.4096659449789128,1.2582057283193147,1.4128886287357476,1.6045242537000777
atr_only,hist_gradient_boosting,42,12,entry_movement,val_select,0.1,665.0,5983.0,17.91873684210526,13.274760153769014,1.3498350730666657,1.1896313733820967,1.33753651154868,1.4773405205464796
atr_only,hist_gradient_boosting,42,12,entry_movement,val_select,0.2,1330.0,5318.0,15.897676691729323,13.199499811959384,1.2044150852841606,1.1112482038497604,1.2062024727550538,1.28740955853081
atr_only,hist_gradient_boosting,42,12,entry_movement,val_eval,0.05,333.0,6313.0,24.2282882882883,23.545434817044203,1.0290015230786815,0.9071266752154654,1.0219408623337143,1.1871428411036533
atr_only,hist_gradient_boosting,42,12,entry_movement,val_eval,0.1,665.0,5981.0,28.113999999999997,23.07549573649892,1.2183486899278868,1.060382872875981,1.2343138240206983,1.438260658679579
atr_only,hist_gradient_boosting,42,12,entry_movement,val_eval,0.2,1330.0,5316.0,38.51235338345866,19.84366440933033,1.94078838409253,1.7323502334890066,1.994889057669048,2.2619110200260413
atr_only,hist_gradient_boosting,42,12,entry_movement,low_n_disclosure,0.05,59.0,1103.0,52.91966101694914,85.43342701722572,0.6194257079992715,0.6269815581040359,0.9396649993973667,1.9247340248509524
atr_only,hist_gradient_boosting,42,12,entry_movement,low_n_disclosure,0.1,117.0,1045.0,52.47743589743591,87.28753110047847,0.6012019727883935,0.643374100884221,0.9552880806675249,1.4882254256595397
atr_only,hist_gradient_boosting,42,12,entry_movement,low_n_disclosure,0.2,233.0,929.0,55.34321888412016,90.91534983853605,0.6087334975051922,0.6871000650235204,0.9962357759989173,1.4404049368014111
atr_only,hist_gradient_boosting,43,12,entry_movement,val_select,0.05,333.0,6315.0,19.02246246246246,13.460707838479811,1.4131844098185826,1.256065568856042,1.409275826527144,1.6091906831736107
atr_only,hist_gradient_boosting,43,12,entry_movement,val_select,0.1,665.0,5983.0,17.62378947368421,13.307543038609396,1.3243458557715737,1.1535570537432824,1.3071311145430418,1.4616764496769272
atr_only,hist_gradient_boosting,43,12,entry_movement,val_select,0.2,1330.0,5318.0,15.95378947368421,13.185466340729597,1.209952614599859,1.0991466888318175,1.2048966511840045,1.2901372435730947
atr_only,hist_gradient_boosting,43,12,entry_movement,val_eval,0.05,333.0,6313.0,28.899999999999984,23.29900997940758,1.2403960522589905,1.0690807715794854,1.2239402301321962,1.3846668615444093
atr_only,hist_gradient_boosting,43,12,entry_movement,val_eval,0.1,665.0,5981.0,25.923127819548878,23.319088781140284,1.1116698453721165,0.9945333178112072,1.1093765469440844,1.246086007246881
atr_only,hist_gradient_boosting,43,12,entry_movement,val_eval,0.2,1330.0,5316.0,31.993714285714287,21.474550413845,1.4898432641964603,1.4041730267348995,1.632934521130839,1.8528073276652632
atr_only,hist_gradient_boosting,43,12,entry_movement,low_n_disclosure,0.05,59.0,1103.0,52.91966101694914,85.43342701722572,0.6194257079992715,0.6269815581040359,0.9396649993973667,1.9247340248509524
atr_only,hist_gradient_boosting,43,12,entry_movement,low_n_disclosure,0.1,117.0,1045.0,52.47743589743591,87.28753110047847,0.6012019727883935,0.643374100884221,0.9552880806675249,1.4882254256595397
atr_only,hist_gradient_boosting,43,12,entry_movement,low_n_disclosure,0.2,233.0,929.0,55.34321888412016,90.91534983853605,0.6087334975051922,0.6871000650235204,0.9962357759989173,1.4404049368014111
atr_only,hist_gradient_boosting,44,12,entry_movement,val_select,0.05,333.0,6315.0,19.183963963963965,13.452191607284243,1.4260846502941587,1.2686723162748437,1.4199519995013608,1.6099899876687815
atr_only,hist_gradient_boosting,44,12,entry_movement,val_select,0.1,665.0,5983.0,18.034962406015037,13.261841885341802,1.3599138462017801,1.195123944943821,1.3432657052587662,1.4917690152069085
atr_only,hist_gradient_boosting,44,12,entry_movement,val_select,0.2,1330.0,5318.0,15.583774436090227,13.278004889056035,1.1736533136039622,1.0965952235270715,1.1825602849305024,1.2679935726361535
atr_only,hist_gradient_boosting,44,12,entry_movement,val_eval,0.05,333.0,6313.0,26.272552552552547,23.437603358149854,1.1209572988791496,0.9590101736144545,1.1275753726262931,1.315380200539284
atr_only,hist_gradient_boosting,44,12,entry_movement,val_eval,0.1,665.0,5981.0,27.036932330827074,23.195249958200975,1.1656236677573644,1.0375377284986385,1.1617834956021174,1.2927626939243426
atr_only,hist_gradient_boosting,44,12,entry_movement,val_eval,0.2,1330.0,5316.0,25.571879699248125,23.081217080511667,1.1079086345424747,1.0137600511815055,1.129107819167153,1.243743013632841
atr_only,hist_gradient_boosting,44,12,entry_movement,low_n_disclosure,0.05,59.0,1103.0,52.91966101694914,85.43342701722572,0.6194257079992715,0.6269815581040359,0.9396649993973667,1.9247340248509524
atr_only,hist_gradient_boosting,44,12,entry_movement,low_n_disclosure,0.1,117.0,1045.0,52.47743589743591,87.28753110047847,0.6012019727883935,0.643374100884221,0.9552880806675249,1.4882254256595397
atr_only,hist_gradient_boosting,44,12,entry_movement,low_n_disclosure,0.2,233.0,929.0,55.34321888412016,90.91534983853605,0.6087334975051922,0.6871000650235204,0.9962357759989173,1.4404049368014111
atr_only,hist_gradient_boosting,42,24,entry_movement,val_select,0.05,333.0,6315.0,27.39414414414415,19.702517814726846,1.390387990090694,1.2482524741524008,1.3818322723428507,1.5314075820472757
atr_only,hist_gradient_boosting,42,24,entry_movement,val_select,0.1,665.0,5983.0,25.935473684210532,19.43783386261073,1.334277979096128,1.2352339490718591,1.3305837640119353,1.450705102960533
atr_only,hist_gradient_boosting,42,24,entry_movement,val_select,0.2,1330.0,5318.0,23.812624060150377,19.1562354268522,1.2430743060701321,1.1499277893870155,1.2421427351184349,1.328415068700087
atr_only,hist_gradient_boosting,42,24,entry_movement,val_eval,0.05,333.0,6313.0,34.4041741741742,34.36233328053224,1.0012176383163616,0.8710437211221951,1.0047997119641403,1.2111524423070237
atr_only,hist_gradient_boosting,42,24,entry_movement,val_eval,0.1,665.0,5981.0,38.66968421052633,33.88574820264171,1.1411784086712793,1.010510659619807,1.1271357145240257,1.286912616197908
atr_only,hist_gradient_boosting,42,24,entry_movement,val_eval,0.2,1330.0,5316.0,38.91852631578948,33.2250489089541,1.1713609940029612,1.0250859186840362,1.1944405787558896,1.4296358621007785
atr_only,hist_gradient_boosting,42,24,entry_movement,low_n_disclosure,0.05,59.0,1103.0,82.62864406779664,123.2863916591115,0.6702170690197985,0.6168228952526087,0.9469552399787268,1.917953324175113
atr_only,hist_gradient_boosting,42,24,entry_movement,low_n_disclosure,0.1,117.0,1045.0,76.37752136752137,126.24288038277508,0.6050045843055917,0.6376381484297182,0.9826159769718638,1.5010297174114904
atr_only,hist_gradient_boosting,42,24,entry_movement,low_n_disclosure,0.2,233.0,929.0,80.78596566523603,131.36367061356296,0.6149795090827425,0.6938378716386584,0.9985333724490181,1.4517632081951466
atr_only,hist_gradient_boosting,43,24,entry_movement,val_select,0.05,333.0,6315.0,27.454684684684697,19.69932541567696,1.3936865402931986,1.2442392667794435,1.37985151542228,1.5418148529278088
atr_only,hist_gradient_boosting,43,24,entry_movement,val_select,0.1,665.0,5983.0,26.06559398496241,19.42337121845228,1.3419706441176384,1.2366047966333287,1.3230891310809203,1.4359165385577748
atr_only,hist_gradient_boosting,43,24,entry_movement,val_select,0.2,1330.0,5318.0,23.65733082706767,19.195073335840544,1.232468895177145,1.1529363999159818,1.2492500459345275,1.3449005882453615
atr_only,hist_gradient_boosting,43,24,entry_movement,val_eval,0.05,333.0,6313.0,34.92693693693695,34.33475843497545,1.0172472016392073,0.9133756163562251,1.0700327995489647,1.313201916971237
atr_only,hist_gradient_boosting,43,24,entry_movement,val_eval,0.1,665.0,5981.0,38.85499248120302,33.865144624644714,1.1473446492511665,0.9997886867218109,1.128555783179979,1.28367771685625
atr_only,hist_gradient_boosting,43,24,entry_movement,val_eval,0.2,1330.0,5316.0,42.48584962406016,32.332547027840484,1.3140273046684816,1.1437663928271986,1.3645839382079434,1.6406753511948093
atr_only,hist_gradient_boosting,43,24,entry_movement,low_n_disclosure,0.05,59.0,1103.0,82.62864406779664,123.2863916591115,0.6702170690197985,0.6168228952526087,0.9469552399787268,1.917953324175113
atr_only,hist_gradient_boosting,43,24,entry_movement,low_n_disclosure,0.1,117.0,1045.0,76.37752136752137,126.24288038277508,0.6050045843055917,0.6376381484297182,0.9826159769718638,1.5010297174114904
atr_only,hist_gradient_boosting,43,24,entry_movement,low_n_disclosure,0.2,233.0,929.0,80.78596566523603,131.36367061356296,0.6149795090827425,0.6938378716386584,0.9985333724490181,1.4517632081951466
atr_only,hist_gradient_boosting,44,24,entry_movement,val_select,0.05,333.0,6315.0,27.37198198198199,19.7036864608076,1.389180752364656,1.2478815776198402,1.3795184209549203,1.5394315835717887
atr_only,hist_gradient_boosting,44,24,entry_movement,val_select,0.1,665.0,5983.0,26.196210526315795,19.408853418017717,1.3497041768576195,1.216471978814285,1.3111573353280952,1.4452652631530891
atr_only,hist_gradient_boosting,44,24,entry_movement,val_select,0.2,1330.0,5318.0,23.774879699248125,19.165675065814217,1.2404926838009134,1.1494931951683867,1.247098883845365,1.3438035619285567
atr_only,hist_gradient_boosting,44,24,entry_movement,val_eval,0.05,333.0,6313.0,34.16780780780783,34.37480120386504,0.9939783391086511,0.8639315558612009,0.990282727224177,1.212908347050737
atr_only,hist_gradient_boosting,44,24,entry_movement,val_eval,0.1,665.0,5981.0,38.74705263157896,33.87714596221368,1.1437519758835981,1.0096488466182256,1.1327560581153664,1.3019312763017221
atr_only,hist_gradient_boosting,44,24,entry_movement,val_eval,0.2,1330.0,5316.0,37.08736090225564,33.683184725357414,1.1010645580177425,0.9894341615063058,1.1002349791758617,1.2320394379561048
atr_only,hist_gradient_boosting,44,24,entry_movement,low_n_disclosure,0.05,59.0,1103.0,82.62864406779664,123.2863916591115,0.6702170690197985,0.6168228952526087,0.9469552399787268,1.917953324175113
atr_only,hist_gradient_boosting,44,24,entry_movement,low_n_disclosure,0.1,117.0,1045.0,76.37752136752137,126.24288038277508,0.6050045843055917,0.6376381484297182,0.9826159769718638,1.5010297174114904
atr_only,hist_gradient_boosting,44,24,entry_movement,low_n_disclosure,0.2,233.0,929.0,80.78596566523603,131.36367061356296,0.6149795090827425,0.6938378716386584,0.9985333724490181,1.4517632081951466
atr_only,extra_trees_small,42,3,entry_movement,val_select,0.05,333.0,6315.0,9.673903903903904,6.20332858273951,1.559469851527955,1.3504003675383975,1.5275478187729123,1.735795324395737
atr_only,extra_trees_small,42,3,entry_movement,val_select,0.1,665.0,5983.0,8.69606015037594,6.119430051813472,1.421057202508409,1.2928770277478991,1.4200270026736797,1.5437332030422495
atr_only,extra_trees_small,42,3,entry_movement,val_select,0.2,1330.0,5318.0,8.021458646616543,5.965943963896201,1.3445413995102191,1.263128066704083,1.3431464486813796,1.429334866827349
atr_only,extra_trees_small,42,3,entry_movement,val_eval,0.05,333.0,6313.0,16.461741741741726,10.82998574370347,1.5200150887837085,1.3151351083725302,1.4740219155956802,1.6140173067516626
atr_only,extra_trees_small,42,3,entry_movement,val_eval,0.1,665.0,5981.0,16.211323308270664,10.545214847015549,1.5373156017640273,1.3769808180700107,1.5414114413089122,1.823706140995419
atr_only,extra_trees_small,42,3,entry_movement,val_eval,0.2,1330.0,5316.0,19.383571428571425,9.042759593679458,2.143546030143254,1.9692863174618591,2.250267011108877,2.5300992680919903
atr_only,extra_trees_small,42,3,entry_movement,low_n_disclosure,0.05,59.0,1103.0,24.656779661017012,40.33914777878515,0.611236999755962,0.6546274583154531,0.9413086502701693,1.7809101535100458
atr_only,extra_trees_small,42,3,entry_movement,low_n_disclosure,0.1,117.0,1045.0,24.564273504273515,41.2199138755981,0.5959321889514037,0.6881004995124399,0.9542694619865186,1.5097424558635277
atr_only,extra_trees_small,42,3,entry_movement,low_n_disclosure,0.2,233.0,929.0,26.014120171673813,42.93599569429497,0.6058813764770893,0.7237707832515138,0.9881823463883872,1.3846308980981268
atr_only,extra_trees_small,43,3,entry_movement,val_select,0.05,333.0,6315.0,9.649369369369365,6.2046223277909744,1.5551904466689468,1.3502338576996746,1.5284960751611538,1.73874614567403
atr_only,extra_trees_small,43,3,entry_movement,val_select,0.1,665.0,5983.0,8.640691729323308,6.125584155106134,1.4105906490764057,1.2909118843313108,1.4180685368170582,1.5470343315948891
atr_only,extra_trees_small,43,3,entry_movement,val_select,0.2,1330.0,5318.0,8.021458646616543,5.965943963896201,1.3445413995102191,1.2578282008224089,1.3427872172378454,1.4321349989940795
atr_only,extra_trees_small,43,3,entry_movement,val_eval,0.05,333.0,6313.0,15.423243243243228,10.884764771107237,1.4169569639376156,1.2653899568921576,1.420968122241521,1.5621327360944306
atr_only,extra_trees_small,43,3,entry_movement,val_eval,0.1,665.0,5981.0,16.950721804511268,10.46300451429527,1.6200625529074404,1.3780726612516814,1.561124690433616,1.8340255054271597
atr_only,extra_trees_small,43,3,entry_movement,val_eval,0.2,1330.0,5316.0,20.945473684210526,8.651990218209178,2.4208850398522412,1.9742005391780237,2.2763198601599193,2.555491904107544
atr_only,extra_trees_small,43,3,entry_movement,low_n_disclosure,0.05,59.0,1103.0,24.656779661017012,40.33914777878515,0.611236999755962,0.6546274583154531,0.9413086502701693,1.7809101535100458
atr_only,extra_trees_small,43,3,entry_movement,low_n_disclosure,0.1,117.0,1045.0,24.564273504273515,41.2199138755981,0.5959321889514037,0.6881004995124399,0.9542694619865186,1.5097424558635277
atr_only,extra_trees_small,43,3,entry_movement,low_n_disclosure,0.2,233.0,929.0,26.014120171673813,42.93599569429497,0.6058813764770893,0.7237707832515138,0.9881823463883872,1.3846308980981268
atr_only,extra_trees_small,44,3,entry_movement,val_select,0.05,333.0,6315.0,9.673903903903904,6.20332858273951,1.559469851527955,1.3539762894812915,1.5179266863397811,1.7160128708251146
atr_only,extra_trees_small,44,3,entry_movement,val_select,0.1,665.0,5983.0,8.651834586466167,6.124345645996991,1.4126953451951556,1.2970971168124734,1.4170815821885303,1.5488046897153267
atr_only,extra_trees_small,44,3,entry_movement,val_select,0.2,1330.0,5318.0,7.965827067669171,5.9798570891312535,1.3321099399093561,1.2503465774945954,1.3372991083116887,1.4199561742964832
atr_only,extra_trees_small,44,3,entry_movement,val_eval,0.05,333.0,6313.0,15.844474474474456,10.862545540947252,1.458633652190218,1.2822254068726564,1.4405181092892203,1.614953253447894
atr_only,extra_trees_small,44,3,entry_movement,val_eval,0.1,665.0,5981.0,17.32145864661653,10.421783982611604,1.6620435306965489,1.5240708865096626,1.7985299609709546,2.0936840816732927
atr_only,extra_trees_small,44,3,entry_movement,val_eval,0.2,1330.0,5316.0,21.244375939849622,8.577208427389014,2.476840351927488,2.1871739999418414,2.4331937679408604,2.6491001782241237
atr_only,extra_trees_small,44,3,entry_movement,low_n_disclosure,0.05,59.0,1103.0,24.656779661017012,40.33914777878515,0.611236999755962,0.6546274583154531,0.9413086502701693,1.7809101535100458
atr_only,extra_trees_small,44,3,entry_movement,low_n_disclosure,0.1,117.0,1045.0,24.564273504273515,41.2199138755981,0.5959321889514037,0.6881004995124399,0.9542694619865186,1.5097424558635277
atr_only,extra_trees_small,44,3,entry_movement,low_n_disclosure,0.2,233.0,929.0,26.014120171673813,42.93599569429497,0.6058813764770893,0.7237707832515138,0.9881823463883872,1.3846308980981268
atr_only,extra_trees_small,42,6,entry_movement,val_select,0.05,333.0,6315.0,13.713123123123118,9.214402216943784,1.4882271036429169,1.3085609945336756,1.481181345638158,1.6959850468608777
atr_only,extra_trees_small,42,6,entry_movement,val_select,0.1,665.0,5983.0,12.62598496240601,9.085599197726893,1.3896700358040093,1.2512691486105334,1.3723187495982971,1.5135404276866848
atr_only,extra_trees_small,42,6,entry_movement,val_select,0.2,1330.0,5318.0,11.472315789473683,8.9314103046258,1.2844909592309162,1.2034491869000556,1.285209477440762,1.3670603890715978
atr_only,extra_trees_small,42,6,entry_movement,val_eval,0.05,333.0,6313.0,23.31294294294293,15.998352605734205,1.4572089712903937,1.287297458093168,1.4452456997950156,1.6034399032614406
atr_only,extra_trees_small,42,6,entry_movement,val_eval,0.1,665.0,5981.0,22.700571428571408,15.660412974419,1.4495512644304067,1.3241001371409291,1.4943704883455222,1.7574473888928146
atr_only,extra_trees_small,42,6,entry_movement,val_eval,0.2,1330.0,5316.0,28.103082706766926,13.428086907449211,2.092858267932179,1.9333967172428563,2.212915253523331,2.4890438254622214
atr_only,extra_trees_small,42,6,entry_movement,low_n_disclosure,0.05,59.0,1103.0,35.08830508474578,58.540353581142355,0.5993866271427646,0.6272941861480514,0.9316800695260624,1.879555999635256
atr_only,extra_trees_small,42,6,entry_movement,low_n_disclosure,0.1,117.0,1045.0,34.925641025641035,59.860210526315804,0.58345336106506,0.6864713448702786,0.9548176034969438,1.547823003057634
atr_only,extra_trees_small,42,6,entry_movement,low_n_disclosure,0.2,233.0,929.0,36.83103004291844,62.495791173304646,0.5893361673073911,0.717515426784467,0.9939578116460133,1.4186133562405858
atr_only,extra_trees_small,43,6,entry_movement,val_select,0.05,333.0,6315.0,13.677867867867864,9.216261282660334,1.4841015731185583,1.2931871012599532,1.4757859362834282,1.6879983849537332
atr_only,extra_trees_small,43,6,entry_movement,val_select,0.1,665.0,5983.0,12.674586466165408,9.080197225472169,1.3958492477024729,1.2498498657521786,1.3754604999127906,1.5144918595891277
atr_only,extra_trees_small,43,6,entry_movement,val_select,0.2,1330.0,5318.0,11.682894736842107,8.878745769086123,1.3158271495417095,1.2176946060497023,1.3168928678788139,1.4112201999771667
atr_only,extra_trees_small,43,6,entry_movement,val_eval,0.05,333.0,6313.0,23.636066066066046,15.981308411214957,1.4789819117362961,1.2733803278831957,1.4463142849603852,1.6277236473073422
atr_only,extra_trees_small,43,6,entry_movement,val_eval,0.1,665.0,5981.0,21.681984962406002,15.77366493897342,1.374568627284225,1.2144151717633207,1.3656145774539885,1.5126999984391676
atr_only,extra_trees_small,43,6,entry_movement,val_eval,0.2,1330.0,5316.0,26.123578947368426,13.923335214446954,1.8762443441182404,1.6619120210758949,1.9235571878899873,2.1616262991577666
atr_only,extra_trees_small,43,6,entry_movement,low_n_disclosure,0.05,59.0,1103.0,35.08830508474578,58.540353581142355,0.5993866271427646,0.6272941861480514,0.9316800695260624,1.879555999635256
atr_only,extra_trees_small,43,6,entry_movement,low_n_disclosure,0.1,117.0,1045.0,34.925641025641035,59.860210526315804,0.58345336106506,0.6864713448702786,0.9548176034969438,1.547823003057634
atr_only,extra_trees_small,43,6,entry_movement,low_n_disclosure,0.2,233.0,929.0,36.83103004291844,62.495791173304646,0.5893361673073911,0.717515426784467,0.9939578116460133,1.4186133562405858
atr_only,extra_trees_small,44,6,entry_movement,val_select,0.05,333.0,6315.0,13.51309309309309,9.224950118764845,1.4648418602942426,1.3003256013285687,1.471608851763404,1.6854902271940326
atr_only,extra_trees_small,44,6,entry_movement,val_select,0.1,665.0,5983.0,12.638766917293228,9.084178505766339,1.391294425717257,1.2396452496092205,1.3686886277982802,1.5142723299897722
atr_only,extra_trees_small,44,6,entry_movement,val_select,0.2,1330.0,5318.0,11.443676691729321,8.938572771718691,1.2802577082480868,1.203448494605333,1.2875065063370184,1.366410153823432
atr_only,extra_trees_small,44,6,entry_movement,val_eval,0.05,333.0,6313.0,23.52378378378376,15.987231110407102,1.4714107540780241,1.3012279245591751,1.4620902005667331,1.642145150337968
atr_only,extra_trees_small,44,6,entry_movement,val_eval,0.1,665.0,5981.0,21.1689022556391,15.830712255475678,1.3372046635688801,1.2306133204255814,1.4025804064841823,1.6271521004615437
atr_only,extra_trees_small,44,6,entry_movement,val_eval,0.2,1330.0,5316.0,29.45524812030076,13.089791196388266,2.2502458349700833,1.8636393533171827,2.1103545280294562,2.4131149933153972
atr_only,extra_trees_small,44,6,entry_movement,low_n_disclosure,0.05,59.0,1103.0,35.08830508474578,58.540353581142355,0.5993866271427646,0.6272941861480514,0.9316800695260624,1.879555999635256
atr_only,extra_trees_small,44,6,entry_movement,low_n_disclosure,0.1,117.0,1045.0,34.925641025641035,59.860210526315804,0.58345336106506,0.6864713448702786,0.9548176034969438,1.547823003057634
atr_only,extra_trees_small,44,6,entry_movement,low_n_disclosure,0.2,233.0,929.0,36.83103004291844,62.495791173304646,0.5893361673073911,0.717515426784467,0.9939578116460133,1.4186133562405858
atr_only,extra_trees_small,42,12,entry_movement,val_select,0.05,333.0,6315.0,19.16135135135135,13.453384006334124,1.4242774414474306,1.2732453205529373,1.4327455880765325,1.6263458246896556
atr_only,extra_trees_small,42,12,entry_movement,val_select,0.1,665.0,5983.0,18.088812030075186,13.2558565936821,1.3645902022428735,1.248218251209789,1.3571071917159219,1.4916857885096515
atr_only,extra_trees_small,42,12,entry_movement,val_select,0.2,1330.0,5318.0,16.700263157894742,12.998777735990974,1.284756420725243,1.204911678352526,1.3033346098284802,1.3922964253163546
atr_only,extra_trees_small,42,12,entry_movement,val_eval,0.05,333.0,6313.0,27.565075075075082,23.36942499603992,1.1795358713252952,1.0223995354628814,1.1834619889671065,1.3417153519773826
atr_only,extra_trees_small,42,12,entry_movement,val_eval,0.1,665.0,5981.0,29.599563909774435,22.910322688513634,1.2919749892747925,1.1608187488768864,1.2968934170804625,1.4057871394716905
atr_only,extra_trees_small,42,12,entry_movement,val_eval,0.2,1330.0,5316.0,31.44712030075189,21.611301730624533,1.4551238371814228,1.271611221609264,1.5033064891881252,1.7257252462638957
atr_only,extra_trees_small,42,12,entry_movement,low_n_disclosure,0.05,59.0,1103.0,52.91966101694914,85.43342701722572,0.6194257079992715,0.6269815581040359,0.9396649993973667,1.9247340248509524
atr_only,extra_trees_small,42,12,entry_movement,low_n_disclosure,0.1,117.0,1045.0,52.47743589743591,87.28753110047847,0.6012019727883935,0.643374100884221,0.9552880806675249,1.4882254256595397
atr_only,extra_trees_small,42,12,entry_movement,low_n_disclosure,0.2,233.0,929.0,55.34321888412016,90.91534983853605,0.6087334975051922,0.6871000650235204,0.9962357759989173,1.4404049368014111
atr_only,extra_trees_small,43,12,entry_movement,val_select,0.05,333.0,6315.0,19.153123123123123,13.453817893903405,1.4236199177188473,1.2683249069894817,1.4275414432006728,1.6265624716101754
atr_only,extra_trees_small,43,12,entry_movement,val_select,0.1,665.0,5983.0,18.136421052631576,13.250564933979609,1.3687281367243995,1.247448130196365,1.3573123951174182,1.4929529593144375
atr_only,extra_trees_small,43,12,entry_movement,val_select,0.2,1330.0,5318.0,16.991157894736848,12.926026701767581,1.3144919383783553,1.2161008624487788,1.3111614132517975,1.4027251040506554
atr_only,extra_trees_small,43,12,entry_movement,val_eval,0.05,333.0,6313.0,26.01561561561562,23.45115634405196,1.1093532120096967,0.9518739841659342,1.1172210119132497,1.3332954736035194
atr_only,extra_trees_small,43,12,entry_movement,val_eval,0.1,665.0,5981.0,29.368511278195484,22.936012372512963,1.2804541086397117,1.130546845917028,1.2790601938754984,1.4079303052879497
atr_only,extra_trees_small,43,12,entry_movement,val_eval,0.2,1330.0,5316.0,30.474593984962418,21.854616252821675,1.394423660082698,1.2639051140136166,1.4896672648320277,1.753509989910013
atr_only,extra_trees_small,43,12,entry_movement,low_n_disclosure,0.05,59.0,1103.0,52.91966101694914,85.43342701722572,0.6194257079992715,0.6269815581040359,0.9396649993973667,1.9247340248509524
atr_only,extra_trees_small,43,12,entry_movement,low_n_disclosure,0.1,117.0,1045.0,52.47743589743591,87.28753110047847,0.6012019727883935,0.643374100884221,0.9552880806675249,1.4882254256595397
atr_only,extra_trees_small,43,12,entry_movement,low_n_disclosure,0.2,233.0,929.0,55.34321888412016,90.91534983853605,0.6087334975051922,0.6871000650235204,0.9962357759989173,1.4404049368014111
atr_only,extra_trees_small,44,12,entry_movement,val_select,0.05,333.0,6315.0,19.28066066066066,13.447092636579574,1.433816303772034,1.2762284628866933,1.4264605938093102,1.6248660409224165
atr_only,extra_trees_small,44,12,entry_movement,val_select,0.1,665.0,5983.0,18.2213984962406,13.241119839545378,1.3761221646692847,1.2496255894879444,1.3597111075065031,1.500335246553707
atr_only,extra_trees_small,44,12,entry_movement,val_select,0.2,1330.0,5318.0,16.845609022556392,12.962427604362542,1.2995720814584881,1.207696759124807,1.3028863445139462,1.3954109408422097
atr_only,extra_trees_small,44,12,entry_movement,val_eval,0.05,333.0,6313.0,25.988918918918923,23.452564549342632,1.1081482736883623,0.9420925484358958,1.1160470795677186,1.3584332677083617
atr_only,extra_trees_small,44,12,entry_movement,val_eval,0.1,665.0,5981.0,30.702315789473687,22.787712757064035,1.3473188870153798,1.1800652130202254,1.3301479234040277,1.468846861397014
atr_only,extra_trees_small,44,12,entry_movement,val_eval,0.2,1330.0,5316.0,33.205947368421064,21.171264108352148,1.5684442458644303,1.49017803026602,1.7673737265939127,2.0357345558026063
atr_only,extra_trees_small,44,12,entry_movement,low_n_disclosure,0.05,59.0,1103.0,52.91966101694914,85.43342701722572,0.6194257079992715,0.6269815581040359,0.9396649993973667,1.9247340248509524
atr_only,extra_trees_small,44,12,entry_movement,low_n_disclosure,0.1,117.0,1045.0,52.47743589743591,87.28753110047847,0.6012019727883935,0.643374100884221,0.9552880806675249,1.4882254256595397
atr_only,extra_trees_small,44,12,entry_movement,low_n_disclosure,0.2,233.0,929.0,55.34321888412016,90.91534983853605,0.6087334975051922,0.6871000650235204,0.9962357759989173,1.4404049368014111
atr_only,extra_trees_small,42,24,entry_movement,val_select,0.05,333.0,6315.0,27.54516516516517,19.694554235946164,1.3986183609522984,1.2578943394825126,1.388521902271235,1.5825307674015916
atr_only,extra_trees_small,42,24,entry_movement,val_select,0.1,665.0,5983.0,26.37663157894737,19.388799933143908,1.360405577957314,1.2387996018010572,1.3496721278502037,1.4972866167315921
atr_only,extra_trees_small,42,24,entry_movement,val_select,0.2,1330.0,5318.0,24.223240601503758,19.053542685220005,1.271324761053173,1.1742659806222737,1.272731999621097,1.3798485369778404
atr_only,extra_trees_small,42,24,entry_movement,val_eval,0.05,333.0,6313.0,38.50048048048048,34.14626009821005,1.127516757903999,0.9669171258994443,1.1018257813128725,1.2333431775138246
atr_only,extra_trees_small,42,24,entry_movement,val_eval,0.1,665.0,5981.0,38.098887218045114,33.949212506269866,1.122231840017169,1.004194178535244,1.128267792999364,1.2734584677191387
atr_only,extra_trees_small,42,24,entry_movement,val_eval,0.2,1330.0,5316.0,39.88330827067669,32.983671933784805,1.2091833908226775,1.0611152245770907,1.2032343938386485,1.3121367747523158
atr_only,extra_trees_small,42,24,entry_movement,low_n_disclosure,0.05,59.0,1103.0,82.62864406779664,123.2863916591115,0.6702170690197985,0.6168228952526087,0.9469552399787268,1.917953324175113
atr_only,extra_trees_small,42,24,entry_movement,low_n_disclosure,0.1,117.0,1045.0,76.37752136752137,126.24288038277508,0.6050045843055917,0.6376381484297182,0.9826159769718638,1.5010297174114904
atr_only,extra_trees_small,42,24,entry_movement,low_n_disclosure,0.2,233.0,929.0,80.78596566523603,131.36367061356296,0.6149795090827425,0.6938378716386584,0.9985333724490181,1.4517632081951466
atr_only,extra_trees_small,43,24,entry_movement,val_select,0.05,333.0,6315.0,27.524624624624632,19.695637371338083,1.397498547809355,1.2619693162743433,1.3885970635239677,1.582155237266888
atr_only,extra_trees_small,43,24,entry_movement,val_select,0.1,665.0,5983.0,26.71717293233083,19.350949356510114,1.3806647126251996,1.2466317172980181,1.3564757221109807,1.4930149065056524
atr_only,extra_trees_small,43,24,entry_movement,val_select,0.2,1330.0,5318.0,24.242721804511277,19.04867055283941,1.272672638085897,1.170701055574781,1.2748464053596504,1.3751228677728367
atr_only,extra_trees_small,43,24,entry_movement,val_eval,0.05,333.0,6313.0,38.424744744744764,34.15025502930462,1.1251671389209883,0.9566489871429444,1.1247368883307,1.3075974341679553
atr_only,extra_trees_small,43,24,entry_movement,val_eval,0.1,665.0,5981.0,37.96403007518797,33.96420665440562,1.1177658427732926,1.0059260674319839,1.1316142232993083,1.2791649771826878
atr_only,extra_trees_small,43,24,entry_movement,val_eval,0.2,1330.0,5316.0,38.96842105263158,33.21256583897667,1.173303539436273,1.0434973971673116,1.1773949454529735,1.290810724400649
atr_only,extra_trees_small,43,24,entry_movement,low_n_disclosure,0.05,59.0,1103.0,82.62864406779664,123.2863916591115,0.6702170690197985,0.6168228952526087,0.9469552399787268,1.917953324175113
atr_only,extra_trees_small,43,24,entry_movement,low_n_disclosure,0.1,117.0,1045.0,76.37752136752137,126.24288038277508,0.6050045843055917,0.6376381484297182,0.9826159769718638,1.5010297174114904
atr_only,extra_trees_small,43,24,entry_movement,low_n_disclosure,0.2,233.0,929.0,80.78596566523603,131.36367061356296,0.6149795090827425,0.6938378716386584,0.9985333724490181,1.4517632081951466
atr_only,extra_trees_small,44,24,entry_movement,val_select,0.05,333.0,6315.0,27.515675675675684,19.69610926365796,1.3970107145194357,1.2590016311272507,1.3959248326028377,1.5825657571358132
atr_only,extra_trees_small,44,24,entry_movement,val_select,0.1,665.0,5983.0,26.34362406015038,19.392468661206756,1.3584461328974022,1.2425483966027706,1.3486453467877197,1.4914208656168149
atr_only,extra_trees_small,44,24,entry_movement,val_select,0.2,1330.0,5318.0,24.223240601503758,19.053542685220005,1.271324761053173,1.1761275356741747,1.2734997415278895,1.3798485369778404
atr_only,extra_trees_small,44,24,entry_movement,val_eval,0.05,333.0,6313.0,39.80042042042044,34.07769047996199,1.1679318598137827,0.9431628249500575,1.128480380231792,1.3075771980514213
atr_only,extra_trees_small,44,24,entry_movement,val_eval,0.1,665.0,5981.0,38.89741353383459,33.86042802206989,1.1487572900283967,1.0265514971593377,1.1611563182711224,1.2864475072823907
atr_only,extra_trees_small,44,24,entry_movement,val_eval,0.2,1330.0,5316.0,39.60161654135338,33.05414785553048,1.1980831184769873,1.063050098348067,1.2187825993138688,1.3814782240476686
atr_only,extra_trees_small,44,24,entry_movement,low_n_disclosure,0.05,59.0,1103.0,82.62864406779664,123.2863916591115,0.6702170690197985,0.6168228952526087,0.9469552399787268,1.917953324175113
atr_only,extra_trees_small,44,24,entry_movement,low_n_disclosure,0.1,117.0,1045.0,76.37752136752137,126.24288038277508,0.6050045843055917,0.6376381484297182,0.9826159769718638,1.5010297174114904
atr_only,extra_trees_small,44,24,entry_movement,low_n_disclosure,0.2,233.0,929.0,80.78596566523603,131.36367061356296,0.6149795090827425,0.6938378716386584,0.9985333724490181,1.4517632081951466
time_only_clean,ridge_regression,42,3,entry_movement,val_select,0.05,333.0,6315.0,12.431441441441441,6.057919239904988,2.0520975848526524,1.9399486448120589,2.041138694171256,2.161293526699234
time_only_clean,ridge_regression,42,3,entry_movement,val_select,0.1,665.0,5983.0,11.372571428571433,5.821940498077887,1.9533987735405551,1.8467266532554114,1.9392433335060706,2.0477571093431046
time_only_clean,ridge_regression,42,3,entry_movement,val_select,0.2,1330.0,5318.0,10.349796992481204,5.383640466340729,1.9224532279206938,1.8401658378564878,1.9162452363303035,2.01849165351301
time_only_clean,ridge_regression,42,3,entry_movement,val_eval,0.05,333.0,6313.0,17.037117117117113,10.799635672421985,1.5775640617787874,1.4775643825960285,1.5696580556698936,1.6922531012497477
time_only_clean,ridge_regression,42,3,entry_movement,val_eval,0.1,665.0,5981.0,16.093263157894732,10.558341414479182,1.524222652605762,1.4406060286057651,1.5248594902585704,1.6174902605212684
time_only_clean,ridge_regression,42,3,entry_movement,val_eval,0.2,1330.0,5316.0,15.845804511278194,9.927866817155754,1.5960935821475772,1.536004022009235,1.5948067180316028,1.664417595595798
time_only_clean,ridge_regression,42,3,entry_movement,low_n_disclosure,0.05,59.0,1103.0,71.27016949152546,37.84577515865822,1.8831737279192848,1.3708944454141931,1.7630972773758447,2.493255035762656
time_only_clean,ridge_regression,42,3,entry_movement,low_n_disclosure,0.1,117.0,1045.0,57.22521367521371,37.56313875598087,1.52344068068865,1.2489041515348962,1.5089911751188951,1.8493263940382783
time_only_clean,ridge_regression,42,3,entry_movement,low_n_disclosure,0.2,233.0,929.0,49.53167381974252,37.037621097954805,1.3373341038492785,1.1623350880507302,1.327349291163073,1.5286500289089902
time_only_clean,ridge_regression,42,6,entry_movement,val_select,0.05,333.0,6315.0,15.537357357357358,9.11820744259699,1.703992528703877,1.59005422630658,1.69035016422011,1.7736565189327516
time_only_clean,ridge_regression,42,6,entry_movement,val_select,0.1,665.0,5983.0,14.825939849624065,8.841078054487715,1.6769380112076315,1.5995605509848065,1.6734921110144296,1.7523124770895009
time_only_clean,ridge_regression,42,6,entry_movement,val_select,0.2,1330.0,5318.0,14.366225563909776,8.20766077472734,1.7503434849726747,1.6848183185692411,1.7464544146851093,1.8099208873125372
time_only_clean,ridge_regression,42,6,entry_movement,val_eval,0.05,333.0,6313.0,22.4055855855856,16.046214161254557,1.3963160007976514,1.2951633426274303,1.398180429397327,1.4930520850386435
time_only_clean,ridge_regression,42,6,entry_movement,val_eval,0.1,665.0,5981.0,22.288406015037612,15.706239759237588,1.4190797005966205,1.3311236543028973,1.4275245308372504,1.5116428709934322
time_only_clean,ridge_regression,42,6,entry_movement,val_eval,0.2,1330.0,5316.0,21.42793984962407,15.098128291948836,1.4192447855308425,1.3510677654657046,1.4135788429291223,1.4796674519837396
time_only_clean,ridge_regression,42,6,entry_movement,low_n_disclosure,0.05,59.0,1103.0,71.12644067796616,56.61265639165912,1.2563699570268776,1.0642546559022616,1.2597710610589012,1.506363467844734
time_only_clean,ridge_regression,42,6,entry_movement,low_n_disclosure,0.1,117.0,1045.0,68.70393162393164,56.07833492822968,1.225142146461026,1.0083946122136518,1.2196447974408269,1.429168158803066
time_only_clean,ridge_regression,42,6,entry_movement,low_n_disclosure,0.2,233.0,929.0,67.69416309012878,54.75509149623252,1.2363080992164273,1.0888389106826328,1.2284807278953427,1.390537380048008
time_only_clean,ridge_regression,42,12,entry_movement,val_select,0.05,333.0,6315.0,19.474354354354357,13.436878859857485,1.4493212715144554,1.3627105823484755,1.4501794152331204,1.5427063899593765
time_only_clean,ridge_regression,42,12,entry_movement,val_select,0.1,665.0,5983.0,18.895503759398498,13.16619421694802,1.435153047877381,1.3826747989938744,1.4440405558752323,1.5201953315706032
time_only_clean,ridge_regression,42,12,entry_movement,val_select,0.2,1330.0,5318.0,18.061902255639097,12.658239939827006,1.4268889151650843,1.3717398094629312,1.4252679129054067,1.4812695182258089
time_only_clean,ridge_regression,42,12,entry_movement,val_eval,0.05,333.0,6313.0,27.65510510510512,23.36467606526216,1.1836288689754972,1.052413152225858,1.171255869717827,1.3019680624682564
time_only_clean,ridge_regression,42,12,entry_movement,val_eval,0.1,665.0,5981.0,27.069503759398508,23.19162849021903,1.1672101323464608,1.0634816369755122,1.1591058026132055,1.2413177411615328
time_only_clean,ridge_regression,42,12,entry_movement,val_eval,0.2,1330.0,5316.0,26.627368421052648,22.817146350639582,1.1669894215455328,1.0911588899104991,1.163560903121762,1.2253644939619315
time_only_clean,ridge_regression,42,12,entry_movement,low_n_disclosure,0.05,59.0,1103.0,97.3879661016949,83.0547960108794,1.1725748635748618,0.9496416612752191,1.1537095709300607,1.441771929806183
time_only_clean,ridge_regression,42,12,entry_movement,low_n_disclosure,0.1,117.0,1045.0,98.7068376068376,82.11160765550238,1.2021057731686386,0.9673147750651012,1.1657101543828725,1.4284605249242925
time_only_clean,ridge_regression,42,12,entry_movement,low_n_disclosure,0.2,233.0,929.0,92.6751502145923,81.55222820236813,1.1363901668587542,0.9934831645032101,1.12529345593601,1.2656762443295575
time_only_clean,ridge_regression,42,24,entry_movement,val_select,0.05,333.0,6315.0,22.26678678678679,19.97289152810768,1.1148504339219452,1.0348354920176426,1.110922086354519,1.193869600640779
time_only_clean,ridge_regression,42,24,entry_movement,val_select,0.1,665.0,5983.0,21.608075187969927,19.918816647166974,1.0848071735749027,1.03028811637031,1.0846782659175123,1.1451059710835512
time_only_clean,ridge_regression,42,24,entry_movement,val_select,0.2,1330.0,5318.0,21.63417293233083,19.70105302745393,1.0981226689854116,1.0610442598568055,1.0974882962282742,1.1422007977023905
time_only_clean,ridge_regression,42,24,entry_movement,val_eval,0.05,333.0,6313.0,36.514054054054064,34.251040709646766,1.0660713746946067,0.9600709339143311,1.0643835620955142,1.1731576867178795
time_only_clean,ridge_regression,42,24,entry_movement,val_eval,0.1,665.0,5981.0,35.099744360902264,34.28267346597559,1.0238333482287367,0.9497056355367812,1.0338419311036136,1.096486651027296
time_only_clean,ridge_regression,42,24,entry_movement,val_eval,0.2,1330.0,5316.0,35.81546616541354,34.00139766741911,1.0533527626051886,0.9878290552128809,1.057684997213387,1.1217733459511734
time_only_clean,ridge_regression,42,24,entry_movement,low_n_disclosure,0.05,59.0,1103.0,124.37762711864396,121.05321849501358,1.0274623728717078,0.7754116855059067,1.021456538650376,1.368909553725419
time_only_clean,ridge_regression,42,24,entry_movement,low_n_disclosure,0.1,117.0,1045.0,133.76957264957255,119.81716746411482,1.1164474630869277,0.9152210859268645,1.0911116745082499,1.3483904834474842
time_only_clean,ridge_regression,42,24,entry_movement,low_n_disclosure,0.2,233.0,929.0,129.30227467811153,119.1954251883746,1.084792260053305,0.9647714304588677,1.0867787483953928,1.2707855230726648
time_only_clean,hist_gradient_boosting,42,3,entry_movement,val_select,0.05,333.0,6315.0,12.347747747747743,6.062332541567695,2.036798156993655,1.938050075748327,2.0563730896595835,2.1621941030637104
time_only_clean,hist_gradient_boosting,42,3,entry_movement,val_select,0.1,665.0,5983.0,11.784812030075189,5.776120675246531,2.0402641656326197,1.929744947208403,2.0319334679366756,2.119275645622505
time_only_clean,hist_gradient_boosting,42,3,entry_movement,val_select,0.2,1330.0,5318.0,10.465571428571431,5.354685972169989,1.9544696893458076,1.8832966439599583,1.9526372405098869,2.038619251236319
time_only_clean,hist_gradient_boosting,42,3,entry_movement,val_eval,0.05,333.0,6313.0,18.058168168168166,10.745776968160937,1.6804897609240714,1.5674017362255221,1.672781847305783,1.7765021632651552
time_only_clean,hist_gradient_boosting,42,3,entry_movement,val_eval,0.1,665.0,5981.0,16.67532330827067,10.493624811904363,1.5890908629926959,1.5169146640308537,1.5875371061809151,1.685836220841009
time_only_clean,hist_gradient_boosting,42,3,entry_movement,val_eval,0.2,1330.0,5316.0,15.708383458646615,9.962247930775018,1.5767910583836047,1.5092519445262214,1.5751500637597062,1.6544183538094448
time_only_clean,hist_gradient_boosting,42,3,entry_movement,low_n_disclosure,0.05,59.0,1103.0,59.847627118644105,38.456772438803284,1.5562311479435862,1.2530702213811604,1.5306238172256093,1.886169061970194
time_only_clean,hist_gradient_boosting,42,3,entry_movement,low_n_disclosure,0.1,117.0,1045.0,59.47863247863253,37.31084210526318,1.594138033948108,1.2821366107707517,1.5322261563931068,1.908009980295221
time_only_clean,hist_gradient_boosting,42,3,entry_movement,low_n_disclosure,0.2,233.0,929.0,50.03497854077257,36.911388589881604,1.3555431115503602,1.1797774590511116,1.326347481385953,1.5321844476902262
time_only_clean,hist_gradient_boosting,43,3,entry_movement,val_select,0.05,333.0,6315.0,12.524174174174172,6.053029295328583,2.069075427049343,1.9698495050170435,2.1012276004753208,2.2160062893487726
time_only_clean,hist_gradient_boosting,43,3,entry_movement,val_select,0.1,665.0,5983.0,11.760872180451129,5.778781547718536,2.035181998719838,1.9378387307003118,2.040040098592435,2.134541735082442
time_only_clean,hist_gradient_boosting,43,3,entry_movement,val_select,0.2,1330.0,5318.0,10.495526315789473,5.3471944339977435,1.9628099268390848,1.891428740650532,1.959497879377397,2.0446165424566725
time_only_clean,hist_gradient_boosting,43,3,entry_movement,val_eval,0.05,333.0,6313.0,17.917507507507494,10.753196578488831,1.6662494149275078,1.5889090163518889,1.6716364872333402,1.775531494058892
time_only_clean,hist_gradient_boosting,43,3,entry_movement,val_eval,0.1,665.0,5981.0,16.873969924812027,10.47153820431366,1.6114127261514397,1.5406148826293096,1.6214497366077472,1.7079206181270643
time_only_clean,hist_gradient_boosting,43,3,entry_movement,val_eval,0.2,1330.0,5316.0,15.822541353383459,9.933686982693754,1.5928165826997704,1.5191874074698144,1.58340100669193,1.6695881659704712
time_only_clean,hist_gradient_boosting,43,3,entry_movement,low_n_disclosure,0.05,59.0,1103.0,59.55372881355935,38.47249320036266,1.5479560553408056,1.2784176556484672,1.5351444469141442,1.936468720319358
time_only_clean,hist_gradient_boosting,43,3,entry_movement,low_n_disclosure,0.1,117.0,1045.0,55.02282051282055,37.8097224880383,1.4552558678585354,1.2489495634213459,1.4396718329145455,1.6489797591007898
time_only_clean,hist_gradient_boosting,43,3,entry_movement,low_n_disclosure,0.2,233.0,929.0,50.268326180257546,36.85286329386438,1.3640276952001908,1.1948378010196035,1.3480435595870586,1.5403406100225043
time_only_clean,hist_gradient_boosting,44,3,entry_movement,val_select,0.05,333.0,6315.0,12.655585585585582,6.046099762470311,2.093181734139096,1.964193700255453,2.086937908948385,2.201877711594232
time_only_clean,hist_gradient_boosting,44,3,entry_movement,val_select,0.1,665.0,5983.0,12.079263157894736,5.743392946682267,2.1031580583168097,1.9811791290537153,2.081090001465265,2.1816808194640545
time_only_clean,hist_gradient_boosting,44,3,entry_movement,val_select,0.2,1330.0,5318.0,10.450984962406016,5.358333960135389,1.9504168721394797,1.8692765281991781,1.9464510413200886,2.018487709386062
time_only_clean,hist_gradient_boosting,44,3,entry_movement,val_eval,0.05,333.0,6313.0,17.798408408408395,10.759478853160145,1.6542072949175286,1.5635917100781453,1.6567728491594125,1.7506553046605045
time_only_clean,hist_gradient_boosting,44,3,entry_movement,val_eval,0.1,665.0,5981.0,16.895308270676693,10.46916569135596,1.6138161118824002,1.5555136884231497,1.6201193392206377,1.7019412642197211
time_only_clean,hist_gradient_boosting,44,3,entry_movement,val_eval,0.2,1330.0,5316.0,15.756894736842105,9.950110985703535,1.5835898473375665,1.521258115935873,1.590085322190692,1.660203784534878
time_only_clean,hist_gradient_boosting,44,3,entry_movement,low_n_disclosure,0.05,59.0,1103.0,58.063559322033946,38.55220308250228,1.5061022374720603,1.269706254361336,1.5258243815159103,1.9114187155259315
time_only_clean,hist_gradient_boosting,44,3,entry_movement,low_n_disclosure,0.1,117.0,1045.0,55.224188034188096,37.78717703349284,1.4614531269493851,1.2691449779713582,1.4601314702752084,1.7032624293708296
time_only_clean,hist_gradient_boosting,44,3,entry_movement,low_n_disclosure,0.2,233.0,929.0,50.62304721030047,36.76389666307859,1.3769771924405503,1.200010947187778,1.3510349600274494,1.5471242081095617
time_only_clean,hist_gradient_boosting,42,6,entry_movement,val_select,0.05,333.0,6315.0,15.403573573573572,9.125262074425969,1.6880143767862739,1.5901119846051552,1.6899730897596044,1.7889379733087332
time_only_clean,hist_gradient_boosting,42,6,entry_movement,val_select,0.1,665.0,5983.0,15.1256992481203,8.807760320909242,1.7173150377642026,1.6442078947984466,1.7042288734122613,1.7838918055848907
time_only_clean,hist_gradient_boosting,42,6,entry_movement,val_select,0.2,1330.0,5318.0,14.225285714285713,8.24290898834148,1.7257603759067977,1.6717453455332685,1.727513031191355,1.7950972874053441
time_only_clean,hist_gradient_boosting,42,6,entry_movement,val_eval,0.05,333.0,6313.0,22.45279279279281,16.043724061460484,1.3994751285163214,1.3273490172222213,1.421031671231312,1.5055703843819264
time_only_clean,hist_gradient_boosting,42,6,entry_movement,val_eval,0.1,665.0,5981.0,22.606932330827078,15.670824276876779,1.4426128409968155,1.3693568617436738,1.4489331388325466,1.5207567922002518
time_only_clean,hist_gradient_boosting,42,6,entry_movement,val_eval,0.2,1330.0,5316.0,21.741654135338358,15.019640707298722,1.4475482176330028,1.392842250264132,1.4466760903677645,1.5172692848572755
time_only_clean,hist_gradient_boosting,42,6,entry_movement,low_n_disclosure,0.05,59.0,1103.0,71.30966101694918,56.60285584768813,1.2598244372834366,1.0812927736789466,1.2534829280045554,1.50183696290085
time_only_clean,hist_gradient_boosting,42,6,entry_movement,low_n_disclosure,0.1,117.0,1045.0,68.52239316239316,56.09866028708136,1.2214622026931503,1.0391535788727262,1.2030850603445182,1.3674090159543115
time_only_clean,hist_gradient_boosting,42,6,entry_movement,low_n_disclosure,0.2,233.0,929.0,62.790042918454944,55.98508073196987,1.1215495645896094,0.9765671384200815,1.117191902178785,1.294279410316065
time_only_clean,hist_gradient_boosting,43,6,entry_movement,val_select,0.05,333.0,6315.0,15.16255255255255,9.137971496437055,1.6592908566703792,1.5723572663314715,1.6670519720312937,1.7709110910314874
time_only_clean,hist_gradient_boosting,43,6,entry_movement,val_select,0.1,665.0,5983.0,14.964646616541355,8.825661039612235,1.6955836564961533,1.629531284797295,1.6987352286358082,1.7710274355242412
time_only_clean,hist_gradient_boosting,43,6,entry_movement,val_select,0.2,1330.0,5318.0,14.342390977443607,8.213621662279053,1.7461713683880578,1.684678858208838,1.7449055643052815,1.8178198087909663
time_only_clean,hist_gradient_boosting,43,6,entry_movement,val_eval,0.05,333.0,6313.0,22.60474474474476,16.035708854744183,1.409650483773726,1.3407627842494867,1.4239008485943985,1.5048874644374588
time_only_clean,hist_gradient_boosting,43,6,entry_movement,val_eval,0.1,665.0,5981.0,22.70905263157896,15.659469988296273,1.4501801560685945,1.3781563575347409,1.455468063878152,1.5203478324026494
time_only_clean,hist_gradient_boosting,43,6,entry_movement,val_eval,0.2,1330.0,5316.0,21.422045112781966,15.099603085026336,1.4187157763123812,1.362587158409859,1.4149437142272356,1.4847146379059672
time_only_clean,hist_gradient_boosting,43,6,entry_movement,low_n_disclosure,0.05,59.0,1103.0,71.69305084745763,56.58234814143247,1.2670568331355683,1.037760910740307,1.2183336311722552,1.4398020645865752
time_only_clean,hist_gradient_boosting,43,6,entry_movement,low_n_disclosure,0.1,117.0,1045.0,67.4180341880342,56.2223062200957,1.1991332038943783,1.0305621190647325,1.1937977193101141,1.3525325107168418
time_only_clean,hist_gradient_boosting,43,6,entry_movement,low_n_disclosure,0.2,233.0,929.0,63.05914163090132,55.91758880516686,1.1277156790615153,0.9723069600937562,1.1148597147730068,1.2876044065984464
time_only_clean,hist_gradient_boosting,44,6,entry_movement,val_select,0.05,333.0,6315.0,15.255615615615612,9.133064133016628,1.6703721109836027,1.576991896631591,1.671135937335927,1.7783215517284527
time_only_clean,hist_gradient_boosting,44,6,entry_movement,val_select,0.1,665.0,5983.0,15.079338345864661,8.812913254220291,1.7110503542791065,1.6488799141234058,1.7112191250835052,1.792221672610228
time_only_clean,hist_gradient_boosting,44,6,entry_movement,val_select,0.2,1330.0,5318.0,14.456526315789475,8.185077096652877,1.7662052715057723,1.6997265484631485,1.7576053879931508,1.8328058812812613
time_only_clean,hist_gradient_boosting,44,6,entry_movement,val_eval,0.05,333.0,6313.0,23.217597597597614,16.003381910343737,1.4507931965674699,1.34092895915468,1.4309066906315118,1.5240577598719198
time_only_clean,hist_gradient_boosting,44,6,entry_movement,val_eval,0.1,665.0,5981.0,22.670360902255656,15.663771944490888,1.4473117319758386,1.368415135522641,1.4518582501340318,1.5216835032378642
time_only_clean,hist_gradient_boosting,44,6,entry_movement,val_eval,0.2,1330.0,5316.0,21.33690225563911,15.120904815650867,1.411086341443958,1.357926372675011,1.4123572447564898,1.4860242554470737
time_only_clean,hist_gradient_boosting,44,6,entry_movement,low_n_disclosure,0.05,59.0,1103.0,70.46847457627119,56.64785131459657,1.2439743598556126,1.0409349231971587,1.2182957273196116,1.4408128515559666
time_only_clean,hist_gradient_boosting,44,6,entry_movement,low_n_disclosure,0.1,117.0,1045.0,66.52008547008548,56.32284210526317,1.181049872195093,1.0407072448485555,1.2023923904912346,1.3622605469995823
time_only_clean,hist_gradient_boosting,44,6,entry_movement,low_n_disclosure,0.2,233.0,929.0,63.06759656652363,55.91546824542519,1.1279096562279725,0.969851931990863,1.1136717846064583,1.2880753875281419
time_only_clean,hist_gradient_boosting,42,12,entry_movement,val_select,0.05,333.0,6315.0,18.823813813813803,13.471182897862235,1.3973393395765554,1.2925996656463195,1.3887834651349809,1.4860388620864629
time_only_clean,hist_gradient_boosting,42,12,entry_movement,val_select,0.1,665.0,5983.0,18.75106766917293,13.182248036102292,1.422448403172151,1.3519996036487605,1.4163045139991577,1.4905012844426222
time_only_clean,hist_gradient_boosting,42,12,entry_movement,val_select,0.2,1330.0,5318.0,17.931428571428572,12.690870628055661,1.412939198338972,1.3642119518711746,1.42345882124664,1.4798730123741453
time_only_clean,hist_gradient_boosting,42,12,entry_movement,val_eval,0.05,333.0,6313.0,28.15975975975978,23.338056391572948,1.206602610229697,1.1060782020339628,1.2213443557116994,1.3235813820470381
time_only_clean,hist_gradient_boosting,42,12,entry_movement,val_eval,0.1,665.0,5981.0,27.852315789473696,23.104591205484038,1.2054883612423644,1.1159223651720471,1.2010324980042646,1.279724630874875
time_only_clean,hist_gradient_boosting,42,12,entry_movement,val_eval,0.2,1330.0,5316.0,26.880338345864676,22.75385628291949,1.1813530863356463,1.0955986240164224,1.1829915123008483,1.2493180510665156
time_only_clean,hist_gradient_boosting,42,12,entry_movement,low_n_disclosure,0.05,59.0,1103.0,99.79762711864403,82.9259020852221,1.203455429596449,0.9864779746595688,1.2162636797497965,1.4835182856287448
time_only_clean,hist_gradient_boosting,42,12,entry_movement,low_n_disclosure,0.1,117.0,1045.0,97.24743589743584,82.275004784689,1.1819803128778807,1.0378048392869235,1.1754157682516426,1.3992780118893506
time_only_clean,hist_gradient_boosting,42,12,entry_movement,low_n_disclosure,0.2,233.0,929.0,94.40227467811158,81.11905274488697,1.163749717036259,1.0027312109744484,1.161192892769162,1.3370417100221328
time_only_clean,hist_gradient_boosting,43,12,entry_movement,val_select,0.05,333.0,6315.0,17.7703003003003,13.526736342042755,1.3137167644103498,1.2420358162945473,1.3096262545324246,1.4057132454592989
time_only_clean,hist_gradient_boosting,43,12,entry_movement,val_select,0.1,665.0,5983.0,18.368796992481204,13.224736754136721,1.3889725999071711,1.3282950883830533,1.3930022476434132,1.4622829760926492
time_only_clean,hist_gradient_boosting,43,12,entry_movement,val_select,0.2,1330.0,5318.0,18.151812030075188,12.63575404287326,1.4365436339205304,1.37145062531803,1.437285442412661,1.4975976895210616
time_only_clean,hist_gradient_boosting,43,12,entry_movement,val_eval,0.05,333.0,6313.0,27.372012012012025,23.379608743861876,1.1707643319394008,1.0886385955240159,1.1729187278278395,1.2436070823623568
time_only_clean,hist_gradient_boosting,43,12,entry_movement,val_eval,0.1,665.0,5981.0,27.452015037593995,23.149098812907543,1.1858783471211078,1.0998999188210883,1.183787461661392,1.2423147854171503
time_only_clean,hist_gradient_boosting,43,12,entry_movement,val_eval,0.2,1330.0,5316.0,27.140270676691745,22.688824303987964,1.1961955504200084,1.1132217066824346,1.1946385351002968,1.2633481655350558
time_only_clean,hist_gradient_boosting,43,12,entry_movement,low_n_disclosure,0.05,59.0,1103.0,99.90508474576271,82.92015412511331,1.204834769060147,1.0401377944972072,1.2088746485711188,1.3715202478875386
time_only_clean,hist_gradient_boosting,43,12,entry_movement,low_n_disclosure,0.1,117.0,1045.0,102.52923076923078,81.68364593301435,1.2551990009519298,1.0635558133354486,1.264025812206509,1.5308692475207841
time_only_clean,hist_gradient_boosting,43,12,entry_movement,low_n_disclosure,0.2,233.0,929.0,92.62652360515021,81.56442411194831,1.1356240740205437,0.9913212942735155,1.1336876711364394,1.2780140361179857
time_only_clean,hist_gradient_boosting,44,12,entry_movement,val_select,0.05,333.0,6315.0,18.078528528528526,13.510482977038798,1.3381111955252205,1.2675891387912062,1.3539874251281856,1.4461461470033687
time_only_clean,hist_gradient_boosting,44,12,entry_movement,val_select,0.1,665.0,5983.0,18.390812030075185,13.222289821159954,1.3908946391905521,1.3341949270868017,1.396492578682977,1.4640059087744928
time_only_clean,hist_gradient_boosting,44,12,entry_movement,val_select,0.2,1330.0,5318.0,18.095308270676693,12.649885295223768,1.4304721227400345,1.3777888495911743,1.433222747558856,1.4924406493841782
time_only_clean,hist_gradient_boosting,44,12,entry_movement,val_eval,0.05,333.0,6313.0,27.870780780780784,23.353299540630445,1.1934408126051204,1.1030609137119547,1.1919750084404555,1.2737917778557046
time_only_clean,hist_gradient_boosting,44,12,entry_movement,val_eval,0.1,665.0,5981.0,27.70057142857144,23.121462966059187,1.1980457927439145,1.1056829982283265,1.1848399975035424,1.2478740710638223
time_only_clean,hist_gradient_boosting,44,12,entry_movement,val_eval,0.2,1330.0,5316.0,26.731684210526325,22.79104778028593,1.1729028199242781,1.0846570019126476,1.1721123929036001,1.234411053176721
time_only_clean,hist_gradient_boosting,44,12,entry_movement,low_n_disclosure,0.05,59.0,1103.0,107.27644067796604,82.52585675430643,1.2999130805433057,1.1247350069014026,1.3178381624584268,1.5459672549869279
time_only_clean,hist_gradient_boosting,44,12,entry_movement,low_n_disclosure,0.1,117.0,1045.0,102.4380341880342,81.69385645933014,1.2539257984354208,1.0648359486760535,1.2642307841766414,1.558586681732097
time_only_clean,hist_gradient_boosting,44,12,entry_movement,low_n_disclosure,0.2,233.0,929.0,92.99557939914163,81.47186221743809,1.1414441362706085,1.0015505211287143,1.141571123307277,1.3162188994702986
time_only_clean,hist_gradient_boosting,42,24,entry_movement,val_select,0.05,333.0,6315.0,23.295735735735732,19.918633412509898,1.1695448805792492,1.0995395049208345,1.1667264401361974,1.2272259527179508
time_only_clean,hist_gradient_boosting,42,24,entry_movement,val_select,0.1,665.0,5983.0,22.843218045112778,19.781532675915095,1.15477493171828,1.1007844938446485,1.1536423222336354,1.2118537407372318
time_only_clean,hist_gradient_boosting,42,24,entry_movement,val_select,0.2,1330.0,5318.0,23.030796992481196,19.3517657013915,1.1901134680865402,1.13585375295892,1.1906863695665768,1.2465363816863557
time_only_clean,hist_gradient_boosting,42,24,entry_movement,val_eval,0.05,333.0,6313.0,36.972282282282286,34.22686995089499,1.0802121939670826,1.0002685257033928,1.0725978387285173,1.1551544717581346
time_only_clean,hist_gradient_boosting,42,24,entry_movement,val_eval,0.1,665.0,5981.0,36.94603007518797,34.07739341247283,1.0841800494536995,1.0154808627462923,1.0854083385300608,1.153517187470819
time_only_clean,hist_gradient_boosting,42,24,entry_movement,val_eval,0.2,1330.0,5316.0,36.64942857142857,33.79275018811136,1.0845352440217257,1.0169885082824726,1.0826141872527508,1.160394135741074
time_only_clean,hist_gradient_boosting,42,24,entry_movement,low_n_disclosure,0.05,59.0,1103.0,124.96610169491525,121.02174070716227,1.0325921686856017,0.8349229347725603,1.0520626912042927,1.2508601354691722
time_only_clean,hist_gradient_boosting,42,24,entry_movement,low_n_disclosure,0.1,117.0,1045.0,129.21367521367515,120.32725358851673,1.0738521104748833,0.9041297792947938,1.0777750325941051,1.2944358845583783
time_only_clean,hist_gradient_boosting,42,24,entry_movement,low_n_disclosure,0.2,233.0,929.0,138.0771673819742,116.994617868676,1.1802010203320883,1.0129689507561517,1.1681541474016748,1.3321577225421706
time_only_clean,hist_gradient_boosting,43,24,entry_movement,val_select,0.05,333.0,6315.0,22.112972972972976,19.981002375296914,1.1066998820996028,1.056961513652456,1.1159467432250285,1.163213125191384
time_only_clean,hist_gradient_boosting,43,24,entry_movement,val_select,0.1,665.0,5983.0,22.812796992481196,19.784913922781215,1.1530399920625152,1.1020783587951701,1.1511005808971606,1.2098006396500025
time_only_clean,hist_gradient_boosting,43,24,entry_movement,val_select,0.2,1330.0,5318.0,22.778390977443607,19.414890936442273,1.1732433137024711,1.12704156194923,1.1741374944126246,1.226467784550066
time_only_clean,hist_gradient_boosting,43,24,entry_movement,val_eval,0.05,333.0,6313.0,37.77558558558558,34.18449706953905,1.1050502076640603,1.024428927124648,1.103498910359002,1.1822570173378137
time_only_clean,hist_gradient_boosting,43,24,entry_movement,val_eval,0.1,665.0,5981.0,36.79082706766918,34.094649724126405,1.079079191760544,1.012026387368256,1.0820172845325948,1.161835263584212
time_only_clean,hist_gradient_boosting,43,24,entry_movement,val_eval,0.2,1330.0,5316.0,36.184526315789476,33.90906320541761,1.0671048650500117,1.0124686350264744,1.0772126640942634,1.1484092637345964
time_only_clean,hist_gradient_boosting,43,24,entry_movement,low_n_disclosure,0.05,59.0,1103.0,106.91186440677961,121.9874705349048,0.8764167659021052,0.7309448597749294,0.8938386591596323,1.1265024624417648
time_only_clean,hist_gradient_boosting,43,24,entry_movement,low_n_disclosure,0.1,117.0,1045.0,122.32487179487177,121.09853588516746,1.0101267608294389,0.8338681732578553,1.0091051067372399,1.2214408416366407
time_only_clean,hist_gradient_boosting,43,24,entry_movement,low_n_disclosure,0.2,233.0,929.0,134.79914163090123,117.8167707212056,1.1441422202097329,1.0024108832800003,1.149123761165764,1.2829220940820019
time_only_clean,hist_gradient_boosting,44,24,entry_movement,val_select,0.05,333.0,6315.0,23.438798798798796,19.911089469517023,1.1771730941535137,1.1173733550882459,1.1809635980846096,1.2493543551387252
time_only_clean,hist_gradient_boosting,44,24,entry_movement,val_select,0.1,665.0,5983.0,23.100887218045113,19.752893197392613,1.1694938552644245,1.1132736191670027,1.1686106276090447,1.2240445092699361
time_only_clean,hist_gradient_boosting,44,24,entry_movement,val_select,0.2,1330.0,5318.0,22.57454887218045,19.46587062805566,1.1596989060250062,1.106558401628854,1.1677397519688812,1.2142067151247544
time_only_clean,hist_gradient_boosting,44,24,entry_movement,val_eval,0.05,333.0,6313.0,36.71552552552553,34.2404134325994,1.0722862794223635,0.9967512462583589,1.0679546022385564,1.148711374881811
time_only_clean,hist_gradient_boosting,44,24,entry_movement,val_eval,0.1,665.0,5981.0,37.366105263157905,34.03068717605752,1.0980120698076012,1.0402850012248162,1.1027473807788277,1.185277015189836
time_only_clean,hist_gradient_boosting,44,24,entry_movement,val_eval,0.2,1330.0,5316.0,36.82128571428572,33.74975357411588,1.091009024211825,1.0310162498371354,1.0959028329103908,1.1641179187529385
time_only_clean,hist_gradient_boosting,44,24,entry_movement,low_n_disclosure,0.05,59.0,1103.0,128.37966101694923,120.83914777878509,1.0624012447685267,0.848012811371645,1.0728891739694182,1.2851831643228058
time_only_clean,hist_gradient_boosting,44,24,entry_movement,low_n_disclosure,0.1,117.0,1045.0,116.46179487179484,121.75497607655501,0.9565259558555371,0.8288547869821966,0.9791012925237454,1.1332904416491911
time_only_clean,hist_gradient_boosting,44,24,entry_movement,low_n_disclosure,0.2,233.0,929.0,131.70111587982822,118.59377825618945,1.110522978661865,0.9911501099631282,1.1267613939214858,1.2689373623818052
time_only_clean,extra_trees_small,42,3,entry_movement,val_select,0.05,333.0,6315.0,12.854234234234232,6.035624703087886,2.129727222379794,2.0061155109434607,2.140700847879926,2.26841741100141
time_only_clean,extra_trees_small,42,3,entry_movement,val_select,0.1,665.0,5983.0,11.872451127819549,5.766379742604045,2.0589089962462404,1.950446799478036,2.050926129175829,2.1432650168836522
time_only_clean,extra_trees_small,42,3,entry_movement,val_select,0.2,1330.0,5318.0,10.39109022556391,5.3733132756675435,1.9338329430034942,1.8695265581015668,1.9404806385258766,2.013677292305951
time_only_clean,extra_trees_small,42,3,entry_movement,val_eval,0.05,333.0,6313.0,18.40873873873873,10.727284967527323,1.7160669073734889,1.6145888237424344,1.7103827258875535,1.8167100047631672
time_only_clean,extra_trees_small,42,3,entry_movement,val_eval,0.1,665.0,5981.0,16.89642105263157,10.469041966226383,1.6139414768935125,1.531350405756599,1.6147347779858796,1.7008820166245076
time_only_clean,extra_trees_small,42,3,entry_movement,val_eval,0.2,1330.0,5316.0,15.75212030075188,9.951305492851766,1.5829199809077275,1.508513112760084,1.5741064952779429,1.6513391678851748
time_only_clean,extra_trees_small,42,3,entry_movement,low_n_disclosure,0.05,59.0,1103.0,61.82576271186443,38.35096101541252,1.6121046533101955,1.2932202351977786,1.5540376168456165,1.912530673780419
time_only_clean,extra_trees_small,42,3,entry_movement,low_n_disclosure,0.1,117.0,1045.0,57.12102564102569,37.57480382775121,1.520194913135872,1.2904097871467413,1.5311040018735391,1.922566085713506
time_only_clean,extra_trees_small,42,3,entry_movement,low_n_disclosure,0.2,233.0,929.0,50.157124463519345,36.880753498385374,1.3599810119312017,1.1852929999325077,1.337562698976397,1.5383047503253713
time_only_clean,extra_trees_small,43,3,entry_movement,val_select,0.05,333.0,6315.0,12.53477477477477,6.052470308788599,2.07101797039358,1.950617148307649,2.078090611113765,2.201505778496127
time_only_clean,extra_trees_small,43,3,entry_movement,val_select,0.1,665.0,5983.0,11.790375939849625,5.775502256393114,2.041445993168547,1.9265187077540031,2.0366081496077664,2.1406244413738023
time_only_clean,extra_trees_small,43,3,entry_movement,val_select,0.2,1330.0,5318.0,10.491135338345865,5.3482925911997,1.9615859004438931,1.885726388139903,1.9584464452169508,2.037490506841402
time_only_clean,extra_trees_small,43,3,entry_movement,val_eval,0.05,333.0,6313.0,17.903513513513495,10.753934737842547,1.6648337515488116,1.5623925246496757,1.6623474824049667,1.756706141297253
time_only_clean,extra_trees_small,43,3,entry_movement,val_eval,0.1,665.0,5981.0,16.95966917293233,10.46200969737502,1.6210718268773552,1.5408366829255058,1.6242099894163857,1.7078883686661352
time_only_clean,extra_trees_small,43,3,entry_movement,val_eval,0.2,1330.0,5316.0,15.74251127819549,9.953709556057186,1.5815722961913845,1.513777369794405,1.5817277680245732,1.667448773322857
time_only_clean,extra_trees_small,43,3,entry_movement,low_n_disclosure,0.05,59.0,1103.0,60.60000000000002,38.41652765185859,1.5774460552284766,1.2604875977699057,1.5356004086335908,1.8734194057567761
time_only_clean,extra_trees_small,43,3,entry_movement,low_n_disclosure,0.1,117.0,1045.0,54.5312820512821,37.864755980861254,1.4401593418123424,1.241005009203186,1.4464119598903187,1.6485744882790296
time_only_clean,extra_trees_small,43,3,entry_movement,low_n_disclosure,0.2,233.0,929.0,50.26991416309016,36.85246501614641,1.3640855270078969,1.1905264551506531,1.3456679078761764,1.5385755125884015
time_only_clean,extra_trees_small,44,3,entry_movement,val_select,0.05,333.0,6315.0,12.424294294294288,6.058296120348377,2.0507901970265263,1.9135880316772644,2.04680886826904,2.1689947448540416
time_only_clean,extra_trees_small,44,3,entry_movement,val_select,0.1,665.0,5983.0,11.70451127819549,5.78504596356343,2.023235658267066,1.929502882126269,2.0300120387072953,2.119959117626935
time_only_clean,extra_trees_small,44,3,entry_movement,val_select,0.2,1330.0,5318.0,10.483015037593987,5.35032342986085,1.95932361380004,1.8859063893433456,1.956828280743673,2.0365827663584875
time_only_clean,extra_trees_small,44,3,entry_movement,val_eval,0.05,333.0,6313.0,17.729879879879878,10.763093616347218,1.647284740973669,1.5577769802440085,1.6502128755993035,1.753629414984721
time_only_clean,extra_trees_small,44,3,entry_movement,val_eval,0.1,665.0,5981.0,16.859624060150374,10.473133255308477,1.6097975313743669,1.542271555925186,1.6230420160122156,1.700516302296375
time_only_clean,extra_trees_small,44,3,entry_movement,val_eval,0.2,1330.0,5316.0,15.707526315789472,9.962462377727615,1.5766710799235435,1.5136932044670914,1.5793196834636634,1.6671442602123951
time_only_clean,extra_trees_small,44,3,entry_movement,low_n_disclosure,0.05,59.0,1103.0,58.56711864406785,38.52526745240255,1.5202261403227566,1.2599080007582977,1.5292120194655179,1.8829928481071259
time_only_clean,extra_trees_small,44,3,entry_movement,low_n_disclosure,0.1,117.0,1045.0,54.5312820512821,37.864755980861254,1.4401593418123424,1.2516986410026079,1.4402446617853752,1.6391228599491816
time_only_clean,extra_trees_small,44,3,entry_movement,low_n_disclosure,0.2,233.0,929.0,50.270600858369136,36.85229278794404,1.3641105357443268,1.191326407636856,1.340216049533758,1.5407636032195322
time_only_clean,extra_trees_small,42,6,entry_movement,val_select,0.05,333.0,6315.0,15.164204204204205,9.137884402216942,1.6594874192679892,1.5531657773772554,1.6519955671577873,1.7666865147860928
time_only_clean,extra_trees_small,42,6,entry_movement,val_select,0.1,665.0,5983.0,14.967022556390978,8.8253969580478,1.6959036094963054,1.6262495569774555,1.6921396162635518,1.77303260428573
time_only_clean,extra_trees_small,42,6,entry_movement,val_select,0.2,1330.0,5318.0,14.356195488721802,8.210169236555096,1.748587035794833,1.6819369296838134,1.745118651948801,1.8159038507466616
time_only_clean,extra_trees_small,42,6,entry_movement,val_eval,0.05,333.0,6313.0,23.631711711711734,15.981538095992398,1.4786881944509287,1.3556977698207713,1.46896054817129,1.5727282496020287
time_only_clean,extra_trees_small,42,6,entry_movement,val_eval,0.1,665.0,5981.0,22.838556390977455,15.645071058351448,1.4597924359561203,1.372584167876075,1.455549673357882,1.5244746561972373
time_only_clean,extra_trees_small,42,6,entry_movement,val_eval,0.2,1330.0,5316.0,21.436112781954897,15.096083521444697,1.419978417018155,1.358805363476547,1.413618301087721,1.4865709181177102
time_only_clean,extra_trees_small,42,6,entry_movement,low_n_disclosure,0.05,59.0,1103.0,71.20372881355927,56.6085222121487,1.2578270202269703,1.0711338913762423,1.2350337610063638,1.4460112299561632
time_only_clean,extra_trees_small,42,6,entry_movement,low_n_disclosure,0.1,117.0,1045.0,65.8911965811966,56.39325358851676,1.1684233908896842,1.0257887528467213,1.1809681293848957,1.3486740861238797
time_only_clean,extra_trees_small,42,6,entry_movement,low_n_disclosure,0.2,233.0,929.0,62.88115879828328,55.96222820236815,1.1236357239189119,0.983207655471109,1.120851355910622,1.294271945944247
time_only_clean,extra_trees_small,43,6,entry_movement,val_select,0.05,333.0,6315.0,15.389039039039037,9.126028503562946,1.6862799664751116,1.5737472803908463,1.6739407887532716,1.780251124929036
time_only_clean,extra_trees_small,43,6,entry_movement,val_select,0.1,665.0,5983.0,14.936616541353384,8.828776533511615,1.691810465998101,1.6230372371658646,1.6907110983572584,1.7718387447058153
time_only_clean,extra_trees_small,43,6,entry_movement,val_select,0.2,1330.0,5318.0,14.410744360902257,8.196526889808197,1.7581525144291297,1.6977903231783988,1.7590059292699076,1.8320648948754361
time_only_clean,extra_trees_small,43,6,entry_movement,val_eval,0.05,333.0,6313.0,22.79183183183185,16.025840329478857,1.4221926191232066,1.346040873561364,1.4351216952023291,1.5242532507150663
time_only_clean,extra_trees_small,43,6,entry_movement,val_eval,0.1,665.0,5981.0,22.889984962406025,15.639352951011539,1.4636145775407878,1.3741733547742043,1.457023030590217,1.5240985559464841
time_only_clean,extra_trees_small,43,6,entry_movement,val_eval,0.2,1330.0,5316.0,21.432248120300766,15.097050413844999,1.419631486468772,1.3555962342767052,1.4110897599088035,1.4810385501269716
time_only_clean,extra_trees_small,43,6,entry_movement,low_n_disclosure,0.05,59.0,1103.0,68.6642372881356,56.74436083408886,1.2100627494756437,1.043840711227041,1.2070569400902325,1.4407221257844465
time_only_clean,extra_trees_small,43,6,entry_movement,low_n_disclosure,0.1,117.0,1045.0,66.42076923076924,56.333961722488056,1.1790537572693847,1.0232906951466803,1.1812919817155378,1.3502013614781199
time_only_clean,extra_trees_small,43,6,entry_movement,low_n_disclosure,0.2,233.0,929.0,63.135922746781155,55.898331539289565,1.1294777680869503,0.9715794054806871,1.121368916917035,1.292421412089244
time_only_clean,extra_trees_small,44,6,entry_movement,val_select,0.05,333.0,6315.0,15.127537537537538,9.139817893903404,1.6551246111400277,1.5518015132202594,1.6492682082090242,1.7639940964636296
time_only_clean,extra_trees_small,44,6,entry_movement,val_select,0.1,665.0,5983.0,14.963082706766919,8.825834865452114,1.6953730649707117,1.6240708544040536,1.688887420463801,1.7694991538220846
time_only_clean,extra_trees_small,44,6,entry_movement,val_select,0.2,1330.0,5318.0,14.43863909774436,8.189550582925913,1.7630563425356867,1.6978409970471164,1.7585384045516947,1.8294750202345373
time_only_clean,extra_trees_small,44,6,entry_movement,val_eval,0.05,333.0,6313.0,23.43843843843846,15.991732932044988,1.4656596966718607,1.3556157265921285,1.4695311907950197,1.5767383521846015
time_only_clean,extra_trees_small,44,6,entry_movement,val_eval,0.1,665.0,5981.0,22.756105263157906,15.654238421668618,1.453670542775104,1.3748411536054208,1.4562599028818792,1.5247124679824624
time_only_clean,extra_trees_small,44,6,entry_movement,val_eval,0.2,1330.0,5316.0,21.481007518797004,15.08485139202408,1.4240118752614832,1.356863485451332,1.4099918979693125,1.482094156403572
time_only_clean,extra_trees_small,44,6,entry_movement,low_n_disclosure,0.05,59.0,1103.0,71.20372881355927,56.6085222121487,1.2578270202269703,1.0678374071248213,1.2353429748487672,1.4451633086467668
time_only_clean,extra_trees_small,44,6,entry_movement,low_n_disclosure,0.1,117.0,1045.0,66.44128205128206,56.331665071770345,1.1794659711661528,1.0193101954201245,1.1796386446264384,1.3417706607762285
time_only_clean,extra_trees_small,44,6,entry_movement,low_n_disclosure,0.2,233.0,929.0,63.28339055793995,55.86134553283101,1.1328654896210266,0.9789145397200456,1.1202408143038993,1.2883111483510845
time_only_clean,extra_trees_small,42,12,entry_movement,val_select,0.05,333.0,6315.0,18.28249249249248,13.499727632620747,1.3542860263576473,1.268164980195118,1.3478253606392265,1.452773151315126
time_only_clean,extra_trees_small,42,12,entry_movement,val_select,0.1,665.0,5983.0,18.437864661654135,13.217060003342807,1.3950049902921604,1.3359728568186375,1.3938460760756899,1.4681473637571625
time_only_clean,extra_trees_small,42,12,entry_movement,val_select,0.2,1330.0,5318.0,18.119308270676694,12.64388303873637,1.4330493421337072,1.374345432818223,1.4294695459430178,1.4891041857397387
time_only_clean,extra_trees_small,42,12,entry_movement,val_eval,0.05,333.0,6313.0,27.2725825825826,23.384853476952326,1.166249880909536,1.0801652424317534,1.1659154672325274,1.2578794088772864
time_only_clean,extra_trees_small,42,12,entry_movement,val_eval,0.1,665.0,5981.0,27.573578947368432,23.135582678481867,1.1918255671604197,1.1110564398997829,1.1944615181075013,1.2587607698031291
time_only_clean,extra_trees_small,42,12,entry_movement,val_eval,0.2,1330.0,5316.0,27.295278195488734,22.650043265613245,1.2050872431192117,1.121945087649601,1.201265845818311,1.2628084045675494
time_only_clean,extra_trees_small,42,12,entry_movement,low_n_disclosure,0.05,59.0,1103.0,89.35813559322034,83.48431550317315,1.070358366773983,0.9402619628761684,1.1504988257733657,1.3429400144828378
time_only_clean,extra_trees_small,42,12,entry_movement,low_n_disclosure,0.1,117.0,1045.0,100.34974358974361,81.9276650717703,1.2248578487112405,1.0578293462341437,1.232685395391425,1.5131969696696148
time_only_clean,extra_trees_small,42,12,entry_movement,low_n_disclosure,0.2,233.0,929.0,94.04781115879828,81.20795479009685,1.1581108205703419,0.9677010620212376,1.127031633024166,1.3579885761307384
time_only_clean,extra_trees_small,43,12,entry_movement,val_select,0.05,333.0,6315.0,18.204564564564556,13.503836896278703,1.3481031135366608,1.2687840527452856,1.3532829593850153,1.4501840061294815
time_only_clean,extra_trees_small,43,12,entry_movement,val_select,0.1,665.0,5983.0,18.42327819548872,13.218681263580146,1.3937304204654801,1.3310610525326452,1.3897066067437085,1.4637207717747336
time_only_clean,extra_trees_small,43,12,entry_movement,val_select,0.2,1330.0,5318.0,18.175248120300754,12.62989281684844,1.439065903714934,1.3825707297439647,1.4422498585364731,1.5033717861483697
time_only_clean,extra_trees_small,43,12,entry_movement,val_eval,0.05,333.0,6313.0,28.311141141141153,23.330071281482663,1.2135042709283113,1.0847873915617559,1.1896591044596998,1.277980997725776
time_only_clean,extra_trees_small,43,12,entry_movement,val_eval,0.1,665.0,5981.0,27.87615037593986,23.101941146965395,1.2066583582134003,1.1143571537676145,1.1980217941274933,1.2742340038020086
time_only_clean,extra_trees_small,43,12,entry_movement,val_eval,0.2,1330.0,5316.0,27.067451127819563,22.70704288939052,1.1920288898765576,1.0992002105067937,1.1869554014248793,1.2611895148315246
time_only_clean,extra_trees_small,43,12,entry_movement,low_n_disclosure,0.05,59.0,1103.0,92.3957627118644,83.32183136899364,1.108902207186092,0.928563310669753,1.176791457698264,1.39650928824212
time_only_clean,extra_trees_small,43,12,entry_movement,low_n_disclosure,0.1,117.0,1045.0,103.18948717948717,81.60972248803826,1.2644263947180057,1.0774502580942609,1.2293583352281447,1.4552433046968396
time_only_clean,extra_trees_small,43,12,entry_movement,low_n_disclosure,0.2,233.0,929.0,94.25665236051503,81.15557588805163,1.161431624741785,0.9753992144481155,1.143715236656376,1.3543910474415528
time_only_clean,extra_trees_small,44,12,entry_movement,val_select,0.05,333.0,6315.0,18.5387087087087,13.48621694378464,1.3746411455476837,1.2684380513937181,1.3490559761347085,1.4487449469831915
time_only_clean,extra_trees_small,44,12,entry_movement,val_select,0.1,665.0,5983.0,18.440872180451127,13.216725722881499,1.3952678270780263,1.3439241134882118,1.40751082517671,1.4712044059473421
time_only_clean,extra_trees_small,44,12,entry_movement,val_select,0.2,1330.0,5318.0,18.13736842105263,12.639366303121474,1.434990329900744,1.3793409491719704,1.4356611481867458,1.5005522658940436
time_only_clean,extra_trees_small,44,12,entry_movement,val_eval,0.05,333.0,6313.0,27.213603603603616,23.387964517661974,1.16357298143892,1.076359602287311,1.1632446884898044,1.25565439811887
time_only_clean,extra_trees_small,44,12,entry_movement,val_eval,0.1,665.0,5981.0,27.713699248120314,23.120003343922424,1.1986892404756264,1.113031038284022,1.1998649560881613,1.2709508248454224
time_only_clean,extra_trees_small,44,12,entry_movement,val_eval,0.2,1330.0,5316.0,27.20404511278197,22.67286869826938,1.1998501590078212,1.1257114835768158,1.2002922213689424,1.266361950496716
time_only_clean,extra_trees_small,44,12,entry_movement,low_n_disclosure,0.05,59.0,1103.0,89.35813559322034,83.48431550317315,1.070358366773983,0.9412267335053472,1.1524256605796013,1.3427519288071512
time_only_clean,extra_trees_small,44,12,entry_movement,low_n_disclosure,0.1,117.0,1045.0,100.98504273504274,81.85653588516745,1.2336833173188484,1.051257155402241,1.228083861215877,1.444407382889814
time_only_clean,extra_trees_small,44,12,entry_movement,low_n_disclosure,0.2,233.0,929.0,92.91776824034336,81.49137782561894,1.1402159433256291,0.9573128009717049,1.1297662066724228,1.338294384725537
time_only_clean,extra_trees_small,42,24,entry_movement,val_select,0.05,333.0,6315.0,22.650570570570572,19.95265399841647,1.1352159252783225,1.095152851057801,1.1457625072278625,1.2054079816275802
time_only_clean,extra_trees_small,42,24,entry_movement,val_select,0.1,665.0,5983.0,22.940195488721802,19.77075380244025,1.1603096026561392,1.1066280986021741,1.1581036487565455,1.2138246025212802
time_only_clean,extra_trees_small,42,24,entry_movement,val_select,0.2,1330.0,5318.0,22.950819548872175,19.37176758179767,1.18475608650382,1.1253614172594806,1.1832026238193873,1.2381663443370157
time_only_clean,extra_trees_small,42,24,entry_movement,val_eval,0.05,333.0,6313.0,36.883813813813816,34.23153651195945,1.0774805215339296,1.0049790953317788,1.070564150604047,1.153445575549379
time_only_clean,extra_trees_small,42,24,entry_movement,val_eval,0.1,665.0,5981.0,36.63203007518798,34.11230563450928,1.0738655565436084,1.0124680574657456,1.0815528094283133,1.1545076985119216
time_only_clean,extra_trees_small,42,24,entry_movement,val_eval,0.2,1330.0,5316.0,36.19881954887219,33.90548720842739,1.0676389731947218,0.9969202830048873,1.0717355148514183,1.1494503176055448
time_only_clean,extra_trees_small,42,24,entry_movement,low_n_disclosure,0.05,59.0,1103.0,117.71355932203387,121.40968268359019,0.9695566014187772,0.8059774824512432,0.9837917303895034,1.1847357016045965
time_only_clean,extra_trees_small,42,24,entry_movement,low_n_disclosure,0.1,117.0,1045.0,120.28435897435895,121.32699521531099,0.9914063952618151,0.8847831393093784,1.0381376149154398,1.2126068915141406
time_only_clean,extra_trees_small,42,24,entry_movement,low_n_disclosure,0.2,233.0,929.0,139.35386266094415,116.67441334768569,1.1943823728144618,1.019701750228731,1.1787136680046948,1.3432942112569701
time_only_clean,extra_trees_small,43,24,entry_movement,val_select,0.05,333.0,6315.0,22.966576576576575,19.935990498812355,1.1520158267503569,1.11099917406491,1.1656764324581155,1.2302011631573342
time_only_clean,extra_trees_small,43,24,entry_movement,val_select,0.1,665.0,5983.0,22.760842105263155,19.79068861775029,1.150078329505368,1.101675316165837,1.1518274531622492,1.2073488596824256
time_only_clean,extra_trees_small,43,24,entry_movement,val_select,0.2,1330.0,5318.0,22.919639097744355,19.379565626175257,1.1826704240877128,1.1247497450046733,1.1812888803954804,1.234493431716698
time_only_clean,extra_trees_small,43,24,entry_movement,val_eval,0.05,333.0,6313.0,36.82621621621622,34.23457468715349,1.075702460239275,0.9975488697731555,1.0592724031280665,1.1385152046216378
time_only_clean,extra_trees_small,43,24,entry_movement,val_eval,0.1,665.0,5981.0,36.88858646616542,34.083780304296944,1.0822915221500495,1.0129776622431599,1.079579456955328,1.1542792628575855
time_only_clean,extra_trees_small,43,24,entry_movement,val_eval,0.2,1330.0,5316.0,36.45605263157895,33.84113054928518,1.077270529673513,1.0076026162410985,1.0793099038882656,1.1525360525979516
time_only_clean,extra_trees_small,43,24,entry_movement,low_n_disclosure,0.05,59.0,1103.0,129.0583050847458,120.80284678150497,1.0683382761514917,0.8265269583000594,1.0286820432852068,1.2406510736940177
time_only_clean,extra_trees_small,43,24,entry_movement,low_n_disclosure,0.1,117.0,1045.0,128.37239316239317,120.42144497607653,1.0660260154484626,0.913776223759445,1.0571714789413875,1.235366348405065
time_only_clean,extra_trees_small,43,24,entry_movement,low_n_disclosure,0.2,233.0,929.0,139.93738197424886,116.52806243272336,1.2008899749366442,1.0215561272154858,1.1927074505384248,1.3536829188561246
time_only_clean,extra_trees_small,44,24,entry_movement,val_select,0.05,333.0,6315.0,22.854084084084082,19.941922406967542,1.146032143626186,1.089684566388559,1.1478669602915654,1.2066809989727898
time_only_clean,extra_trees_small,44,24,entry_movement,val_select,0.1,665.0,5983.0,22.75772932330827,19.791034598027746,1.1499009417919044,1.1004120844939633,1.1518272337168394,1.205034093628156
time_only_clean,extra_trees_small,44,24,entry_movement,val_select,0.2,1330.0,5318.0,22.85273684210526,19.396297480255736,1.1782009873465784,1.1238695887032766,1.1807142106842532,1.2354533034626827
time_only_clean,extra_trees_small,44,24,entry_movement,val_eval,0.05,333.0,6313.0,37.078168168168176,34.22128465072074,1.0834826496610572,1.0038833067638464,1.0712668981718734,1.146912504050687
time_only_clean,extra_trees_small,44,24,entry_movement,val_eval,0.1,665.0,5981.0,36.958721804511285,34.07598227721117,1.0845974007102355,1.012813398270261,1.0810863819907919,1.1540573635247091
time_only_clean,extra_trees_small,44,24,entry_movement,val_eval,0.2,1330.0,5316.0,36.20571428571429,33.90376222723853,1.0678966553342082,1.0030764742305387,1.0726310090782596,1.1460434569659783
time_only_clean,extra_trees_small,44,24,entry_movement,low_n_disclosure,0.05,59.0,1103.0,118.08576271186438,121.38977334542156,0.9727818040803533,0.8050043064381209,0.9873866070114825,1.1770843938673785
time_only_clean,extra_trees_small,44,24,entry_movement,low_n_disclosure,0.1,117.0,1045.0,128.1082905982906,120.45101435406697,1.0635717041096473,0.9130897990010081,1.0437297577799745,1.2093111784133408
time_only_clean,extra_trees_small,44,24,entry_movement,low_n_disclosure,0.2,233.0,929.0,135.3090128755364,117.68889128094725,1.1497177975151993,1.0170280955856648,1.1660317309124415,1.3223132565726679
time_plus_atr,ridge_regression,42,3,entry_movement,val_select,0.05,333.0,6315.0,10.63933933933934,6.1524196357878065,1.7292935087606376,1.542495915209268,1.7276511949611633,1.9141487858329007
time_plus_atr,ridge_regression,42,3,entry_movement,val_select,0.1,665.0,5983.0,10.588781954887219,5.909057329099114,1.791957898723174,1.6729106030459457,1.7833625644202165,1.9024760637753029
time_plus_atr,ridge_regression,42,3,entry_movement,val_select,0.2,1330.0,5318.0,9.633789473684214,5.562709665287702,1.7318519306878037,1.6546978065550932,1.7384382468945145,1.8117189881523001
time_plus_atr,ridge_regression,42,3,entry_movement,val_eval,0.05,333.0,6313.0,26.394054054054056,10.30607318232219,2.5610194675628026,2.242409016532612,2.5434079603891506,2.891650402619159
time_plus_atr,ridge_regression,42,3,entry_movement,val_eval,0.1,665.0,5981.0,25.280436090225578,9.536861728807889,2.6508128993693236,2.400774348696177,2.614293819758184,2.8681282255161107
time_plus_atr,ridge_regression,42,3,entry_movement,val_eval,0.2,1330.0,5316.0,21.71888721804511,8.45849134687735,2.5677022446873043,2.3590110221472327,2.5508422688559182,2.7862986822106404
time_plus_atr,ridge_regression,42,3,entry_movement,low_n_disclosure,0.05,59.0,1103.0,42.79728813559317,39.36880326382595,1.0870863370875559,0.8181008570281327,1.1463098625568564,1.6721277997462574
time_plus_atr,ridge_regression,42,3,entry_movement,low_n_disclosure,0.1,117.0,1045.0,50.3260683760684,38.33557894736843,1.3127770535345746,0.9624663877301601,1.283900531924462,1.6384634709873873
time_plus_atr,ridge_regression,42,3,entry_movement,low_n_disclosure,0.2,233.0,929.0,53.022918454935656,36.161991388589904,1.4662610221091374,1.123722049520406,1.404421119933588,1.763314446637006
time_plus_atr,ridge_regression,42,6,entry_movement,val_select,0.05,333.0,6315.0,15.017297297297295,9.145631037212986,1.6420187121252623,1.469975409804008,1.6250606211459164,1.834914508488971
time_plus_atr,ridge_regression,42,6,entry_movement,val_select,0.1,665.0,5983.0,14.828421052631581,8.840802273107137,1.677270975479024,1.5676047752742197,1.6820113210600884,1.8102447338843837
time_plus_atr,ridge_regression,42,6,entry_movement,val_select,0.2,1330.0,5318.0,13.851112781954889,8.336487401278676,1.6615046739985913,1.5535714817310442,1.6581034117821265,1.7342489569343604
time_plus_atr,ridge_regression,42,6,entry_movement,val_eval,0.05,333.0,6313.0,39.86585585585586,15.12521463646444,2.635721661743943,2.237727909954412,2.5638015175100426,2.9631092508495764
time_plus_atr,ridge_regression,42,6,entry_movement,val_eval,0.1,665.0,5981.0,37.33584962406019,14.033183414144792,2.6605402724536042,2.3941778088148102,2.636123483850069,2.916633864399072
time_plus_atr,ridge_regression,42,6,entry_movement,val_eval,0.2,1330.0,5316.0,31.999563909774455,12.453233634311509,2.5695787013590055,2.352246998614273,2.554050538404936,2.765772938662446
time_plus_atr,ridge_regression,42,6,entry_movement,low_n_disclosure,0.05,59.0,1103.0,60.9127118644068,57.15899365367182,1.0656715237759238,0.785867341097883,1.1066143926665932,1.784376563954377
time_plus_atr,ridge_regression,42,6,entry_movement,low_n_disclosure,0.1,117.0,1045.0,73.46042735042744,55.545789473684216,1.3225201774336215,0.9283592220703619,1.279043464398152,1.7009738932277327
time_plus_atr,ridge_regression,42,6,entry_movement,low_n_disclosure,0.2,233.0,929.0,76.68781115879833,52.499418729817016,1.4607363855486561,1.1128873739195944,1.394866348414601,1.7857305389165687
time_plus_atr,ridge_regression,42,12,entry_movement,val_select,0.05,333.0,6315.0,20.56771771771772,13.379224069675377,1.537287783701552,1.3703586308337694,1.5272215758527867,1.7134807705622048
time_plus_atr,ridge_regression,42,12,entry_movement,val_select,0.1,665.0,5983.0,19.605187969924813,13.087314056493398,1.4980299154812067,1.3994690409572916,1.5174378747393833,1.6254281845320844
time_plus_atr,ridge_regression,42,12,entry_movement,val_select,0.2,1330.0,5318.0,18.64475187969925,12.51247273411057,1.4900933073661224,1.3856600854655876,1.4904477017621791,1.564092405728549
time_plus_atr,ridge_regression,42,12,entry_movement,val_eval,0.05,333.0,6313.0,54.32234234234235,21.958024710913993,2.4739175339092334,2.0705438358360078,2.457073765472062,2.9697904095743715
time_plus_atr,ridge_regression,42,12,entry_movement,val_eval,0.1,665.0,5981.0,52.189699248120334,20.398628991807396,2.558490537235666,2.268405507699503,2.541084866440217,2.876175836454873
time_plus_atr,ridge_regression,42,12,entry_movement,val_eval,0.2,1330.0,5316.0,45.55523308270678,18.081619638826187,2.519422153139823,2.2781690025461923,2.5178704559950726,2.7484079898964877
time_plus_atr,ridge_regression,42,12,entry_movement,low_n_disclosure,0.05,59.0,1103.0,83.13118644067794,83.81739800543971,0.9918130175704424,0.6212688704338876,1.0129725468360293,1.716754677142717
time_plus_atr,ridge_regression,42,12,entry_movement,low_n_disclosure,0.1,117.0,1045.0,101.49794871794867,81.79911004784688,1.240819718681283,0.8425806868447974,1.2127735962407775,1.664915036613205
time_plus_atr,ridge_regression,42,12,entry_movement,low_n_disclosure,0.2,233.0,929.0,103.60995708154505,78.80969860064585,1.3146853613356664,1.0053922059461504,1.2925835854593122,1.6333578835688731
time_plus_atr,ridge_regression,42,24,entry_movement,val_select,0.05,333.0,6315.0,27.817057057057063,19.68021694378464,1.4134527651049182,1.21896579070064,1.4287414782996946,1.7060836850343066
time_plus_atr,ridge_regression,42,24,entry_movement,val_select,0.1,665.0,5983.0,26.547909774436096,19.369762660872475,1.370585186779996,1.2459504229211615,1.3643464561605123,1.5110568507819866
time_plus_atr,ridge_regression,42,24,entry_movement,val_select,0.2,1330.0,5318.0,25.101000000000003,18.834020308386613,1.3327478461315432,1.2243952558987572,1.3391956386690755,1.442714219773707
time_plus_atr,ridge_regression,42,24,entry_movement,val_eval,0.05,333.0,6313.0,78.48201201201204,32.03730239188975,2.449707252252292,1.9746639508487958,2.3774529024832836,2.918213254323384
time_plus_atr,ridge_regression,42,24,entry_movement,val_eval,0.1,665.0,5981.0,74.4746315789474,29.904760073566294,2.4903938836405426,2.1425754495592697,2.4617003352403026,2.826867373425149
time_plus_atr,ridge_regression,42,24,entry_movement,val_eval,0.2,1330.0,5316.0,65.85007518796994,26.48709556057186,2.486119138181122,2.1784850350893192,2.4612315460549166,2.7428174239064416
time_plus_atr,ridge_regression,42,24,entry_movement,low_n_disclosure,0.05,59.0,1103.0,113.06067796610157,121.65856754306436,0.9293277099130783,0.5755314878109078,0.9215927379186604,1.5015508951538012
time_plus_atr,ridge_regression,42,24,entry_movement,low_n_disclosure,0.1,117.0,1045.0,138.64341880341868,119.27148325358851,1.1624188366018944,0.7808156150542351,1.1280743447590322,1.5020867008192826
time_plus_atr,ridge_regression,42,24,entry_movement,low_n_disclosure,0.2,233.0,929.0,146.16150214592267,114.96700753498386,1.2713343182516643,1.0084668233481862,1.218486949194868,1.552898180049746
time_plus_atr,hist_gradient_boosting,42,3,entry_movement,val_select,0.05,333.0,6315.0,12.440840840840853,6.057423594615995,2.053817212304356,1.8965917399230616,2.0506045669467685,2.2205543320112913
time_plus_atr,hist_gradient_boosting,42,3,entry_movement,val_select,0.1,665.0,5983.0,11.832586466165415,5.770810630118668,2.0504201618416467,1.9408297726077974,2.0426909953684937,2.1527305075911203
time_plus_atr,hist_gradient_boosting,42,3,entry_movement,val_select,0.2,1330.0,5318.0,10.583007518796993,5.3253159082361785,1.9873013547288763,1.9007589439719834,1.979458247876111,2.0723672794324064
time_plus_atr,hist_gradient_boosting,42,3,entry_movement,val_eval,0.05,333.0,6313.0,19.79441441441443,10.65419293521305,1.8578990013398518,1.7193852813527206,1.8667644814311615,2.0603782409481615
time_plus_atr,hist_gradient_boosting,42,3,entry_movement,val_eval,0.1,665.0,5981.0,19.885398496240605,10.136711252298944,1.9617209172975818,1.8184373615048994,1.9641499017045874,2.1438273793618525
time_plus_atr,hist_gradient_boosting,42,3,entry_movement,val_eval,0.2,1330.0,5316.0,18.27163157894737,9.320953724604964,1.9602748944794006,1.8559538957358115,1.9597777449601737,2.077354592485663
time_plus_atr,hist_gradient_boosting,42,3,entry_movement,low_n_disclosure,0.05,59.0,1103.0,34.42728813559333,39.816518585675446,0.8646483760631707,0.7361386983644798,0.883027053217126,1.052642692464687
time_plus_atr,hist_gradient_boosting,42,3,entry_movement,low_n_disclosure,0.1,117.0,1045.0,40.15017094017104,39.47488995215312,1.017106595834375,0.8528463239175231,1.0153083414155613,1.1849627438263746
time_plus_atr,hist_gradient_boosting,42,3,entry_movement,low_n_disclosure,0.2,233.0,929.0,38.83030042918458,39.72160387513456,0.9775612422712888,0.8517366048892591,0.9946869668525138,1.1338553998795695
time_plus_atr,hist_gradient_boosting,43,3,entry_movement,val_select,0.05,333.0,6315.0,12.386036036036044,6.060313539192399,2.04379459180368,1.8765286026635355,2.0317348726869247,2.1821351888166047
time_plus_atr,hist_gradient_boosting,43,3,entry_movement,val_select,0.1,665.0,5983.0,11.466345864661655,5.811517633294334,1.9730381267314179,1.8642759143080914,1.9695189549017962,2.094894232791844
time_plus_atr,hist_gradient_boosting,43,3,entry_movement,val_select,0.2,1330.0,5318.0,10.662616541353383,5.30540616773223,2.009764418453765,1.925061832999577,2.003677966951657,2.092210620729306
time_plus_atr,hist_gradient_boosting,43,3,entry_movement,val_eval,0.05,333.0,6313.0,21.689849849849846,10.554211943608426,2.0550894719321136,1.87044208620333,2.048885799865723,2.235117012305725
time_plus_atr,hist_gradient_boosting,43,3,entry_movement,val_eval,0.1,665.0,5981.0,20.012571428571434,10.122571476341747,1.9770244621482178,1.8471276994117876,1.9720938096851635,2.1729554997534057
time_plus_atr,hist_gradient_boosting,43,3,entry_movement,val_eval,0.2,1330.0,5316.0,18.054924812030077,9.37517118133935,1.9258234823452818,1.8180437222185566,1.9263512446467768,2.0386026413519502
time_plus_atr,hist_gradient_boosting,43,3,entry_movement,low_n_disclosure,0.05,59.0,1103.0,41.04288135593232,39.46264732547599,1.0400437917259588,0.8560321511657999,1.0376740753496216,1.227227210047957
time_plus_atr,hist_gradient_boosting,43,3,entry_movement,low_n_disclosure,0.1,117.0,1045.0,40.82675213675222,39.399138755980864,1.0362346342038922,0.8812833306418465,1.0498843111583651,1.219076688794869
time_plus_atr,hist_gradient_boosting,43,3,entry_movement,low_n_disclosure,0.2,233.0,929.0,41.947768240343386,38.93972012917117,1.0772488374645193,0.9346254971610284,1.0750571168447853,1.2381660315522192
time_plus_atr,hist_gradient_boosting,44,3,entry_movement,val_select,0.05,333.0,6315.0,12.722522522522535,6.042570071258908,2.105482000620297,1.9445197921986939,2.0912570449313805,2.242817169508118
time_plus_atr,hist_gradient_boosting,44,3,entry_movement,val_select,0.1,665.0,5983.0,11.746947368421054,5.7803292662543875,2.032228066487464,1.927106456407415,2.0242405010434386,2.1313331391688743
time_plus_atr,hist_gradient_boosting,44,3,entry_movement,val_select,0.2,1330.0,5318.0,10.736947368421054,5.286816472358029,2.0308908819814118,1.9429053395076648,2.015222988175448,2.107773794258363
time_plus_atr,hist_gradient_boosting,44,3,entry_movement,val_eval,0.05,333.0,6313.0,19.98651651651652,10.64405987644543,1.8777155285217157,1.7450580145409744,1.8972473264089975,2.096080115460878
time_plus_atr,hist_gradient_boosting,44,3,entry_movement,val_eval,0.1,665.0,5981.0,20.19712781954887,10.102051496405283,1.9993095290333676,1.8297603860072753,1.9787094735985122,2.139109727315843
time_plus_atr,hist_gradient_boosting,44,3,entry_movement,val_eval,0.2,1330.0,5316.0,18.414067669172933,9.285317908201653,1.9831380951327386,1.8855360009555573,1.9807995265672895,2.10240707085201
time_plus_atr,hist_gradient_boosting,44,3,entry_movement,low_n_disclosure,0.05,59.0,1103.0,43.21745762711873,39.34632819582957,1.0983860402938304,0.8637947042511178,1.0702488637020064,1.2665237897025123
time_plus_atr,hist_gradient_boosting,44,3,entry_movement,low_n_disclosure,0.1,117.0,1045.0,41.540598290598375,39.3192153110048,1.0564961167719908,0.8540638418203542,1.041687702668573,1.211338890360247
time_plus_atr,hist_gradient_boosting,44,3,entry_movement,low_n_disclosure,0.2,233.0,929.0,38.900257510729645,39.70405812701831,0.9797552025106048,0.8467844468659205,1.0023820661522462,1.176092874281621
time_plus_atr,hist_gradient_boosting,42,6,entry_movement,val_select,0.05,333.0,6315.0,15.78432432432433,9.105184481393506,1.7335534888479947,1.5778652202846422,1.751511819305092,1.9296806917450735
time_plus_atr,hist_gradient_boosting,42,6,entry_movement,val_select,0.1,665.0,5983.0,15.321458646616541,8.786002005682766,1.7438487535862905,1.6150920456253592,1.7354598258300715,1.840513978200523
time_plus_atr,hist_gradient_boosting,42,6,entry_movement,val_select,0.2,1330.0,5318.0,14.490984962406017,8.17645919518616,1.772281205896251,1.686612228363987,1.7696746933588972,1.8500642533609988
time_plus_atr,hist_gradient_boosting,42,6,entry_movement,val_eval,0.05,333.0,6313.0,29.99318318318319,15.645981308411217,1.9169895829454286,1.720837757141965,1.8869710117931415,2.081035938981184
time_plus_atr,hist_gradient_boosting,42,6,entry_movement,val_eval,0.1,665.0,5981.0,27.76363909774437,15.097473666610938,1.838959266353648,1.6953140013286294,1.8253387091263245,2.0027778077331524
time_plus_atr,hist_gradient_boosting,42,6,entry_movement,val_eval,0.2,1330.0,5316.0,26.808022556390988,13.752095560571862,1.9493772740535127,1.8016527148685677,1.9367537695436372,2.093042158224874
time_plus_atr,hist_gradient_boosting,42,6,entry_movement,low_n_disclosure,0.05,59.0,1103.0,51.771186440678015,57.64797824116049,0.8980572783333717,0.7265338566639635,0.8816179098903978,1.054317018631131
time_plus_atr,hist_gradient_boosting,42,6,entry_movement,low_n_disclosure,0.1,117.0,1045.0,54.66572649572653,57.65007655502394,0.9482333721369997,0.7633566740957695,0.9399128388770157,1.1663084819186087
time_plus_atr,hist_gradient_boosting,42,6,entry_movement,low_n_disclosure,0.2,233.0,929.0,51.59562231759661,58.79272335844995,0.8775851733049725,0.7255195393676699,0.8766519574103879,1.0410558873624467
time_plus_atr,hist_gradient_boosting,43,6,entry_movement,val_select,0.05,333.0,6315.0,15.936576576576584,9.09715597783056,1.7518196473066356,1.5737326676537404,1.7455784659157092,1.921230035752762
time_plus_atr,hist_gradient_boosting,43,6,entry_movement,val_select,0.1,665.0,5983.0,15.146060150375941,8.805497242186194,1.7200686950207411,1.6029356197260791,1.7044839927652076,1.8190549473801358
time_plus_atr,hist_gradient_boosting,43,6,entry_movement,val_select,0.2,1330.0,5318.0,14.507421052631582,8.172348627303498,1.7751838197605587,1.6843502580017626,1.7653506533720544,1.8516363554811845
time_plus_atr,hist_gradient_boosting,43,6,entry_movement,val_eval,0.05,333.0,6313.0,30.200810810810825,15.635029304609537,1.9316120374591808,1.73955873289574,1.9024409442541361,2.1021698830849207
time_plus_atr,hist_gradient_boosting,43,6,entry_movement,val_eval,0.1,665.0,5981.0,28.28825563909775,15.039143955860228,1.8809751221295283,1.7363414198109994,1.8720315494593,2.054193893155687
time_plus_atr,hist_gradient_boosting,43,6,entry_movement,val_eval,0.2,1330.0,5316.0,26.91718045112783,13.724785553047406,1.9612095465601813,1.8213491087306442,1.952828960591534,2.1225139881960398
time_plus_atr,hist_gradient_boosting,43,6,entry_movement,low_n_disclosure,0.05,59.0,1103.0,55.95271186440683,57.42430643699004,0.9743733156934522,0.8060702190674641,0.9727410509743399,1.1620450314083453
time_plus_atr,hist_gradient_boosting,43,6,entry_movement,low_n_disclosure,0.1,117.0,1045.0,54.5854700854701,57.65906220095695,0.9466936852914017,0.7804590317299024,0.9381651229550462,1.1244748958664734
time_plus_atr,hist_gradient_boosting,43,6,entry_movement,low_n_disclosure,0.2,233.0,929.0,53.426351931330494,58.333562970936505,0.915876713341667,0.7429805956381917,0.9075047890820793,1.0796516750928247
time_plus_atr,hist_gradient_boosting,44,6,entry_movement,val_select,0.05,333.0,6315.0,16.12720720720721,9.087103721298494,1.7747356805676173,1.5975951131662662,1.7573476645994615,1.937842895794967
time_plus_atr,hist_gradient_boosting,44,6,entry_movement,val_select,0.1,665.0,5983.0,15.320210526315787,8.786140732074209,1.7436791639802283,1.63480608448301,1.7416982358430113,1.8489420450822767
time_plus_atr,hist_gradient_boosting,44,6,entry_movement,val_select,0.2,1330.0,5318.0,14.513541353383458,8.170817976682963,1.7762654112232954,1.6955380208906348,1.7727187852062747,1.85012710493437
time_plus_atr,hist_gradient_boosting,44,6,entry_movement,val_eval,0.05,333.0,6313.0,30.09153153153154,15.640793600506893,1.9239133448162324,1.733539079335637,1.9175104951754651,2.139638287016765
time_plus_atr,hist_gradient_boosting,44,6,entry_movement,val_eval,0.1,665.0,5981.0,27.746390977443617,15.099391406119382,1.8375833986394141,1.7076583753048176,1.8209098900278575,1.9780286210485227
time_plus_atr,hist_gradient_boosting,44,6,entry_movement,val_eval,0.2,1330.0,5316.0,27.191360902255646,13.656188863807378,1.9911383163658611,1.844000354914705,1.9737150249673827,2.109144432326377
time_plus_atr,hist_gradient_boosting,44,6,entry_movement,low_n_disclosure,0.05,59.0,1103.0,63.446101694915356,57.02348141432458,1.112631149857809,0.8254560792625095,1.0197907077153672,1.288515177278394
time_plus_atr,hist_gradient_boosting,44,6,entry_movement,low_n_disclosure,0.1,117.0,1045.0,56.8321367521368,57.407521531100485,0.9899771882913988,0.7936779995544059,0.9641625690957526,1.1690469945724322
time_plus_atr,hist_gradient_boosting,44,6,entry_movement,low_n_disclosure,0.2,233.0,929.0,51.68296137339061,58.77081808396125,0.8793983656915448,0.7360349874894893,0.8760232605764549,1.0338274236957778
time_plus_atr,hist_gradient_boosting,42,12,entry_movement,val_select,0.05,333.0,6315.0,20.25570570570571,13.395676959619955,1.5121076573259185,1.3552653650997668,1.5224991735538702,1.6938316745223683
time_plus_atr,hist_gradient_boosting,42,12,entry_movement,val_select,0.1,665.0,5983.0,19.602225563909773,13.087643322747788,1.4977658758348735,1.3680940903380872,1.490609841018636,1.596549235468917
time_plus_atr,hist_gradient_boosting,42,12,entry_movement,val_select,0.2,1330.0,5318.0,18.323909774436093,12.59271342610004,1.4551200487463964,1.375978184789992,1.4511031346445664,1.515672695519207
time_plus_atr,hist_gradient_boosting,42,12,entry_movement,val_eval,0.05,333.0,6313.0,42.900990990991005,22.56048154601616,1.9015990817167052,1.6948659643398354,1.8772264351551469,2.0598123539776894
time_plus_atr,hist_gradient_boosting,42,12,entry_movement,val_eval,0.1,665.0,5981.0,37.933609022556396,21.98369837819763,1.7255335462652235,1.5932031209704662,1.7402489617891228,1.920931686597954
time_plus_atr,hist_gradient_boosting,42,12,entry_movement,val_eval,0.2,1330.0,5316.0,36.75754135338346,20.28269751693003,1.812260983663629,1.6679059000168248,1.8155518947924318,1.9826040562941651
time_plus_atr,hist_gradient_boosting,42,12,entry_movement,low_n_disclosure,0.05,59.0,1103.0,86.51372881355938,83.6364641885766,1.0344020356778278,0.7197814239117216,0.9526929906801833,1.2532219310685455
time_plus_atr,hist_gradient_boosting,42,12,entry_movement,low_n_disclosure,0.1,117.0,1045.0,83.66282051282056,83.79596172248802,0.9984111261816125,0.7723404655533317,0.9671105773822861,1.2225742783003446
time_plus_atr,hist_gradient_boosting,42,12,entry_movement,low_n_disclosure,0.2,233.0,929.0,79.33240343347641,84.89868675995692,0.9344361669313137,0.7507823700946306,0.9112869874810812,1.0732066922858086
time_plus_atr,hist_gradient_boosting,43,12,entry_movement,val_select,0.05,333.0,6315.0,20.675135135135136,13.373559778305621,1.5459709664343833,1.3723422697608445,1.537347129091862,1.7077731704647248
time_plus_atr,hist_gradient_boosting,43,12,entry_movement,val_select,0.1,665.0,5983.0,19.736015037593987,13.07277285642654,1.509703813746891,1.3810499015151891,1.5036969822355934,1.6000912444924589
time_plus_atr,hist_gradient_boosting,43,12,entry_movement,val_select,0.2,1330.0,5318.0,18.632624060150377,12.515505829259121,1.4887631642175,1.4131531178816665,1.489692156282926,1.5564440265888486
time_plus_atr,hist_gradient_boosting,43,12,entry_movement,val_eval,0.05,333.0,6313.0,44.32780780780783,22.485219388563287,1.9714198488254195,1.7435173316615469,1.9528887699168849,2.1799283046253493
time_plus_atr,hist_gradient_boosting,43,12,entry_movement,val_eval,0.1,665.0,5981.0,39.44204511278196,21.81598227721117,1.8079426638507523,1.6558450515939516,1.7913280927147859,1.9642786716042422
time_plus_atr,hist_gradient_boosting,43,12,entry_movement,val_eval,0.2,1330.0,5316.0,38.001533834586475,19.97146538750941,1.9027914625810813,1.7310206641056312,1.8684068311346413,2.0361601488128107
time_plus_atr,hist_gradient_boosting,43,12,entry_movement,low_n_disclosure,0.05,59.0,1103.0,82.4781355932204,83.85233000906616,0.9836117324861792,0.7201585785287853,0.943968176291722,1.2280667835270027
time_plus_atr,hist_gradient_boosting,43,12,entry_movement,low_n_disclosure,0.1,117.0,1045.0,82.24452991452995,83.95475598086124,0.9796291937681153,0.7760441809835941,0.9379489890469632,1.142068609269993
time_plus_atr,hist_gradient_boosting,43,12,entry_movement,low_n_disclosure,0.2,233.0,929.0,78.81034334763953,85.0296232508073,0.9268574919493281,0.756969634338971,0.9202106267710513,1.069430113978956
time_plus_atr,hist_gradient_boosting,44,12,entry_movement,val_select,0.05,333.0,6315.0,20.68120120120121,13.373239904988125,1.5464615417156515,1.3841999347895804,1.5343128883257602,1.7001206773215733
time_plus_atr,hist_gradient_boosting,44,12,entry_movement,val_select,0.1,665.0,5983.0,19.736105263157896,13.072762828012705,1.5097118736727009,1.3970038745372149,1.5017137361714104,1.605302564838874
time_plus_atr,hist_gradient_boosting,44,12,entry_movement,val_select,0.2,1330.0,5318.0,18.53154887218045,12.540784129371946,1.4777025647684543,1.3996002027224257,1.4694604140934515,1.5371313672385976
time_plus_atr,hist_gradient_boosting,44,12,entry_movement,val_eval,0.05,333.0,6313.0,36.61957957957959,22.89181530175828,1.5996800208661,1.4279415958418085,1.5993834717802358,1.7912224040346363
time_plus_atr,hist_gradient_boosting,44,12,entry_movement,val_eval,0.1,665.0,5981.0,36.99469172932332,22.088092292258825,1.6748703889782635,1.528611048387603,1.6465980158194804,1.791858558695205
time_plus_atr,hist_gradient_boosting,44,12,entry_movement,val_eval,0.2,1330.0,5316.0,34.99278947368421,20.724217456734394,1.6884975052369566,1.5503732525959018,1.681562230135751,1.8229622181601464
time_plus_atr,hist_gradient_boosting,44,12,entry_movement,low_n_disclosure,0.05,59.0,1103.0,83.52474576271192,83.79634632819581,0.9967588018167266,0.7012822768181928,0.9257163440845089,1.2584169578122262
time_plus_atr,hist_gradient_boosting,44,12,entry_movement,low_n_disclosure,0.1,117.0,1045.0,81.68512820512827,84.0173875598086,0.9722407537008921,0.7553412762799054,0.9487127155072343,1.1811131895932252
time_plus_atr,hist_gradient_boosting,44,12,entry_movement,low_n_disclosure,0.2,233.0,929.0,79.09090128755368,84.95925726587726,0.930927409594004,0.7454713700309183,0.9163045517508666,1.0797230849676085
time_plus_atr,hist_gradient_boosting,42,24,entry_movement,val_select,0.05,333.0,6315.0,27.485135135135145,19.697719714964368,1.395346036640712,1.2524832284169767,1.3984166790499333,1.550657749726526
time_plus_atr,hist_gradient_boosting,42,24,entry_movement,val_select,0.1,665.0,5983.0,25.887458646616547,19.4431706501755,1.331442238119886,1.2172893293210867,1.336493467935882,1.4376487930368904
time_plus_atr,hist_gradient_boosting,42,24,entry_movement,val_select,0.2,1330.0,5318.0,24.757593984962405,18.91990409928545,1.3085475409940068,1.2263556974083514,1.3113845923439964,1.396690123182989
time_plus_atr,hist_gradient_boosting,42,24,entry_movement,val_eval,0.05,333.0,6313.0,54.36276276276275,33.30955171867575,1.632047264457271,1.32063219072537,1.5994734379737325,1.8445986538668553
time_plus_atr,hist_gradient_boosting,42,24,entry_movement,val_eval,0.1,665.0,5981.0,51.15434586466165,32.497635846848354,1.5740943773798437,1.3795262690786954,1.5581200069578212,1.730489667674782
time_plus_atr,hist_gradient_boosting,42,24,entry_movement,val_eval,0.2,1330.0,5316.0,50.827097744360906,30.245665914221224,1.68047540723719,1.492213180423948,1.6552673314589619,1.8538535119189887
time_plus_atr,hist_gradient_boosting,42,24,entry_movement,low_n_disclosure,0.05,59.0,1103.0,124.45254237288137,121.04921124206709,1.0281152689546114,0.7472884014036592,0.970272980088713,1.2630980416207118
time_plus_atr,hist_gradient_boosting,42,24,entry_movement,low_n_disclosure,0.1,117.0,1045.0,128.64700854700854,120.39069856459328,1.068579301232192,0.7902819866951715,1.0113384950779345,1.276898826371994
time_plus_atr,hist_gradient_boosting,42,24,entry_movement,low_n_disclosure,0.2,233.0,929.0,122.93184549356228,120.79317545748111,1.017705222401691,0.8050636790114278,0.9937435272365244,1.272662288012075
time_plus_atr,hist_gradient_boosting,43,24,entry_movement,val_select,0.05,333.0,6315.0,27.651951951951965,19.688923198733175,1.4044420648525435,1.2680057353174783,1.4084747912808373,1.5595670952740277
time_plus_atr,hist_gradient_boosting,43,24,entry_movement,val_select,0.1,665.0,5983.0,26.133563909774434,19.415816480026745,1.3459935582239515,1.2355680098491761,1.3453898971155216,1.4525843207279192
time_plus_atr,hist_gradient_boosting,43,24,entry_movement,val_select,0.2,1330.0,5318.0,24.486097744360904,18.98780368559609,1.2895697759365266,1.1998604821693346,1.2884327519828502,1.3734979919298986
time_plus_atr,hist_gradient_boosting,43,24,entry_movement,val_eval,0.05,333.0,6313.0,55.25114114114112,33.26269127197846,1.6610544435316459,1.3787109162899942,1.6512193446621104,1.9160942928197044
time_plus_atr,hist_gradient_boosting,43,24,entry_movement,val_eval,0.1,665.0,5981.0,55.02109774436091,32.06770941314162,1.7157788551561712,1.512228297592706,1.7005452664006357,1.9199456840635554
time_plus_atr,hist_gradient_boosting,43,24,entry_movement,val_eval,0.2,1330.0,5316.0,50.724563909774446,30.271318660647108,1.6756641650935635,1.5373821092139948,1.6873054798846412,1.8558654017068328
time_plus_atr,hist_gradient_boosting,43,24,entry_movement,low_n_disclosure,0.05,59.0,1103.0,122.72033898305087,121.14186763372618,1.0130299406815917,0.7438081532768628,0.9807214398277009,1.2823665089190561
time_plus_atr,hist_gradient_boosting,43,24,entry_movement,low_n_disclosure,0.1,117.0,1045.0,117.64094017094021,121.622956937799,0.9672593327187786,0.7600732700700021,0.9508815864905837,1.2183570126300756
time_plus_atr,hist_gradient_boosting,43,24,entry_movement,low_n_disclosure,0.2,233.0,929.0,121.69047210300431,121.10452099031214,1.004838391728902,0.8231559494167789,0.9935628788048483,1.2114778498292134
time_plus_atr,hist_gradient_boosting,44,24,entry_movement,val_select,0.05,333.0,6315.0,28.0051951951952,19.67029612034838,1.4237302287597287,1.2793345869512978,1.4194478422446646,1.5723996937779048
time_plus_atr,hist_gradient_boosting,44,24,entry_movement,val_select,0.1,665.0,5983.0,25.76183458646617,19.457133545044293,1.3240303113933076,1.220682504966955,1.328103965078327,1.435213227260901
time_plus_atr,hist_gradient_boosting,44,24,entry_movement,val_select,0.2,1330.0,5318.0,24.606315789473687,18.957737871380218,1.2979563256131372,1.213959736518432,1.295901934734757,1.3839664601069839
time_plus_atr,hist_gradient_boosting,44,24,entry_movement,val_eval,0.05,333.0,6313.0,46.54654654654654,33.721843814351345,1.3803084672000425,1.183443889976027,1.3515550207264218,1.505876403090883
time_plus_atr,hist_gradient_boosting,44,24,entry_movement,val_eval,0.1,665.0,5981.0,46.5127067669173,33.01371844173215,1.4088902723578474,1.2278874452901891,1.3913767566951167,1.5194980125842925
time_plus_atr,hist_gradient_boosting,44,24,entry_movement,val_eval,0.2,1330.0,5316.0,45.91972180451128,31.473433032355157,1.4589994601893326,1.3263443658850533,1.4628043782286881,1.574431882521838
time_plus_atr,hist_gradient_boosting,44,24,entry_movement,low_n_disclosure,0.05,59.0,1103.0,115.6661016949153,121.51920217588392,0.9518339457784047,0.7150797178859908,0.9381395473958174,1.237886825117935
time_plus_atr,hist_gradient_boosting,44,24,entry_movement,low_n_disclosure,0.1,117.0,1045.0,129.52760683760687,120.29210526315786,1.0767756250856604,0.7807282294604349,1.006410679719676,1.2628034664230032
time_plus_atr,hist_gradient_boosting,44,24,entry_movement,low_n_disclosure,0.2,233.0,929.0,118.05356223175967,122.0166846071044,0.967519832323702,0.8138887632437781,0.9745870150040237,1.1364060721332956
time_plus_atr,extra_trees_small,42,3,entry_movement,val_select,0.05,333.0,6315.0,12.535885885885886,6.052411718131433,2.0712216005285415,1.9234328094663091,2.0848568452063008,2.2604332553051454
time_plus_atr,extra_trees_small,42,3,entry_movement,val_select,0.1,665.0,5983.0,11.969578947368422,5.755584155106133,2.079646240034467,1.9640188500988691,2.074328753699361,2.1839166382896806
time_plus_atr,extra_trees_small,42,3,entry_movement,val_select,0.2,1330.0,5318.0,10.613511278195489,5.317687100413689,1.9958886406403662,1.9137968333421906,1.9912957136131606,2.0816956448317705
time_plus_atr,extra_trees_small,42,3,entry_movement,val_eval,0.05,333.0,6313.0,24.820390390390404,10.389081260890224,2.3890842478850325,2.182321258175156,2.3773894774350603,2.582363649256306
time_plus_atr,extra_trees_small,42,3,entry_movement,val_eval,0.1,665.0,5981.0,21.425368421052635,9.965489048654069,2.149956546683108,2.017790866012231,2.1504053106555823,2.300213621067748
time_plus_atr,extra_trees_small,42,3,entry_movement,val_eval,0.2,1330.0,5316.0,19.4095037593985,9.036271632806619,2.1479548809634457,2.0158720009526667,2.1472846797506655,2.264341403792184
time_plus_atr,extra_trees_small,42,3,entry_movement,low_n_disclosure,0.05,59.0,1103.0,63.81881355932206,38.24435176790573,1.6687121263453644,1.2672642590279581,1.5356607145684076,1.9244151403371845
time_plus_atr,extra_trees_small,42,3,entry_movement,low_n_disclosure,0.1,117.0,1045.0,57.89854700854705,37.48775119617226,1.5444657297677236,1.270318157131473,1.4797750073687117,1.8582685344254364
time_plus_atr,extra_trees_small,42,3,entry_movement,low_n_disclosure,0.2,233.0,929.0,50.31716738197431,36.840613562970944,1.3658069862481566,1.2216571827503966,1.3618821122583062,1.540487070435221
time_plus_atr,extra_trees_small,43,3,entry_movement,val_select,0.05,333.0,6315.0,12.56486486486487,6.050883610451307,2.0765338872429107,1.8984047892665983,2.0621490106893434,2.242820423415155
time_plus_atr,extra_trees_small,43,3,entry_movement,val_select,0.1,665.0,5983.0,11.782601503759402,5.776366371385593,2.0397946989870515,1.900103063475505,2.0300523888049242,2.130837020346424
time_plus_atr,extra_trees_small,43,3,entry_movement,val_select,0.2,1330.0,5318.0,10.591781954887216,5.323121474238436,1.9897689741154279,1.9160431459544756,1.9876891070902598,2.078232144354119
time_plus_atr,extra_trees_small,43,3,entry_movement,val_eval,0.05,333.0,6313.0,24.400570570570586,10.41122604150166,2.3436788782900324,2.1415661842154305,2.3277361449286307,2.510564503399192
time_plus_atr,extra_trees_small,43,3,entry_movement,val_eval,0.1,665.0,5981.0,21.27463157894737,9.982248787828121,2.1312463785603746,1.9876728591163055,2.1137008969834734,2.251952486702743
time_plus_atr,extra_trees_small,43,3,entry_movement,val_eval,0.2,1330.0,5316.0,19.23201503759399,9.080677200902933,2.117905373365949,1.98053262947572,2.1023326623592853,2.2125977393036433
time_plus_atr,extra_trees_small,43,3,entry_movement,low_n_disclosure,0.05,59.0,1103.0,49.116101694915336,39.030806890299196,1.2583931926634795,1.1144233426937433,1.2897610635203889,1.5085695610207757
time_plus_atr,extra_trees_small,43,3,entry_movement,low_n_disclosure,0.1,117.0,1045.0,51.23632478632486,38.23366507177034,1.340084051323528,1.1670840403438179,1.3237232027239023,1.5156801234995498
time_plus_atr,extra_trees_small,43,3,entry_movement,low_n_disclosure,0.2,233.0,929.0,47.410257510729664,37.56968783638321,1.2619284386179184,1.1472376467215117,1.2486351421965427,1.3561448058204753
time_plus_atr,extra_trees_small,44,3,entry_movement,val_select,0.05,333.0,6315.0,12.522732732732738,6.053105304829771,2.0688113128877594,1.9095811706991088,2.070848330802349,2.219509585319909
time_plus_atr,extra_trees_small,44,3,entry_movement,val_select,0.1,665.0,5983.0,11.839864661654138,5.770001671402306,2.051969017675631,1.9356046303695125,2.0508382341376077,2.175853381929709
time_plus_atr,extra_trees_small,44,3,entry_movement,val_select,0.2,1330.0,5318.0,10.618699248120302,5.3163896201579535,1.9973515875995584,1.917565853000673,1.9954927839322754,2.083917472566162
time_plus_atr,extra_trees_small,44,3,entry_movement,val_eval,0.05,333.0,6313.0,24.78459459459461,10.390969428164103,2.3852052270905006,2.1778748006669573,2.372192959480269,2.5715972319544265
time_plus_atr,extra_trees_small,44,3,entry_movement,val_eval,0.1,665.0,5981.0,21.399654135338356,9.968348102324024,2.146760317323713,2.001839537201676,2.132714014745635,2.3065549927628903
time_plus_atr,extra_trees_small,44,3,entry_movement,val_eval,0.2,1330.0,5316.0,19.515744360902257,9.00969149736644,2.166083529786427,1.9979283599459325,2.1560168079676574,2.303506008608158
time_plus_atr,extra_trees_small,44,3,entry_movement,low_n_disclosure,0.05,59.0,1103.0,50.47745762711875,38.957987307343615,1.2956895649895062,1.0248972499563176,1.2541514906368212,1.5481185845380467
time_plus_atr,extra_trees_small,44,3,entry_movement,low_n_disclosure,0.1,117.0,1045.0,46.551538461538556,38.758181818181825,1.2010764250995074,1.0379395545741963,1.1795644425373486,1.327678937334991
time_plus_atr,extra_trees_small,44,3,entry_movement,low_n_disclosure,0.2,233.0,929.0,45.11051502145926,38.14648008611412,1.1825603547070167,1.038077159520699,1.1751917041394062,1.3120648251439457
time_plus_atr,extra_trees_small,42,6,entry_movement,val_select,0.05,333.0,6315.0,16.366846846846848,9.074467141726048,1.8036151975898522,1.6426127420971377,1.7799929634497402,1.9766801991624696
time_plus_atr,extra_trees_small,42,6,entry_movement,val_select,0.1,665.0,5983.0,15.5829022556391,8.756943005181347,1.7794911130995075,1.658388324360705,1.7752013142472753,1.8841554610053888
time_plus_atr,extra_trees_small,42,6,entry_movement,val_select,0.2,1330.0,5318.0,14.821526315789471,8.093792779240315,1.8312213717412003,1.7466537586626756,1.8205980604600263,1.9036042593257265
time_plus_atr,extra_trees_small,42,6,entry_movement,val_eval,0.05,333.0,6313.0,34.73324324324328,15.395951211785205,2.2559985262005684,2.0556800539174636,2.235496051136664,2.434792233511134
time_plus_atr,extra_trees_small,42,6,entry_movement,val_eval,0.1,665.0,5981.0,31.619187969924837,14.668792844006019,2.1555412436576273,1.9829852671959798,2.14150948041597,2.31478259269548
time_plus_atr,extra_trees_small,42,6,entry_movement,val_eval,0.2,1330.0,5316.0,28.52754887218046,13.321890519187361,2.1414039419624844,1.9801987798463814,2.1263777780053825,2.2652190519669033
time_plus_atr,extra_trees_small,42,6,entry_movement,low_n_disclosure,0.05,59.0,1103.0,67.16355932203386,56.824632819582966,1.1819444489025872,1.0237545706322466,1.1761017889939405,1.3588392452002145
time_plus_atr,extra_trees_small,42,6,entry_movement,low_n_disclosure,0.1,117.0,1045.0,64.1957264957265,56.58308133971294,1.1345392469934403,0.9978840048378558,1.1130460017341894,1.29084151423993
time_plus_atr,extra_trees_small,42,6,entry_movement,low_n_disclosure,0.2,233.0,929.0,62.8900858369099,55.95998923573736,1.1238402061154582,0.9869888869288874,1.1204584364166168,1.2777539490952436
time_plus_atr,extra_trees_small,43,6,entry_movement,val_select,0.05,333.0,6315.0,16.15204204204204,9.085794140934283,1.7777248517300375,1.6263059436727485,1.7679303558124002,1.9698423275675057
time_plus_atr,extra_trees_small,43,6,entry_movement,val_select,0.1,665.0,5983.0,15.668947368421053,8.747379241183351,1.791273355869883,1.6778958248569429,1.7827622729469725,1.8940404275811586
time_plus_atr,extra_trees_small,43,6,entry_movement,val_select,0.2,1330.0,5318.0,14.624676691729325,8.143023693117712,1.7959761929821905,1.7095481557220726,1.790769058451945,1.8743855162207284
time_plus_atr,extra_trees_small,43,6,entry_movement,val_eval,0.05,333.0,6313.0,36.20924924924928,15.318094408363695,2.3638220449587384,2.131314684429638,2.3422980658246173,2.5561826996420067
time_plus_atr,extra_trees_small,43,6,entry_movement,val_eval,0.1,665.0,5981.0,32.19517293233085,14.604751713760244,2.2044313770837567,2.0459203789378595,2.2048252942901234,2.3717206277378167
time_plus_atr,extra_trees_small,43,6,entry_movement,val_eval,0.2,1330.0,5316.0,29.01021804511279,13.201132430398797,2.197555262631087,2.027382568985956,2.189378095315168,2.3296381641747335
time_plus_atr,extra_trees_small,43,6,entry_movement,low_n_disclosure,0.05,59.0,1103.0,64.67,56.95801450589303,1.135397723410971,0.9110378158746478,1.1052049051577049,1.321678683327012
time_plus_atr,extra_trees_small,43,6,entry_movement,low_n_disclosure,0.1,117.0,1045.0,62.888119658119656,56.729483253588526,1.1085614754677244,0.9609383285509887,1.0869851874959369,1.2642201386806455
time_plus_atr,extra_trees_small,43,6,entry_movement,low_n_disclosure,0.2,233.0,929.0,60.011888412017214,56.68186221743811,1.0587494140860219,0.9045277497265605,1.0596090506359173,1.2102294704926964
time_plus_atr,extra_trees_small,44,6,entry_movement,val_select,0.05,333.0,6315.0,16.30714714714715,9.077615201900237,1.7964131310317646,1.616103581520236,1.774998581948382,1.9663512936373861
time_plus_atr,extra_trees_small,44,6,entry_movement,val_select,0.1,665.0,5983.0,15.698796992481205,8.744061507604881,1.795366715893713,1.6915401786295339,1.7937284482278617,1.9001219564819485
time_plus_atr,extra_trees_small,44,6,entry_movement,val_select,0.2,1330.0,5318.0,14.743112781954887,8.113403535163595,1.817130470345527,1.7334280462473801,1.8173173403509915,1.8875396838316516
time_plus_atr,extra_trees_small,44,6,entry_movement,val_eval,0.05,333.0,6313.0,35.35507507507511,15.363150641533345,2.3012906597097875,2.1096453283103904,2.2899208024161255,2.5202696274751255
time_plus_atr,extra_trees_small,44,6,entry_movement,val_eval,0.1,665.0,5981.0,32.13541353383461,14.611396087610771,2.199339018745972,2.0415891924595546,2.1923570900841653,2.3655636244509175
time_plus_atr,extra_trees_small,44,6,entry_movement,val_eval,0.2,1330.0,5316.0,29.2209172932331,13.148417983446201,2.222390353730928,2.0554839088228367,2.203860846607853,2.364331936197363
time_plus_atr,extra_trees_small,44,6,entry_movement,low_n_disclosure,0.05,59.0,1103.0,64.66610169491524,56.95822302810519,1.135325125276586,0.9406558215318003,1.1454070426011747,1.329981756037929
time_plus_atr,extra_trees_small,44,6,entry_movement,low_n_disclosure,0.1,117.0,1045.0,64.5080341880342,56.548114832535894,1.1407636555006504,0.9851171960386069,1.117957796206753,1.2928140782043325
time_plus_atr,extra_trees_small,44,6,entry_movement,low_n_disclosure,0.2,233.0,929.0,62.74836909871247,55.995532831001086,1.1205959819704185,0.9745042548602971,1.108707009098393,1.2706207038697954
time_plus_atr,extra_trees_small,42,12,entry_movement,val_select,0.05,333.0,6315.0,21.081021021021023,13.352156769596201,1.5788476262519617,1.407330685831414,1.5673532801168224,1.762888404812369
time_plus_atr,extra_trees_small,42,12,entry_movement,val_select,0.1,665.0,5983.0,20.3672030075188,13.002617416012034,1.5663925466604645,1.4326646657733035,1.5614439731313359,1.6593528202063998
time_plus_atr,extra_trees_small,42,12,entry_movement,val_select,0.2,1330.0,5318.0,18.95948120300752,12.433760812335466,1.5248388230371879,1.4263215382671295,1.52314798396291,1.6008307345728339
time_plus_atr,extra_trees_small,42,12,entry_movement,val_eval,0.05,333.0,6313.0,47.44735735735737,22.32066846190401,2.1257139963499996,1.9030493017358943,2.0802693033794437,2.3149962849116763
time_plus_atr,extra_trees_small,42,12,entry_movement,val_eval,0.1,665.0,5981.0,45.70508270676692,21.119623808727642,2.1641049632654625,1.9251237061344175,2.10719293043972,2.3267323660905577
time_plus_atr,extra_trees_small,42,12,entry_movement,val_eval,0.2,1330.0,5316.0,41.35245864661655,19.133103837471786,2.161304250365726,1.999238007589107,2.1442777126057617,2.3379323193143393
time_plus_atr,extra_trees_small,42,12,entry_movement,low_n_disclosure,0.05,59.0,1103.0,82.86406779661013,83.83168631006346,0.9884576040869028,0.8547678741215038,0.9905195202655704,1.1374111145715118
time_plus_atr,extra_trees_small,42,12,entry_movement,low_n_disclosure,0.1,117.0,1045.0,81.71452991452993,84.0140956937799,0.9726288099602766,0.8442029784451893,0.9568517878695271,1.0815285935441827
time_plus_atr,extra_trees_small,42,12,entry_movement,low_n_disclosure,0.2,233.0,929.0,81.27695278969958,84.41097954790094,0.9628718115227785,0.8532244564935674,0.960603716860926,1.0613688645730377
time_plus_atr,extra_trees_small,43,12,entry_movement,val_select,0.05,333.0,6315.0,20.52786786786787,13.38132541567696,1.5340683549791219,1.379883882390601,1.5441041745702166,1.7199599003381207
time_plus_atr,extra_trees_small,43,12,entry_movement,val_select,0.1,665.0,5983.0,20.34311278195489,13.005295002507102,1.564217711173275,1.4321698194964851,1.5651551159230315,1.6632759450538368
time_plus_atr,extra_trees_small,43,12,entry_movement,val_select,0.2,1330.0,5318.0,18.881812030075185,12.45318540804814,1.5162234730619528,1.4161131104262712,1.5172468054361619,1.5975049941600643
time_plus_atr,extra_trees_small,43,12,entry_movement,val_eval,0.05,333.0,6313.0,46.81543543543544,22.354001267226366,2.094275421916185,1.8613235500105756,2.062654046539433,2.308193431332819
time_plus_atr,extra_trees_small,43,12,entry_movement,val_eval,0.1,665.0,5981.0,45.616225563909786,21.129503427520486,2.158887724000941,1.9606253976516272,2.1470620646460237,2.3858817149855236
time_plus_atr,extra_trees_small,43,12,entry_movement,val_eval,0.2,1330.0,5316.0,42.690849624060164,18.798254326561327,2.2710007473268075,2.0843495260531095,2.2436473303211484,2.4409906997890385
time_plus_atr,extra_trees_small,43,12,entry_movement,low_n_disclosure,0.05,59.0,1103.0,73.94305084745764,84.308875793291,0.8770494227529692,0.754722441791795,0.876111583809679,1.0169573271397907
time_plus_atr,extra_trees_small,43,12,entry_movement,low_n_disclosure,0.1,117.0,1045.0,78.94888888888886,84.32374162679425,0.9362593187373756,0.8135263554999175,0.9288864070633125,1.05554133425952
time_plus_atr,extra_trees_small,43,12,entry_movement,low_n_disclosure,0.2,233.0,929.0,74.98536480686697,85.98895586652313,0.8720348334414416,0.7945050623379282,0.8819168847943141,0.9744819593132464
time_plus_atr,extra_trees_small,44,12,entry_movement,val_select,0.05,333.0,6315.0,20.081561561561568,13.404859857482185,1.4980806793256143,1.3506773738797146,1.499069407327748,1.6750388511725414
time_plus_atr,extra_trees_small,44,12,entry_movement,val_select,0.1,665.0,5983.0,20.180421052631583,13.023377904061507,1.5495535183954128,1.4309326737749328,1.5459510146314854,1.6365357883752416
time_plus_atr,extra_trees_small,44,12,entry_movement,val_select,0.2,1330.0,5318.0,18.890345864661658,12.451051147047762,1.5171687628269603,1.4285172945515778,1.5137445574668436,1.5869190672820361
time_plus_atr,extra_trees_small,44,12,entry_movement,val_eval,0.05,333.0,6313.0,48.79753753753754,22.249448756534143,2.193202091049867,1.9447488351106132,2.168494453294791,2.433168151703955
time_plus_atr,extra_trees_small,44,12,entry_movement,val_eval,0.1,665.0,5981.0,47.25387969924813,20.9474201638522,2.2558329058960456,1.9984680426008974,2.2165039229693746,2.477509415778311
time_plus_atr,extra_trees_small,44,12,entry_movement,val_eval,0.2,1330.0,5316.0,43.77044360902257,18.52815274642589,2.3623749333276605,2.1573626545840625,2.3351134376373706,2.546399641152429
time_plus_atr,extra_trees_small,44,12,entry_movement,low_n_disclosure,0.05,59.0,1103.0,76.53542372881363,84.17020852221214,0.9092935026841032,0.75868467508769,0.9147258416219257,1.0837356815035333
time_plus_atr,extra_trees_small,44,12,entry_movement,low_n_disclosure,0.1,117.0,1045.0,78.79649572649575,84.34080382775119,0.9342630393637397,0.8209040359072226,0.9243523890187496,1.014084355746543
time_plus_atr,extra_trees_small,44,12,entry_movement,low_n_disclosure,0.2,233.0,929.0,75.02669527896995,85.9785898815931,0.8726206766393153,0.7731580374489276,0.8678390570880997,0.9853606141883952
time_plus_atr,extra_trees_small,42,24,entry_movement,val_select,0.05,333.0,6315.0,28.45093093093093,19.64679176563737,1.4481209588983466,1.270855761261249,1.4506011517586732,1.6522878571361859
time_plus_atr,extra_trees_small,42,24,entry_movement,val_select,0.1,665.0,5983.0,26.883563909774434,19.3324552899883,1.390592322936685,1.2573023325905983,1.3780305593489384,1.5194325763585175
time_plus_atr,extra_trees_small,42,24,entry_movement,val_select,0.2,1330.0,5318.0,25.12895488721804,18.82702895825498,1.3347275846303879,1.235568546518337,1.3382004522837678,1.4346583648458098
time_plus_atr,extra_trees_small,42,24,entry_movement,val_eval,0.05,333.0,6313.0,62.38387387387388,32.886451766196735,1.8969475429391536,1.6959840212530397,1.8875682879198452,2.1178315018590745
time_plus_atr,extra_trees_small,42,24,entry_movement,val_eval,0.1,665.0,5981.0,63.0803157894737,31.17164186590871,2.0236443130210073,1.8261564463040314,2.0068429696694636,2.2442454995072336
time_plus_atr,extra_trees_small,42,24,entry_movement,val_eval,0.2,1330.0,5316.0,61.61754887218046,27.54602332580888,2.236894528962688,1.9839488578208466,2.2232977941856826,2.464907086280928
time_plus_atr,extra_trees_small,42,24,entry_movement,low_n_disclosure,0.05,59.0,1103.0,139.69932203389834,120.23365367180415,1.1618986678657264,0.9040091652934344,1.160086062308551,1.4400678157196518
time_plus_atr,extra_trees_small,42,24,entry_movement,low_n_disclosure,0.1,117.0,1045.0,131.12914529914534,120.11279425837317,1.0917167160150736,0.8691875493953147,1.0817159077139,1.3030539182633438
time_plus_atr,extra_trees_small,42,24,entry_movement,low_n_disclosure,0.2,233.0,929.0,126.47772532188843,119.90384284176533,1.0548262868338467,0.9151048154201836,1.0274395990325953,1.1692214194550137
time_plus_atr,extra_trees_small,43,24,entry_movement,val_select,0.05,333.0,6315.0,28.540720720720724,19.64205700712589,1.453041334233299,1.2669755039647852,1.4556663676195392,1.6912473207790055
time_plus_atr,extra_trees_small,43,24,entry_movement,val_select,0.1,665.0,5983.0,27.110240601503765,19.307260571619587,1.4041474449955915,1.2714005926444862,1.3937301729552842,1.5232479191395438
time_plus_atr,extra_trees_small,43,24,entry_movement,val_select,0.2,1330.0,5318.0,25.580586466165414,18.71407860097781,1.366916694729968,1.2555551249362142,1.3667320824577698,1.460365919874902
time_plus_atr,extra_trees_small,43,24,entry_movement,val_eval,0.05,333.0,6313.0,61.267417417417406,32.94534294313322,1.859668528057843,1.6894263511155065,1.841613103245276,2.0579538878732344
time_plus_atr,extra_trees_small,43,24,entry_movement,val_eval,0.1,665.0,5981.0,61.63204511278195,31.33266845009196,1.9670219027451226,1.7960857756932374,1.9433676644751388,2.117654998678741
time_plus_atr,extra_trees_small,43,24,entry_movement,val_eval,0.2,1330.0,5316.0,59.156609022556395,28.161721218961627,2.100603459660894,1.8758594876126202,2.0814631494511087,2.291236845777631
time_plus_atr,extra_trees_small,43,24,entry_movement,low_n_disclosure,0.05,59.0,1103.0,98.64406779661012,122.42971894832274,0.8057199562652554,0.6914855068624062,0.8080934649849449,0.9217879028861496
time_plus_atr,extra_trees_small,43,24,entry_movement,low_n_disclosure,0.1,117.0,1045.0,105.35999999999996,122.99795215311002,0.856599627519375,0.7552314561037105,0.855341450373633,0.9510460130957463
time_plus_atr,extra_trees_small,43,24,entry_movement,low_n_disclosure,0.2,233.0,929.0,108.56901287553646,124.39547900968782,0.872772979692302,0.7534590692407446,0.868050716952199,0.9979681655097621
time_plus_atr,extra_trees_small,44,24,entry_movement,val_select,0.05,333.0,6315.0,28.790450450450454,19.62888836104513,1.4667387129057734,1.2603438614841758,1.4639856143802938,1.69430242645026
time_plus_atr,extra_trees_small,44,24,entry_movement,val_select,0.1,665.0,5983.0,26.61472180451128,19.362336620424536,1.3745614657084568,1.2449217906079197,1.378510247292669,1.5095926729255418
time_plus_atr,extra_trees_small,44,24,entry_movement,val_select,0.2,1330.0,5318.0,25.207684210526317,18.80733922527266,1.3403110301032424,1.2339953951678682,1.3418023622644857,1.4354522717709053
time_plus_atr,extra_trees_small,44,24,entry_movement,val_eval,0.05,333.0,6313.0,67.64051051051051,32.60917313480121,2.0742786157408912,1.8396887164724698,2.0712770995294036,2.392423360781891
time_plus_atr,extra_trees_small,44,24,entry_movement,val_eval,0.1,665.0,5981.0,66.27589473684209,30.81634007691022,2.1506737844738635,1.8807281280445869,2.121169629845662,2.451807864926622
time_plus_atr,extra_trees_small,44,24,entry_movement,val_eval,0.2,1330.0,5316.0,60.782007518796995,27.755065838976673,2.189942833190484,1.9276208550850582,2.1693270921158136,2.382428513893774
time_plus_atr,extra_trees_small,44,24,entry_movement,low_n_disclosure,0.05,59.0,1103.0,126.99050847457633,120.91345421577513,1.050259537271646,0.7634921808170206,1.0169114650255557,1.3003122267962584
time_plus_atr,extra_trees_small,44,24,entry_movement,low_n_disclosure,0.1,117.0,1045.0,125.10504273504277,120.78726315789471,1.0357469774897028,0.8157548015915557,1.0094909095877111,1.2570898212403985
time_plus_atr,extra_trees_small,44,24,entry_movement,low_n_disclosure,0.2,233.0,929.0,120.69163090128758,121.35503767491925,0.994533339642572,0.8273298280442694,0.9824338182350737,1.1738340945927273
fractal_density_only,ridge_regression,42,3,entry_movement,val_select,0.05,333.0,6315.0,7.975165165165164,6.2929057798891535,1.2673263265202808,1.1302027533854997,1.255818094528042,1.3987865200467988
fractal_density_only,ridge_regression,42,3,entry_movement,val_select,0.1,665.0,5983.0,7.633187969924815,6.237566438241685,1.2237445557496207,1.1302635411520923,1.218467456364134,1.316424151961282
fractal_density_only,ridge_regression,42,3,entry_movement,val_select,0.2,1330.0,5318.0,7.267,6.154629559984957,1.1807371880262705,1.1072630743218341,1.1718143801156822,1.2689799638825157
fractal_density_only,ridge_regression,42,3,entry_movement,val_eval,0.05,333.0,6313.0,13.271531531531524,10.998263899889118,1.2066933156300537,1.0205803253649128,1.1813929759407888,1.4041445675256088
fractal_density_only,ridge_regression,42,3,entry_movement,val_eval,0.1,665.0,5981.0,12.985037593984956,10.903930780805887,1.1908584028103357,1.048888052965998,1.1747602042243073,1.3532353073670682
fractal_density_only,ridge_regression,42,3,entry_movement,val_eval,0.2,1330.0,5316.0,12.961413533834584,10.649507148231754,1.2170904581238484,1.0930610902450608,1.1928919311264488,1.3512290815178072
fractal_density_only,ridge_regression,42,3,entry_movement,low_n_disclosure,0.05,59.0,1103.0,73.5174576271187,37.725566636446075,1.9487436288390867,1.0799529712422242,1.7768189653707562,2.5088171178795493
fractal_density_only,ridge_regression,42,3,entry_movement,low_n_disclosure,0.1,117.0,1045.0,68.9098290598291,36.25490909090911,1.9007034023182305,1.2192832526792206,1.792340441783392,2.4568667894114014
fractal_density_only,ridge_regression,42,3,entry_movement,low_n_disclosure,0.2,233.0,929.0,54.997296137339085,35.666803013993565,1.5419743708389386,1.1243741569107983,1.551155354788055,1.9839386497893037
fractal_density_only,ridge_regression,42,6,entry_movement,val_select,0.05,333.0,6315.0,11.771111111111118,9.316807600950119,1.263427518875748,1.092644460679512,1.2555545330272933,1.4292868176136178
fractal_density_only,ridge_regression,42,6,entry_movement,val_select,0.1,665.0,5983.0,10.924360902255637,9.274731739929802,1.177862735934864,1.0857863855279979,1.1780387057915607,1.2732393378157632
fractal_density_only,ridge_regression,42,6,entry_movement,val_select,0.2,1330.0,5318.0,10.696105263157893,9.125535915757803,1.1721070808222958,1.0893550674354924,1.1611226431847872,1.2505402586287842
fractal_density_only,ridge_regression,42,6,entry_movement,val_eval,0.05,333.0,6313.0,19.213963963963963,16.214566766988757,1.1849816427461806,1.0013828769230204,1.1603270361770572,1.3795711148145242
fractal_density_only,ridge_regression,42,6,entry_movement,val_eval,0.1,665.0,5981.0,19.3054135338346,16.03790503260325,1.2037366161346432,1.0487056989028412,1.1877597065772545,1.3839593715278653
fractal_density_only,ridge_regression,42,6,entry_movement,val_eval,0.2,1330.0,5316.0,18.698631578947378,15.780968773513921,1.1848848982155222,1.0580076448871774,1.1642045875144775,1.312191210280172
fractal_density_only,ridge_regression,42,6,entry_movement,low_n_disclosure,0.05,59.0,1103.0,104.61050847457642,54.82157751586583,1.908199530454979,1.202893133920072,1.779026901283733,2.4436948875915263
fractal_density_only,ridge_regression,42,6,entry_movement,low_n_disclosure,0.1,117.0,1045.0,101.00615384615396,52.46172248803828,1.9253304896571823,1.2986075828376697,1.7963372652531038,2.4647577690417966
fractal_density_only,ridge_regression,42,6,entry_movement,low_n_disclosure,0.2,233.0,929.0,81.71768240343353,51.23789020452099,1.5948682132939023,1.221809600856143,1.5778287389593384,2.0464959572058485
fractal_density_only,ridge_regression,42,12,entry_movement,val_select,0.05,333.0,6315.0,16.37741741741742,13.600185273159147,1.204205464004915,1.0393979826646287,1.18336797383446,1.3711241236281493
fractal_density_only,ridge_regression,42,12,entry_movement,val_select,0.1,665.0,5983.0,15.462496240601494,13.54776700651847,1.1413317215421375,1.033415717288155,1.1345758244901258,1.2399999898718423
fractal_density_only,ridge_regression,42,12,entry_movement,val_select,0.2,1330.0,5318.0,15.339127819548873,13.339189544941707,1.1499295191712418,1.0571104944669498,1.1429203707662006,1.2223399197333678
fractal_density_only,ridge_regression,42,12,entry_movement,val_eval,0.05,333.0,6313.0,27.829909909909922,23.35545540947252,1.1915807001829068,1.0115213855725875,1.177432537506162,1.413436718699333
fractal_density_only,ridge_regression,42,12,entry_movement,val_eval,0.1,665.0,5981.0,28.208105263157915,23.06503260324361,1.2229813739431281,1.027600112420269,1.2046892462822991,1.4159793121413076
fractal_density_only,ridge_regression,42,12,entry_movement,val_eval,0.2,1330.0,5316.0,27.339022556390994,22.639098946576375,1.2076020614117846,1.0727358983078912,1.19311873339362,1.343910484779162
fractal_density_only,ridge_regression,42,12,entry_movement,low_n_disclosure,0.05,59.0,1103.0,168.57559322033921,79.24693563009971,2.127219076422061,1.3288984146106524,2.152188058030828,2.9579804128318363
fractal_density_only,ridge_regression,42,12,entry_movement,low_n_disclosure,0.1,117.0,1045.0,160.84965811965827,75.15399043062197,2.140267698335271,1.4026890727507604,2.032813653915966,2.814077405653952
fractal_density_only,ridge_regression,42,12,entry_movement,low_n_disclosure,0.2,233.0,929.0,129.21536480686697,72.38767491926801,1.7850464868636453,1.3069031020330117,1.7487372414586422,2.3241914357216378
fractal_density_only,ridge_regression,42,24,entry_movement,val_select,0.05,333.0,6315.0,22.816396396396385,19.94390973871734,1.1440282620264097,1.0153470163748635,1.1366846279543745,1.2957017440571605
fractal_density_only,ridge_regression,42,24,entry_movement,val_select,0.1,665.0,5983.0,21.923127819548863,19.883799097442758,1.1025623278585823,1.0085724006102332,1.0989523203781033,1.1883338419719376
fractal_density_only,ridge_regression,42,24,entry_movement,val_select,0.2,1330.0,5318.0,21.46181203007519,19.744159458443026,1.0869954770800667,1.0033931151835394,1.0795749978624032,1.161150761006094
fractal_density_only,ridge_regression,42,24,entry_movement,val_eval,0.05,333.0,6313.0,40.54240240240241,34.038552193885636,1.1910730565586471,0.9866841089974345,1.1618403488301365,1.3750566323728195
fractal_density_only,ridge_regression,42,24,entry_movement,val_eval,0.1,665.0,5981.0,41.47045112781956,33.57434375522488,1.2351827761746161,1.0041807789342865,1.2050211368424273,1.4258131574766055
fractal_density_only,ridge_regression,42,24,entry_movement,val_eval,0.2,1330.0,5316.0,41.15131578947369,32.66643152746426,1.2597432246272684,1.0963109863728304,1.237904691901087,1.4449764846664608
fractal_density_only,ridge_regression,42,24,entry_movement,low_n_disclosure,0.05,59.0,1103.0,236.33745762711877,115.06443336355392,2.053957515094125,1.2854650931308336,2.1450228390228148,3.1722973525527105
fractal_density_only,ridge_regression,42,24,entry_movement,low_n_disclosure,0.1,117.0,1045.0,244.4550427350428,107.42463157894733,2.275595821386556,1.4344676991630543,2.1219304410200346,2.8850809316737527
fractal_density_only,ridge_regression,42,24,entry_movement,low_n_disclosure,0.2,233.0,929.0,195.62811158798283,102.56041980624325,1.9074425783120108,1.392627956843581,1.8619568585369466,2.472264155602275
fractal_density_only,hist_gradient_boosting,42,3,entry_movement,val_select,0.05,333.0,6315.0,7.016486486486489,6.343458432304037,1.1060979686971792,1.0159276927207668,1.0987991050269248,1.2152938310494952
fractal_density_only,hist_gradient_boosting,42,3,entry_movement,val_select,0.1,665.0,5983.0,6.929488721804512,6.315781380578305,1.0971704535425215,1.0182517537705136,1.0909823194526416,1.1554702759689
fractal_density_only,hist_gradient_boosting,42,3,entry_movement,val_select,0.2,1330.0,5318.0,6.6684436090225585,6.304324934185783,1.0577569650419363,0.9983001019520469,1.0543262084347702,1.1125435504167545
fractal_density_only,hist_gradient_boosting,42,3,entry_movement,val_eval,0.05,333.0,6313.0,13.27123123123122,10.998279740218596,1.2066642733863984,1.0937675453513427,1.2033963459548198,1.3157520059010666
fractal_density_only,hist_gradient_boosting,42,3,entry_movement,val_eval,0.1,665.0,5981.0,13.115473684210524,10.889428189266008,1.2044226249766528,1.1355448802715535,1.2019599334679265,1.2854235813191135
fractal_density_only,hist_gradient_boosting,42,3,entry_movement,val_eval,0.2,1330.0,5316.0,12.281624060150378,10.819582392776523,1.1351292142615372,1.0662213812037808,1.1345591407661928,1.2143238366239326
fractal_density_only,hist_gradient_boosting,42,3,entry_movement,low_n_disclosure,0.05,59.0,1103.0,37.887796610169616,39.63141432456937,0.9560041511483782,0.797173511875149,0.9552465316031942,1.1561860993173458
fractal_density_only,hist_gradient_boosting,42,3,entry_movement,low_n_disclosure,0.1,117.0,1045.0,40.51777777777781,39.43373205741628,1.0274903151135464,0.791502052608242,0.9874979197871006,1.2171661162833138
fractal_density_only,hist_gradient_boosting,42,3,entry_movement,low_n_disclosure,0.2,233.0,929.0,42.784077253218896,38.72996770721207,1.1046762955408274,0.8499998266244605,1.0788637555390088,1.2787364412447872
fractal_density_only,hist_gradient_boosting,43,3,entry_movement,val_select,0.05,333.0,6315.0,6.790870870870872,6.35535550277118,1.068527302353077,1.0044184218151029,1.0733159511482762,1.153219933123539
fractal_density_only,hist_gradient_boosting,43,3,entry_movement,val_select,0.1,665.0,5983.0,6.866255639097745,6.322809627277285,1.0859500829308502,1.0182715450893889,1.0792256041003885,1.143985438859492
fractal_density_only,hist_gradient_boosting,43,3,entry_movement,val_select,0.2,1330.0,5318.0,6.7270375939849645,6.289670928920647,1.0695372889944454,1.013036124465887,1.0636626334558419,1.128195340558837
fractal_density_only,hist_gradient_boosting,43,3,entry_movement,val_eval,0.05,333.0,6313.0,13.569339339339335,10.982555045144938,1.2355357458770888,1.1191135450451686,1.232644340733096,1.3637611534943974
fractal_density_only,hist_gradient_boosting,43,3,entry_movement,val_eval,0.1,665.0,5981.0,12.73124812030075,10.932148470155493,1.1645696319489949,1.098859913205237,1.1652758218378274,1.2399335846608979
fractal_density_only,hist_gradient_boosting,43,3,entry_movement,val_eval,0.2,1330.0,5316.0,12.423345864661655,10.784125282167041,1.152003110090466,1.0763463833748732,1.151238776781855,1.2358104369035265
fractal_density_only,hist_gradient_boosting,43,3,entry_movement,low_n_disclosure,0.05,59.0,1103.0,41.8037288135594,39.42194922937445,1.060417600619561,0.8446217294933994,1.0410622288955294,1.2816260627278935
fractal_density_only,hist_gradient_boosting,43,3,entry_movement,low_n_disclosure,0.1,117.0,1045.0,40.84376068376073,39.39723444976078,1.0367164409939624,0.8102263591473997,1.0580152363794553,1.277483173174353
fractal_density_only,hist_gradient_boosting,43,3,entry_movement,low_n_disclosure,0.2,233.0,929.0,42.99871244635195,38.676135629709385,1.1117634103372558,0.8245647067062394,1.0840751491095548,1.3105573931816723
fractal_density_only,hist_gradient_boosting,44,3,entry_movement,val_select,0.05,333.0,6315.0,7.325795795795795,6.3271480601741885,1.157835366917921,1.0571595513734053,1.1473841522479882,1.2676794258858841
fractal_density_only,hist_gradient_boosting,44,3,entry_movement,val_select,0.1,665.0,5983.0,6.931443609022559,6.315564098278457,1.0975177357335322,1.0291844983260994,1.0875207729460192,1.1547269020979891
fractal_density_only,hist_gradient_boosting,44,3,entry_movement,val_select,0.2,1330.0,5318.0,6.679984962406017,6.301438510718314,1.0600730215876615,1.0002974638821427,1.0560527854574606,1.120803913205924
fractal_density_only,hist_gradient_boosting,44,3,entry_movement,val_eval,0.05,333.0,6313.0,13.519879879879888,10.985163947410106,1.2307399274698465,1.1298781828724627,1.234803023734489,1.3564864840400954
fractal_density_only,hist_gradient_boosting,44,3,entry_movement,val_eval,0.1,665.0,5981.0,12.796150375939847,10.924932285570973,1.1712796053519043,1.1024293612036566,1.1743996831343078,1.2518231163200546
fractal_density_only,hist_gradient_boosting,44,3,entry_movement,val_eval,0.2,1330.0,5316.0,12.43515037593985,10.7811719337848,1.1534136040416907,1.0747010380629103,1.1518918431098102,1.2406186523088591
fractal_density_only,hist_gradient_boosting,44,3,entry_movement,low_n_disclosure,0.05,59.0,1103.0,40.872033898305126,39.47178603807799,1.0354746516632496,0.8539815023877496,1.0259304439306036,1.2222080344723718
fractal_density_only,hist_gradient_boosting,44,3,entry_movement,low_n_disclosure,0.1,117.0,1045.0,43.52273504273505,39.097291866028726,1.1131905297141962,0.878400481034496,1.0802456219178258,1.3179762683894467
fractal_density_only,hist_gradient_boosting,44,3,entry_movement,low_n_disclosure,0.2,233.0,929.0,44.03931330472105,38.415145317545765,1.1464049645181609,0.8581109128389349,1.1375884098241877,1.4038146027966643
fractal_density_only,hist_gradient_boosting,42,6,entry_movement,val_select,0.05,333.0,6315.0,10.682852852852854,9.374193190815518,1.1396023780819358,1.046858148493251,1.1247032964125898,1.2493297557674943
fractal_density_only,hist_gradient_boosting,42,6,entry_movement,val_select,0.1,665.0,5983.0,10.435909774436091,9.329022229650676,1.118649898943039,1.0521657555573847,1.1063682979523004,1.1798391115765172
fractal_density_only,hist_gradient_boosting,42,6,entry_movement,val_select,0.2,1330.0,5318.0,9.838135338345866,9.340109063557728,1.0533212483279544,1.006249568529052,1.047766405087307,1.109425547243554
fractal_density_only,hist_gradient_boosting,42,6,entry_movement,val_eval,0.05,333.0,6313.0,19.534864864864854,16.19763979090765,1.2060315649092601,1.0762409282694514,1.187465815532747,1.275701368756927
fractal_density_only,hist_gradient_boosting,42,6,entry_movement,val_eval,0.1,665.0,5981.0,19.007263157894734,16.071055007523828,1.1827016427357313,1.1078989178686516,1.177635763574008,1.2540893684056713
fractal_density_only,hist_gradient_boosting,42,6,entry_movement,val_eval,0.2,1330.0,5316.0,18.35265413533835,15.867528216704292,1.1566170788981414,1.0873157390537098,1.1553030736462393,1.2311370648375084
fractal_density_only,hist_gradient_boosting,42,6,entry_movement,low_n_disclosure,0.05,59.0,1103.0,52.91508474576283,57.586790571169544,0.9188753917509414,0.7757160670870183,0.922819963441378,1.0810890581749126
fractal_density_only,hist_gradient_boosting,42,6,entry_movement,low_n_disclosure,0.1,117.0,1045.0,60.46615384615393,57.00065071770336,1.0607976064275746,0.8544006686124681,1.0346976726554646,1.2638583897905875
fractal_density_only,hist_gradient_boosting,42,6,entry_movement,low_n_disclosure,0.2,233.0,929.0,61.70309012875543,56.25769644779333,1.096793754895659,0.856062119714048,1.0297334106014349,1.2259031437836883
fractal_density_only,hist_gradient_boosting,43,6,entry_movement,val_select,0.05,333.0,6315.0,10.618858858858859,9.377567695961995,1.1323681367217822,1.0441648042958347,1.1175306711090167,1.2169612125094984
fractal_density_only,hist_gradient_boosting,43,6,entry_movement,val_select,0.1,665.0,5983.0,10.283278195488723,9.345986963062009,1.100288095428675,1.0347256108161702,1.091245028602839,1.1621238856399096
fractal_density_only,hist_gradient_boosting,43,6,entry_movement,val_select,0.2,1330.0,5318.0,9.94014285714286,9.314597593080105,1.0671575189171325,1.0153727791238503,1.0650386371916636,1.1181676237816565
fractal_density_only,hist_gradient_boosting,43,6,entry_movement,val_eval,0.05,333.0,6313.0,19.743213213213217,16.186649770315224,1.2197220236036979,1.1257505036183542,1.2135996873340744,1.3061579484100605
fractal_density_only,hist_gradient_boosting,43,6,entry_movement,val_eval,0.1,665.0,5981.0,18.76204511278195,16.09831967898345,1.1654660540302244,1.0952216382297175,1.1597665542218514,1.2394691030288638
fractal_density_only,hist_gradient_boosting,43,6,entry_movement,val_eval,0.2,1330.0,5316.0,18.336233082706773,15.871636568848762,1.15528307387628,1.08542438569494,1.1494964303864212,1.222522665929605
fractal_density_only,hist_gradient_boosting,43,6,entry_movement,low_n_disclosure,0.05,59.0,1103.0,63.259491525423826,57.0334632819583,1.1091644779256293,0.8513582496782289,1.0739960190133653,1.3638143769936204
fractal_density_only,hist_gradient_boosting,43,6,entry_movement,low_n_disclosure,0.1,117.0,1045.0,60.89470085470094,56.95266985645933,1.0692159122333844,0.874971774377283,1.0616272136444236,1.3007453169092535
fractal_density_only,hist_gradient_boosting,43,6,entry_movement,low_n_disclosure,0.2,233.0,929.0,60.31789699570822,56.60511302475781,1.065590964712437,0.8342870347566287,1.0648292581374248,1.2967039845090265
fractal_density_only,hist_gradient_boosting,44,6,entry_movement,val_select,0.05,333.0,6315.0,10.878258258258262,9.363889152810767,1.1617243733596445,1.0624076918476646,1.136603687044186,1.2529810251310778
fractal_density_only,hist_gradient_boosting,44,6,entry_movement,val_select,0.1,665.0,5983.0,10.277368421052635,9.346643824168476,1.0995784812594975,1.030272737696175,1.0919225003288107,1.167095122232473
fractal_density_only,hist_gradient_boosting,44,6,entry_movement,val_select,0.2,1330.0,5318.0,9.879451127819554,9.329776231666036,1.0589161928973039,0.9969036586065262,1.0522362761846242,1.1135797206858447
fractal_density_only,hist_gradient_boosting,44,6,entry_movement,val_eval,0.05,333.0,6313.0,19.867747747747753,16.180080785680346,1.2279140018467063,1.132913861081633,1.2191302736246135,1.3164423359184299
fractal_density_only,hist_gradient_boosting,44,6,entry_movement,val_eval,0.1,665.0,5981.0,18.769473684210524,16.097493730145462,1.165987326900541,1.0983843729689875,1.1600606035774592,1.2459050424879787
fractal_density_only,hist_gradient_boosting,44,6,entry_movement,val_eval,0.2,1330.0,5316.0,18.601127819548882,15.805363054928517,1.176887095532334,1.1065178316993316,1.173040662754019,1.2582724783066241
fractal_density_only,hist_gradient_boosting,44,6,entry_movement,low_n_disclosure,0.05,59.0,1103.0,53.15457627118655,57.573980054397104,0.9232395644866829,0.806454772053434,0.9423737582175942,1.09936003041202
fractal_density_only,hist_gradient_boosting,44,6,entry_movement,low_n_disclosure,0.1,117.0,1045.0,60.89136752136762,56.95304306220096,1.0691503780555753,0.8364259879497867,1.0101247135742952,1.2503360499233631
fractal_density_only,hist_gradient_boosting,44,6,entry_movement,low_n_disclosure,0.2,233.0,929.0,57.54665236051508,57.30016146393972,1.0043017487259698,0.8293903959514287,1.0209199618919738,1.2238486177649344
fractal_density_only,hist_gradient_boosting,42,12,entry_movement,val_select,0.05,333.0,6315.0,15.837387387387388,13.628661916072845,1.162064734228215,1.065081228704803,1.1395650965732824,1.2490199548639738
fractal_density_only,hist_gradient_boosting,42,12,entry_movement,val_select,0.1,665.0,5983.0,15.022390977443605,13.596683937823837,1.1048569670472133,1.0367659943176035,1.094257039210265,1.1667124144125156
fractal_density_only,hist_gradient_boosting,42,12,entry_movement,val_select,0.2,1330.0,5318.0,14.016338345864664,13.670011282437006,1.025334804505437,0.9751247689533408,1.0174685211418328,1.068074949958817
fractal_density_only,hist_gradient_boosting,42,12,entry_movement,val_eval,0.05,333.0,6313.0,29.427747747747745,23.27117218438144,1.2645580340597677,1.1539246491023036,1.2433931906591509,1.344516028690119
fractal_density_only,hist_gradient_boosting,42,12,entry_movement,val_eval,0.1,665.0,5981.0,28.177473684210526,23.068438388229396,1.2214729584204538,1.143599340840259,1.2235855797272497,1.2925731681110229
fractal_density_only,hist_gradient_boosting,42,12,entry_movement,val_eval,0.2,1330.0,5316.0,26.25163157894737,22.91115124153499,1.1458015052232082,1.0891278401033213,1.1422821357822208,1.2122950440933686
fractal_density_only,hist_gradient_boosting,42,12,entry_movement,low_n_disclosure,0.05,59.0,1103.0,83.9769491525424,83.77215775158658,1.0024446236846747,0.7573556594127628,0.9906304935013428,1.344680733580035
fractal_density_only,hist_gradient_boosting,42,12,entry_movement,low_n_disclosure,0.1,117.0,1045.0,84.48128205128207,83.70432535885166,1.009282157034293,0.8370463686839784,1.0095455611064716,1.2510290502175485
fractal_density_only,hist_gradient_boosting,42,12,entry_movement,low_n_disclosure,0.2,233.0,929.0,85.50248927038628,83.35118406889127,1.025810133659492,0.8229176316962254,1.0016673745955802,1.1838106837467006
fractal_density_only,hist_gradient_boosting,43,12,entry_movement,val_select,0.05,333.0,6315.0,15.773453453453453,13.63203325415677,1.1570873661596817,1.0713842311717006,1.1421677147607596,1.2492725167772032
fractal_density_only,hist_gradient_boosting,43,12,entry_movement,val_select,0.1,665.0,5983.0,14.977338345864663,13.601691459134216,1.1011379276513902,1.032256706678311,1.0936030677873156,1.159502433656067
fractal_density_only,hist_gradient_boosting,43,12,entry_movement,val_select,0.2,1330.0,5318.0,13.894270676691727,13.700539676570141,1.0141403918892986,0.9732293050983176,1.0119509095138057,1.059625293985462
fractal_density_only,hist_gradient_boosting,43,12,entry_movement,val_eval,0.05,333.0,6313.0,28.802252252252245,23.30416600665294,1.2359271833212007,1.1522933487428522,1.2432591598155005,1.3470750720671294
fractal_density_only,hist_gradient_boosting,43,12,entry_movement,val_eval,0.1,665.0,5981.0,27.33741353383458,23.161840829292764,1.1802781020436413,1.110474902761207,1.1855886110454346,1.2528547185360221
fractal_density_only,hist_gradient_boosting,43,12,entry_movement,val_eval,0.2,1330.0,5316.0,26.455263157894738,22.860205041384503,1.1572627240220283,1.0782304973597707,1.1527615784693515,1.2231864955072802
fractal_density_only,hist_gradient_boosting,43,12,entry_movement,low_n_disclosure,0.05,59.0,1103.0,92.44067796610167,83.31942883046236,1.109473255682047,0.8957285161447353,1.1378573954573574,1.435732090496014
fractal_density_only,hist_gradient_boosting,43,12,entry_movement,low_n_disclosure,0.1,117.0,1045.0,89.34863247863252,83.1593684210526,1.0744265399689237,0.8577737994793663,1.073099313154379,1.3163390092898344
fractal_density_only,hist_gradient_boosting,43,12,entry_movement,low_n_disclosure,0.2,233.0,929.0,84.04828326180258,83.71590958019374,1.0039702570667342,0.8104627062895857,1.0012466995225013,1.2263260186360354
fractal_density_only,hist_gradient_boosting,44,12,entry_movement,val_select,0.05,333.0,6315.0,15.435645645645645,13.649846397466352,1.1308292559622333,1.046427088279019,1.1172338480192843,1.2244528384707671
fractal_density_only,hist_gradient_boosting,44,12,entry_movement,val_select,0.1,665.0,5983.0,14.713127819548875,13.631057997660038,1.0793826731626106,1.0175055212616964,1.068961526227914,1.1343490329608026
fractal_density_only,hist_gradient_boosting,44,12,entry_movement,val_select,0.2,1330.0,5318.0,14.073315789473686,13.655761564497931,1.030577146723278,0.9813736669784756,1.0234780684020293,1.0790104972601542
fractal_density_only,hist_gradient_boosting,44,12,entry_movement,val_eval,0.05,333.0,6313.0,29.379279279279277,23.27372881355933,1.2623365819302166,1.1548875361714668,1.2582754913204417,1.3646899133375043
fractal_density_only,hist_gradient_boosting,44,12,entry_movement,val_eval,0.1,665.0,5981.0,27.802195488721804,23.11016385219863,1.203028921237042,1.1159264896562193,1.1979756540803743,1.2774198148078626
fractal_density_only,hist_gradient_boosting,44,12,entry_movement,val_eval,0.2,1330.0,5316.0,26.11612030075188,22.945054552294966,1.1382025804832852,1.0797536680835917,1.139486966475242,1.2029389373260897
fractal_density_only,hist_gradient_boosting,44,12,entry_movement,low_n_disclosure,0.05,59.0,1103.0,91.86067796610172,83.35045330915683,1.1021017201355756,0.8487748588921503,1.11346488680454,1.4401235091948257
fractal_density_only,hist_gradient_boosting,44,12,entry_movement,low_n_disclosure,0.1,117.0,1045.0,86.07034188034189,83.52641148325357,1.0304565987202545,0.8465512487822611,1.0189829302607394,1.2667462859767797
fractal_density_only,hist_gradient_boosting,44,12,entry_movement,low_n_disclosure,0.2,233.0,929.0,84.14901287553649,83.69064585575886,1.005476920569685,0.8090130723958514,0.9872105296018361,1.1699676322155064
fractal_density_only,hist_gradient_boosting,42,24,entry_movement,val_select,0.05,333.0,6315.0,20.914054054054063,20.04422327790974,1.0433955840585223,0.9766802330404369,1.042091015697143,1.1107068383191974
fractal_density_only,hist_gradient_boosting,42,24,entry_movement,val_select,0.1,665.0,5983.0,21.00763909774437,19.985554069864616,1.0511411904972359,0.9970162925486796,1.0462436565742121,1.0903257911629087
fractal_density_only,hist_gradient_boosting,42,24,entry_movement,val_select,0.2,1330.0,5318.0,19.961819548872185,20.119298608499435,0.9921727361031999,0.9592886983120217,0.9919980128719568,1.0224203070615345
fractal_density_only,hist_gradient_boosting,42,24,entry_movement,val_eval,0.05,333.0,6313.0,41.00297297297295,34.014257880563925,1.2054642825649429,1.1189524459134588,1.2088349486755352,1.3030223771642289
fractal_density_only,hist_gradient_boosting,42,24,entry_movement,val_eval,0.1,665.0,5981.0,40.687353383458635,33.66141280722288,1.2087238766974204,1.139377452285882,1.2083287048337383,1.288791253803065
fractal_density_only,hist_gradient_boosting,42,24,entry_movement,val_eval,0.2,1330.0,5316.0,38.00836090225564,33.45276147479308,1.136180070840945,1.0778301521055178,1.1350857493948046,1.2015585005677094
fractal_density_only,hist_gradient_boosting,42,24,entry_movement,low_n_disclosure,0.05,59.0,1103.0,138.94694915254237,120.27389845874886,1.1552543896313292,0.8972193683214486,1.133041598609619,1.4193910465817066
fractal_density_only,hist_gradient_boosting,42,24,entry_movement,low_n_disclosure,0.1,117.0,1045.0,129.86393162393165,120.25444976076551,1.079909574092961,0.8513350300726127,1.0659732702687137,1.2840164377972458
fractal_density_only,hist_gradient_boosting,42,24,entry_movement,low_n_disclosure,0.2,233.0,929.0,119.91789699570813,121.54909580193755,0.986579918217677,0.8864331628755062,0.9994670924230593,1.1302257811905887
fractal_density_only,hist_gradient_boosting,43,24,entry_movement,val_select,0.05,333.0,6315.0,21.550150150150156,20.01068091844814,1.0769323761633096,1.0077147780510731,1.072391512819189,1.1404187470812446
fractal_density_only,hist_gradient_boosting,43,24,entry_movement,val_select,0.1,665.0,5983.0,21.37285714285715,19.9449607220458,1.0715918391974095,1.0272587245658098,1.0683344669524333,1.1063495449610927
fractal_density_only,hist_gradient_boosting,43,24,entry_movement,val_select,0.2,1330.0,5318.0,19.81423308270677,20.156209101165853,0.983033713495297,0.9485738433573543,0.9861257920882992,1.0188630342154275
fractal_density_only,hist_gradient_boosting,43,24,entry_movement,val_eval,0.05,333.0,6313.0,41.65678678678676,33.97977031522256,1.2259290277817148,1.121764090923592,1.221238256631056,1.3291052589875665
fractal_density_only,hist_gradient_boosting,43,24,entry_movement,val_eval,0.1,665.0,5981.0,39.97846616541352,33.74023073064705,1.1848901237388438,1.1234959541642624,1.1778670065485417,1.2588764074903742
fractal_density_only,hist_gradient_boosting,43,24,entry_movement,val_eval,0.2,1330.0,5316.0,37.30893233082706,33.627750188111364,1.1094685824095698,1.0505257431306976,1.1100062175714576,1.1798944285121342
fractal_density_only,hist_gradient_boosting,43,24,entry_movement,low_n_disclosure,0.05,59.0,1103.0,148.48711864406783,119.7635902085222,1.239835231939312,0.9449051750846765,1.1960175625409804,1.4743081439545056
fractal_density_only,hist_gradient_boosting,43,24,entry_movement,low_n_disclosure,0.1,117.0,1045.0,126.8022222222222,120.59724401913876,1.0514520730017571,0.851285531219594,1.0519985218575947,1.2354722186006883
fractal_density_only,hist_gradient_boosting,43,24,entry_movement,low_n_disclosure,0.2,233.0,929.0,116.7336480686695,122.34772874058125,0.9541137319858588,0.8085134682824094,0.961291561764857,1.1104309458649133
fractal_density_only,hist_gradient_boosting,44,24,entry_movement,val_select,0.05,333.0,6315.0,21.217327327327332,20.02823119556611,1.0593710008712336,0.9931482481505984,1.0609759165912396,1.1265235026493072
fractal_density_only,hist_gradient_boosting,44,24,entry_movement,val_select,0.1,665.0,5983.0,20.970947368421065,19.989632291492562,1.0490912020100611,0.9996736254223665,1.0443392360456194,1.0893658373361719
fractal_density_only,hist_gradient_boosting,44,24,entry_movement,val_select,0.2,1330.0,5318.0,20.031601503759404,20.101846558856714,0.9965055421703853,0.9604620441783653,0.9966259943480476,1.0250905501999537
fractal_density_only,hist_gradient_boosting,44,24,entry_movement,val_eval,0.05,333.0,6313.0,43.617147147147115,33.87636464438461,1.287539191557768,1.198050936643736,1.2953601058128115,1.4082256886197029
fractal_density_only,hist_gradient_boosting,44,24,entry_movement,val_eval,0.1,665.0,5981.0,39.966902255639084,33.74151646881793,1.1845022523683642,1.1266936457372236,1.1910411393070595,1.2599342263029254
fractal_density_only,hist_gradient_boosting,44,24,entry_movement,val_eval,0.2,1330.0,5316.0,38.45385714285714,33.341303611738155,1.1533399410729417,1.0939905442656825,1.149125422944751,1.2129940563441017
fractal_density_only,hist_gradient_boosting,44,24,entry_movement,low_n_disclosure,0.05,59.0,1103.0,153.68084745762715,119.48577515865817,1.2861852990748341,0.9363656614338101,1.2322600876943866,1.5273103254577332
fractal_density_only,hist_gradient_boosting,44,24,entry_movement,low_n_disclosure,0.1,117.0,1045.0,130.76316239316236,120.15377033492821,1.0882984531293567,0.8711070008555871,1.0818506286190785,1.2714771909202665
fractal_density_only,hist_gradient_boosting,44,24,entry_movement,low_n_disclosure,0.2,233.0,929.0,121.58240343347636,121.13162540365985,1.0037213900854902,0.857953256118809,1.0024010876534506,1.153849568769673
fractal_density_only,extra_trees_small,42,3,entry_movement,val_select,0.05,333.0,6315.0,8.38831831831832,6.271119556611242,1.3376109708313644,1.1500216402610672,1.3200894786772963,1.4989024752935836
fractal_density_only,extra_trees_small,42,3,entry_movement,val_select,0.1,665.0,5983.0,7.7841503759398485,6.220787230486378,1.2513127499027543,1.148875099667138,1.2461521744194743,1.364837684652878
fractal_density_only,extra_trees_small,42,3,entry_movement,val_select,0.2,1330.0,5318.0,7.2171578947368396,6.167094772470854,1.1702686858248614,1.1025271389062028,1.1538999949595259,1.240319867375341
fractal_density_only,extra_trees_small,42,3,entry_movement,val_eval,0.05,333.0,6313.0,13.117807807807804,11.006372564549341,1.1918375223876418,0.9892935504928531,1.16426023537479,1.3952126139919
fractal_density_only,extra_trees_small,42,3,entry_movement,val_eval,0.1,665.0,5981.0,13.253624060150376,10.874067881625145,1.2188285197801803,1.0675977875506253,1.195354091355739,1.3729516422519286
fractal_density_only,extra_trees_small,42,3,entry_movement,val_eval,0.2,1330.0,5316.0,13.052977443609016,10.626598946576372,1.2283306737396318,1.1026550456586277,1.214677783884095,1.3686963905105805
fractal_density_only,extra_trees_small,42,3,entry_movement,low_n_disclosure,0.05,59.0,1103.0,84.24542372881362,37.15172257479603,2.267604780887502,1.2405074610544746,2.0733245349605527,3.0983866233292456
fractal_density_only,extra_trees_small,42,3,entry_movement,low_n_disclosure,0.1,117.0,1045.0,69.71478632478636,36.16478468899523,1.9276980887432251,1.2519744455941058,1.8306152394584831,2.5638331085930446
fractal_density_only,extra_trees_small,42,3,entry_movement,low_n_disclosure,0.2,233.0,929.0,56.93978540772533,35.17961248654469,1.618544986233244,1.1765834746700796,1.5821405558031416,2.0252751832719444
fractal_density_only,extra_trees_small,43,3,entry_movement,val_select,0.05,333.0,6315.0,8.1115015015015,6.2857165479018215,1.290465683535973,1.1209471292673334,1.286187031404928,1.4502574829735535
fractal_density_only,extra_trees_small,43,3,entry_movement,val_select,0.1,665.0,5983.0,7.6655187969924805,6.233972923282636,1.2296362033212094,1.1401801527228748,1.226433194312495,1.3311374990326343
fractal_density_only,extra_trees_small,43,3,entry_movement,val_select,0.2,1330.0,5318.0,7.196240601503758,6.172326062429485,1.165887953539391,1.0984158033993572,1.1572454465410067,1.255939760158328
fractal_density_only,extra_trees_small,43,3,entry_movement,val_eval,0.05,333.0,6313.0,13.003963963963958,11.012377633454774,1.1808498034483395,0.9888287349625605,1.1725502173553268,1.3875903889928598
fractal_density_only,extra_trees_small,43,3,entry_movement,val_eval,0.1,665.0,5981.0,13.362135338345858,10.862003009530177,1.2301723104497484,1.0622379866064307,1.2031134537732457,1.3949677704732928
fractal_density_only,extra_trees_small,43,3,entry_movement,val_eval,0.2,1330.0,5316.0,12.975496240601503,10.645983822422874,1.218816077220796,1.0955954521928275,1.2068890525501805,1.352583386092366
fractal_density_only,extra_trees_small,43,3,entry_movement,low_n_disclosure,0.05,59.0,1103.0,85.21711864406785,37.099746146872185,2.2969730926650116,1.2944676964178097,2.144185059556449,3.111764503629882
fractal_density_only,extra_trees_small,43,3,entry_movement,low_n_disclosure,0.1,117.0,1045.0,70.30598290598294,36.09859330143542,1.9476100444940967,1.2155195377389152,1.8226317328287227,2.5930008085679908
fractal_density_only,extra_trees_small,43,3,entry_movement,low_n_disclosure,0.2,233.0,929.0,55.19025751072964,35.61840688912811,1.5494869740391306,1.1637502312040087,1.5434570415202127,1.9866644799977378
fractal_density_only,extra_trees_small,44,3,entry_movement,val_select,0.05,333.0,6315.0,8.135165165165166,6.284468725257324,1.2944873339045957,1.132994980626569,1.2863122975755532,1.4601033059941209
fractal_density_only,extra_trees_small,44,3,entry_movement,val_select,0.1,665.0,5983.0,7.725172932330829,6.2273424703326095,1.2405248256594148,1.1316681998497238,1.2302341561853436,1.358505839153799
fractal_density_only,extra_trees_small,44,3,entry_movement,val_select,0.2,1330.0,5318.0,7.18260902255639,6.1757352388115825,1.1630370708603375,1.0885900017881964,1.1550738715475652,1.2461432609496503
fractal_density_only,extra_trees_small,44,3,entry_movement,val_eval,0.05,333.0,6313.0,12.803183183183187,11.022968477744337,1.1615004804770284,0.9787846038095361,1.1593500249698319,1.3764640137878434
fractal_density_only,extra_trees_small,44,3,entry_movement,val_eval,0.1,665.0,5981.0,13.22190977443609,10.87759404781809,1.2155178540688638,1.0677911203282173,1.1993164044410975,1.372868899346007
fractal_density_only,extra_trees_small,44,3,entry_movement,val_eval,0.2,1330.0,5316.0,12.920736842105258,10.659683972911964,1.2121125612109147,1.0824907050872543,1.1914914017840608,1.3570831732117083
fractal_density_only,extra_trees_small,44,3,entry_movement,low_n_disclosure,0.05,59.0,1103.0,84.42338983050854,37.142203082502284,2.272977444094598,1.2537044166541782,2.0788118075534534,2.9980162968488524
fractal_density_only,extra_trees_small,44,3,entry_movement,low_n_disclosure,0.1,117.0,1045.0,70.11615384615388,36.11984688995217,1.9412085012369975,1.2389907024474163,1.8178973164233612,2.5615702090708505
fractal_density_only,extra_trees_small,44,3,entry_movement,low_n_disclosure,0.2,233.0,929.0,56.46948497854078,35.297567276641566,1.5998123761891627,1.1382176032779203,1.5616788190934825,1.9840296745653183
fractal_density_only,extra_trees_small,42,6,entry_movement,val_select,0.05,333.0,6315.0,12.079909909909908,9.30052414885194,1.2988418412311802,1.1033985297697193,1.2993386406157859,1.4757018910053104
fractal_density_only,extra_trees_small,42,6,entry_movement,val_select,0.1,665.0,5983.0,11.314225563909774,9.231398963730568,1.225624156031222,1.1247299925891465,1.2151375901225532,1.345114924713582
fractal_density_only,extra_trees_small,42,6,entry_movement,val_select,0.2,1330.0,5318.0,10.845045112781955,9.088286949981196,1.193299152246111,1.1118391114779085,1.1889890245491503,1.2806596830130785
fractal_density_only,extra_trees_small,42,6,entry_movement,val_eval,0.05,333.0,6313.0,19.20852852852853,16.214853476952324,1.1846254766243427,1.0013429679860943,1.1775012251253543,1.4087837747994685
fractal_density_only,extra_trees_small,42,6,entry_movement,val_eval,0.1,665.0,5981.0,19.328977443609038,16.03528506938639,1.205402795146484,1.052507987932374,1.1992575509379657,1.3893352660572809
fractal_density_only,extra_trees_small,42,6,entry_movement,val_eval,0.2,1330.0,5316.0,18.468240601503766,15.838609857035369,1.1660266127017669,1.0446861885772303,1.1591391177416683,1.316011848998956
fractal_density_only,extra_trees_small,42,6,entry_movement,low_n_disclosure,0.05,59.0,1103.0,121.16796610169507,53.935911151405264,2.2465174596116584,1.2844082795135692,2.0939711715788736,2.949899115408967
fractal_density_only,extra_trees_small,42,6,entry_movement,low_n_disclosure,0.1,117.0,1045.0,104.07649572649582,52.11796172248804,1.9969410216130639,1.3628767336307728,1.866181120424716,2.611025426711562
fractal_density_only,extra_trees_small,42,6,entry_movement,low_n_disclosure,0.2,233.0,929.0,82.98811158798286,50.91925726587729,1.6297981558265184,1.209807157009167,1.6215757306752452,2.0738526817619976
fractal_density_only,extra_trees_small,43,6,entry_movement,val_select,0.05,333.0,6315.0,12.442102102102105,9.281425178147268,1.3405378875861134,1.1057846155247772,1.3000767824714758,1.5156284646566196
fractal_density_only,extra_trees_small,43,6,entry_movement,val_select,0.1,665.0,5983.0,11.221969924812031,9.241653016881163,1.2142816771321694,1.1018514562585824,1.2063867319244166,1.333839313351791
fractal_density_only,extra_trees_small,43,6,entry_movement,val_select,0.2,1330.0,5318.0,10.676872180451129,9.130345994734862,1.1693830865345183,1.0932730283181329,1.1599551364420786,1.2380286065236905
fractal_density_only,extra_trees_small,43,6,entry_movement,val_eval,0.05,333.0,6313.0,19.28732732732733,16.210696974497072,1.1897901341114736,0.9825398598362068,1.181971975317151,1.4543510245184297
fractal_density_only,extra_trees_small,43,6,entry_movement,val_eval,0.1,665.0,5981.0,19.189278195488736,16.050817589031936,1.1955327564498281,1.042176475947351,1.1849893189437775,1.388840438993083
fractal_density_only,extra_trees_small,43,6,entry_movement,val_eval,0.2,1330.0,5316.0,18.33684962406016,15.87148231753198,1.1553331476673028,1.0389153401920133,1.1451308512908263,1.2921659923700517
fractal_density_only,extra_trees_small,43,6,entry_movement,low_n_disclosure,0.05,59.0,1103.0,121.00000000000016,53.94489573889394,2.243029638720015,1.2999184082651594,2.105770923301831,2.977403488550119
fractal_density_only,extra_trees_small,43,6,entry_movement,low_n_disclosure,0.1,117.0,1045.0,103.69726495726505,52.16042105263158,1.9880450131457164,1.3266643340135633,1.8415073782841571,2.637710399705074
fractal_density_only,extra_trees_small,43,6,entry_movement,low_n_disclosure,0.2,233.0,929.0,81.99309012875543,51.16881593110872,1.6024035076197005,1.2190042763554099,1.6015678383778154,2.025235813848773
fractal_density_only,extra_trees_small,44,6,entry_movement,val_select,0.05,333.0,6315.0,12.202912912912913,9.294038004750593,1.312982893622284,1.0914919512279915,1.2806621793741844,1.4692502008516377
fractal_density_only,extra_trees_small,44,6,entry_movement,val_select,0.1,665.0,5983.0,11.213759398496242,9.24256560254053,1.213273443838352,1.0948249678666029,1.211409821112886,1.3315689073680692
fractal_density_only,extra_trees_small,44,6,entry_movement,val_select,0.2,1330.0,5318.0,10.74193984962406,9.114072959759309,1.1786102543892454,1.0962538768325676,1.172519235816615,1.2665864551943806
fractal_density_only,extra_trees_small,44,6,entry_movement,val_eval,0.05,333.0,6313.0,19.5154954954955,16.19866149215904,1.2047597577702314,0.9996280999286459,1.178890954750186,1.4359133697011703
fractal_density_only,extra_trees_small,44,6,entry_movement,val_eval,0.1,665.0,5981.0,19.311864661654152,16.037187761243942,1.204192714406195,1.0285255864791858,1.203172801709698,1.3959767640797964
fractal_density_only,extra_trees_small,44,6,entry_movement,val_eval,0.2,1330.0,5316.0,18.675699248120313,15.786706170052671,1.1830016373870347,1.0610062563804208,1.1781637110011802,1.3143707411491568
fractal_density_only,extra_trees_small,44,6,entry_movement,low_n_disclosure,0.05,59.0,1103.0,121.33949152542388,53.92673617407072,2.2500803893221124,1.303138637538927,2.101267138788012,2.9440136748617713
fractal_density_only,extra_trees_small,44,6,entry_movement,low_n_disclosure,0.1,117.0,1045.0,103.55735042735057,52.17608612440191,1.984766549572956,1.3537781618804812,1.8969116324440916,2.6512860214218907
fractal_density_only,extra_trees_small,44,6,entry_movement,low_n_disclosure,0.2,233.0,929.0,85.57721030042924,50.269892357373514,1.702355153101435,1.2691719358845768,1.697364362802199,2.130165235887917
fractal_density_only,extra_trees_small,42,12,entry_movement,val_select,0.05,333.0,6315.0,16.25888888888888,13.606435471100557,1.1949410941184422,1.0431407086014681,1.1856067426905503,1.35716621694133
fractal_density_only,extra_trees_small,42,12,entry_movement,val_select,0.1,665.0,5983.0,15.496045112781948,13.544038107972591,1.1441229705090923,1.0408792890591727,1.1418356671279053,1.245186443847169
fractal_density_only,extra_trees_small,42,12,entry_movement,val_select,0.2,1330.0,5318.0,14.991293233082708,13.426180895073337,1.1165716706962945,1.0446399822973436,1.1137923739480466,1.1876363564133614
fractal_density_only,extra_trees_small,42,12,entry_movement,val_eval,0.05,333.0,6313.0,28.31843843843844,23.329686361476327,1.2138370829193788,0.9862048829454526,1.1948491376872519,1.485269290030968
fractal_density_only,extra_trees_small,42,12,entry_movement,val_eval,0.1,665.0,5981.0,28.445624060150394,23.03862397592376,1.2346928397232906,1.0539138281286482,1.2078846462151573,1.4366413881730835
fractal_density_only,extra_trees_small,42,12,entry_movement,val_eval,0.2,1330.0,5316.0,27.493796992481226,22.600376222723852,1.2165194385055067,1.0682315759484793,1.1911188857461554,1.333333702808663
fractal_density_only,extra_trees_small,42,12,entry_movement,low_n_disclosure,0.05,59.0,1103.0,185.1418644067799,78.36079782411602,2.362684780498768,1.3275578227989937,2.2541167615347684,3.176805452893969
fractal_density_only,extra_trees_small,42,12,entry_movement,low_n_disclosure,0.1,117.0,1045.0,164.68683760683768,74.7243732057416,2.2039239747571897,1.3878437227679208,2.035219769460806,2.9209664891291087
fractal_density_only,extra_trees_small,42,12,entry_movement,low_n_disclosure,0.2,233.0,929.0,121.65390557939918,74.28414424111945,1.637683341744126,1.2007083669343719,1.612237156180726,2.1783690387854504
fractal_density_only,extra_trees_small,43,12,entry_movement,val_select,0.05,333.0,6315.0,15.925795795795787,13.624000000000002,1.1689515410889448,1.021472437954807,1.1713600515263858,1.3425891571963808
fractal_density_only,extra_trees_small,43,12,entry_movement,val_select,0.1,665.0,5983.0,15.540631578947364,13.539082400133715,1.1478349211312786,1.0434332840772786,1.1403837658288518,1.2470080762084743
fractal_density_only,extra_trees_small,43,12,entry_movement,val_select,0.2,1330.0,5318.0,15.029864661654136,13.41653441143287,1.1202494027702468,1.050538100857561,1.1137251349661579,1.1874444032367795
fractal_density_only,extra_trees_small,43,12,entry_movement,val_eval,0.05,333.0,6313.0,28.53105105105105,23.318471408205298,1.2235386510374584,0.9846790938657699,1.1978866892085547,1.4741985944485883
fractal_density_only,extra_trees_small,43,12,entry_movement,val_eval,0.1,665.0,5981.0,28.314360902255665,23.053218525330216,1.2282172604725303,1.0450163201425147,1.20006285224496,1.4282293385029952
fractal_density_only,extra_trees_small,43,12,entry_movement,val_eval,0.2,1330.0,5316.0,27.395330827067685,22.62501128668172,1.2108427474329717,1.0768617252353179,1.1911018102357716,1.333412643294194
fractal_density_only,extra_trees_small,43,12,entry_movement,low_n_disclosure,0.05,59.0,1103.0,188.86728813559344,78.16152311876698,2.41637164425018,1.3369578338369998,2.2510558350742653,3.1900185809433923
fractal_density_only,extra_trees_small,43,12,entry_movement,low_n_disclosure,0.1,117.0,1045.0,165.20188034188047,74.66670813397127,2.2125239543902997,1.4552543639923141,2.045145068807537,2.9460275728643275
fractal_density_only,extra_trees_small,43,12,entry_movement,low_n_disclosure,0.2,233.0,929.0,120.94914163090132,74.46090419806241,1.6243308207644438,1.1331286620863819,1.6053211436483652,2.211709131671812
fractal_density_only,extra_trees_small,44,12,entry_movement,val_select,0.05,333.0,6315.0,16.41786786786786,13.598052256532068,1.2073690818463536,1.0573632115457858,1.1922502490237932,1.3688842905076486
fractal_density_only,extra_trees_small,44,12,entry_movement,val_select,0.1,665.0,5983.0,15.901157894736837,13.499010529834534,1.1779498845188134,1.0755658161130155,1.171703108839371,1.2655511930355672
fractal_density_only,extra_trees_small,44,12,entry_movement,val_select,0.2,1330.0,5318.0,15.049977443609023,13.411504324934187,1.1221692271782402,1.0578617210154462,1.1168715294028928,1.1757831110168
fractal_density_only,extra_trees_small,44,12,entry_movement,val_eval,0.05,333.0,6313.0,29.04462462462464,23.291381276730558,1.2470116855474735,1.0045352709642816,1.2174928533723417,1.542443045615368
fractal_density_only,extra_trees_small,44,12,entry_movement,val_eval,0.1,665.0,5981.0,28.230947368421077,23.06249289416486,1.224106496117942,1.0568210786107919,1.202828672190674,1.4304953060125525
fractal_density_only,extra_trees_small,44,12,entry_movement,val_eval,0.2,1330.0,5316.0,27.19266917293234,22.67571482317532,1.1991978813007715,1.086510525531969,1.191759663098617,1.3297903975928989
fractal_density_only,extra_trees_small,44,12,entry_movement,low_n_disclosure,0.05,59.0,1103.0,189.1377966101697,78.14705349048049,2.4202805884832186,1.3200412345206973,2.228316009751646,3.1790296957533
fractal_density_only,extra_trees_small,44,12,entry_movement,low_n_disclosure,0.1,117.0,1045.0,156.05452991453,75.69086124401912,2.061735424193776,1.3401057757419157,1.96536325303843,2.865178949497523
fractal_density_only,extra_trees_small,44,12,entry_movement,low_n_disclosure,0.2,233.0,929.0,118.54854077253223,75.06299246501612,1.5793207395479603,1.1653129311929142,1.5780591108377,2.1537464605607908
fractal_density_only,extra_trees_small,42,24,entry_movement,val_select,0.05,333.0,6315.0,21.86732732732731,19.99395566112431,1.0936969001009405,0.9588722569777024,1.0863655175977502,1.238303145207208
fractal_density_only,extra_trees_small,42,24,entry_movement,val_select,0.1,665.0,5983.0,20.79222556390977,20.009496907905735,1.039117857865521,0.9513766269342181,1.0366248937012967,1.118746822587303
fractal_density_only,extra_trees_small,42,24,entry_movement,val_select,0.2,1330.0,5318.0,20.268654135338345,20.042561113200456,1.0112806452658876,0.9506177757683518,1.008728575411035,1.0628647502520645
fractal_density_only,extra_trees_small,42,24,entry_movement,val_eval,0.05,333.0,6313.0,40.45951951951952,34.0429241248218,1.188485435950526,0.9690202202658033,1.1945022589076169,1.4899614393224234
fractal_density_only,extra_trees_small,42,24,entry_movement,val_eval,0.1,665.0,5981.0,41.36514285714286,33.58605249958201,1.2316166914125337,1.0030168973042632,1.2114941482061847,1.4560479604200407
fractal_density_only,extra_trees_small,42,24,entry_movement,val_eval,0.2,1330.0,5316.0,38.87345864661655,33.23632430398796,1.1696076344384507,1.0293071418089375,1.1728957085666116,1.3156496902626813
fractal_density_only,extra_trees_small,42,24,entry_movement,low_n_disclosure,0.05,59.0,1103.0,261.8640677966103,113.69900271985492,2.3031342538845485,1.308554763001196,2.160188396351746,3.1441431919523826
fractal_density_only,extra_trees_small,42,24,entry_movement,low_n_disclosure,0.1,117.0,1045.0,248.00914529914533,107.02670813397127,2.3172640700926586,1.4461552908997766,2.1094975971383345,3.0321353724168985
fractal_density_only,extra_trees_small,42,24,entry_movement,low_n_disclosure,0.2,233.0,929.0,174.51236051502144,107.85640473627554,1.6180064683384294,1.1563762695980322,1.600422538586629,2.2678414302359577
fractal_density_only,extra_trees_small,43,24,entry_movement,val_select,0.05,333.0,6315.0,21.816576576576562,19.996631828978625,1.0910125646740427,0.9563472378834147,1.0832492098672848,1.2361543649375468
fractal_density_only,extra_trees_small,43,24,entry_movement,val_select,0.1,665.0,5983.0,20.86192481203007,20.001749958214944,1.0430049798448682,0.953986208308972,1.039595645160787,1.1251484968188201
fractal_density_only,extra_trees_small,43,24,entry_movement,val_select,0.2,1330.0,5318.0,20.652398496240604,19.946588943211736,1.0353849750971618,0.9774749196950753,1.0379982760112028,1.0933185929293894
fractal_density_only,extra_trees_small,43,24,entry_movement,val_eval,0.05,333.0,6313.0,39.789819819819805,34.07824964359259,1.167601629660023,0.9516451466210462,1.1784874154507645,1.4658129725573978
fractal_density_only,extra_trees_small,43,24,entry_movement,val_eval,0.1,665.0,5981.0,41.28568421052632,33.5948871426183,1.2289276054197997,1.0061688401891609,1.2143931787860083,1.438321543366775
fractal_density_only,extra_trees_small,43,24,entry_movement,val_eval,0.2,1330.0,5316.0,39.80761654135339,33.002609104589915,1.2061960439308737,1.0627130855737694,1.1989944068283374,1.338562451639686
fractal_density_only,extra_trees_small,43,24,entry_movement,low_n_disclosure,0.05,59.0,1103.0,266.65305084745773,113.44283771532183,2.3505498999999275,1.2845151825929448,2.239662329315392,3.2318800866935957
fractal_density_only,extra_trees_small,43,24,entry_movement,low_n_disclosure,0.1,117.0,1045.0,250.3988888888889,106.75914832535882,2.3454560364773056,1.4347194966027492,2.0912056232479728,3.020889070654744
fractal_density_only,extra_trees_small,43,24,entry_movement,low_n_disclosure,0.2,233.0,929.0,171.23592274678109,108.67815931108717,1.5756240612856227,1.1657200123245823,1.5878300182847997,2.2684742028696445
fractal_density_only,extra_trees_small,44,24,entry_movement,val_select,0.05,333.0,6315.0,21.821531531531516,19.996370546318293,1.091274613109691,0.960233552654452,1.0857490813783675,1.2416844858416975
fractal_density_only,extra_trees_small,44,24,entry_movement,val_select,0.1,665.0,5983.0,20.80064661654135,20.008560922614073,1.0395873394888708,0.9506928104407623,1.0371952967961575,1.124289325274849
fractal_density_only,extra_trees_small,44,24,entry_movement,val_select,0.2,1330.0,5318.0,20.429676691729323,20.0022903347123,1.0213668709865356,0.9580456884306076,1.0174445450795377,1.0736916313069182
fractal_density_only,extra_trees_small,44,24,entry_movement,val_eval,0.05,333.0,6313.0,39.60579579579579,34.08795659749723,1.1618706355283168,0.9524962083404644,1.1721292550849822,1.4280409775176897
fractal_density_only,extra_trees_small,44,24,entry_movement,val_eval,0.1,665.0,5981.0,41.61789473684211,33.55795017555593,1.240179883429148,1.0236518726665207,1.2213159202680273,1.460060130127219
fractal_density_only,extra_trees_small,44,24,entry_movement,val_eval,0.2,1330.0,5316.0,40.0158045112782,32.95052294958616,1.2144209235313752,1.0624220118940084,1.1943568940203175,1.3415390577290704
fractal_density_only,extra_trees_small,44,24,entry_movement,low_n_disclosure,0.05,59.0,1103.0,257.71423728813573,113.92097914777875,2.262219296358292,1.2850410213810726,2.201069822775148,3.2529309320729944
fractal_density_only,extra_trees_small,44,24,entry_movement,low_n_disclosure,0.1,117.0,1045.0,250.5490598290599,106.74233492822962,2.347232332865134,1.4847043363270438,2.1273388504089112,2.99102328309274
fractal_density_only,extra_trees_small,44,24,entry_movement,low_n_disclosure,0.2,233.0,929.0,174.2515450643777,107.92181916038747,1.6146090421753791,1.1675165519881798,1.6120124150520432,2.29206544373679
simple_combined,ridge_regression,42,3,entry_movement,val_select,0.05,333.0,6315.0,11.024984984984993,6.132083927157561,1.7979181491887155,1.6198166478455163,1.79655884141062,2.003575653848271
simple_combined,ridge_regression,42,3,entry_movement,val_select,0.1,665.0,5983.0,10.533954887218048,5.9151512619087425,1.7808428594299173,1.680786271378109,1.7827730185927615,1.909441272617393
simple_combined,ridge_regression,42,3,entry_movement,val_select,0.2,1330.0,5318.0,9.760142857142856,5.531109439638962,1.764590443139006,1.6915422213178417,1.765646973412247,1.8572502747496618
simple_combined,ridge_regression,42,3,entry_movement,val_eval,0.05,333.0,6313.0,26.96960960960962,10.27571360684302,2.6245972437037803,2.279526117691824,2.583144002106041,2.971354361854165
simple_combined,ridge_regression,42,3,entry_movement,val_eval,0.1,665.0,5981.0,25.437097744360912,9.519443236916901,2.6721203237721416,2.412233147167341,2.629381891474692,2.9096941871469393
simple_combined,ridge_regression,42,3,entry_movement,val_eval,0.2,1330.0,5316.0,21.813195488721803,8.43489653875094,2.586065565654461,2.3709155466567147,2.557687722714229,2.8004009757519457
simple_combined,ridge_regression,42,3,entry_movement,low_n_disclosure,0.05,59.0,1103.0,42.79728813559317,39.36880326382595,1.0870863370875559,0.8186777138182347,1.143773641358453,1.6914755434063589
simple_combined,ridge_regression,42,3,entry_movement,low_n_disclosure,0.1,117.0,1045.0,50.183846153846176,38.35150239234452,1.3085236046414586,0.966376019280943,1.2878674228094251,1.6401672852001699
simple_combined,ridge_regression,42,3,entry_movement,low_n_disclosure,0.2,233.0,929.0,52.924721030042946,36.18662002152853,1.4625494450312408,1.1634808752344863,1.407544626291473,1.8180108133480943
simple_combined,ridge_regression,42,6,entry_movement,val_select,0.05,333.0,6315.0,15.519759759759765,9.11913539192399,1.7018893889331044,1.5341501132056234,1.699634916773221,1.8981588033679095
simple_combined,ridge_regression,42,6,entry_movement,val_select,0.1,665.0,5983.0,15.10099248120301,8.81050643489888,1.713975535093781,1.5912337183163152,1.7091012047496823,1.8386844637589554
simple_combined,ridge_regression,42,6,entry_movement,val_select,0.2,1330.0,5318.0,14.005729323308273,8.297818728845431,1.6878808492912265,1.5890560879356106,1.683315975177441,1.7699040177911929
simple_combined,ridge_regression,42,6,entry_movement,val_eval,0.05,333.0,6313.0,40.0070870870871,15.117764929510535,2.646362559123507,2.240908158495437,2.5843842361522653,2.976821580861753
simple_combined,ridge_regression,42,6,entry_movement,val_eval,0.1,665.0,5981.0,37.85935338345868,13.974977428523658,2.7090815407104536,2.415741158960714,2.667194785326621,2.9517971304311823
simple_combined,ridge_regression,42,6,entry_movement,val_eval,0.2,1330.0,5316.0,32.105390977443626,12.426756960120388,2.583569557244531,2.369476648878721,2.567312613455223,2.7769247872087837
simple_combined,ridge_regression,42,6,entry_movement,low_n_disclosure,0.05,59.0,1103.0,61.84576271186443,57.10908431550318,1.0829408920337986,0.7935627717647148,1.112452989813726,1.7333655817137372
simple_combined,ridge_regression,42,6,entry_movement,low_n_disclosure,0.1,117.0,1045.0,73.33837606837615,55.55945454545455,1.3199981293620553,0.9621700675507762,1.2835841873761513,1.6947385079186306
simple_combined,ridge_regression,42,6,entry_movement,low_n_disclosure,0.2,233.0,929.0,76.82497854077256,52.46501614639398,1.464308680024163,1.1372516630056433,1.3978635903304548,1.8649826177798314
simple_combined,ridge_regression,42,12,entry_movement,val_select,0.05,333.0,6315.0,21.100480480480485,13.351130641330169,1.5804264857660213,1.4158103381844451,1.5820821156450373,1.7824182699663957
simple_combined,ridge_regression,42,12,entry_movement,val_select,0.1,665.0,5983.0,20.520676691729328,12.985559084071538,1.5802690172116334,1.4454252466841457,1.577116657646851,1.7012167222610155
simple_combined,ridge_regression,42,12,entry_movement,val_select,0.2,1330.0,5318.0,18.771112781954887,12.48087062805566,1.5039906542865236,1.4024832949386923,1.5009500327577308,1.5853820099033553
simple_combined,ridge_regression,42,12,entry_movement,val_eval,0.05,333.0,6313.0,55.06837837837841,21.918672580389675,2.512395683470691,2.1112542972388653,2.4852363446793575,3.0009913854324664
simple_combined,ridge_regression,42,12,entry_movement,val_eval,0.1,665.0,5981.0,52.69778947368423,20.34213676642702,2.590572960882727,2.2814931040015725,2.574582654975908,2.896734077675889
simple_combined,ridge_regression,42,12,entry_movement,val_eval,0.2,1330.0,5316.0,45.53753383458648,18.086047780285934,2.5178266909270848,2.283605091258329,2.5293454303096667,2.7583226376225687
simple_combined,ridge_regression,42,12,entry_movement,low_n_disclosure,0.05,59.0,1103.0,83.13118644067794,83.8173980054397,0.9918130175704425,0.633064584129224,1.0129725468360293,1.72115297833353
simple_combined,ridge_regression,42,12,entry_movement,low_n_disclosure,0.1,117.0,1045.0,101.27461538461533,81.82411483253587,1.2377111025507277,0.8678939947811706,1.2127735962407775,1.64719763698304
simple_combined,ridge_regression,42,12,entry_movement,low_n_disclosure,0.2,233.0,929.0,104.05055793991414,78.6991926803014,1.3221299278456036,1.024812491470608,1.2972360837046892,1.6847016794427907
simple_combined,ridge_regression,42,24,entry_movement,val_select,0.05,333.0,6315.0,29.14753753753754,19.610058590657165,1.4863564737855666,1.2719965534337365,1.4772366443043037,1.7449049504574452
simple_combined,ridge_regression,42,24,entry_movement,val_select,0.1,665.0,5983.0,27.117172932330835,19.306490055156278,1.4045625514974702,1.2817933772858088,1.3993910800612217,1.5435737470627064
simple_combined,ridge_regression,42,24,entry_movement,val_select,0.2,1330.0,5318.0,25.527398496240604,18.72738059420835,1.3631056606034502,1.2449856128109902,1.3598681252660219,1.467782567615254
simple_combined,ridge_regression,42,24,entry_movement,val_eval,0.05,333.0,6313.0,79.14312312312315,32.00242990654206,2.473034808739458,2.0107767459895403,2.4269456619878804,2.9644043360866004
simple_combined,ridge_regression,42,24,entry_movement,val_eval,0.1,665.0,5981.0,77.00520300751882,29.623397425179736,2.5994723664634356,2.156301644704448,2.52600890556443,2.9451088427634247
simple_combined,ridge_regression,42,24,entry_movement,val_eval,0.2,1330.0,5316.0,65.91350375939851,26.47122648607976,2.4900056593169184,2.1899194031023703,2.4786798671147827,2.7526742461468987
simple_combined,ridge_regression,42,24,entry_movement,low_n_disclosure,0.05,59.0,1103.0,112.61779661016938,121.68225747960106,0.9255071276849769,0.5861926315454286,0.9377948156656049,1.5015283063435831
simple_combined,ridge_regression,42,24,entry_movement,low_n_disclosure,0.1,117.0,1045.0,138.64341880341868,119.27148325358851,1.1624188366018944,0.8001830816557673,1.128247524935849,1.5021042274395806
simple_combined,ridge_regression,42,24,entry_movement,low_n_disclosure,0.2,233.0,929.0,145.85081545064375,115.04493003229278,1.2677726468233224,1.0085684706548599,1.2188636982636856,1.569238003754323
simple_combined,hist_gradient_boosting,42,3,entry_movement,val_select,0.05,333.0,6315.0,12.507627627627627,6.053901821060966,2.0660440154669746,1.889047872492144,2.039925789469345,2.224819856311928
simple_combined,hist_gradient_boosting,42,3,entry_movement,val_select,0.1,665.0,5983.0,11.657503759398498,5.790270767173659,2.0132916452694225,1.9051075049219295,2.0149266169377684,2.140409376352259
simple_combined,hist_gradient_boosting,42,3,entry_movement,val_select,0.2,1330.0,5318.0,10.592398496240605,5.322967280932681,1.9899424394704572,1.900793165832189,1.98444600896012,2.0778049764906483
simple_combined,hist_gradient_boosting,42,3,entry_movement,val_eval,0.05,333.0,6313.0,22.350360360360366,10.519371138919688,2.124685978391641,1.8886128156596897,2.0971026635947574,2.3275375348185685
simple_combined,hist_gradient_boosting,42,3,entry_movement,val_eval,0.1,665.0,5981.0,20.79736842105263,10.035313492726967,2.0724184088643964,1.8947004449562719,2.0555727264132737,2.234500574363676
simple_combined,hist_gradient_boosting,42,3,entry_movement,val_eval,0.2,1330.0,5316.0,18.715225563909772,9.20997178329571,2.0320611185643274,1.8985574663551275,2.0146069901151593,2.171478932765236
simple_combined,hist_gradient_boosting,42,3,entry_movement,low_n_disclosure,0.05,59.0,1103.0,68.31576271186447,38.003807796917506,1.7976031001137094,1.0967500464484972,1.8167421498883418,2.829619433494783
simple_combined,hist_gradient_boosting,42,3,entry_movement,low_n_disclosure,0.1,117.0,1045.0,61.514871794871844,37.08286124401915,1.6588491214332381,1.2833331805976707,1.712809977598201,2.1399128803905727
simple_combined,hist_gradient_boosting,42,3,entry_movement,low_n_disclosure,0.2,233.0,929.0,56.084763948497894,35.39405812701831,1.584581336992414,1.284737731243438,1.5353766384645566,1.7857127913336388
simple_combined,hist_gradient_boosting,43,3,entry_movement,val_select,0.05,333.0,6315.0,12.434894894894898,6.057737133808393,2.052729364154053,1.8671930131269219,2.023678296502971,2.227850460009186
simple_combined,hist_gradient_boosting,43,3,entry_movement,val_select,0.1,665.0,5983.0,11.656541353383462,5.790377736921277,2.0130882444952896,1.900057819771145,2.011835686682048,2.1329785971336053
simple_combined,hist_gradient_boosting,43,3,entry_movement,val_select,0.2,1330.0,5318.0,10.615225563909776,5.3172583678074465,1.9963719702202338,1.9121521773651857,1.9832537308270282,2.077630973081344
simple_combined,hist_gradient_boosting,43,3,entry_movement,val_eval,0.05,333.0,6313.0,22.47267267267267,10.512919372722953,2.1376243720636485,1.9001997154628023,2.115508591480414,2.3893122860267906
simple_combined,hist_gradient_boosting,43,3,entry_movement,val_eval,0.1,665.0,5981.0,20.909398496240595,10.022857381708743,2.0861714080057943,1.912441842655827,2.0803795980500874,2.2815617270892425
simple_combined,hist_gradient_boosting,43,3,entry_movement,val_eval,0.2,1330.0,5316.0,18.96780451127819,9.146779533483823,2.0737139713319115,1.9188929306386315,2.056961222727579,2.224756044121002
simple_combined,hist_gradient_boosting,43,3,entry_movement,low_n_disclosure,0.05,59.0,1103.0,74.13169491525433,37.69271078875794,1.9667382197770853,1.0583868242009111,1.7740859978069032,2.796580076488221
simple_combined,hist_gradient_boosting,43,3,entry_movement,low_n_disclosure,0.1,117.0,1045.0,61.5483760683761,37.0791100478469,1.6599205317752783,1.1891619308860022,1.6218000881581829,2.0422709162596466
simple_combined,hist_gradient_boosting,43,3,entry_movement,low_n_disclosure,0.2,233.0,929.0,56.98429184549361,35.1684499461787,1.6203242375680922,1.2790353901227156,1.572067005376391,1.8504362982824774
simple_combined,hist_gradient_boosting,44,3,entry_movement,val_select,0.05,333.0,6315.0,12.293693693693696,6.0651828978622335,2.0269287671484393,1.8778318161144956,2.0185924769808214,2.2136818057900047
simple_combined,hist_gradient_boosting,44,3,entry_movement,val_select,0.1,665.0,5983.0,11.458481203007521,5.812391776700652,1.971388310220172,1.8669907845996727,1.9711681050305945,2.0879131786447602
simple_combined,hist_gradient_boosting,44,3,entry_movement,val_select,0.2,1330.0,5318.0,10.545165413533836,5.334779992478375,1.9766823427398503,1.892631223896266,1.9687304679664723,2.0622160088954677
simple_combined,hist_gradient_boosting,44,3,entry_movement,val_eval,0.05,333.0,6313.0,22.566096096096082,10.50799144622208,2.147517554766304,1.900682014747018,2.1131528408816087,2.372348913178701
simple_combined,hist_gradient_boosting,44,3,entry_movement,val_eval,0.1,665.0,5981.0,21.003939849624064,10.012345761578331,2.0978040860539595,1.920286846130879,2.0775799035637363,2.249734963775485
simple_combined,hist_gradient_boosting,44,3,entry_movement,val_eval,0.2,1330.0,5316.0,18.639924812030074,9.228811136192625,2.0197536320718372,1.8795041807467832,2.0069162659258915,2.1759291855397223
simple_combined,hist_gradient_boosting,44,3,entry_movement,low_n_disclosure,0.05,59.0,1103.0,66.70355932203398,38.0900453309157,1.7512071393596949,1.02412729198417,1.6676512491099422,2.3654932875743007
simple_combined,hist_gradient_boosting,44,3,entry_movement,low_n_disclosure,0.1,117.0,1045.0,55.600427350427395,37.745052631578965,1.4730520551429815,1.0619418576629458,1.526359746803114,1.972231514662089
simple_combined,hist_gradient_boosting,44,3,entry_movement,low_n_disclosure,0.2,233.0,929.0,53.25115879828328,36.104747039827785,1.4749074059303333,1.2307026076335186,1.4857593078294982,1.7600965841051304
simple_combined,hist_gradient_boosting,42,6,entry_movement,val_select,0.05,333.0,6315.0,16.503003003003002,9.067287410926365,1.8200595453846942,1.6302635190117187,1.797825161214158,1.992133198591
simple_combined,hist_gradient_boosting,42,6,entry_movement,val_select,0.1,665.0,5983.0,15.53682706766917,8.76206418184857,1.7731925657261391,1.6659143916790924,1.768488241571705,1.8926133693269056
simple_combined,hist_gradient_boosting,42,6,entry_movement,val_select,0.2,1330.0,5318.0,14.615180451127822,8.145398646107559,1.7942866992902768,1.702351666414094,1.790963537792932,1.863264704035952
simple_combined,hist_gradient_boosting,42,6,entry_movement,val_eval,0.05,333.0,6313.0,30.0063963963964,15.645284333914148,1.9179195312770247,1.7188826325896351,1.9079320976217415,2.156488618881006
simple_combined,hist_gradient_boosting,42,6,entry_movement,val_eval,0.1,665.0,5981.0,29.650511278195506,14.887680989801037,1.9916138247795543,1.8089902513088214,1.9729512500768127,2.2054336523927685
simple_combined,hist_gradient_boosting,42,6,entry_movement,val_eval,0.2,1330.0,5316.0,28.084097744360925,13.432836719337846,2.090704914467634,1.9186908887653649,2.0657181674487215,2.2340637248796877
simple_combined,hist_gradient_boosting,42,6,entry_movement,low_n_disclosure,0.05,59.0,1103.0,77.34237288135604,56.280163191296474,1.3742386037238208,0.9075899207425292,1.363927683035906,1.9827424295097036
simple_combined,hist_gradient_boosting,42,6,entry_movement,low_n_disclosure,0.1,117.0,1045.0,76.05760683760691,55.25500478468901,1.3764835806996842,0.9438766736881653,1.3118245435608027,1.770993692641387
simple_combined,hist_gradient_boosting,42,6,entry_movement,low_n_disclosure,0.2,233.0,929.0,71.41463519313308,53.82196986006459,1.3268677341020565,1.0491124200299262,1.285391453724031,1.6520599179929838
simple_combined,hist_gradient_boosting,43,6,entry_movement,val_select,0.05,333.0,6315.0,16.512972972972978,9.06676167854315,1.8212646982937228,1.6382032703407885,1.8162515290989318,2.018413121239197
simple_combined,hist_gradient_boosting,43,6,entry_movement,val_select,0.1,665.0,5983.0,15.544330827067668,8.76123015209761,1.7742178389579288,1.6557579936686448,1.7664791210872757,1.891390415677696
simple_combined,hist_gradient_boosting,43,6,entry_movement,val_select,0.2,1330.0,5318.0,14.489586466165415,8.176808950733358,1.7720343661528106,1.6901449507191046,1.7697274089705117,1.851817308011922
simple_combined,hist_gradient_boosting,43,6,entry_movement,val_eval,0.05,333.0,6313.0,31.464354354354374,15.568379534294314,2.0210423496577863,1.7724830087362278,1.9565252787675764,2.2305239711897396
simple_combined,hist_gradient_boosting,43,6,entry_movement,val_eval,0.1,665.0,5981.0,29.876135338345883,14.862594883798698,2.010156071125442,1.847030047540155,2.0052331653287565,2.2253293713797593
simple_combined,hist_gradient_boosting,43,6,entry_movement,val_eval,0.2,1330.0,5316.0,28.207263157894754,13.402022197140706,2.104702017574088,1.9307061198439028,2.0768176320055955,2.2566928953250747
simple_combined,hist_gradient_boosting,43,6,entry_movement,low_n_disclosure,0.05,59.0,1103.0,97.12084745762728,55.22220308250227,1.7587282295226108,1.060060203148389,1.6001392545751973,2.373446774062088
simple_combined,hist_gradient_boosting,43,6,entry_movement,low_n_disclosure,0.1,117.0,1045.0,90.86615384615398,53.59701435406699,1.695358499745592,1.1682682844564571,1.5805798543075562,2.055233028706635
simple_combined,hist_gradient_boosting,43,6,entry_movement,low_n_disclosure,0.2,233.0,929.0,77.8778969957082,52.20093649085038,1.491886970444647,1.1684948087795575,1.445654239080129,1.8127308965505975
simple_combined,hist_gradient_boosting,44,6,entry_movement,val_select,0.05,333.0,6315.0,16.260090090090095,9.080096595407758,1.7907397701378647,1.6352408700975143,1.7985797290906533,1.9975659228022644
simple_combined,hist_gradient_boosting,44,6,entry_movement,val_select,0.1,665.0,5983.0,15.335473684210527,8.784444258733078,1.7457534287345184,1.6229185256315124,1.7362772920623843,1.8698811123497914
simple_combined,hist_gradient_boosting,44,6,entry_movement,val_select,0.2,1330.0,5318.0,14.573526315789474,8.155816096276796,1.786887558982898,1.7006980709462012,1.7904930437322804,1.868708484722665
simple_combined,hist_gradient_boosting,44,6,entry_movement,val_eval,0.05,333.0,6313.0,30.248168168168192,15.632531284650723,1.934950112517496,1.7488616622941116,1.9313994711056675,2.1736985990194895
simple_combined,hist_gradient_boosting,44,6,entry_movement,val_eval,0.1,665.0,5981.0,29.96551879699249,14.852656746363488,2.0175191084469937,1.8148040113585624,1.9890495768773522,2.193062573080896
simple_combined,hist_gradient_boosting,44,6,entry_movement,val_eval,0.2,1330.0,5316.0,28.060496240601523,13.438741534988715,2.088030056054284,1.9115194288617428,2.0590597169329037,2.2199673005417124
simple_combined,hist_gradient_boosting,44,6,entry_movement,low_n_disclosure,0.05,59.0,1103.0,70.07288135593241,56.669011786038084,1.2365290861344564,0.858642525505201,1.2489368086491135,1.8859938032504107
simple_combined,hist_gradient_boosting,44,6,entry_movement,low_n_disclosure,0.1,117.0,1045.0,81.06538461538472,54.69432535885168,1.4821534790585944,1.0562607647352864,1.3460161252619702,1.791959347794345
simple_combined,hist_gradient_boosting,44,6,entry_movement,low_n_disclosure,0.2,233.0,929.0,77.74622317596572,52.233961248654474,1.4884228826885773,1.1428127898515725,1.4346990592269084,1.8404527452170245
simple_combined,hist_gradient_boosting,42,12,entry_movement,val_select,0.05,333.0,6315.0,20.883033033033037,13.362596991290578,1.5627974896379873,1.4012313233143674,1.55957181260482,1.7412843527431894
simple_combined,hist_gradient_boosting,42,12,entry_movement,val_select,0.1,665.0,5983.0,19.405428571428573,13.109516964733412,1.4802550409471316,1.3749908132755149,1.4836151515361449,1.6032960692505358
simple_combined,hist_gradient_boosting,42,12,entry_movement,val_select,0.2,1330.0,5318.0,18.260127819548874,12.608664911620911,1.4482205647894753,1.3663772606382427,1.4498512828742007,1.5247371197714235
simple_combined,hist_gradient_boosting,42,12,entry_movement,val_eval,0.05,333.0,6313.0,45.30576576576579,22.433633771582453,2.0195464643430325,1.7313285536390817,1.9768741779483499,2.2654609745234233
simple_combined,hist_gradient_boosting,42,12,entry_movement,val_eval,0.1,665.0,5981.0,42.17676691729326,21.511921083430867,1.9606229845171328,1.757499344712158,1.9469350795804408,2.168907798638913
simple_combined,hist_gradient_boosting,42,12,entry_movement,val_eval,0.2,1330.0,5316.0,38.18372932330829,19.92588224228744,1.916288014704482,1.7435799829692737,1.9035436020751177,2.0746268755660804
simple_combined,hist_gradient_boosting,42,12,entry_movement,low_n_disclosure,0.05,59.0,1103.0,189.85830508474595,78.10851314596552,2.4306992597586343,1.3728925877559797,2.1637924779697473,3.1107763775948833
simple_combined,hist_gradient_boosting,42,12,entry_movement,low_n_disclosure,0.1,117.0,1045.0,149.18803418803432,76.45964593301433,1.9511996474419557,1.2309428052465954,1.8599706385738777,2.735921636317124
simple_combined,hist_gradient_boosting,42,12,entry_movement,low_n_disclosure,0.2,233.0,929.0,118.12716738197429,75.16867599569427,1.5714945862388305,1.1683779861248376,1.5407963757775152,2.096877168205613
simple_combined,hist_gradient_boosting,43,12,entry_movement,val_select,0.05,333.0,6315.0,21.254294294294294,13.343019794140936,1.59291484403158,1.4109635370881135,1.5867525832097076,1.785137208458736
simple_combined,hist_gradient_boosting,43,12,entry_movement,val_select,0.1,665.0,5983.0,19.521894736842107,13.096571953869297,1.4906110397136778,1.3860165748227904,1.490095435373553,1.6110186243989033
simple_combined,hist_gradient_boosting,43,12,entry_movement,val_select,0.2,1330.0,5318.0,18.417248120300755,12.56937006393381,1.4652483001631624,1.4015755898692857,1.4724273057760935,1.5443216549342635
simple_combined,hist_gradient_boosting,43,12,entry_movement,val_eval,0.05,333.0,6313.0,45.69120120120123,22.413302708696346,2.0385751174222566,1.759473921566254,1.989231867383257,2.2663443324156973
simple_combined,hist_gradient_boosting,43,12,entry_movement,val_eval,0.1,665.0,5981.0,42.56213533834589,21.46907373348938,1.9824858709182998,1.7501987030988824,1.9465049909262475,2.188670321629548
simple_combined,hist_gradient_boosting,43,12,entry_movement,val_eval,0.2,1330.0,5316.0,38.768736842105284,19.779520316027085,1.9600443399373788,1.782760808371814,1.9465449252185572,2.1183518667509786
simple_combined,hist_gradient_boosting,43,12,entry_movement,low_n_disclosure,0.05,59.0,1103.0,189.74016949152565,78.11483227561195,2.4289902949809443,1.3734246306299243,2.2733942227294177,3.37448691765558
simple_combined,hist_gradient_boosting,43,12,entry_movement,low_n_disclosure,0.1,117.0,1045.0,152.153076923077,76.12767464114829,1.9986565679340442,1.1979637195095036,1.8567049547609726,2.896199783245464
simple_combined,hist_gradient_boosting,43,12,entry_movement,low_n_disclosure,0.2,233.0,929.0,113.66030042918459,76.28899892357371,1.4898648826556162,1.0961989580199683,1.4635077129296186,2.0695289061015028
simple_combined,hist_gradient_boosting,44,12,entry_movement,val_select,0.05,333.0,6315.0,21.38252252252252,13.336258115597783,1.6033374832115772,1.4010654082539562,1.58285404412083,1.7832445251238473
simple_combined,hist_gradient_boosting,44,12,entry_movement,val_select,0.1,665.0,5983.0,19.30351879699248,13.120844058164803,1.471210137962149,1.3399846362375976,1.457789992402604,1.576301868640622
simple_combined,hist_gradient_boosting,44,12,entry_movement,val_select,0.2,1330.0,5318.0,18.36454887218045,12.582549830763448,1.4595252249492723,1.3660205913109307,1.4565800586059687,1.5320741803386826
simple_combined,hist_gradient_boosting,44,12,entry_movement,val_eval,0.05,333.0,6313.0,44.92378378378381,22.453782670679555,2.000722303349176,1.710209938978296,1.9665820454497784,2.2561542963619168
simple_combined,hist_gradient_boosting,44,12,entry_movement,val_eval,0.1,665.0,5981.0,41.119894736842134,21.62942986122722,1.9011085821801248,1.7007262777082326,1.8884162850416213,2.0796014706601404
simple_combined,hist_gradient_boosting,44,12,entry_movement,val_eval,0.2,1330.0,5316.0,37.53666165413536,20.087770880361173,1.8686325066975504,1.6935803577769228,1.8539759211669127,1.9802695242608799
simple_combined,hist_gradient_boosting,44,12,entry_movement,low_n_disclosure,0.05,59.0,1103.0,172.5696610169493,79.03329102447867,2.1835059476834893,1.4241009823105648,2.0411826869329617,2.905169963927419
simple_combined,hist_gradient_boosting,44,12,entry_movement,low_n_disclosure,0.1,117.0,1045.0,153.34341880341887,75.99440191387556,2.017825194245267,1.2826753373689266,1.889418824709943,2.9061278653912597
simple_combined,hist_gradient_boosting,44,12,entry_movement,low_n_disclosure,0.2,233.0,929.0,121.90072961373394,74.22223896663075,1.6423747290692585,1.2156216324418927,1.5747562519348044,2.1284520315702036
simple_combined,hist_gradient_boosting,42,24,entry_movement,val_select,0.05,333.0,6315.0,27.08516516516518,19.71881076801267,1.3735699116856486,1.2137331800142517,1.3751929484050534,1.5437693749057566
simple_combined,hist_gradient_boosting,42,24,entry_movement,val_select,0.1,665.0,5983.0,25.105383458646624,19.53009694133378,1.2854715229555889,1.1749767022056772,1.2836109820209638,1.3822765449246115
simple_combined,hist_gradient_boosting,42,24,entry_movement,val_select,0.2,1330.0,5318.0,23.547398496240604,19.222566754418953,1.2249872140944675,1.1493869720221286,1.222101676351159,1.3076897057630523
simple_combined,hist_gradient_boosting,42,24,entry_movement,val_eval,0.05,333.0,6313.0,58.635135135135144,33.08419135118011,1.7723006892548285,1.526310379431533,1.7448840413880078,2.075966265373073
simple_combined,hist_gradient_boosting,42,24,entry_movement,val_eval,0.1,665.0,5981.0,58.61667669172933,31.66793345594382,1.8509789018369762,1.5919969514696388,1.8119736287880288,2.06635312827589
simple_combined,hist_gradient_boosting,42,24,entry_movement,val_eval,0.2,1330.0,5316.0,54.39794736842106,29.352281790820168,1.8532783160126869,1.6148631545213556,1.8284615043501427,2.02331446676889
simple_combined,hist_gradient_boosting,42,24,entry_movement,low_n_disclosure,0.05,59.0,1103.0,234.75237288135602,115.1492203082502,2.038679656301038,1.3167402827868029,1.9423853657541654,2.6868972302611884
simple_combined,hist_gradient_boosting,42,24,entry_movement,low_n_disclosure,0.1,117.0,1045.0,214.5769230769231,110.76983732057414,1.937142170353879,1.2847579058159238,1.8686448197874002,2.594882944936702
simple_combined,hist_gradient_boosting,42,24,entry_movement,low_n_disclosure,0.2,233.0,929.0,176.27120171673823,107.4152744886975,1.6410254738518208,1.1798750230286135,1.6333160673498974,2.1866832506348737
simple_combined,hist_gradient_boosting,43,24,entry_movement,val_select,0.05,333.0,6315.0,27.383303303303308,19.703089469517025,1.3897974399227324,1.197452902437176,1.3871220660539936,1.5562018342767425
simple_combined,hist_gradient_boosting,43,24,entry_movement,val_select,0.1,665.0,5983.0,25.274646616541354,19.51128363697142,1.2953861512550147,1.1828306571008018,1.2879931523692112,1.407576185703549
simple_combined,hist_gradient_boosting,43,24,entry_movement,val_select,0.2,1330.0,5318.0,23.712022556390977,19.18139526137646,1.236199047737542,1.161918959425644,1.2302503040172024,1.3133743998056968
simple_combined,hist_gradient_boosting,43,24,entry_movement,val_eval,0.05,333.0,6313.0,61.01387387387386,32.95871693331221,1.8512211503053262,1.5662723033158208,1.7971101257976836,2.1489124124973147
simple_combined,hist_gradient_boosting,43,24,entry_movement,val_eval,0.1,665.0,5981.0,55.24457142857144,32.04286239759238,1.7240835335835158,1.4999216777285471,1.7022573809999104,1.949638457634614
simple_combined,hist_gradient_boosting,43,24,entry_movement,val_eval,0.2,1330.0,5316.0,52.033248120300755,29.94390142964635,1.7376910033768866,1.5556925655320106,1.7124383177380058,1.9023819756699627
simple_combined,hist_gradient_boosting,43,24,entry_movement,low_n_disclosure,0.05,59.0,1103.0,232.71711864406788,115.2580870353581,2.01909579301517,1.2850668227265118,1.8146675520499804,2.682166694179567
simple_combined,hist_gradient_boosting,43,24,entry_movement,low_n_disclosure,0.1,117.0,1045.0,212.90777777777785,110.95671770334926,1.9188363010791476,1.2612542822419226,1.8370994080938094,2.720573659291333
simple_combined,hist_gradient_boosting,43,24,entry_movement,low_n_disclosure,0.2,233.0,929.0,172.30317596566525,108.41048439181914,1.5893589714342018,1.0932780233555464,1.5150095479882237,2.1418030378669397
simple_combined,hist_gradient_boosting,44,24,entry_movement,val_select,0.05,333.0,6315.0,27.55513513513515,19.694028503562947,1.3991619403896978,1.2204711096149987,1.3804820794851143,1.5597392056347772
simple_combined,hist_gradient_boosting,44,24,entry_movement,val_select,0.1,665.0,5983.0,25.321037593984972,19.506127360855757,1.298106852557437,1.1821543778844827,1.2875659791809206,1.4090596287641919
simple_combined,hist_gradient_boosting,44,24,entry_movement,val_select,0.2,1330.0,5318.0,23.585285714285714,19.213091387739752,1.2275632920445039,1.1502745112579182,1.2239721650583633,1.2994517011748699
simple_combined,hist_gradient_boosting,44,24,entry_movement,val_eval,0.05,333.0,6313.0,55.392402402402396,33.255239980991604,1.665674415041485,1.3879703342545038,1.6190954234932953,1.9699734060340781
simple_combined,hist_gradient_boosting,44,24,entry_movement,val_eval,0.1,665.0,5981.0,52.17431578947368,32.38423006186256,1.6111025548486642,1.4058208862797161,1.575611357018256,1.7982387635789632
simple_combined,hist_gradient_boosting,44,24,entry_movement,val_eval,0.2,1330.0,5316.0,50.08833834586466,30.43049473288187,1.645991587896906,1.457616630676223,1.6264087849892037,1.811262477538539
simple_combined,hist_gradient_boosting,44,24,entry_movement,low_n_disclosure,0.05,59.0,1103.0,254.3713559322035,114.09979147778783,2.2293761683317603,1.30467624567365,1.9568671046809327,2.808584023551712
simple_combined,hist_gradient_boosting,44,24,entry_movement,low_n_disclosure,0.1,117.0,1045.0,223.64333333333337,109.75474641148323,2.0376643438714592,1.286463143209492,1.9462242784234527,2.8511396278835357
simple_combined,hist_gradient_boosting,44,24,entry_movement,low_n_disclosure,0.2,233.0,929.0,179.61935622317594,106.57553283100106,1.6853714117291998,1.227882696819752,1.6624545874404164,2.310598613183294
simple_combined,extra_trees_small,42,3,entry_movement,val_select,0.05,333.0,6315.0,12.586216216216224,6.049757719714965,2.0804496310984875,1.93400241030433,2.0734486238830643,2.257851666377913
simple_combined,extra_trees_small,42,3,entry_movement,val_select,0.1,665.0,5983.0,11.953518796992483,5.757369212769513,2.076211956405413,1.967754975827259,2.06536057757422,2.1950808939282944
simple_combined,extra_trees_small,42,3,entry_movement,val_select,0.2,1330.0,5318.0,10.673142857142858,5.302773599097405,2.012747227028428,1.9357669817185819,2.0137617065739786,2.110920924941344
simple_combined,extra_trees_small,42,3,entry_movement,val_eval,0.05,333.0,6313.0,25.237027027027032,10.367104387771265,2.434337118935148,2.2319476756828696,2.4057249704687247,2.626031618853452
simple_combined,extra_trees_small,42,3,entry_movement,val_eval,0.1,665.0,5981.0,22.518406015037595,9.843959204146461,2.2875354873019402,2.1252965523161187,2.276138761793494,2.4599276682707627
simple_combined,extra_trees_small,42,3,entry_movement,val_eval,0.2,1330.0,5316.0,19.872473684210522,8.920442061700525,2.227745390503908,2.0774574660143545,2.216821248045585,2.384935832893385
simple_combined,extra_trees_small,42,3,entry_movement,low_n_disclosure,0.05,59.0,1103.0,46.09237288135607,39.19254759746147,1.1760494202816636,0.9131845956065939,1.177205915012085,1.6755166185942425
simple_combined,extra_trees_small,42,3,entry_movement,low_n_disclosure,0.1,117.0,1045.0,58.775641025641086,37.38955023923446,1.5719804236630075,1.2332686342262245,1.513168236486976,1.8263736852437857
simple_combined,extra_trees_small,42,3,entry_movement,low_n_disclosure,0.2,233.0,929.0,52.34957081545068,36.3308719052745,1.4409114912502443,1.2571959206770353,1.4188613085613537,1.6369196802440558
simple_combined,extra_trees_small,43,3,entry_movement,val_select,0.05,333.0,6315.0,12.950450450450456,6.030551068883611,2.1474738050510984,1.9553864059876027,2.114878458135195,2.2896048520933623
simple_combined,extra_trees_small,43,3,entry_movement,val_select,0.1,665.0,5983.0,11.968766917293236,5.755674410830687,2.0794725453495286,1.937406341822588,2.0613329931758058,2.1915167464670224
simple_combined,extra_trees_small,43,3,entry_movement,val_select,0.2,1330.0,5318.0,10.684879699248123,5.299838285069575,2.0160765526278417,1.9439132968713944,2.0213556867495486,2.108449733340716
simple_combined,extra_trees_small,43,3,entry_movement,val_eval,0.05,333.0,6313.0,25.61426426426427,10.347205765879929,2.4754764565258482,2.2430683673619383,2.4472984173161376,2.67957391516457
simple_combined,extra_trees_small,43,3,entry_movement,val_eval,0.1,665.0,5981.0,22.606285714285708,9.834188262832303,2.298744452526371,2.121313075239147,2.2758766901923932,2.4576953607464858
simple_combined,extra_trees_small,43,3,entry_movement,val_eval,0.2,1330.0,5316.0,20.182759398496238,8.842812264860797,2.282391482933281,2.1217045570044997,2.2763174783524573,2.459751997766722
simple_combined,extra_trees_small,43,3,entry_movement,low_n_disclosure,0.05,59.0,1103.0,67.14610169491532,38.06637352674526,1.763921683995949,1.201936001335392,1.6744935642893881,2.3195323785685504
simple_combined,extra_trees_small,43,3,entry_movement,low_n_disclosure,0.1,117.0,1045.0,58.61769230769234,37.40723444976078,1.5670148614278863,1.2994514153414054,1.5266944220465537,1.8677288229393039
simple_combined,extra_trees_small,43,3,entry_movement,low_n_disclosure,0.2,233.0,929.0,53.96351931330475,35.92608180839614,1.5020708242303549,1.2878465470485854,1.4924356894627004,1.7438522652470472
simple_combined,extra_trees_small,44,3,entry_movement,val_select,0.05,333.0,6315.0,13.136276276276284,6.0207521773555035,2.181833081534695,1.9919891893678587,2.1547083306451227,2.343608143074698
simple_combined,extra_trees_small,44,3,entry_movement,val_select,0.1,665.0,5983.0,11.950661654135338,5.757686779207757,2.0756012114607802,1.9624908420204417,2.075110021504845,2.207030232868034
simple_combined,extra_trees_small,44,3,entry_movement,val_select,0.2,1330.0,5318.0,10.75602255639098,5.282045881910492,2.036336449334396,1.9480993762024292,2.028653027568558,2.110245537205335
simple_combined,extra_trees_small,44,3,entry_movement,val_eval,0.05,333.0,6313.0,25.268408408408416,10.365449073340722,2.437753369836832,2.2064508681243846,2.417691617796247,2.6213178857538204
simple_combined,extra_trees_small,44,3,entry_movement,val_eval,0.1,665.0,5981.0,22.537082706766917,9.841882628323022,2.2899158177226764,2.1132119013686745,2.2705330770858696,2.4471640343942034
simple_combined,extra_trees_small,44,3,entry_movement,val_eval,0.2,1330.0,5316.0,20.109473684210524,8.861147479307748,2.2693983743267436,2.1106996073843804,2.2558983672664974,2.4156571772193742
simple_combined,extra_trees_small,44,3,entry_movement,low_n_disclosure,0.05,59.0,1103.0,68.01118644067809,38.020099728014515,1.788821884403557,1.1768554037681753,1.6606060539551621,2.3182700894088804
simple_combined,extra_trees_small,44,3,entry_movement,low_n_disclosure,0.1,117.0,1045.0,62.05829059829066,37.02201913875599,1.676253538892637,1.3175812444967379,1.6274984602632288,1.9728336219191658
simple_combined,extra_trees_small,44,3,entry_movement,low_n_disclosure,0.2,233.0,929.0,53.38111587982838,36.07215285252962,1.4798428055586634,1.2775886462495796,1.4599601697215037,1.6841276983067923
simple_combined,extra_trees_small,42,6,entry_movement,val_select,0.05,333.0,6315.0,16.180810810810815,9.084277117973079,1.7811885965915077,1.6101320111631485,1.775549764095313,1.9769101198712877
simple_combined,extra_trees_small,42,6,entry_movement,val_select,0.1,665.0,5983.0,15.908045112781958,8.720803944509443,1.8241489218201667,1.7014010501580907,1.8120663643234558,1.9301156061507845
simple_combined,extra_trees_small,42,6,entry_movement,val_select,0.2,1330.0,5318.0,14.797383458646618,8.099830763444903,1.8268756336772163,1.736671074281569,1.8174293257403131,1.9013163075130612
simple_combined,extra_trees_small,42,6,entry_movement,val_eval,0.05,333.0,6313.0,37.262042042042076,15.262561381276733,2.441401617408274,2.183130436685022,2.4247374953261245,2.6498077985216617
simple_combined,extra_trees_small,42,6,entry_movement,val_eval,0.1,665.0,5981.0,33.63587969924814,14.444566126065878,2.3286182087913785,2.1265277453000535,2.299712490919477,2.513946441063574
simple_combined,extra_trees_small,42,6,entry_movement,val_eval,0.2,1330.0,5316.0,29.363744360902277,13.112684349134687,2.2393389163554454,2.070670930465544,2.2377045202727146,2.39467135611802
simple_combined,extra_trees_small,42,6,entry_movement,low_n_disclosure,0.05,59.0,1103.0,70.24084745762721,56.66002719854943,1.2396896177173997,0.9506849434003573,1.2044521758728035,1.54995848067247
simple_combined,extra_trees_small,42,6,entry_movement,low_n_disclosure,0.1,117.0,1045.0,72.39094017094021,55.66553110047848,1.3004625796217,1.0333063577833306,1.2947810328958815,1.5932740525762839
simple_combined,extra_trees_small,42,6,entry_movement,low_n_disclosure,0.2,233.0,929.0,70.14085836909872,54.14144241119485,1.2955114464145798,1.135465539665535,1.2770358891562898,1.4570780629840616
simple_combined,extra_trees_small,43,6,entry_movement,val_select,0.05,333.0,6315.0,16.599069069069074,9.062221694378463,1.8316776645804105,1.6603847487449679,1.8238697413108147,2.0303229745576847
simple_combined,extra_trees_small,43,6,entry_movement,val_select,0.1,665.0,5983.0,15.925909774436095,8.718818318569278,1.8266133313636326,1.7076525086273049,1.818260883798574,1.9341652583288438
simple_combined,extra_trees_small,43,6,entry_movement,val_select,0.2,1330.0,5318.0,14.72462406015038,8.118027453930049,1.8138179679377637,1.7305726956357637,1.814107337781301,1.8862004582410472
simple_combined,extra_trees_small,43,6,entry_movement,val_eval,0.05,333.0,6313.0,37.055735735735766,15.273443687628708,2.426154604920594,2.1691145550746316,2.3858417247301347,2.668427145414054
simple_combined,extra_trees_small,43,6,entry_movement,val_eval,0.1,665.0,5981.0,33.89344360902259,14.415928774452432,2.351110645682972,2.1409557648167197,2.316419320045349,2.5406182477856265
simple_combined,extra_trees_small,43,6,entry_movement,val_eval,0.2,1330.0,5316.0,29.576563909774453,13.05943942814146,2.264765197045185,2.0949558709114573,2.259532463671472,2.4177496108757848
simple_combined,extra_trees_small,43,6,entry_movement,low_n_disclosure,0.05,59.0,1103.0,73.46627118644076,56.48749773345423,1.3005757757779206,0.9574925646766456,1.2470875546989806,1.7376210033342903
simple_combined,extra_trees_small,43,6,entry_movement,low_n_disclosure,0.1,117.0,1045.0,72.70316239316243,55.63057416267944,1.3068921809176002,1.024890593885897,1.2659723815451416,1.5563005291488847
simple_combined,extra_trees_small,43,6,entry_movement,low_n_disclosure,0.2,233.0,929.0,68.48064377682405,54.557836383207764,1.2551935398578518,1.0248636268706548,1.235010405271903,1.5168303962852923
simple_combined,extra_trees_small,44,6,entry_movement,val_select,0.05,333.0,6315.0,16.530210210210214,9.065852731591448,1.8233486357668254,1.6488505466249632,1.8159742476831084,2.0327151727758928
simple_combined,extra_trees_small,44,6,entry_movement,val_select,0.1,665.0,5983.0,15.802947368421057,8.732485375229816,1.809673499511033,1.6884166263140408,1.8059188500223278,1.931650113676623
simple_combined,extra_trees_small,44,6,entry_movement,val_select,0.2,1330.0,5318.0,14.608293233082707,8.147121098157202,1.7930619978616689,1.7081181580135547,1.791123604694242,1.8722003960325488
simple_combined,extra_trees_small,44,6,entry_movement,val_eval,0.05,333.0,6313.0,36.45531531531535,15.305114842388722,2.3819040687201825,2.1260600519687403,2.369666801201939,2.6462573626141284
simple_combined,extra_trees_small,44,6,entry_movement,val_eval,0.1,665.0,5981.0,33.836390977443635,14.42227219528507,2.346120674972799,2.127143227984792,2.312535511398088,2.5177420705051374
simple_combined,extra_trees_small,44,6,entry_movement,val_eval,0.2,1330.0,5316.0,29.231646616541372,13.145733634311513,2.2236603471292176,2.0470518246315508,2.2070165269292428,2.376185851213373
simple_combined,extra_trees_small,44,6,entry_movement,low_n_disclosure,0.05,59.0,1103.0,87.10728813559334,55.757833182230286,1.5622430636948414,0.9825010140179355,1.4445683170303198,2.0427465235824083
simple_combined,extra_trees_small,44,6,entry_movement,low_n_disclosure,0.1,117.0,1045.0,81.18572649572658,54.680851674641154,1.4847194952045226,1.0261026403301137,1.4003846067938,1.8991658368275766
simple_combined,extra_trees_small,44,6,entry_movement,low_n_disclosure,0.2,233.0,929.0,71.84180257510734,53.71483315392896,1.3374667360360681,1.1074108558731228,1.3277301562866342,1.6222051936278048
simple_combined,extra_trees_small,42,12,entry_movement,val_select,0.05,333.0,6315.0,21.72336336336336,13.318285035629454,1.631093140389202,1.4401391507553818,1.6150936254001933,1.8033672433194676
simple_combined,extra_trees_small,42,12,entry_movement,val_select,0.1,665.0,5983.0,20.595954887218046,12.977192044125022,1.5870887027939264,1.455113584007259,1.5891171861594786,1.7067144372906278
simple_combined,extra_trees_small,42,12,entry_movement,val_select,0.2,1330.0,5318.0,19.092142857142857,12.400582925912,1.5396165624801648,1.44977079700947,1.5314227978114117,1.606935814989667
simple_combined,extra_trees_small,42,12,entry_movement,val_eval,0.05,333.0,6313.0,52.37702702702708,22.06063678124505,2.3742300617340133,2.02185452530767,2.3222600837497698,2.6857681279887635
simple_combined,extra_trees_small,42,12,entry_movement,val_eval,0.1,665.0,5981.0,49.56763909774439,20.69016385219863,2.395710321669449,2.1146650108538925,2.3422907214275677,2.628455569695166
simple_combined,extra_trees_small,42,12,entry_movement,val_eval,0.2,1330.0,5316.0,43.78036090225565,18.525671557562077,2.3632266590835003,2.148319105808735,2.340296956343769,2.5405254853849124
simple_combined,extra_trees_small,42,12,entry_movement,low_n_disclosure,0.05,59.0,1103.0,102.26305084745768,82.79402538531276,1.2351501255258284,0.9171730621502331,1.2571471875031952,1.7330838205805135
simple_combined,extra_trees_small,42,12,entry_movement,low_n_disclosure,0.1,117.0,1045.0,119.9852136752137,79.72924401913875,1.5049084580108603,1.1444381101169518,1.4783467598379902,1.847541729790765
simple_combined,extra_trees_small,42,12,entry_movement,low_n_disclosure,0.2,233.0,929.0,116.56309012875536,75.56095801937565,1.5426364776749626,1.1613266078398927,1.4818157500778497,1.854093775325386
simple_combined,extra_trees_small,43,12,entry_movement,val_select,0.05,333.0,6315.0,21.592072072072074,13.325208234362629,1.6203928443227713,1.4164994523641012,1.6066975055870065,1.7805316362049648
simple_combined,extra_trees_small,43,12,entry_movement,val_select,0.1,665.0,5983.0,20.65327819548872,12.97082065853251,1.5922877001543083,1.4549200994885363,1.5768449952912005,1.7112353220367784
simple_combined,extra_trees_small,43,12,entry_movement,val_select,0.2,1330.0,5318.0,19.020127819548875,12.418593456186537,1.531584706968056,1.4358768901620642,1.5264461056854783,1.6008689933003084
simple_combined,extra_trees_small,43,12,entry_movement,val_eval,0.05,333.0,6313.0,49.72264264264266,22.200651037541583,2.2396929963252448,1.9170547072785298,2.177790683883209,2.5413199507991036
simple_combined,extra_trees_small,43,12,entry_movement,val_eval,0.1,665.0,5981.0,47.761939849624085,20.890931282394252,2.286252307472538,2.0213039102678247,2.238891691468799,2.5070607965882594
simple_combined,extra_trees_small,43,12,entry_movement,val_eval,0.2,1330.0,5316.0,42.61690225563911,18.816755079006775,2.264838016794158,2.0551821772778287,2.2384698125514295,2.437611521387636
simple_combined,extra_trees_small,43,12,entry_movement,low_n_disclosure,0.05,59.0,1103.0,98.97644067796622,82.96982774252038,1.192920889086561,0.897190064453071,1.1553622428615848,1.5123504860074148
simple_combined,extra_trees_small,43,12,entry_movement,low_n_disclosure,0.1,117.0,1045.0,109.0237606837608,80.95650717703349,1.3466954601357815,1.0617095925319522,1.3402428079264936,1.7037470770078582
simple_combined,extra_trees_small,43,12,entry_movement,low_n_disclosure,0.2,233.0,929.0,108.44012875536485,77.59825618945099,1.3974557429565875,1.0800334412548755,1.3513484652377272,1.7308780484871977
simple_combined,extra_trees_small,44,12,entry_movement,val_select,0.05,333.0,6315.0,21.23336336336337,13.344123515439431,1.5912145401528937,1.4155452480104618,1.5905357124002497,1.7675696029216992
simple_combined,extra_trees_small,44,12,entry_movement,val_select,0.1,665.0,5983.0,20.68487218045113,12.967309042286479,1.59515533353895,1.4623633826257003,1.5809707358183007,1.7015014461844984
simple_combined,extra_trees_small,44,12,entry_movement,val_select,0.2,1330.0,5318.0,19.168481203007524,12.381491162091013,1.548156110767704,1.4541751911813405,1.5424743800599767,1.6193415979870276
simple_combined,extra_trees_small,44,12,entry_movement,val_eval,0.05,333.0,6313.0,50.119819819819845,22.179700617772852,2.259715795246499,1.979704650128327,2.219047697420569,2.5838127155279786
simple_combined,extra_trees_small,44,12,entry_movement,val_eval,0.1,665.0,5981.0,47.14393984962408,20.959643872262163,2.2492719884431827,1.9995661112103835,2.2050222053994197,2.4695724572189053
simple_combined,extra_trees_small,44,12,entry_movement,val_eval,0.2,1330.0,5316.0,42.79417293233085,18.77240406320542,2.2796319953611563,2.05448509576245,2.253085470268136,2.467057663329888
simple_combined,extra_trees_small,44,12,entry_movement,low_n_disclosure,0.05,59.0,1103.0,116.73406779661033,82.01996373526742,1.4232396904415643,1.0801376879712508,1.4607209101852048,1.793341840559888
simple_combined,extra_trees_small,44,12,entry_movement,low_n_disclosure,0.1,117.0,1045.0,115.19606837606845,80.26544497607652,1.435188808962601,1.168384930774834,1.4199497610990117,1.6821522884634736
simple_combined,extra_trees_small,44,12,entry_movement,low_n_disclosure,0.2,233.0,929.0,103.62175965665237,78.80673842841765,1.3148845101713593,1.1081446467916582,1.3283851851363535,1.596299010961039
simple_combined,extra_trees_small,42,24,entry_movement,val_select,0.05,333.0,6315.0,29.315405405405414,19.601206650831354,1.4955918749094994,1.292430766461051,1.5005420559479907,1.6857820030257467
simple_combined,extra_trees_small,42,24,entry_movement,val_select,0.1,665.0,5983.0,27.319443609022557,19.284008022731072,1.416689081274997,1.277371234097455,1.412631291067616,1.5644888279073017
simple_combined,extra_trees_small,42,24,entry_movement,val_select,0.2,1330.0,5318.0,25.420157894736846,18.754200827378714,1.3554380764456087,1.2480189877839258,1.3545696118381172,1.4533037267157798
simple_combined,extra_trees_small,42,24,entry_movement,val_eval,0.05,333.0,6313.0,67.24147147147148,32.630221764612706,2.0607114458656386,1.6611931337466765,2.0417600655510695,2.4067195247301756
simple_combined,extra_trees_small,42,24,entry_movement,val_eval,0.1,665.0,5981.0,66.22342857142857,30.822173549573648,2.148564521736807,1.822420619373115,2.106734896797038,2.4321356643855045
simple_combined,extra_trees_small,42,24,entry_movement,val_eval,0.2,1330.0,5316.0,61.65460150375941,27.536753197893155,2.238993139847606,2.010593956493786,2.22669620591627,2.44052154646327
simple_combined,extra_trees_small,42,24,entry_movement,low_n_disclosure,0.05,59.0,1103.0,166.20593220338992,118.81580235720759,1.3988537627655684,1.1519724577675872,1.4114008941348781,1.6595871742603057
simple_combined,extra_trees_small,42,24,entry_movement,low_n_disclosure,0.1,117.0,1045.0,153.6074358974359,117.5960861244019,1.306229152345585,1.0306034612237884,1.3147035659640078,1.596841227948978
simple_combined,extra_trees_small,42,24,entry_movement,low_n_disclosure,0.2,233.0,929.0,148.79824034334766,114.30569429494076,1.3017570232276132,1.0291256646003084,1.272077894720717,1.5703664232010635
simple_combined,extra_trees_small,43,24,entry_movement,val_select,0.05,333.0,6315.0,29.316336336336338,19.601157561361838,1.4956431141661368,1.3006961659787406,1.4932110323239072,1.6974401070738794
simple_combined,extra_trees_small,43,24,entry_movement,val_select,0.1,665.0,5983.0,27.32882706766918,19.282965067691794,1.4172523246156816,1.2813404100890362,1.4160096054973987,1.5518310737936238
simple_combined,extra_trees_small,43,24,entry_movement,val_select,0.2,1330.0,5318.0,25.75357894736842,18.67081421587063,1.3793495371764384,1.2623299767352167,1.3754201646129878,1.4795754985204312
simple_combined,extra_trees_small,43,24,entry_movement,val_eval,0.05,333.0,6313.0,73.57582582582585,32.29609535878346,2.278164744327697,1.8655911112256816,2.2106239213985894,2.671092112388364
simple_combined,extra_trees_small,43,24,entry_movement,val_eval,0.1,665.0,5981.0,68.98350375939849,30.515293429192447,2.26062069235767,1.9347481088158185,2.198426183135925,2.5721461690150367
simple_combined,extra_trees_small,43,24,entry_movement,val_eval,0.2,1330.0,5316.0,63.13785714285715,27.165660270880366,2.324179000741476,2.0366163998109927,2.268358873831992,2.5048797240870075
simple_combined,extra_trees_small,43,24,entry_movement,low_n_disclosure,0.05,59.0,1103.0,207.92457627118654,116.58425203989118,1.7834705170990144,1.2563579343172373,1.6668115290130343,2.302235730394051
simple_combined,extra_trees_small,43,24,entry_movement,low_n_disclosure,0.1,117.0,1045.0,197.45316239316247,112.68704306220094,1.7522259616322735,1.3287362598074652,1.7207842820659347,2.2194217417739055
simple_combined,extra_trees_small,43,24,entry_movement,low_n_disclosure,0.2,233.0,929.0,184.1014163090129,105.45139935414421,1.7458413775120545,1.270424687098363,1.6756388072448916,2.165645056080045
simple_combined,extra_trees_small,44,24,entry_movement,val_select,0.05,333.0,6315.0,29.932012012012013,19.568692003167065,1.5295867504669045,1.3074726873707216,1.50695456981915,1.7049973021773397
simple_combined,extra_trees_small,44,24,entry_movement,val_select,0.1,665.0,5983.0,27.674691729323307,19.244522814641485,1.43805549224988,1.30018451592886,1.4322405416645636,1.5818733747571168
simple_combined,extra_trees_small,44,24,entry_movement,val_select,0.2,1330.0,5318.0,25.56909774436091,18.716951861602105,1.3660930440717758,1.253955944384301,1.3696994598307999,1.4768973658829174
simple_combined,extra_trees_small,44,24,entry_movement,val_eval,0.05,333.0,6313.0,74.19240240240241,32.26357199429748,2.2995718643774397,1.9088294962242618,2.277656225322743,2.705968125032015
simple_combined,extra_trees_small,44,24,entry_movement,val_eval,0.1,665.0,5981.0,69.52323308270678,30.455283397425177,2.2827971152153053,1.9611743602460405,2.230140134367103,2.625159137815303
simple_combined,extra_trees_small,44,24,entry_movement,val_eval,0.2,1330.0,5316.0,63.21096992481204,27.147368322046653,2.3284382182076104,2.0629550107771792,2.2989177330880644,2.521026365181357
simple_combined,extra_trees_small,44,24,entry_movement,low_n_disclosure,0.05,59.0,1103.0,179.84949152542387,118.0860018132366,1.5230381989718955,1.1600672389963473,1.5180566893507028,1.936123629867908
simple_combined,extra_trees_small,44,24,entry_movement,low_n_disclosure,0.1,117.0,1045.0,191.12410256410266,113.39565550239232,1.6854623020374047,1.3097914816518037,1.6122667061000064,2.023036307270933
simple_combined,extra_trees_small,44,24,entry_movement,low_n_disclosure,0.2,233.0,929.0,184.8857510729614,105.25468245425186,1.7565560672639962,1.2889384119665752,1.6753261724372661,2.156200714736904
distance_to_entry_open_post_entry_diagnostic_only,hist_gradient_boosting,42,3,entry_movement,val_select,0.05,333.0,6315.0,9.356426426426426,6.22006967537609,1.5042317714649553,1.3787017232683725,1.49881880277225,1.618517249619847
distance_to_entry_open_post_entry_diagnostic_only,hist_gradient_boosting,42,3,entry_movement,val_select,0.1,665.0,5983.0,8.43141353383458,6.1488450610061856,1.3712190582429278,1.290575850512358,1.3664826371417433,1.4500536230339065
distance_to_entry_open_post_entry_diagnostic_only,hist_gradient_boosting,42,3,entry_movement,val_select,0.2,1330.0,5318.0,7.7903007518796965,6.023755171116962,1.2932631773006091,1.2380857248042287,1.2911268942078529,1.3488388601108225
distance_to_entry_open_post_entry_diagnostic_only,hist_gradient_boosting,42,3,entry_movement,val_eval,0.05,333.0,6313.0,15.227837837837827,10.895072073499128,1.397681239289605,1.2710449931477503,1.379533073597353,1.497480189029823
distance_to_entry_open_post_entry_diagnostic_only,hist_gradient_boosting,42,3,entry_movement,val_eval,0.1,665.0,5981.0,13.674616541353378,10.82725965557599,1.2629803825117478,1.1934650618158045,1.266413528696881,1.3640880063122316
distance_to_entry_open_post_entry_diagnostic_only,hist_gradient_boosting,42,3,entry_movement,val_eval,0.2,1330.0,5316.0,13.099909774436089,10.614857035364935,1.2341108062776391,1.1815741503291162,1.2304411204297363,1.3012635890880797
distance_to_entry_open_post_entry_diagnostic_only,hist_gradient_boosting,42,3,entry_movement,low_n_disclosure,0.05,59.0,1103.0,83.88542372881362,37.1709791477788,2.2567450643501896,1.2180948480669105,2.285179530502158,2.9950541141417757
distance_to_entry_open_post_entry_diagnostic_only,hist_gradient_boosting,42,3,entry_movement,low_n_disclosure,0.1,117.0,1045.0,69.89384615384621,36.144736842105274,1.9337212623561377,1.302815875205559,1.8672014062003492,2.5366260435528134
distance_to_entry_open_post_entry_diagnostic_only,hist_gradient_boosting,42,3,entry_movement,low_n_disclosure,0.2,233.0,929.0,55.19145922746786,35.61810548977396,1.5495338246811992,1.1551151094489334,1.5421685982544118,2.037226038519204
distance_to_entry_open_post_entry_diagnostic_only,hist_gradient_boosting,43,3,entry_movement,val_select,0.05,333.0,6315.0,9.264894894894889,6.224896278701505,1.4883613284601618,1.3753507364896247,1.4789067314337805,1.6019417180939706
distance_to_entry_open_post_entry_diagnostic_only,hist_gradient_boosting,43,3,entry_movement,val_select,0.1,665.0,5983.0,8.447894736842104,6.147013204078222,1.3743088645453643,1.2974861774127115,1.3744236083685073,1.4460775287109
distance_to_entry_open_post_entry_diagnostic_only,hist_gradient_boosting,43,3,entry_movement,val_select,0.2,1330.0,5318.0,7.719759398496239,6.0413971417826255,1.2778102841652257,1.2186254801682612,1.271951460706233,1.3401511211050872
distance_to_entry_open_post_entry_diagnostic_only,hist_gradient_boosting,43,3,entry_movement,val_eval,0.05,333.0,6313.0,14.373813813813802,10.940120386504038,1.3138624901738414,1.2210881464268704,1.3138567893684963,1.4125580850311885
distance_to_entry_open_post_entry_diagnostic_only,hist_gradient_boosting,43,3,entry_movement,val_eval,0.1,665.0,5981.0,14.118315789473685,10.777926768098979,1.3099287175769043,1.2115077137584933,1.2889563115720537,1.3841697372625157
distance_to_entry_open_post_entry_diagnostic_only,hist_gradient_boosting,43,3,entry_movement,val_eval,0.2,1330.0,5316.0,13.310932330827063,10.562061700526712,1.260258906664337,1.1863309993997488,1.2537465906660978,1.3319405285540957
distance_to_entry_open_post_entry_diagnostic_only,hist_gradient_boosting,43,3,entry_movement,low_n_disclosure,0.05,59.0,1103.0,89.23406779661023,36.88487760652767,2.4192588829634105,1.5630661343187133,2.324273323462887,2.9287204548510553
distance_to_entry_open_post_entry_diagnostic_only,hist_gradient_boosting,43,3,entry_movement,low_n_disclosure,0.1,117.0,1045.0,73.6573504273505,35.72336842105264,2.061881442958846,1.3178892579163897,2.014149931218398,2.6027697541213364
distance_to_entry_open_post_entry_diagnostic_only,hist_gradient_boosting,43,3,entry_movement,low_n_disclosure,0.2,233.0,929.0,56.49107296137344,35.292152852529604,1.6006695085285618,1.2003327122040788,1.5724686356762407,2.0822064926763137
distance_to_entry_open_post_entry_diagnostic_only,hist_gradient_boosting,44,3,entry_movement,val_select,0.05,333.0,6315.0,9.218318318318317,6.22735233570863,1.4802949666841576,1.3542150280664638,1.4703186571924958,1.6186602201052795
distance_to_entry_open_post_entry_diagnostic_only,hist_gradient_boosting,44,3,entry_movement,val_select,0.1,665.0,5983.0,8.460360902255635,6.1456276115661055,1.3766471769837125,1.2814139907828135,1.3649494460059524,1.4495825087633414
distance_to_entry_open_post_entry_diagnostic_only,hist_gradient_boosting,44,3,entry_movement,val_select,0.2,1330.0,5318.0,7.68318796992481,6.050543437382475,1.2698343627210835,1.2171044872408676,1.2716455852229158,1.3173274036770255
distance_to_entry_open_post_entry_diagnostic_only,hist_gradient_boosting,44,3,entry_movement,val_eval,0.05,333.0,6313.0,14.002402402402394,10.959711706003485,1.2776250669743612,1.1939968829576126,1.2917536842999422,1.405874731901628
distance_to_entry_open_post_entry_diagnostic_only,hist_gradient_boosting,44,3,entry_movement,val_eval,0.1,665.0,5981.0,13.798766917293234,10.813455943822103,1.2760737167636667,1.202746585931287,1.269376219725546,1.3561520146862183
distance_to_entry_open_post_entry_diagnostic_only,hist_gradient_boosting,44,3,entry_movement,val_eval,0.2,1330.0,5316.0,13.005127819548871,10.638570353649358,1.2224507041106054,1.1684411679315068,1.2216904838455573,1.3005434331517014
distance_to_entry_open_post_entry_diagnostic_only,hist_gradient_boosting,44,3,entry_movement,low_n_disclosure,0.05,59.0,1103.0,83.50864406779667,37.19113327289213,2.245391218789895,1.3709228187186246,2.1677195356836707,3.0645958244940674
distance_to_entry_open_post_entry_diagnostic_only,hist_gradient_boosting,44,3,entry_movement,low_n_disclosure,0.1,117.0,1045.0,69.8570085470086,36.14886124401915,1.9324815815205378,1.2499509976255934,1.9032605684679376,2.553249630088612
distance_to_entry_open_post_entry_diagnostic_only,hist_gradient_boosting,44,3,entry_movement,low_n_disclosure,0.2,233.0,929.0,56.02896995708157,35.40805166846073,1.5823793548908724,1.1607821148916484,1.5719231653887245,2.065113059619994
distance_to_entry_open_post_entry_diagnostic_only,hist_gradient_boosting,42,6,entry_movement,val_select,0.05,333.0,6315.0,11.039249249249245,9.355399841646873,1.179986899128189,1.0945755907073824,1.184957757501746,1.2663551088259977
distance_to_entry_open_post_entry_diagnostic_only,hist_gradient_boosting,42,6,entry_movement,val_select,0.1,665.0,5983.0,10.965954887218043,9.270108641149925,1.1829370411626323,1.1154133281544458,1.1822451863775956,1.254966882089379
distance_to_entry_open_post_entry_diagnostic_only,hist_gradient_boosting,42,6,entry_movement,val_select,0.2,1330.0,5318.0,10.695924812030073,9.125581045505829,1.1720815100642394,1.1195009777225908,1.168266755328271,1.2213820596137834
distance_to_entry_open_post_entry_diagnostic_only,hist_gradient_boosting,42,6,entry_movement,val_eval,0.05,333.0,6313.0,18.24666666666666,16.26559005227309,1.1217955578633754,1.049235198054991,1.1259392996885658,1.2294578799240539
distance_to_entry_open_post_entry_diagnostic_only,hist_gradient_boosting,42,6,entry_movement,val_eval,0.1,665.0,5981.0,18.021037593984953,16.180708911553257,1.1137359736517896,1.0467456884998496,1.118407560857292,1.1827412514737983
distance_to_entry_open_post_entry_diagnostic_only,hist_gradient_boosting,42,6,entry_movement,val_eval,0.2,1330.0,5316.0,18.138902255639096,15.921006395786309,1.1393062602147928,1.0945135119417517,1.1349610353832609,1.189885696897549
distance_to_entry_open_post_entry_diagnostic_only,hist_gradient_boosting,42,6,entry_movement,low_n_disclosure,0.05,59.0,1103.0,99.60728813559324,55.08920217588397,1.8081091067098018,1.219808398006462,1.7267846422985373,2.6072287732075567
distance_to_entry_open_post_entry_diagnostic_only,hist_gradient_boosting,42,6,entry_movement,low_n_disclosure,0.1,117.0,1045.0,90.27957264957261,53.66268899521533,1.6823527545856323,1.2135804885320411,1.6082809475345967,2.1681870580923808
distance_to_entry_open_post_entry_diagnostic_only,hist_gradient_boosting,42,6,entry_movement,low_n_disclosure,0.2,233.0,929.0,80.74871244635192,51.4809149623251,1.5685174303029705,1.207984940146411,1.5446426048781872,2.0744658205286095
distance_to_entry_open_post_entry_diagnostic_only,hist_gradient_boosting,43,6,entry_movement,val_select,0.05,333.0,6315.0,12.019099099099098,9.303730799683294,1.291858003835218,1.1783812934639843,1.2836577206586444,1.3862241120367957
distance_to_entry_open_post_entry_diagnostic_only,hist_gradient_boosting,43,6,entry_movement,val_select,0.1,665.0,5983.0,11.232646616541356,9.240466321243524,1.2155930475843926,1.1413725462598858,1.2148934080097429,1.2898265947729923
distance_to_entry_open_post_entry_diagnostic_only,hist_gradient_boosting,43,6,entry_movement,val_select,0.2,1330.0,5318.0,10.718714285714285,9.119881534411432,1.1753128859481436,1.133842176875937,1.180787837762951,1.2259221990475373
distance_to_entry_open_post_entry_diagnostic_only,hist_gradient_boosting,43,6,entry_movement,val_eval,0.05,333.0,6313.0,18.51510510510511,16.251430381751945,1.1392907990360621,1.0436446406112367,1.1278787682880131,1.2267201413671038
distance_to_entry_open_post_entry_diagnostic_only,hist_gradient_boosting,43,6,entry_movement,val_eval,0.1,665.0,5981.0,18.354045112781957,16.143683330546736,1.1369180587216314,1.0659003281353896,1.1440387714177804,1.21808072551634
distance_to_entry_open_post_entry_diagnostic_only,hist_gradient_boosting,43,6,entry_movement,val_eval,0.2,1330.0,5316.0,18.25314285714286,15.892424755455233,1.1485436072854325,1.0797594063757114,1.149889952164552,1.2234415679171942
distance_to_entry_open_post_entry_diagnostic_only,hist_gradient_boosting,43,6,entry_movement,low_n_disclosure,0.05,59.0,1103.0,104.68067796610173,54.817824116047156,1.90961023451965,1.2157578472129649,1.8721099839018516,2.8835989910848747
distance_to_entry_open_post_entry_diagnostic_only,hist_gradient_boosting,43,6,entry_movement,low_n_disclosure,0.1,117.0,1045.0,96.95683760683761,52.91509090909093,1.8323097615652062,1.3274794057008863,1.8065186722813689,2.244664015674375
distance_to_entry_open_post_entry_diagnostic_only,hist_gradient_boosting,43,6,entry_movement,low_n_disclosure,0.2,233.0,929.0,81.68690987124467,51.245608180839625,1.5940275229631644,1.1746697800461698,1.573902184448602,2.1644669388141473
distance_to_entry_open_post_entry_diagnostic_only,hist_gradient_boosting,44,6,entry_movement,val_select,0.05,333.0,6315.0,11.712822822822826,9.319881235154394,1.2567566610873009,1.1577779948604494,1.2637196707885974,1.3768640990949594
distance_to_entry_open_post_entry_diagnostic_only,hist_gradient_boosting,44,6,entry_movement,val_select,0.1,665.0,5983.0,11.218571428571432,9.242030753802439,1.2138643256468051,1.1289195040752142,1.2110529828919017,1.2844321949442503
distance_to_entry_open_post_entry_diagnostic_only,hist_gradient_boosting,44,6,entry_movement,val_select,0.2,1330.0,5318.0,10.641172932330825,9.139274163219255,1.164334578686338,1.1157388745635841,1.1670897733590437,1.2157910114766446
distance_to_entry_open_post_entry_diagnostic_only,hist_gradient_boosting,44,6,entry_movement,val_eval,0.05,333.0,6313.0,18.293843843843835,16.263101536511964,1.1248680826823034,1.027741354437443,1.106685827698763,1.1881907204248598
distance_to_entry_open_post_entry_diagnostic_only,hist_gradient_boosting,44,6,entry_movement,val_eval,0.1,665.0,5981.0,17.853398496240594,16.199347935127907,1.102105996348527,1.0408163876814316,1.1059841911431196,1.164127357460146
distance_to_entry_open_post_entry_diagnostic_only,hist_gradient_boosting,44,6,entry_movement,val_eval,0.2,1330.0,5316.0,17.78706015037594,16.009033107599702,1.1110639868645273,1.0594224022413112,1.109236195148553,1.1693235676561309
distance_to_entry_open_post_entry_diagnostic_only,hist_gradient_boosting,44,6,entry_movement,low_n_disclosure,0.05,59.0,1103.0,108.24949152542374,54.626926563916605,1.9816141660242534,1.138965153726519,1.8864837976589963,2.7381188751658434
distance_to_entry_open_post_entry_diagnostic_only,hist_gradient_boosting,44,6,entry_movement,low_n_disclosure,0.1,117.0,1045.0,92.35264957264955,53.430583732057435,1.7284604270052086,1.2151582028241605,1.6684094793236457,2.2718646213780676
distance_to_entry_open_post_entry_diagnostic_only,hist_gradient_boosting,44,6,entry_movement,low_n_disclosure,0.2,233.0,929.0,79.38090128755364,51.82397201291713,1.5317409724551398,1.098850177371822,1.5124420456780356,2.12363237803457
distance_to_entry_open_post_entry_diagnostic_only,hist_gradient_boosting,42,12,entry_movement,val_select,0.05,333.0,6315.0,14.665195195195196,13.690473475851148,1.0711970788346639,0.9901669276118801,1.0724377213435656,1.1559418320303962
distance_to_entry_open_post_entry_diagnostic_only,hist_gradient_boosting,42,12,entry_movement,val_select,0.1,665.0,5983.0,13.87792481203008,13.723889353167307,1.011223892505897,0.9628150931686431,1.0165691285562655,1.05452724433594
distance_to_entry_open_post_entry_diagnostic_only,hist_gradient_boosting,42,12,entry_movement,val_select,0.2,1330.0,5318.0,13.660233082706768,13.759071079353141,0.992816521109867,0.9542912091764052,0.989570839792397,1.0243283802204841
distance_to_entry_open_post_entry_diagnostic_only,hist_gradient_boosting,42,12,entry_movement,val_eval,0.05,333.0,6313.0,23.696936936936936,23.57346269602408,1.0052378491231873,0.9335859827363202,1.010453258391729,1.0932730720072508
distance_to_entry_open_post_entry_diagnostic_only,hist_gradient_boosting,42,12,entry_movement,val_eval,0.1,665.0,5981.0,23.978360902255634,23.535318508610608,1.0188245760720398,0.9805827006977712,1.0249802010842106,1.0797367712599606
distance_to_entry_open_post_entry_diagnostic_only,hist_gradient_boosting,42,12,entry_movement,val_eval,0.2,1330.0,5316.0,24.203902255639097,23.423468773513925,1.0333184418444312,0.9893158428879731,1.0307993019592736,1.0707104929469626
distance_to_entry_open_post_entry_diagnostic_only,hist_gradient_boosting,42,12,entry_movement,low_n_disclosure,0.05,59.0,1103.0,118.10050847457624,81.94687216681777,1.4411838469461187,1.0760533304404867,1.4520064540191955,1.9327895729100384
distance_to_entry_open_post_entry_diagnostic_only,hist_gradient_boosting,42,12,entry_movement,low_n_disclosure,0.1,117.0,1045.0,97.6884615384615,82.22562679425836,1.188053716913507,1.0137462050437926,1.1889533070749956,1.4519956744397962
distance_to_entry_open_post_entry_diagnostic_only,hist_gradient_boosting,42,12,entry_movement,low_n_disclosure,0.2,233.0,929.0,89.39158798283258,82.37576964477933,1.0851684708781095,0.9666104222277733,1.0810773701183414,1.2343599374894338
distance_to_entry_open_post_entry_diagnostic_only,hist_gradient_boosting,43,12,entry_movement,val_select,0.05,333.0,6315.0,14.508858858858867,13.698717339667457,1.059139954428104,0.9885103093925812,1.0597960615599278,1.1225157278312787
distance_to_entry_open_post_entry_diagnostic_only,hist_gradient_boosting,43,12,entry_movement,val_select,0.1,665.0,5983.0,14.361984962406014,13.67008691291994,1.0506140197859417,0.993827296169549,1.0354661437538826,1.0956049773160763
distance_to_entry_open_post_entry_diagnostic_only,hist_gradient_boosting,43,12,entry_movement,val_select,0.2,1330.0,5318.0,14.133383458646618,13.64073899962392,1.0361156722547276,0.9996906353007491,1.0317616519825195,1.0693510972062108
distance_to_entry_open_post_entry_diagnostic_only,hist_gradient_boosting,43,12,entry_movement,val_eval,0.05,333.0,6313.0,23.05192192192192,23.607486139711714,0.9764666083249227,0.905537519923565,0.9783526610326203,1.0436894008320996
distance_to_entry_open_post_entry_diagnostic_only,hist_gradient_boosting,43,12,entry_movement,val_eval,0.1,665.0,5981.0,24.088180451127815,23.52310817589032,1.0240220072539843,0.9701294879651914,1.0246006219233432,1.0751448047833871
distance_to_entry_open_post_entry_diagnostic_only,hist_gradient_boosting,43,12,entry_movement,val_eval,0.2,1330.0,5316.0,24.067609022556393,23.457567720090296,1.026006161838494,0.977114000666655,1.0273904492886725,1.071838940471289
distance_to_entry_open_post_entry_diagnostic_only,hist_gradient_boosting,43,12,entry_movement,low_n_disclosure,0.05,59.0,1103.0,121.72881355932205,81.75279238440615,1.488986614511544,1.0406889002083826,1.5096757198581954,2.1147958971879985
distance_to_entry_open_post_entry_diagnostic_only,hist_gradient_boosting,43,12,entry_movement,low_n_disclosure,0.1,117.0,1045.0,113.07153846153845,80.50331100478468,1.4045576144665415,1.0834602148692758,1.3885422244304622,1.7567041081163235
distance_to_entry_open_post_entry_diagnostic_only,hist_gradient_boosting,43,12,entry_movement,low_n_disclosure,0.2,233.0,929.0,94.14154506437767,81.18444564047361,1.1596007624574385,1.0179153674632329,1.164744684486021,1.3870839180081862
distance_to_entry_open_post_entry_diagnostic_only,hist_gradient_boosting,44,12,entry_movement,val_select,0.05,333.0,6315.0,14.63405405405406,13.692115597783058,1.0687942231822463,0.9957530363804681,1.0657205997525596,1.1421352860925873
distance_to_entry_open_post_entry_diagnostic_only,hist_gradient_boosting,44,12,entry_movement,val_select,0.1,665.0,5983.0,13.997353383458652,13.710615076048805,1.0209135991215121,0.9743795174647372,1.0231594288853594,1.061613825274796
distance_to_entry_open_post_entry_diagnostic_only,hist_gradient_boosting,44,12,entry_movement,val_select,0.2,1330.0,5318.0,13.684172932330828,13.75308386611508,0.9949894195036478,0.9630310322204869,0.997469722223455,1.0248308094903915
distance_to_entry_open_post_entry_diagnostic_only,hist_gradient_boosting,44,12,entry_movement,val_eval,0.05,333.0,6313.0,23.06900900900899,23.60658482496436,0.9772277176075518,0.9094073292517101,0.9904629965410343,1.0515572343206805
distance_to_entry_open_post_entry_diagnostic_only,hist_gradient_boosting,44,12,entry_movement,val_eval,0.1,665.0,5981.0,23.887804511278187,23.545387059020236,1.014542867840721,0.9705270012228553,1.016415128616027,1.0649048461793946
distance_to_entry_open_post_entry_diagnostic_only,hist_gradient_boosting,44,12,entry_movement,val_eval,0.2,1330.0,5316.0,23.40539097744361,23.623246802106852,0.9907779050657926,0.9552125211421837,0.9897337821195882,1.0270672573370596
distance_to_entry_open_post_entry_diagnostic_only,hist_gradient_boosting,44,12,entry_movement,low_n_disclosure,0.05,59.0,1103.0,117.61372881355925,81.97291024478693,1.434787766621216,1.0190948006664786,1.4311685403866097,2.193486533264159
distance_to_entry_open_post_entry_diagnostic_only,hist_gradient_boosting,44,12,entry_movement,low_n_disclosure,0.1,117.0,1045.0,101.2176923076923,81.8304880382775,1.2369190840013826,1.0181236832583596,1.2412160248419726,1.581320474317537
distance_to_entry_open_post_entry_diagnostic_only,hist_gradient_boosting,44,12,entry_movement,low_n_disclosure,0.2,233.0,929.0,89.15339055793987,82.43551130247577,1.0814925406456761,0.955750808601751,1.0980418021851588,1.2703560898850899
distance_to_entry_open_post_entry_diagnostic_only,hist_gradient_boosting,42,24,entry_movement,val_select,0.05,333.0,6315.0,21.33963963963964,20.021781472684086,1.0658212241879435,1.0166762757079433,1.0698714972480308,1.1182910231519751
distance_to_entry_open_post_entry_diagnostic_only,hist_gradient_boosting,42,24,entry_movement,val_select,0.1,665.0,5983.0,20.761894736842102,20.012868126358015,1.0374272495953532,1.0050208654291826,1.0440013924008893,1.0795864569541518
distance_to_entry_open_post_entry_diagnostic_only,hist_gradient_boosting,42,24,entry_movement,val_select,0.2,1330.0,5318.0,20.29385714285714,20.036257991726213,1.0128566497415485,0.9834196995350526,1.0151844206844804,1.0468871302904497
distance_to_entry_open_post_entry_diagnostic_only,hist_gradient_boosting,42,24,entry_movement,val_eval,0.05,333.0,6313.0,36.37867867867866,34.25818153017583,1.0618975396179455,1.0104188724670942,1.0695382201794321,1.1253575510186098
distance_to_entry_open_post_entry_diagnostic_only,hist_gradient_boosting,42,24,entry_movement,val_eval,0.1,665.0,5981.0,36.53156390977443,34.12347600735663,1.0705698300459965,1.0278507895064541,1.0764248393040425,1.1336550240735042
distance_to_entry_open_post_entry_diagnostic_only,hist_gradient_boosting,42,24,entry_movement,val_eval,0.2,1330.0,5316.0,36.188428571428574,33.90808690744921,1.0672506729796778,1.0259729103286748,1.0678926812872365,1.1016264740454391
distance_to_entry_open_post_entry_diagnostic_only,hist_gradient_boosting,42,24,entry_movement,low_n_disclosure,0.05,59.0,1103.0,179.17796610169486,118.121922030825,1.5168900321054437,1.1972378537874895,1.5166918219708538,1.8597354753630533
distance_to_entry_open_post_entry_diagnostic_only,hist_gradient_boosting,42,24,entry_movement,low_n_disclosure,0.1,117.0,1045.0,169.47692307692304,115.81931100478468,1.4632872670941868,1.1381279569875105,1.4459989614690603,1.9331215712701888
distance_to_entry_open_post_entry_diagnostic_only,hist_gradient_boosting,42,24,entry_movement,low_n_disclosure,0.2,233.0,929.0,139.8810300429184,116.54219590958019,1.20026080640737,1.04327571465549,1.1930447728955629,1.4353812740360359
distance_to_entry_open_post_entry_diagnostic_only,hist_gradient_boosting,43,24,entry_movement,val_select,0.05,333.0,6315.0,20.863543543543546,20.046886777513855,1.0407373361805843,0.9898664436270317,1.0431241027941747,1.0877950039146818
distance_to_entry_open_post_entry_diagnostic_only,hist_gradient_boosting,43,24,entry_movement,val_select,0.1,665.0,5983.0,20.63097744360902,20.02741935483871,1.0301365881483122,0.9784824262953934,1.0290698675267524,1.0728935057615208
distance_to_entry_open_post_entry_diagnostic_only,hist_gradient_boosting,43,24,entry_movement,val_select,0.2,1330.0,5318.0,20.80764661654135,19.9077623166604,1.0452026845391789,1.0111271406109774,1.041749671443592,1.0738199496193535
distance_to_entry_open_post_entry_diagnostic_only,hist_gradient_boosting,43,24,entry_movement,val_eval,0.05,333.0,6313.0,33.76834834834835,34.395872010137815,0.9817558437941474,0.916846406883009,0.9883109988393609,1.0521631118504429
distance_to_entry_open_post_entry_diagnostic_only,hist_gradient_boosting,43,24,entry_movement,val_eval,0.1,665.0,5981.0,36.27625563909774,34.1518625647885,1.0622043108272385,1.0155355011706821,1.0662460211754754,1.118406123136037
distance_to_entry_open_post_entry_diagnostic_only,hist_gradient_boosting,43,24,entry_movement,val_eval,0.2,1330.0,5316.0,36.486090225563906,33.833615500376226,1.0783976139102895,1.0232576073091266,1.0691347347465858,1.1198941946640388
distance_to_entry_open_post_entry_diagnostic_only,hist_gradient_boosting,43,24,entry_movement,low_n_disclosure,0.05,59.0,1103.0,180.04203389830508,118.0757026291931,1.5248017152496824,1.019423970982474,1.4972343762994125,2.2446921332608074
distance_to_entry_open_post_entry_diagnostic_only,hist_gradient_boosting,43,24,entry_movement,low_n_disclosure,0.1,117.0,1045.0,179.1570085470085,114.73551196172248,1.561478268443845,1.1829711463236745,1.5020571951534172,2.0175731964804395
distance_to_entry_open_post_entry_diagnostic_only,hist_gradient_boosting,43,24,entry_movement,low_n_disclosure,0.2,233.0,929.0,151.19124463519313,113.70551130247576,1.3296738469694669,1.0843758530201382,1.3277839088911492,1.6707278763298938
distance_to_entry_open_post_entry_diagnostic_only,hist_gradient_boosting,44,24,entry_movement,val_select,0.05,333.0,6315.0,21.494924924924927,20.013593032462392,1.074016289331945,1.0068783906499188,1.0756471043392128,1.1366287187605557
distance_to_entry_open_post_entry_diagnostic_only,hist_gradient_boosting,44,24,entry_movement,val_select,0.1,665.0,5983.0,20.505518796992483,20.041363864282136,1.0231598475958799,0.985331015779619,1.0232647156649914,1.0584126184464009
distance_to_entry_open_post_entry_diagnostic_only,hist_gradient_boosting,44,24,entry_movement,val_select,0.2,1330.0,5318.0,20.08788721804511,20.08776983828507,1.0000058433445318,0.9757388453886968,1.0007543082907755,1.0269891150906423
distance_to_entry_open_post_entry_diagnostic_only,hist_gradient_boosting,44,24,entry_movement,val_eval,0.05,333.0,6313.0,34.77417417417416,34.34281641058134,1.0125603491116097,0.9529230585366287,1.0199247673020708,1.0745597589960556
distance_to_entry_open_post_entry_diagnostic_only,hist_gradient_boosting,44,24,entry_movement,val_eval,0.1,665.0,5981.0,34.31807518796992,34.36958368165859,0.9985013349545994,0.9564095006916876,1.0006959166450886,1.0454556399759432
distance_to_entry_open_post_entry_diagnostic_only,hist_gradient_boosting,44,24,entry_movement,val_eval,0.2,1330.0,5316.0,35.89551879699248,33.98136945071483,1.0563293762793713,1.0193215513921448,1.0565154687107037,1.1051170936283636
distance_to_entry_open_post_entry_diagnostic_only,hist_gradient_boosting,44,24,entry_movement,low_n_disclosure,0.05,59.0,1103.0,184.15847457627112,117.85551223934722,1.5625783731037741,1.074253455055142,1.515930056823361,2.109019219822933
distance_to_entry_open_post_entry_diagnostic_only,hist_gradient_boosting,44,24,entry_movement,low_n_disclosure,0.1,117.0,1045.0,157.64393162393156,117.14415311004784,1.3457259917687683,1.0349798741526317,1.3284596068165602,1.8293050871219934
distance_to_entry_open_post_entry_diagnostic_only,hist_gradient_boosting,44,24,entry_movement,low_n_disclosure,0.2,233.0,929.0,146.13266094420595,114.97424111948331,1.2710034832266668,1.0510371241306036,1.2498574683787584,1.5730012568705534
distance_to_entry_open_post_entry_diagnostic_only,extra_trees_small,42,3,entry_movement,val_select,0.05,333.0,6315.0,9.203633633633629,6.22812668250198,1.4777531194879807,1.372701617508726,1.474397544737752,1.5928590319127023
distance_to_entry_open_post_entry_diagnostic_only,extra_trees_small,42,3,entry_movement,val_select,0.1,665.0,5983.0,8.696360902255641,6.119396623767342,1.4211141125384055,1.3163139018109427,1.4068329733959597,1.499202838528668
distance_to_entry_open_post_entry_diagnostic_only,extra_trees_small,42,3,entry_movement,val_select,0.2,1330.0,5318.0,7.866887218045112,6.004601353892441,1.3101431309749576,1.255163431535437,1.3072094427982281,1.3766707120945396
distance_to_entry_open_post_entry_diagnostic_only,extra_trees_small,42,3,entry_movement,val_eval,0.05,333.0,6313.0,15.241831831831826,10.894333914145413,1.399060461332247,1.2885655333791535,1.3838972235153604,1.4972282271158273
distance_to_entry_open_post_entry_diagnostic_only,extra_trees_small,42,3,entry_movement,val_eval,0.1,665.0,5981.0,14.311759398496243,10.756418659087107,1.330532015542697,1.2334556263944387,1.3257057687356897,1.4501247362816825
distance_to_entry_open_post_entry_diagnostic_only,extra_trees_small,42,3,entry_movement,val_eval,0.2,1330.0,5316.0,13.403030075187974,10.539019939804362,1.2717529857369998,1.2056662820475645,1.256684920494545,1.3390472755842353
distance_to_entry_open_post_entry_diagnostic_only,extra_trees_small,42,3,entry_movement,low_n_disclosure,0.05,59.0,1103.0,82.07508474576278,37.26781504986402,2.202304713489294,1.4609112454025603,2.268910996639379,2.9474091518554686
distance_to_entry_open_post_entry_diagnostic_only,extra_trees_small,42,3,entry_movement,low_n_disclosure,0.1,117.0,1045.0,69.77042735042741,36.15855502392346,1.9295690135920929,1.2756840967760952,1.917825681969013,2.7142032970104726
distance_to_entry_open_post_entry_diagnostic_only,extra_trees_small,42,3,entry_movement,low_n_disclosure,0.2,233.0,929.0,54.44051502145927,35.806447793326164,1.5204109420651954,1.1524067680721968,1.533882250033753,1.9750664922442196
distance_to_entry_open_post_entry_diagnostic_only,extra_trees_small,43,3,entry_movement,val_select,0.05,333.0,6315.0,9.3954054054054,6.218014251781473,1.5109977277253102,1.3860477510157,1.489429993415218,1.6118919764061173
distance_to_entry_open_post_entry_diagnostic_only,extra_trees_small,43,3,entry_movement,val_select,0.1,665.0,5983.0,8.528255639097745,6.138081230152098,1.3894009087407304,1.3125234755673774,1.390795640845501,1.4705207209056717
distance_to_entry_open_post_entry_diagnostic_only,extra_trees_small,43,3,entry_movement,val_select,0.2,1330.0,5318.0,7.82206015037594,6.01581233546446,1.3002500267940997,1.2439868920242114,1.2957931129156832,1.3602260965597694
distance_to_entry_open_post_entry_diagnostic_only,extra_trees_small,43,3,entry_movement,val_eval,0.05,333.0,6313.0,15.18396396396396,10.897386345635988,1.3933583230298696,1.267178078647547,1.3707035488959494,1.4957299309436511
distance_to_entry_open_post_entry_diagnostic_only,extra_trees_small,43,3,entry_movement,val_eval,0.1,665.0,5981.0,14.250962406015036,10.763178398261159,1.3240477746162178,1.2287039580992376,1.318872401544544,1.4429335915750983
distance_to_entry_open_post_entry_diagnostic_only,extra_trees_small,43,3,entry_movement,val_eval,0.2,1330.0,5316.0,13.206751879699247,10.588126410835212,1.2473171708815547,1.191210781807439,1.2436303539254108,1.3177226450736383
distance_to_entry_open_post_entry_diagnostic_only,extra_trees_small,43,3,entry_movement,low_n_disclosure,0.05,59.0,1103.0,85.54864406779669,37.082012692656406,2.3070118867830076,1.4829691903753632,2.3144403460835896,3.003049875233377
distance_to_entry_open_post_entry_diagnostic_only,extra_trees_small,43,3,entry_movement,low_n_disclosure,0.1,117.0,1045.0,69.41820512820517,36.19799043062202,1.9177364351552568,1.2829996710987952,1.911586208823215,2.616059283627253
distance_to_entry_open_post_entry_diagnostic_only,extra_trees_small,43,3,entry_movement,low_n_disclosure,0.2,233.0,929.0,55.50673819742494,35.53903121636169,1.5618528783044143,1.1583481981644126,1.5542743158546397,2.018687385251704
distance_to_entry_open_post_entry_diagnostic_only,extra_trees_small,44,3,entry_movement,val_select,0.05,333.0,6315.0,9.189309309309303,6.228882026920032,1.4752742578194407,1.3710220975078895,1.4764171903026573,1.5932645719910639
distance_to_entry_open_post_entry_diagnostic_only,extra_trees_small,44,3,entry_movement,val_select,0.1,665.0,5983.0,8.551443609022556,6.135503927795421,1.3937638553668432,1.3189058308954997,1.392409840117811,1.4585636074728083
distance_to_entry_open_post_entry_diagnostic_only,extra_trees_small,44,3,entry_movement,val_select,0.2,1330.0,5318.0,7.909624060150375,5.993913125235051,1.319609392877245,1.2596331591124235,1.3107808404732397,1.3762508298226832
distance_to_entry_open_post_entry_diagnostic_only,extra_trees_small,44,3,entry_movement,val_eval,0.05,333.0,6313.0,14.933873873873868,10.910578172025977,1.3687518331671336,1.232614031804776,1.3397282319902013,1.4778697184069873
distance_to_entry_open_post_entry_diagnostic_only,extra_trees_small,44,3,entry_movement,val_eval,0.1,665.0,5981.0,14.406406015037591,10.745895335228221,1.3406426887305642,1.2334286446175013,1.325496656650793,1.4444702831567537
distance_to_entry_open_post_entry_diagnostic_only,extra_trees_small,44,3,entry_movement,val_eval,0.2,1330.0,5316.0,13.226924812030076,10.583079382994732,1.2498181609866377,1.197219063414926,1.2422501159358323,1.3256052015324344
distance_to_entry_open_post_entry_diagnostic_only,extra_trees_small,44,3,entry_movement,low_n_disclosure,0.05,59.0,1103.0,80.45050847457634,37.3547144152312,2.1536908991003565,1.4533337799911703,2.1840054761611025,2.918069205490977
distance_to_entry_open_post_entry_diagnostic_only,extra_trees_small,44,3,entry_movement,low_n_disclosure,0.1,117.0,1045.0,68.40247863247868,36.311712918660305,1.883757970484702,1.2364153123325818,1.8695710443393248,2.668126627106434
distance_to_entry_open_post_entry_diagnostic_only,extra_trees_small,44,3,entry_movement,low_n_disclosure,0.2,233.0,929.0,55.902703862661,35.43972012917116,1.577402520643676,1.159086091140882,1.5771955620405933,2.053004288380305
distance_to_entry_open_post_entry_diagnostic_only,extra_trees_small,42,6,entry_movement,val_select,0.05,333.0,6315.0,11.828618618618622,9.313775138558986,1.2700133342975175,1.157711640208795,1.2615041725456506,1.3639657918743986
distance_to_entry_open_post_entry_diagnostic_only,extra_trees_small,42,6,entry_movement,val_select,0.1,665.0,5983.0,11.408902255639099,9.220875814808624,1.2372905225896795,1.160158592393283,1.2319945763984133,1.2963268724814927
distance_to_entry_open_post_entry_diagnostic_only,extra_trees_small,42,6,entry_movement,val_select,0.2,1330.0,5318.0,10.909330827067668,9.072209477247084,1.2024998821321364,1.142107546541127,1.2039410913940753,1.2564672219293955
distance_to_entry_open_post_entry_diagnostic_only,extra_trees_small,42,6,entry_movement,val_eval,0.05,333.0,6313.0,19.06981981981981,16.222170125138607,1.1755406134144997,1.0874111606203853,1.1723770164118075,1.2609038892760642
distance_to_entry_open_post_entry_diagnostic_only,extra_trees_small,42,6,entry_movement,val_eval,0.1,665.0,5981.0,18.604375939849614,16.115850192275545,1.1544147977229795,1.078093718990076,1.1432878121842234,1.230370893005517
distance_to_entry_open_post_entry_diagnostic_only,extra_trees_small,42,6,entry_movement,val_eval,0.2,1330.0,5316.0,18.985684210526315,15.709151617757719,1.2085747640925932,1.138851577338947,1.197680861848785,1.2690679436099996
distance_to_entry_open_post_entry_diagnostic_only,extra_trees_small,42,6,entry_movement,low_n_disclosure,0.05,59.0,1103.0,136.53779661016955,53.11377153218496,2.570666564836819,1.4090115613553313,2.425894881224705,3.210524742128525
distance_to_entry_open_post_entry_diagnostic_only,extra_trees_small,42,6,entry_movement,low_n_disclosure,0.1,117.0,1045.0,103.45982905982909,52.18700478468901,1.9824826024539899,1.264794011444034,1.9412284505149344,2.785391957245067
distance_to_entry_open_post_entry_diagnostic_only,extra_trees_small,42,6,entry_movement,low_n_disclosure,0.2,233.0,929.0,79.5743347639485,51.775457481162555,1.5369122482964057,1.1500233130752329,1.54429365641289,2.132010038030081
distance_to_entry_open_post_entry_diagnostic_only,extra_trees_small,43,6,entry_movement,val_select,0.05,333.0,6315.0,11.879159159159162,9.311110055423594,1.2758048276144813,1.1656772279038696,1.2661318530493701,1.3716783285902119
distance_to_entry_open_post_entry_diagnostic_only,extra_trees_small,43,6,entry_movement,val_select,0.1,665.0,5983.0,11.299533834586466,9.233031923784054,1.2238161773793022,1.1479348305646102,1.2233657904703603,1.2870190792807168
distance_to_entry_open_post_entry_diagnostic_only,extra_trees_small,43,6,entry_movement,val_select,0.2,1330.0,5318.0,10.735526315789473,9.115676946220383,1.177699295304747,1.1173815221238166,1.1752042252636374,1.2329425411757813
distance_to_entry_open_post_entry_diagnostic_only,extra_trees_small,43,6,entry_movement,val_eval,0.05,333.0,6313.0,18.279249249249244,16.263871376524634,1.1239174748783134,1.0401051717142409,1.1303035089860256,1.2197920015231156
distance_to_entry_open_post_entry_diagnostic_only,extra_trees_small,43,6,entry_movement,val_eval,0.1,665.0,5981.0,19.020375939849615,16.069597057348275,1.1836249454152936,1.0961256758469013,1.1600991883050698,1.251746469277606
distance_to_entry_open_post_entry_diagnostic_only,extra_trees_small,43,6,entry_movement,val_eval,0.2,1330.0,5316.0,18.504345864661655,15.829576749435672,1.168972876379739,1.1178255780805477,1.1680008130150097,1.2403855883124077
distance_to_entry_open_post_entry_diagnostic_only,extra_trees_small,43,6,entry_movement,low_n_disclosure,0.05,59.0,1103.0,136.5603389830509,53.11256572982776,2.5711493524471045,1.49441241068342,2.495971068501703,3.1387219851724475
distance_to_entry_open_post_entry_diagnostic_only,extra_trees_small,43,6,entry_movement,low_n_disclosure,0.1,117.0,1045.0,102.39623931623932,52.30608612440193,1.957635275419111,1.2710738381220077,1.9497079097867585,2.685305523060511
distance_to_entry_open_post_entry_diagnostic_only,extra_trees_small,43,6,entry_movement,low_n_disclosure,0.2,233.0,929.0,81.57811158798282,51.27289558665233,1.5910572370564482,1.14674812836456,1.5589781065977741,2.1760163747083467
distance_to_entry_open_post_entry_diagnostic_only,extra_trees_small,44,6,entry_movement,val_select,0.05,333.0,6315.0,11.761021021021026,9.317339667458432,1.262272434061554,1.1561056889077808,1.2577104782179678,1.3673818227027124
distance_to_entry_open_post_entry_diagnostic_only,extra_trees_small,44,6,entry_movement,val_select,0.1,665.0,5983.0,11.440796992481205,9.217330770516462,1.2412266932067753,1.1676217096536055,1.2355724034374664,1.3061085465009492
distance_to_entry_open_post_entry_diagnostic_only,extra_trees_small,44,6,entry_movement,val_select,0.2,1330.0,5318.0,10.860090225563908,9.084524257239563,1.1954495269148933,1.1471253781647388,1.1986387447980045,1.2523479476652504
distance_to_entry_open_post_entry_diagnostic_only,extra_trees_small,44,6,entry_movement,val_eval,0.05,333.0,6313.0,18.993723723723722,16.226184064628548,1.1705601050790575,1.0678612824806988,1.1650274261883562,1.2859819619844082
distance_to_entry_open_post_entry_diagnostic_only,extra_trees_small,44,6,entry_movement,val_eval,0.1,665.0,5981.0,18.82598496240601,16.091210499916407,1.169954551430659,1.111093656992801,1.167187882553562,1.2489781001038844
distance_to_entry_open_post_entry_diagnostic_only,extra_trees_small,44,6,entry_movement,val_eval,0.2,1330.0,5316.0,18.496601503759397,15.83151429646351,1.168340637376124,1.1052232745902089,1.1631706077836153,1.2344396284751005
distance_to_entry_open_post_entry_diagnostic_only,extra_trees_small,44,6,entry_movement,low_n_disclosure,0.05,59.0,1103.0,136.50322033898308,53.11562103354489,2.5699260910980444,1.4211270367703719,2.493586825864659,3.2969414078364894
distance_to_entry_open_post_entry_diagnostic_only,extra_trees_small,44,6,entry_movement,low_n_disclosure,0.1,117.0,1045.0,101.35247863247862,52.42294736842106,1.9333609367704514,1.235760128948478,1.8867093322312147,2.7888394041282223
distance_to_entry_open_post_entry_diagnostic_only,extra_trees_small,44,6,entry_movement,low_n_disclosure,0.2,233.0,929.0,81.6931330472103,51.244047362755666,1.5941975166189766,1.1310923106550497,1.582139838959514,2.18322545736227
distance_to_entry_open_post_entry_diagnostic_only,extra_trees_small,42,12,entry_movement,val_select,0.05,333.0,6315.0,14.801141141141143,13.683304829770389,1.0816934450615108,1.006230518508806,1.0718412055374948,1.1603892555078286
distance_to_entry_open_post_entry_diagnostic_only,extra_trees_small,42,12,entry_movement,val_select,0.1,665.0,5983.0,14.047443609022558,13.705047634965734,1.0249832020417986,0.9792032834968605,1.021267286710016,1.0833645288200553
distance_to_entry_open_post_entry_diagnostic_only,extra_trees_small,42,12,entry_movement,val_select,0.2,1330.0,5318.0,14.064526315789474,13.65795975930801,1.029767737176439,0.9930700231144883,1.031920142204566,1.0791554487860986
distance_to_entry_open_post_entry_diagnostic_only,extra_trees_small,42,12,entry_movement,val_eval,0.05,333.0,6313.0,25.480150150150155,23.4794012355457,1.0852129445096539,0.9958392604619286,1.0706263397239153,1.1545070089993283
distance_to_entry_open_post_entry_diagnostic_only,extra_trees_small,42,12,entry_movement,val_eval,0.1,665.0,5981.0,25.10685714285715,23.40984617956864,1.0724913333591064,0.9973951243016516,1.073655874442776,1.129470564726463
distance_to_entry_open_post_entry_diagnostic_only,extra_trees_small,42,12,entry_movement,val_eval,0.2,1330.0,5316.0,25.125172932330834,23.192977802859296,1.0833094890140986,1.03922062952441,1.0832380377705606,1.1337468051375217
distance_to_entry_open_post_entry_diagnostic_only,extra_trees_small,42,12,entry_movement,low_n_disclosure,0.05,59.0,1103.0,142.596779661017,80.63655485040795,1.7683887899917587,1.1090709806560966,1.7472234746166013,2.776200162891386
distance_to_entry_open_post_entry_diagnostic_only,extra_trees_small,42,12,entry_movement,low_n_disclosure,0.1,117.0,1045.0,106.41794871794873,81.24825837320573,1.3097874446628572,0.9915158500063186,1.3010697760380097,1.8848540683543689
distance_to_entry_open_post_entry_diagnostic_only,extra_trees_small,42,12,entry_movement,low_n_disclosure,0.2,233.0,929.0,94.56708154506434,81.07771797631862,1.1663757183285022,0.9746766955985412,1.163952308044298,1.4855661641373727
distance_to_entry_open_post_entry_diagnostic_only,extra_trees_small,43,12,entry_movement,val_select,0.05,333.0,6315.0,14.801981981981985,13.683260490894696,1.081758400480041,0.9922077280892567,1.073349161016493,1.163373184299326
distance_to_entry_open_post_entry_diagnostic_only,extra_trees_small,43,12,entry_movement,val_select,0.1,665.0,5983.0,14.630751879699254,13.640213939495238,1.0726189445853127,1.0197937357118103,1.0707728573127078,1.1311280093983629
distance_to_entry_open_post_entry_diagnostic_only,extra_trees_small,43,12,entry_movement,val_select,0.2,1330.0,5318.0,14.167375939849627,13.632237683339602,1.0392553496308266,1.0057034038225305,1.0381138654428366,1.0810281850003653
distance_to_entry_open_post_entry_diagnostic_only,extra_trees_small,43,12,entry_movement,val_eval,0.05,333.0,6313.0,26.715495495495492,23.414238872168546,1.1409935484706701,1.0599166834223481,1.1359141212466386,1.2510073238683626
distance_to_entry_open_post_entry_diagnostic_only,extra_trees_small,43,12,entry_movement,val_eval,0.1,665.0,5981.0,26.15604511278196,23.29319177395085,1.1229051547170399,1.0466142349243939,1.114598059713971,1.2038344395572584
distance_to_entry_open_post_entry_diagnostic_only,extra_trees_small,43,12,entry_movement,val_eval,0.2,1330.0,5316.0,25.215827067669174,23.17029721595185,1.0882824174697705,1.0279976274593758,1.0799774552549106,1.1409559756254752
distance_to_entry_open_post_entry_diagnostic_only,extra_trees_small,43,12,entry_movement,low_n_disclosure,0.05,59.0,1103.0,154.3628813559322,80.00718041704441,1.9293628465757973,1.1022527369765702,1.8712783139270281,2.892982937600236
distance_to_entry_open_post_entry_diagnostic_only,extra_trees_small,43,12,entry_movement,low_n_disclosure,0.1,117.0,1045.0,117.75871794871792,79.97852631578947,1.4723791919315452,1.057877725172983,1.4690536762145587,2.133086995669609
distance_to_entry_open_post_entry_diagnostic_only,extra_trees_small,43,12,entry_movement,low_n_disclosure,0.2,233.0,929.0,104.99639484978536,78.46196986006458,1.3381819885104136,1.0492615250799986,1.3147501673259652,1.6830811144440176
distance_to_entry_open_post_entry_diagnostic_only,extra_trees_small,44,12,entry_movement,val_select,0.05,333.0,6315.0,14.588678678678681,13.694508313539194,1.0652940831950468,0.974524852708257,1.0566198348473987,1.1586452494646604
distance_to_entry_open_post_entry_diagnostic_only,extra_trees_small,44,12,entry_movement,val_select,0.1,665.0,5983.0,14.114947368421051,13.6975447100117,1.0304728086125001,0.9771972551641921,1.0264387941719804,1.0889137596251468
distance_to_entry_open_post_entry_diagnostic_only,extra_trees_small,44,12,entry_movement,val_select,0.2,1330.0,5318.0,14.172150375939852,13.631043625423095,1.0396966487222992,1.0017991144680154,1.039864038700983,1.0839182914581953
distance_to_entry_open_post_entry_diagnostic_only,extra_trees_small,44,12,entry_movement,val_eval,0.05,333.0,6313.0,24.7684984984985,23.51693964834469,1.0532194609021717,0.9822888829091015,1.051894823083121,1.1440111416361496
distance_to_entry_open_post_entry_diagnostic_only,extra_trees_small,44,12,entry_movement,val_eval,0.1,665.0,5981.0,25.119819548872186,23.408404949005185,1.073111115584137,1.0000417081173607,1.0643903938856818,1.1325011215639182
distance_to_entry_open_post_entry_diagnostic_only,extra_trees_small,44,12,entry_movement,val_eval,0.2,1330.0,5316.0,24.66938345864662,23.307010910458995,1.0584533363553823,1.0144542288728857,1.059612645461907,1.1019804611852182
distance_to_entry_open_post_entry_diagnostic_only,extra_trees_small,44,12,entry_movement,low_n_disclosure,0.05,59.0,1103.0,150.09440677966094,80.23550317316408,1.8706732162659658,1.203123392450785,1.8019255477338008,2.7313439245286197
distance_to_entry_open_post_entry_diagnostic_only,extra_trees_small,44,12,entry_movement,low_n_disclosure,0.1,117.0,1045.0,115.03085470085463,80.28394258373206,1.432800271123747,1.0698553081802367,1.385810877190493,1.9149051379099593
distance_to_entry_open_post_entry_diagnostic_only,extra_trees_small,44,12,entry_movement,low_n_disclosure,0.2,233.0,929.0,100.09939914163088,79.69017222820237,1.2561072004585991,1.0138689594985166,1.2192203537443624,1.5984211191955986
distance_to_entry_open_post_entry_diagnostic_only,extra_trees_small,42,24,entry_movement,val_select,0.05,333.0,6315.0,21.79318318318318,19.99786539984165,1.089775470903797,1.0217357686073942,1.082532390320615,1.1474378890756647
distance_to_entry_open_post_entry_diagnostic_only,extra_trees_small,42,24,entry_movement,val_select,0.1,665.0,5983.0,21.136721804511275,19.97120675246532,1.0583597709688763,1.0128527344547293,1.0544421190950053,1.0998264698424487
distance_to_entry_open_post_entry_diagnostic_only,extra_trees_small,42,24,entry_movement,val_select,0.2,1330.0,5318.0,20.981360902255638,19.864317412561114,1.0562336709837392,1.023509072090142,1.0547055867738544,1.088284329428363
distance_to_entry_open_post_entry_diagnostic_only,extra_trees_small,42,24,entry_movement,val_eval,0.05,333.0,6313.0,40.163783783783764,34.05852368129258,1.179257919680313,1.0784347762094582,1.1803555133968537,1.28638146122719
distance_to_entry_open_post_entry_diagnostic_only,extra_trees_small,42,24,entry_movement,val_eval,0.1,665.0,5981.0,40.3364962406015,33.70042300618626,1.1969136480333518,1.1133487723855382,1.1871934151710128,1.288582896544671
distance_to_entry_open_post_entry_diagnostic_only,extra_trees_small,42,24,entry_movement,val_eval,0.2,1330.0,5316.0,38.06385714285714,33.4388769751693,1.1383114681489515,1.0740853257684102,1.1362064919735295,1.2063919175062963
distance_to_entry_open_post_entry_diagnostic_only,extra_trees_small,42,24,entry_movement,low_n_disclosure,0.05,59.0,1103.0,216.95016949152534,116.10146872166817,1.8686255383351205,1.1410541746265244,1.8571954169822322,2.883222310627924
distance_to_entry_open_post_entry_diagnostic_only,extra_trees_small,42,24,entry_movement,low_n_disclosure,0.1,117.0,1045.0,186.50282051282053,113.9130622009569,1.6372382315893343,1.1605425375691012,1.5696106750603351,2.298080358669468
distance_to_entry_open_post_entry_diagnostic_only,extra_trees_small,42,24,entry_movement,low_n_disclosure,0.2,233.0,929.0,157.20188841201713,112.19799784714745,1.40111135161414,1.0828555721231599,1.3835476776326225,1.8201891543983137
distance_to_entry_open_post_entry_diagnostic_only,extra_trees_small,43,24,entry_movement,val_select,0.05,333.0,6315.0,22.26642642642643,19.972910530482977,1.114831330788923,1.0643201727467275,1.1181107749828452,1.180491931224524
distance_to_entry_open_post_entry_diagnostic_only,extra_trees_small,43,24,entry_movement,val_select,0.1,665.0,5983.0,21.391082706766912,19.94293498245028,1.0726145738122799,1.024314219561475,1.0694114399420664,1.122365145565084
distance_to_entry_open_post_entry_diagnostic_only,extra_trees_small,43,24,entry_movement,val_select,0.2,1330.0,5318.0,21.310037593984962,19.782117337344868,1.0772374478719562,1.0334305722269286,1.0728709979924282,1.1199124650333112
distance_to_entry_open_post_entry_diagnostic_only,extra_trees_small,43,24,entry_movement,val_eval,0.05,333.0,6313.0,38.98705705705705,34.12059401235546,1.1426253904882016,1.055540250132337,1.1433574320126436,1.2232095428763232
distance_to_entry_open_post_entry_diagnostic_only,extra_trees_small,43,24,entry_movement,val_eval,0.1,665.0,5981.0,39.991639097744354,33.738766092626655,1.1853320002264165,1.1168740821814864,1.1740629869426944,1.2493593840630393
distance_to_entry_open_post_entry_diagnostic_only,extra_trees_small,43,24,entry_movement,val_eval,0.2,1330.0,5316.0,37.85186466165413,33.491914973664414,1.1301791698509345,1.0873205185619834,1.135026298569067,1.1809136401614664
distance_to_entry_open_post_entry_diagnostic_only,extra_trees_small,43,24,entry_movement,low_n_disclosure,0.05,59.0,1103.0,245.43525423728815,114.57778785131457,2.142084070917697,1.2681186223870171,2.069864747568596,3.0410630557710654
distance_to_entry_open_post_entry_diagnostic_only,extra_trees_small,43,24,entry_movement,low_n_disclosure,0.1,117.0,1045.0,196.62051282051286,112.7802679425837,1.743394623965711,1.1751596644846896,1.676457023684054,2.470964664337015
distance_to_entry_open_post_entry_diagnostic_only,extra_trees_small,43,24,entry_movement,low_n_disclosure,0.2,233.0,929.0,162.28017167381975,110.92432723358448,1.4629808962653443,1.1384298893267681,1.462357429562095,1.9850420056891414
distance_to_entry_open_post_entry_diagnostic_only,extra_trees_small,44,24,entry_movement,val_select,0.05,333.0,6315.0,22.225915915915916,19.975046714172606,1.1126840519549965,1.0401172064958903,1.1044276601331675,1.172386632316605
distance_to_entry_open_post_entry_diagnostic_only,extra_trees_small,44,24,entry_movement,val_select,0.1,665.0,5983.0,21.63837593984963,19.915448771519305,1.086512093606158,1.033290987221771,1.082499446577811,1.1333775976614786
distance_to_entry_open_post_entry_diagnostic_only,extra_trees_small,44,24,entry_movement,val_select,0.2,1330.0,5318.0,20.985172932330826,19.863364046634075,1.0564762787946207,1.020526991897622,1.0538079716652744,1.087170977046548
distance_to_entry_open_post_entry_diagnostic_only,extra_trees_small,44,24,entry_movement,val_eval,0.05,333.0,6313.0,40.533573573573555,34.039017899572315,1.1907973870798088,1.0963299581610202,1.1850585738491652,1.2746779219710573
distance_to_entry_open_post_entry_diagnostic_only,extra_trees_small,44,24,entry_movement,val_eval,0.1,665.0,5981.0,38.413142857142844,33.91427186089283,1.132654211616371,1.0713870972519448,1.1291203832704313,1.198737941298467
distance_to_entry_open_post_entry_diagnostic_only,extra_trees_small,44,24,entry_movement,val_eval,0.2,1330.0,5316.0,38.116992481203,33.42558314522198,1.1403538515872276,1.0688727829768156,1.1326949070116892,1.2026000131724448
distance_to_entry_open_post_entry_diagnostic_only,extra_trees_small,44,24,entry_movement,low_n_disclosure,0.05,59.0,1103.0,227.64813559322036,115.52922937443334,1.9704808629460049,1.3039842478281987,1.9853270694795353,2.8141228678104566
distance_to_entry_open_post_entry_diagnostic_only,extra_trees_small,44,24,entry_movement,low_n_disclosure,0.1,117.0,1045.0,211.5322222222222,111.11072727272725,1.9037965767518108,1.3002691119701075,1.8499921328362663,2.664699506903333
distance_to_entry_open_post_entry_diagnostic_only,extra_trees_small,44,24,entry_movement,low_n_disclosure,0.2,233.0,929.0,167.28115879828326,109.67004305705056,1.5253131496562218,1.1424295872304329,1.5016636875739704,2.04354644279609
nearest_k60_tabular,hist_gradient_boosting,42,3,entry_movement,val_select,0.05,333.0,6315.0,10.194264264264268,6.175889152810769,1.6506553165101185,1.4188640516838,1.630648824060435,1.8695849734713315
nearest_k60_tabular,hist_gradient_boosting,42,3,entry_movement,val_select,0.1,665.0,5983.0,8.877398496240605,6.099274611398964,1.4554843095029026,1.3120862370786444,1.4546473282024688,1.59321721828253
nearest_k60_tabular,hist_gradient_boosting,42,3,entry_movement,val_select,0.2,1330.0,5318.0,8.127812030075189,5.93934561865363,1.368469281287196,1.2828181040237017,1.3684926297717621,1.4681408190271068
nearest_k60_tabular,hist_gradient_boosting,42,3,entry_movement,val_eval,0.05,333.0,6313.0,26.497027027027034,10.30064153334389,2.5723666765078974,2.2178901217650244,2.5342151629336054,2.873560930671016
nearest_k60_tabular,hist_gradient_boosting,42,3,entry_movement,val_eval,0.1,665.0,5981.0,23.692872180451133,9.713375689683998,2.439200638107093,2.1899140435151074,2.3993074705449544,2.6599108374147877
nearest_k60_tabular,hist_gradient_boosting,42,3,entry_movement,val_eval,0.2,1330.0,5316.0,20.767451127819555,8.696529345372458,2.3880159892601522,2.1761474499673463,2.362179525800642,2.569551885090902
nearest_k60_tabular,hist_gradient_boosting,42,3,entry_movement,low_n_disclosure,0.05,59.0,1103.0,94.41830508474584,36.607570262919324,2.579201635252596,1.5958309334226979,2.4879663783036525,3.02807987309556
nearest_k60_tabular,hist_gradient_boosting,42,3,entry_movement,low_n_disclosure,0.1,117.0,1045.0,72.64478632478634,35.836736842105275,2.027103824906139,1.4113012508085325,2.0528271566632603,2.5918296228234414
nearest_k60_tabular,hist_gradient_boosting,42,3,entry_movement,low_n_disclosure,0.2,233.0,929.0,59.91660944206009,34.43300322927881,1.7400924642876419,1.2943867077772657,1.7542856965373672,2.191435199341072
nearest_k60_tabular,hist_gradient_boosting,43,3,entry_movement,val_select,0.05,333.0,6315.0,9.745795795795804,6.199537608867775,1.572019787710536,1.356938653309649,1.5558904844879948,1.8045107352861691
nearest_k60_tabular,hist_gradient_boosting,43,3,entry_movement,val_select,0.1,665.0,5983.0,9.042646616541358,6.080907571452449,1.4870554288628146,1.339948578297325,1.4658829856207376,1.5924628659140176
nearest_k60_tabular,hist_gradient_boosting,43,3,entry_movement,val_select,0.2,1330.0,5318.0,8.07863157894737,5.951645355396766,1.3573778504160903,1.2636709333818965,1.356697091506225,1.446364789185543
nearest_k60_tabular,hist_gradient_boosting,43,3,entry_movement,val_eval,0.05,333.0,6313.0,23.848108108108104,10.440367495643908,2.2842211366657716,1.9377745181607002,2.243008992582169,2.5906405587429355
nearest_k60_tabular,hist_gradient_boosting,43,3,entry_movement,val_eval,0.1,665.0,5981.0,22.124015037593974,9.887809730814245,2.237504122742873,1.9987602370519677,2.211943478651424,2.458825327168186
nearest_k60_tabular,hist_gradient_boosting,43,3,entry_movement,val_eval,0.2,1330.0,5316.0,20.417473684210528,8.784089541008276,2.324369940549003,2.127405021634675,2.3041822353977257,2.510459258679331
nearest_k60_tabular,hist_gradient_boosting,43,3,entry_movement,low_n_disclosure,0.05,59.0,1103.0,93.08728813559325,36.678766999093405,2.5379066896630986,1.5560865191591984,2.3934415125160746,3.1926019599127735
nearest_k60_tabular,hist_gradient_boosting,43,3,entry_movement,low_n_disclosure,0.1,117.0,1045.0,73.75863247863249,35.712028708133985,2.065372233021105,1.4357431951619555,2.0595524847762574,2.5247576333658572
nearest_k60_tabular,hist_gradient_boosting,43,3,entry_movement,low_n_disclosure,0.2,233.0,929.0,60.722017167382006,34.23100107642628,1.773889610526149,1.342532919787474,1.8126061598749854,2.3061333044452836
nearest_k60_tabular,hist_gradient_boosting,44,3,entry_movement,val_select,0.05,333.0,6315.0,9.768228228228233,6.198354711005543,1.5759388876025715,1.3759256940506652,1.558478055534651,1.799275229771596
nearest_k60_tabular,hist_gradient_boosting,44,3,entry_movement,val_select,0.1,665.0,5983.0,8.958270676691734,6.090285809794416,1.4709113753389071,1.3389434828953015,1.471208001236529,1.603406248914658
nearest_k60_tabular,hist_gradient_boosting,44,3,entry_movement,val_select,0.2,1330.0,5318.0,8.157548872180454,5.931908612260248,1.3751980020933205,1.2879585389670858,1.3778738422664283,1.47506844205918
nearest_k60_tabular,hist_gradient_boosting,44,3,entry_movement,val_eval,0.05,333.0,6313.0,26.989399399399392,10.274669729130366,2.6267899709593623,2.296803172251641,2.6095161655285057,2.9306268721440403
nearest_k60_tabular,hist_gradient_boosting,44,3,entry_movement,val_eval,0.1,665.0,5981.0,23.889609022556392,9.691501421167025,2.465005986624482,2.2034385727460992,2.43362434347822,2.68057205831214
nearest_k60_tabular,hist_gradient_boosting,44,3,entry_movement,val_eval,0.2,1330.0,5316.0,20.65834586466166,8.723826185101577,2.3680373068346636,2.150346190087509,2.3431849818193333,2.553686647120709
nearest_k60_tabular,hist_gradient_boosting,44,3,entry_movement,low_n_disclosure,0.05,59.0,1103.0,68.8113559322034,37.97729827742522,1.811907614636895,1.259501248770015,1.7274170144575147,2.172533598181965
nearest_k60_tabular,hist_gradient_boosting,44,3,entry_movement,low_n_disclosure,0.1,117.0,1045.0,60.10786324786329,37.24039234449762,1.61405021439696,1.2229033442183608,1.6322233953727125,1.9885036518705055
nearest_k60_tabular,hist_gradient_boosting,44,3,entry_movement,low_n_disclosure,0.2,233.0,929.0,55.7755364806867,35.471614639397224,1.572399143588421,1.1775732335517402,1.5745474240121458,2.031949657684863
nearest_k60_tabular,hist_gradient_boosting,42,6,entry_movement,val_select,0.05,333.0,6315.0,14.002972972972973,9.199117973079968,1.5222082175650826,1.310443023500693,1.4984876888618834,1.751761696177847
nearest_k60_tabular,hist_gradient_boosting,42,6,entry_movement,val_select,0.1,665.0,5983.0,12.727669172932327,9.074297175330102,1.4026066071028056,1.2678326305931165,1.3996472002390652,1.5303469503797082
nearest_k60_tabular,hist_gradient_boosting,42,6,entry_movement,val_select,0.2,1330.0,5318.0,11.750533834586468,8.861829635201202,1.3259715339043165,1.22596675931328,1.3243705957624992,1.4082690192652072
nearest_k60_tabular,hist_gradient_boosting,42,6,entry_movement,val_eval,0.05,333.0,6313.0,36.23828828828832,15.316562648503092,2.3659543671719274,2.0490366482874984,2.3480898569709936,2.6231627085147284
nearest_k60_tabular,hist_gradient_boosting,42,6,entry_movement,val_eval,0.1,665.0,5981.0,34.01664661654137,14.402230396254808,2.3619012944958264,2.1173913450408626,2.3501166312023978,2.5959316096330296
nearest_k60_tabular,hist_gradient_boosting,42,6,entry_movement,val_eval,0.2,1330.0,5316.0,30.19900751879701,12.903711437170806,2.340335000967619,2.1182796677411115,2.320894212424707,2.558220249541137
nearest_k60_tabular,hist_gradient_boosting,42,6,entry_movement,low_n_disclosure,0.05,59.0,1103.0,112.54728813559326,54.39703535811424,2.068996727388838,1.5462899452562657,2.0859995407023906,2.507949168453171
nearest_k60_tabular,hist_gradient_boosting,42,6,entry_movement,low_n_disclosure,0.1,117.0,1045.0,111.51068376068379,51.2856172248804,2.174307140961661,1.5199832583032256,2.0734861687321606,2.623263453580067
nearest_k60_tabular,hist_gradient_boosting,42,6,entry_movement,low_n_disclosure,0.2,233.0,929.0,92.91914163090131,48.428482238966645,1.9186878740572315,1.3748936640984835,1.9095276569812678,2.406865095083587
nearest_k60_tabular,hist_gradient_boosting,43,6,entry_movement,val_select,0.05,333.0,6315.0,15.020840840840842,9.145444180522565,1.6424397267473738,1.419069639801399,1.616326517364978,1.8386574306667414
nearest_k60_tabular,hist_gradient_boosting,43,6,entry_movement,val_select,0.1,665.0,5983.0,13.200180451127817,9.021778372054154,1.463146167724168,1.32635429505508,1.4578510532215652,1.600068807497711
nearest_k60_tabular,hist_gradient_boosting,43,6,entry_movement,val_select,0.2,1330.0,5318.0,11.779045112781956,8.854699135013162,1.330259214139233,1.2308260043263168,1.3327521683036831,1.4329718902022928
nearest_k60_tabular,hist_gradient_boosting,43,6,entry_movement,val_eval,0.05,333.0,6313.0,38.000870870870905,15.223589418659909,2.496183378690728,2.1264293408021895,2.434367870174747,2.802619506946113
nearest_k60_tabular,hist_gradient_boosting,43,6,entry_movement,val_eval,0.1,665.0,5981.0,33.85484210526318,14.420220698879785,2.347733978016935,2.104670679465038,2.3442992320853797,2.6034698226529005
nearest_k60_tabular,hist_gradient_boosting,43,6,entry_movement,val_eval,0.2,1330.0,5316.0,30.050466165413553,12.940874717832958,2.3221356222545766,2.1205033815236765,2.3030993495644476,2.5110112277972005
nearest_k60_tabular,hist_gradient_boosting,43,6,entry_movement,low_n_disclosure,0.05,59.0,1103.0,129.7989830508475,53.47423390752495,2.4273182347093347,1.6013838857363871,2.3087817043693493,2.808739986067279
nearest_k60_tabular,hist_gradient_boosting,43,6,entry_movement,low_n_disclosure,0.1,117.0,1045.0,111.07965811965818,51.33387559808613,2.1638665856703705,1.4981808021037097,2.1452526342729694,2.6667528675527943
nearest_k60_tabular,hist_gradient_boosting,43,6,entry_movement,low_n_disclosure,0.2,233.0,929.0,90.31570815450645,49.081442411194836,1.840119273550661,1.290576383771362,1.8514574107832344,2.3486354643563425
nearest_k60_tabular,hist_gradient_boosting,44,6,entry_movement,val_select,0.05,333.0,6315.0,14.78831831831832,9.157705463182896,1.6148497435053366,1.38685852323813,1.5823782053864552,1.8026421710664766
nearest_k60_tabular,hist_gradient_boosting,44,6,entry_movement,val_select,0.1,665.0,5983.0,13.123142857142856,9.030340966070533,1.453227835632132,1.302630370826152,1.4479574360203866,1.5964158887188356
nearest_k60_tabular,hist_gradient_boosting,44,6,entry_movement,val_select,0.2,1330.0,5318.0,11.949872180451127,8.811976306882286,1.3560944519469595,1.2587371490305366,1.353116287440459,1.4475839414556215
nearest_k60_tabular,hist_gradient_boosting,44,6,entry_movement,val_eval,0.05,333.0,6313.0,36.86303303303306,15.283608427055283,2.4119325752796406,2.128120903942394,2.4053868248098036,2.656773277305222
nearest_k60_tabular,hist_gradient_boosting,44,6,entry_movement,val_eval,0.1,665.0,5981.0,34.57900751879701,14.339704062865742,2.411417095304163,2.1455131142775934,2.3714786807503696,2.609600007293498
nearest_k60_tabular,hist_gradient_boosting,44,6,entry_movement,val_eval,0.2,1330.0,5316.0,30.126932330827085,12.921743792325058,2.3314912302100543,2.13179520084265,2.3181174076728293,2.4985791603586125
nearest_k60_tabular,hist_gradient_boosting,44,6,entry_movement,low_n_disclosure,0.05,59.0,1103.0,119.90050847457628,54.00370806890301,2.2202273281233937,1.560874769853856,2.2072733592224347,2.6681538712393253
nearest_k60_tabular,hist_gradient_boosting,44,6,entry_movement,low_n_disclosure,0.1,117.0,1045.0,96.59675213675214,52.955406698564616,1.8241150084372868,1.3607815624102824,1.8673173483562615,2.31043230260561
nearest_k60_tabular,hist_gradient_boosting,44,6,entry_movement,low_n_disclosure,0.2,233.0,929.0,86.43626609442059,50.054434876211,1.7268453096750578,1.2801158437254856,1.683237209043385,2.0512544996351054
nearest_k60_tabular,hist_gradient_boosting,42,12,entry_movement,val_select,0.05,333.0,6315.0,20.260390390390388,13.395429928741095,1.512485265360532,1.3189565658867801,1.485637045159164,1.696999684607824
nearest_k60_tabular,hist_gradient_boosting,42,12,entry_movement,val_select,0.1,665.0,5983.0,18.439112781954886,13.216921276951362,1.3951140659444166,1.2527412682248293,1.38888860597118,1.5363152166937397
nearest_k60_tabular,hist_gradient_boosting,42,12,entry_movement,val_select,0.2,1330.0,5318.0,16.519436090225565,13.044001504324934,1.266439296618319,1.1751328049078968,1.2638888537921873,1.3532733290188566
nearest_k60_tabular,hist_gradient_boosting,42,12,entry_movement,val_eval,0.05,333.0,6313.0,50.55693693693699,22.156643434183433,2.2817958454364695,1.960156676334156,2.2426720304419643,2.5311881651829924
nearest_k60_tabular,hist_gradient_boosting,42,12,entry_movement,val_eval,0.1,665.0,5981.0,46.98939849624063,20.97682661762247,2.2400623007850577,2.0220368551922987,2.2190750293325205,2.455347737465927
nearest_k60_tabular,hist_gradient_boosting,42,12,entry_movement,val_eval,0.2,1330.0,5316.0,43.026601503759416,18.714253197893157,2.2991353728506425,2.0899439439973477,2.266365580390208,2.4785148399753996
nearest_k60_tabular,hist_gradient_boosting,42,12,entry_movement,low_n_disclosure,0.05,59.0,1103.0,198.69711864406787,77.63572076155937,2.559351760954488,1.7057949818639015,2.348811948100481,3.018364002605779
nearest_k60_tabular,hist_gradient_boosting,42,12,entry_movement,low_n_disclosure,0.1,117.0,1045.0,159.26863247863253,75.33100478468897,2.1142507382432245,1.456419454062096,2.079519136543258,2.7576566986545394
nearest_k60_tabular,hist_gradient_boosting,42,12,entry_movement,low_n_disclosure,0.2,233.0,929.0,131.1808583690987,71.8947147470398,1.8246245058577126,1.229128661681061,1.825571298664192,2.3562454193228524
nearest_k60_tabular,hist_gradient_boosting,43,12,entry_movement,val_select,0.05,333.0,6315.0,20.659639639639643,13.37437688044339,1.544717920268053,1.3531951487959366,1.5252683264067364,1.7218830501985123
nearest_k60_tabular,hist_gradient_boosting,43,12,entry_movement,val_select,0.1,665.0,5983.0,18.557578947368416,13.203753969580477,1.4054774869421507,1.255824354232789,1.4023049987996754,1.5308645242578753
nearest_k60_tabular,hist_gradient_boosting,43,12,entry_movement,val_select,0.2,1330.0,5318.0,17.148894736842106,12.886577660774728,1.3307563255558057,1.2354024483401813,1.3202701546387021,1.4141335125379673
nearest_k60_tabular,hist_gradient_boosting,43,12,entry_movement,val_eval,0.05,333.0,6313.0,53.70858858858862,21.99039917630287,2.442365332161213,2.0974682467812045,2.3909260422922074,2.7503318400536108
nearest_k60_tabular,hist_gradient_boosting,43,12,entry_movement,val_eval,0.1,665.0,5981.0,48.85348872180453,20.769566962046486,2.3521669378604537,2.10805388590614,2.32186778953709,2.613276647870067
nearest_k60_tabular,hist_gradient_boosting,43,12,entry_movement,val_eval,0.2,1330.0,5316.0,43.91922556390979,18.490929270127918,2.37517676490501,2.1687329119444607,2.3580506750661767,2.5630016180710777
nearest_k60_tabular,hist_gradient_boosting,43,12,entry_movement,low_n_disclosure,0.05,59.0,1103.0,179.5976271186441,78.65736174070715,2.283290758094393,1.6316816414636668,2.2491940136149893,2.8215250731305064
nearest_k60_tabular,hist_gradient_boosting,43,12,entry_movement,low_n_disclosure,0.1,117.0,1045.0,143.63948717948713,77.08087081339711,1.8634907164868426,1.3065842970566233,1.8478960715752402,2.5320519801223
nearest_k60_tabular,hist_gradient_boosting,43,12,entry_movement,low_n_disclosure,0.2,233.0,929.0,120.05442060085836,74.68530678148547,1.607470408498341,1.250649715789716,1.63178615680821,2.003276633668666
nearest_k60_tabular,hist_gradient_boosting,44,12,entry_movement,val_select,0.05,333.0,6315.0,20.23786786786787,13.396617577197151,1.5106699695836245,1.299135009628604,1.4674483435938344,1.672613869406314
nearest_k60_tabular,hist_gradient_boosting,44,12,entry_movement,val_select,0.1,665.0,5983.0,18.490586466165414,13.211200066856096,1.3996144462723035,1.2491049438555106,1.378042667656947,1.5235726648644863
nearest_k60_tabular,hist_gradient_boosting,44,12,entry_movement,val_select,0.2,1330.0,5318.0,16.98057894736842,12.928672433245582,1.3134046852098686,1.2218541405317929,1.3013523754819687,1.3977454517310077
nearest_k60_tabular,hist_gradient_boosting,44,12,entry_movement,val_eval,0.05,333.0,6313.0,53.24636636636641,22.014780611436716,2.418664410341879,2.064391163597427,2.350542482799762,2.6935044798996954
nearest_k60_tabular,hist_gradient_boosting,44,12,entry_movement,val_eval,0.1,665.0,5981.0,48.12338345864664,20.850744022738674,2.3079935855605886,2.0318599156766792,2.2720008768935793,2.5174410625582424
nearest_k60_tabular,hist_gradient_boosting,44,12,entry_movement,val_eval,0.2,1330.0,5316.0,43.67403759398498,18.552272385252074,2.354107178196843,2.139980283645128,2.323204767269989,2.5330413285870685
nearest_k60_tabular,hist_gradient_boosting,44,12,entry_movement,low_n_disclosure,0.05,59.0,1103.0,193.9116949152542,77.89169537624659,2.4895040989746953,1.8410950092976452,2.5087794087762063,3.0340471657161907
nearest_k60_tabular,hist_gradient_boosting,44,12,entry_movement,low_n_disclosure,0.1,117.0,1045.0,171.52282051282052,73.95900478468899,2.3191607433356003,1.576561939129307,2.3094916457831784,2.8631414968644333
nearest_k60_tabular,hist_gradient_boosting,44,12,entry_movement,low_n_disclosure,0.2,233.0,929.0,134.72042918454935,71.00696447793325,1.8972847265765918,1.3674604248523634,1.8881532149559908,2.3619907110093976
nearest_k60_tabular,hist_gradient_boosting,42,24,entry_movement,val_select,0.05,333.0,6315.0,27.65159159159159,19.688942201108475,1.404422406706787,1.2114680249086702,1.3962213201001585,1.5623472611080755
nearest_k60_tabular,hist_gradient_boosting,42,24,entry_movement,val_select,0.1,665.0,5983.0,25.82753383458647,19.449831188367043,1.3279052956528452,1.1884560691248742,1.327462845491524,1.468710739763265
nearest_k60_tabular,hist_gradient_boosting,42,24,entry_movement,val_select,0.2,1330.0,5318.0,23.744654135338344,19.173234298608502,1.2384271618201428,1.1346973258560928,1.2330205832271592,1.3327894218436132
nearest_k60_tabular,hist_gradient_boosting,42,24,entry_movement,val_eval,0.05,333.0,6313.0,72.91840840840841,32.33077300807857,2.255387101019456,1.866384095664177,2.1975909332508445,2.600048773960792
nearest_k60_tabular,hist_gradient_boosting,42,24,entry_movement,val_eval,0.1,665.0,5981.0,65.62866165413536,30.888302959371348,2.1247092059560355,1.8525117260695216,2.0882475673708916,2.3730615395509114
nearest_k60_tabular,hist_gradient_boosting,42,24,entry_movement,val_eval,0.2,1330.0,5316.0,59.99792481203009,27.95123401053424,2.1465215020352275,1.9063348016611368,2.1166476549859192,2.323109459520104
nearest_k60_tabular,hist_gradient_boosting,42,24,entry_movement,low_n_disclosure,0.05,59.0,1103.0,265.2281355932204,113.51905711695375,2.3364194728993155,1.5852961696820211,2.2407635346001493,2.8412831761767903
nearest_k60_tabular,hist_gradient_boosting,42,24,entry_movement,low_n_disclosure,0.1,117.0,1045.0,225.00547008547008,109.60223923444973,2.052927674261853,1.4271996676972867,2.045909739908285,2.608320806546327
nearest_k60_tabular,hist_gradient_boosting,42,24,entry_movement,low_n_disclosure,0.2,233.0,929.0,190.1078969957081,103.94493003229279,1.8289290005452588,1.323243154479416,1.8178339748264858,2.2725199930052655
nearest_k60_tabular,hist_gradient_boosting,43,24,entry_movement,val_select,0.05,333.0,6315.0,28.882102102102102,19.624055423594616,1.4717703083622689,1.2492375555545496,1.451526854243196,1.6972861400390842
nearest_k60_tabular,hist_gradient_boosting,43,24,entry_movement,val_select,0.1,665.0,5983.0,25.818977443609022,19.450782216279457,1.3274004693754509,1.2007847226466635,1.320653871136338,1.462118883193679
nearest_k60_tabular,hist_gradient_boosting,43,24,entry_movement,val_select,0.2,1330.0,5318.0,24.038030075187972,19.099862730349756,1.2585446510561278,1.1669388786373516,1.2514134924034646,1.3397865491839116
nearest_k60_tabular,hist_gradient_boosting,43,24,entry_movement,val_eval,0.05,333.0,6313.0,72.23732732732734,32.36669887533661,2.2318410538422904,1.8800252767886059,2.1796938622275706,2.6124439067734873
nearest_k60_tabular,hist_gradient_boosting,43,24,entry_movement,val_eval,0.1,665.0,5981.0,64.94763909774437,30.964022738672465,2.097519422650085,1.8144285189797646,2.0578769326249144,2.33284901799295
nearest_k60_tabular,hist_gradient_boosting,43,24,entry_movement,val_eval,0.2,1330.0,5316.0,58.163150375939864,28.410272761474793,2.04725772484701,1.8370324811781862,2.0236900205562582,2.212909519976598
nearest_k60_tabular,hist_gradient_boosting,43,24,entry_movement,low_n_disclosure,0.05,59.0,1103.0,311.02898305084733,111.06914777878512,2.80031844369887,1.9676910601728241,2.6825528843948323,3.306927917120963
nearest_k60_tabular,hist_gradient_boosting,43,24,entry_movement,low_n_disclosure,0.1,117.0,1045.0,269.42393162393165,104.6290717703349,2.5750389166724923,1.6490349864951221,2.454751508353448,3.182851006557075
nearest_k60_tabular,hist_gradient_boosting,43,24,entry_movement,low_n_disclosure,0.2,233.0,929.0,196.69884120171673,102.29187298170073,1.9229175834614418,1.397788408139045,1.9262758441071144,2.56586285799606
nearest_k60_tabular,hist_gradient_boosting,44,24,entry_movement,val_select,0.05,333.0,6315.0,27.692942942942942,19.68676167854315,1.4066784266061305,1.2155762047894714,1.3869800897165039,1.5717397988083628
nearest_k60_tabular,hist_gradient_boosting,44,24,entry_movement,val_select,0.1,665.0,5983.0,25.60296240601504,19.474791910412836,1.3146719371273783,1.182653955575509,1.3003523071044767,1.437554492176477
nearest_k60_tabular,hist_gradient_boosting,44,24,entry_movement,val_select,0.2,1330.0,5318.0,23.854368421052634,19.14579541180895,1.2459324832406533,1.150087028641616,1.2403245363419115,1.3291763710875837
nearest_k60_tabular,hist_gradient_boosting,44,24,entry_movement,val_eval,0.05,333.0,6313.0,71.09669669669671,32.426865198796136,2.1925245089474825,1.8981563828064605,2.1590174727184133,2.495445736024705
nearest_k60_tabular,hist_gradient_boosting,44,24,entry_movement,val_eval,0.1,665.0,5981.0,64.99733834586469,30.958496906871762,2.0994991630694266,1.8575333128019502,2.065130470562819,2.3126512269328265
nearest_k60_tabular,hist_gradient_boosting,44,24,entry_movement,val_eval,0.2,1330.0,5316.0,59.58012030075189,28.055763732129417,2.1236320946244933,1.906852433205671,2.099838219386006,2.301030256496896
nearest_k60_tabular,hist_gradient_boosting,44,24,entry_movement,low_n_disclosure,0.05,59.0,1103.0,246.75338983050847,114.5072801450589,2.1549144256847157,1.5954959219207772,2.1588664041752295,2.7296004870776476
nearest_k60_tabular,hist_gradient_boosting,44,24,entry_movement,low_n_disclosure,0.1,117.0,1045.0,236.72547008547005,108.29004784688993,2.1860316325667664,1.4987024248840901,2.1194423491798897,2.7665663571378967
nearest_k60_tabular,hist_gradient_boosting,44,24,entry_movement,low_n_disclosure,0.2,233.0,929.0,193.1785407725322,103.17479009687834,1.8723424645801825,1.3086011444553154,1.8642923226822015,2.3894658931948016
nearest_k60_tabular,extra_trees_small,42,3,entry_movement,val_select,0.05,333.0,6315.0,10.170180180180184,6.177159144893112,1.6464170570363645,1.4462814405149809,1.6185963928091232,1.8544232281351916
nearest_k60_tabular,extra_trees_small,42,3,entry_movement,val_select,0.1,665.0,5983.0,9.01396992481203,6.084094935651011,1.4815629966575328,1.3564466857067075,1.4926243861987596,1.629386305864885
nearest_k60_tabular,extra_trees_small,42,3,entry_movement,val_select,0.2,1330.0,5318.0,8.187533834586468,5.924409552463333,1.381999971825402,1.2888589463237252,1.375190899024307,1.468296970473295
nearest_k60_tabular,extra_trees_small,42,3,entry_movement,val_eval,0.05,333.0,6313.0,23.48681681681681,10.45942499603992,2.245517017016637,1.9599083564187414,2.2285782154593834,2.5088030798973024
nearest_k60_tabular,extra_trees_small,42,3,entry_movement,val_eval,0.1,665.0,5981.0,22.167278195488723,9.882999498411635,2.2429706891163335,2.0345970063800443,2.256330535691917,2.4665974958616776
nearest_k60_tabular,extra_trees_small,42,3,entry_movement,val_eval,0.2,1330.0,5316.0,21.00604511278196,8.636835966892399,2.432145891539966,2.2393298731139955,2.435134420767766,2.6247474193364795
nearest_k60_tabular,extra_trees_small,42,3,entry_movement,low_n_disclosure,0.05,59.0,1103.0,89.33576271186448,36.87943789664553,2.422373219522152,1.5344350319975653,2.443869877829692,3.439121035351711
nearest_k60_tabular,extra_trees_small,42,3,entry_movement,low_n_disclosure,0.1,117.0,1045.0,71.4647008547009,35.96886124401915,1.9868491351414117,1.3769532379146414,1.9826039222599392,2.594417593855657
nearest_k60_tabular,extra_trees_small,42,3,entry_movement,low_n_disclosure,0.2,233.0,929.0,58.797896995708186,34.7135844994618,1.6938007942285471,1.247754321807644,1.6824002186631128,2.1214510273655414
nearest_k60_tabular,extra_trees_small,43,3,entry_movement,val_select,0.05,333.0,6315.0,10.061351351351355,6.182897862232779,1.627287329588521,1.4347237387077154,1.612896138402744,1.8520981797807203
nearest_k60_tabular,extra_trees_small,43,3,entry_movement,val_select,0.1,665.0,5983.0,9.108962406015038,6.073536687280629,1.4997789385369622,1.3366103093482622,1.4927226036821457,1.648264123802817
nearest_k60_tabular,extra_trees_small,43,3,entry_movement,val_select,0.2,1330.0,5318.0,8.172353383458647,5.928206092515983,1.3785541959777294,1.2672430526462082,1.3604581151724568,1.4534583696027863
nearest_k60_tabular,extra_trees_small,43,3,entry_movement,val_eval,0.05,333.0,6313.0,23.609849849849844,10.45293521305243,2.258681353001075,2.003496899926697,2.258479775634278,2.584993415731215
nearest_k60_tabular,extra_trees_small,43,3,entry_movement,val_eval,0.1,665.0,5981.0,23.40433082706767,9.745457281391069,2.401563123339342,2.1919780374936386,2.393059881004624,2.627525567733087
nearest_k60_tabular,extra_trees_small,43,3,entry_movement,val_eval,0.2,1330.0,5316.0,21.163766917293238,8.597375846501127,2.461654264644747,2.2552691111915464,2.442769225103791,2.647239795096254
nearest_k60_tabular,extra_trees_small,43,3,entry_movement,low_n_disclosure,0.05,59.0,1103.0,90.0074576271187,36.84350861287399,2.4429665093206667,1.4393822428669658,2.273749662350327,3.101788639131159
nearest_k60_tabular,extra_trees_small,43,3,entry_movement,low_n_disclosure,0.1,117.0,1045.0,67.99427350427354,36.3574162679426,1.8701624175705271,1.2724098799192292,1.8300601692724499,2.6562539802320897
nearest_k60_tabular,extra_trees_small,43,3,entry_movement,low_n_disclosure,0.2,233.0,929.0,56.83137339055798,35.20680301399355,1.6142156778043542,1.2152040227676395,1.5777829065472633,1.9813129983295197
nearest_k60_tabular,extra_trees_small,44,3,entry_movement,val_select,0.05,333.0,6315.0,10.211321321321323,6.174989707046715,1.6536580311491802,1.4430234622299565,1.6400150599542114,1.8616091641230361
nearest_k60_tabular,extra_trees_small,44,3,entry_movement,val_select,0.1,665.0,5983.0,9.172481203007525,6.0664766839378235,1.5119948004240176,1.3700504975330747,1.4952857286865813,1.6352958327314453
nearest_k60_tabular,extra_trees_small,44,3,entry_movement,val_select,0.2,1330.0,5318.0,8.076503759398497,5.952177510342234,1.3568990080294363,1.2668235290360683,1.3579406475960154,1.4454243413955778
nearest_k60_tabular,extra_trees_small,44,3,entry_movement,val_eval,0.05,333.0,6313.0,25.025015015015022,10.378287660383334,2.4112855447765353,2.127451989109547,2.4119508054328835,2.6845229245240305
nearest_k60_tabular,extra_trees_small,44,3,entry_movement,val_eval,0.1,665.0,5981.0,23.464992481203005,9.738712589867914,2.4094552811442256,2.1866673142103186,2.3907548795709674,2.659801788292642
nearest_k60_tabular,extra_trees_small,44,3,entry_movement,val_eval,0.2,1330.0,5316.0,21.128714285714285,8.606145598194129,2.455072836572487,2.254386252349012,2.4307613187288424,2.6445918226857814
nearest_k60_tabular,extra_trees_small,44,3,entry_movement,low_n_disclosure,0.05,59.0,1103.0,88.3050847457628,36.93456935630101,2.3908518844202526,1.327816120529745,2.2746625926841886,3.3702185409164462
nearest_k60_tabular,extra_trees_small,44,3,entry_movement,low_n_disclosure,0.1,117.0,1045.0,69.554358974359,36.182746411483265,1.9223073390660208,1.4288733544659569,1.8888706869708984,2.68132943363054
nearest_k60_tabular,extra_trees_small,44,3,entry_movement,low_n_disclosure,0.2,233.0,929.0,58.576094420600874,34.76921420882671,1.6847114826578513,1.2560573803465092,1.708391715913687,2.1269335439550607
nearest_k60_tabular,extra_trees_small,42,6,entry_movement,val_select,0.05,333.0,6315.0,14.502522522522517,9.172775930324624,1.581039658297777,1.361189831331133,1.5511628871245855,1.7887400667858486
nearest_k60_tabular,extra_trees_small,42,6,entry_movement,val_select,0.1,665.0,5983.0,12.946932330827066,9.049926458298513,1.4306118829236578,1.2831947989006622,1.4313821527527142,1.5783975717845127
nearest_k60_tabular,extra_trees_small,42,6,entry_movement,val_select,0.2,1330.0,5318.0,11.94061654135338,8.814291086874766,1.3546882470371304,1.2505239680270335,1.349529661038638,1.4505072140618707
nearest_k60_tabular,extra_trees_small,42,6,entry_movement,val_eval,0.05,333.0,6313.0,35.65504504504507,15.347327736416918,2.3232086821499855,2.0089336063440326,2.2699304599542147,2.6060402111619494
nearest_k60_tabular,extra_trees_small,42,6,entry_movement,val_eval,0.1,665.0,5981.0,33.52348872180454,14.457062364153153,2.318831300398021,2.0745543449702577,2.298755303070923,2.593385459629766
nearest_k60_tabular,extra_trees_small,42,6,entry_movement,val_eval,0.2,1330.0,5316.0,31.29443609022558,12.6296482317532,2.477854926437758,2.274778714248225,2.448347953307109,2.662287124902024
nearest_k60_tabular,extra_trees_small,42,6,entry_movement,low_n_disclosure,0.05,59.0,1103.0,127.31966101694921,53.60685403445151,2.3750631017280868,1.570430053394717,2.3034245441234837,3.0776702865847207
nearest_k60_tabular,extra_trees_small,42,6,entry_movement,low_n_disclosure,0.1,117.0,1045.0,104.6094017094018,52.05829665071771,2.009466472006813,1.507259378428472,2.029439575829584,2.8037262380326333
nearest_k60_tabular,extra_trees_small,42,6,entry_movement,low_n_disclosure,0.2,233.0,929.0,84.80532188841205,50.463487621097954,1.6805283559703144,1.2523313429555825,1.7295491748660632,2.1458363922381274
nearest_k60_tabular,extra_trees_small,43,6,entry_movement,val_select,0.05,333.0,6315.0,14.2563063063063,9.18575930324624,1.552000856507108,1.3307733207758743,1.5491410258078884,1.792034322285995
nearest_k60_tabular,extra_trees_small,43,6,entry_movement,val_select,0.1,665.0,5983.0,13.039383458646611,9.039650676917933,1.4424654142821796,1.2860667899678846,1.4291842298496666,1.584010311230042
nearest_k60_tabular,extra_trees_small,43,6,entry_movement,val_select,0.2,1330.0,5318.0,11.872082706766916,8.831430989093645,1.3442988708656973,1.2381771993690551,1.335148777069765,1.4313454496223958
nearest_k60_tabular,extra_trees_small,43,6,entry_movement,val_eval,0.05,333.0,6313.0,35.569309309309325,15.351850150483132,2.3169395845223213,2.009842047183059,2.3036443316683375,2.6672361244591967
nearest_k60_tabular,extra_trees_small,43,6,entry_movement,val_eval,0.1,665.0,5981.0,33.06781954887221,14.507726132753719,2.279324771248324,2.0603004903578284,2.2887628336348156,2.5255668290525004
nearest_k60_tabular,extra_trees_small,43,6,entry_movement,val_eval,0.2,1330.0,5316.0,31.017142857142872,12.699023702031605,2.442482476206475,2.2366952762416368,2.412867744380079,2.623805514321599
nearest_k60_tabular,extra_trees_small,43,6,entry_movement,low_n_disclosure,0.05,59.0,1103.0,133.1106779661018,53.297089755213065,2.4975224459245835,1.5152398979778723,2.390476575905472,3.2234862068129737
nearest_k60_tabular,extra_trees_small,43,6,entry_movement,low_n_disclosure,0.1,117.0,1045.0,103.06196581196588,52.23155023923445,1.973174553309533,1.3937539439633047,1.963703904656712,2.7229758503173427
nearest_k60_tabular,extra_trees_small,43,6,entry_movement,low_n_disclosure,0.2,233.0,929.0,84.0992274678112,50.640581270183,1.6607081782714161,1.3138621619165085,1.6689441875531001,2.09900858279996
nearest_k60_tabular,extra_trees_small,44,6,entry_movement,val_select,0.05,333.0,6315.0,14.580120120120112,9.168684085510689,1.5902085821847802,1.3588767777492232,1.5613338912754933,1.8213064367987961
nearest_k60_tabular,extra_trees_small,44,6,entry_movement,val_select,0.1,665.0,5983.0,13.09237593984962,9.033760655189704,1.4492719521330606,1.2790952330715741,1.4310783574606218,1.5895092425602408
nearest_k60_tabular,extra_trees_small,44,6,entry_movement,val_select,0.2,1330.0,5318.0,11.996082706766916,8.800419330575403,1.3631262620735334,1.2552748977178558,1.3514294885550857,1.4452876975564803
nearest_k60_tabular,extra_trees_small,44,6,entry_movement,val_eval,0.05,333.0,6313.0,33.30867867867871,15.471094566766991,2.1529619985794746,1.9355392310069581,2.169023185857192,2.4787588632068425
nearest_k60_tabular,extra_trees_small,44,6,entry_movement,val_eval,0.1,665.0,5981.0,32.56303759398497,14.563850526667784,2.235881062797162,2.0307033477779646,2.2498683734678977,2.5415972586208997
nearest_k60_tabular,extra_trees_small,44,6,entry_movement,val_eval,0.2,1330.0,5316.0,30.946180451127834,12.716777652370203,2.4334922963255528,2.2410026194320323,2.4111036681906928,2.619247777012469
nearest_k60_tabular,extra_trees_small,44,6,entry_movement,low_n_disclosure,0.05,59.0,1103.0,141.09745762711873,52.86987307343609,2.6687686091308525,1.5891882462089146,2.2876254066165678,3.1343628795741667
nearest_k60_tabular,extra_trees_small,44,6,entry_movement,low_n_disclosure,0.1,117.0,1045.0,107.71752136752146,51.710306220095696,2.0830957934969683,1.4505599579522124,2.005905434686549,2.8491156291767528
nearest_k60_tabular,extra_trees_small,44,6,entry_movement,low_n_disclosure,0.2,233.0,929.0,85.3264806866953,50.3327771797632,1.695246824588127,1.3139222177684386,1.7469370507249116,2.1657205177144734
nearest_k60_tabular,extra_trees_small,42,12,entry_movement,val_select,0.05,333.0,6315.0,20.908498498498496,13.361254156769597,1.5648604729148887,1.3564545184283776,1.5357667581349306,1.741236498263116
nearest_k60_tabular,extra_trees_small,42,12,entry_movement,val_select,0.1,665.0,5983.0,18.684586466165413,13.189637305699483,1.4166110889259602,1.2740246486937714,1.4071990784784298,1.5545169055412482
nearest_k60_tabular,extra_trees_small,42,12,entry_movement,val_select,0.2,1330.0,5318.0,17.193624060150377,12.875391124482892,1.3353865442934973,1.2221027020649091,1.3316056539411676,1.4364248258057022
nearest_k60_tabular,extra_trees_small,42,12,entry_movement,val_eval,0.05,333.0,6313.0,48.54801801801807,22.26261048629811,2.180697454501023,1.9242715776739183,2.162741625103969,2.450622558435407
nearest_k60_tabular,extra_trees_small,42,12,entry_movement,val_eval,0.1,665.0,5981.0,47.920977443609054,20.873248620632005,2.295808300593992,2.0421884624468944,2.267291161486913,2.516036087643779
nearest_k60_tabular,extra_trees_small,42,12,entry_movement,val_eval,0.2,1330.0,5316.0,44.724360902255654,18.289493980436422,2.445358026312571,2.2211402478183757,2.4145448499873687,2.622514302650105
nearest_k60_tabular,extra_trees_small,42,12,entry_movement,low_n_disclosure,0.05,59.0,1103.0,205.1576271186442,77.29014505893016,2.654382741321303,1.6500487748461659,2.5728700617416997,3.3521647110843773
nearest_k60_tabular,extra_trees_small,42,12,entry_movement,low_n_disclosure,0.1,117.0,1045.0,173.50444444444454,73.73713875598084,2.3530129778784175,1.6084763626030225,2.246728942675154,3.1783615729382877
nearest_k60_tabular,extra_trees_small,42,12,entry_movement,low_n_disclosure,0.2,233.0,929.0,131.9245493562232,71.70819160387511,1.8397416864866802,1.353320133803726,1.8832250555430452,2.495637332660694
nearest_k60_tabular,extra_trees_small,43,12,entry_movement,val_select,0.05,333.0,6315.0,20.923423423423422,13.36046714172605,1.5660697490192927,1.3496680631059879,1.5331165797735375,1.7351878047577336
nearest_k60_tabular,extra_trees_small,43,12,entry_movement,val_select,0.1,665.0,5983.0,18.52851127819549,13.20698479023901,1.4029327338886242,1.2684110868042549,1.4048776312623494,1.5394694021451638
nearest_k60_tabular,extra_trees_small,43,12,entry_movement,val_select,0.2,1330.0,5318.0,17.363278195488725,12.83296163971418,1.3530219042932825,1.2339649979139595,1.3419038637729057,1.449443916598382
nearest_k60_tabular,extra_trees_small,43,12,entry_movement,val_eval,0.05,333.0,6313.0,48.314534534534566,22.274926342467925,2.169009845048117,1.895047986394703,2.1478788689520787,2.442991805063508
nearest_k60_tabular,extra_trees_small,43,12,entry_movement,val_eval,0.1,665.0,5981.0,45.98825563909777,21.088139107172715,2.1807640496574576,1.9658198117184797,2.186111178621297,2.4662836502592573
nearest_k60_tabular,extra_trees_small,43,12,entry_movement,val_eval,0.2,1330.0,5316.0,44.21619548872182,18.4166309255079,2.4008840524398147,2.1802771465445425,2.3707962416966533,2.5972936795873087
nearest_k60_tabular,extra_trees_small,43,12,entry_movement,low_n_disclosure,0.05,59.0,1103.0,193.35305084745784,77.92157751586579,2.481380087666844,1.61945540283929,2.404589083744206,3.12479882776467
nearest_k60_tabular,extra_trees_small,43,12,entry_movement,low_n_disclosure,0.1,117.0,1045.0,168.01393162393174,74.35186602870812,2.2597137179994866,1.5710762750030383,2.155839358740951,3.041727607033186
nearest_k60_tabular,extra_trees_small,43,12,entry_movement,low_n_disclosure,0.2,233.0,929.0,128.676008583691,72.52294940796554,1.7742798608457848,1.3525527481178932,1.7507175526993284,2.4014949639580148
nearest_k60_tabular,extra_trees_small,44,12,entry_movement,val_select,0.05,333.0,6315.0,20.731201201201195,13.37060332541568,1.5505060390052878,1.3529820364671914,1.524008574641682,1.7160222595945025
nearest_k60_tabular,extra_trees_small,44,12,entry_movement,val_select,0.1,665.0,5983.0,18.682375939849628,13.189883001838544,1.4164171082674109,1.2690650471351492,1.3981508079930691,1.5372647786018452
nearest_k60_tabular,extra_trees_small,44,12,entry_movement,val_select,0.2,1330.0,5318.0,17.232248120300753,12.865731477999246,1.339391246410542,1.2247727107729316,1.330305017927069,1.4348295062122272
nearest_k60_tabular,extra_trees_small,44,12,entry_movement,val_eval,0.05,333.0,6313.0,49.58192192192196,22.20807381593538,2.2326079394758005,1.8949609295960546,2.184213159982395,2.467538612966179
nearest_k60_tabular,extra_trees_small,44,12,entry_movement,val_eval,0.1,665.0,5981.0,46.594030075187995,21.02078582176894,2.2165693742493504,1.9853461763974882,2.215316022441119,2.4676355949925344
nearest_k60_tabular,extra_trees_small,44,12,entry_movement,val_eval,0.2,1330.0,5316.0,44.08360150375941,18.449804364183596,2.38938043101088,2.1675491059809637,2.361042062254576,2.5762819593864226
nearest_k60_tabular,extra_trees_small,44,12,entry_movement,low_n_disclosure,0.05,59.0,1103.0,196.82016949152563,77.73611967361738,2.531901133191291,1.5048162032342014,2.3701587245079416,3.144987597146246
nearest_k60_tabular,extra_trees_small,44,12,entry_movement,low_n_disclosure,0.1,117.0,1045.0,169.9253846153847,74.13785645933012,2.2920191212784906,1.4724238064057453,2.1774016338023667,3.0736251583307728
nearest_k60_tabular,extra_trees_small,44,12,entry_movement,low_n_disclosure,0.2,233.0,929.0,132.61206008583693,71.53575888051667,1.8537870033270154,1.3437861535873734,1.8559110225972537,2.4591504713772503
nearest_k60_tabular,extra_trees_small,42,24,entry_movement,val_select,0.05,333.0,6315.0,29.183663663663662,19.608153602533655,1.4883432808223571,1.2850173425725617,1.4503332769525872,1.6670132950390348
nearest_k60_tabular,extra_trees_small,42,24,entry_movement,val_select,0.1,665.0,5983.0,26.362511278195488,19.390369379909743,1.3595672553566485,1.212546861247927,1.3485990858225598,1.5072519968085651
nearest_k60_tabular,extra_trees_small,42,24,entry_movement,val_select,0.2,1330.0,5318.0,24.610834586466165,18.95660774727341,1.298272080879345,1.1884122248383233,1.2876246216330491,1.3965371039012702
nearest_k60_tabular,extra_trees_small,42,24,entry_movement,val_eval,0.05,333.0,6313.0,72.22009009009011,32.367608110248696,2.2312458135336466,1.86730182581688,2.1920101905421285,2.6775996863831257
nearest_k60_tabular,extra_trees_small,42,24,entry_movement,val_eval,0.1,665.0,5981.0,68.51609022556391,30.567262999498414,2.2414859396043476,1.9355719681161938,2.199855791644607,2.555864674274756
nearest_k60_tabular,extra_trees_small,42,24,entry_movement,val_eval,0.2,1330.0,5316.0,62.309639097744366,27.372870579382994,2.276328268788712,2.015305433708931,2.2410643235063983,2.4855115135556276
nearest_k60_tabular,extra_trees_small,42,24,entry_movement,low_n_disclosure,0.05,59.0,1103.0,272.7061016949154,113.11905711695374,2.4107883202470886,1.3890406273218916,2.3819371992497773,3.138207246787633
nearest_k60_tabular,extra_trees_small,42,24,entry_movement,low_n_disclosure,0.1,117.0,1045.0,235.39974358974365,108.43847846889949,2.170813782279849,1.477506709271257,2.190445991060174,2.889600391554801
nearest_k60_tabular,extra_trees_small,42,24,entry_movement,low_n_disclosure,0.2,233.0,929.0,198.0890128755365,101.94320775026907,1.9431310554872516,1.412934937663933,1.9287456987241152,2.524318872692703
nearest_k60_tabular,extra_trees_small,43,24,entry_movement,val_select,0.05,333.0,6315.0,29.71618618618618,19.58007284243864,1.517674955824379,1.290224050180365,1.4943685417094805,1.7105248530871577
nearest_k60_tabular,extra_trees_small,43,24,entry_movement,val_select,0.1,665.0,5983.0,25.903067669172934,19.441435734581315,1.3323639273769292,1.1929363018988008,1.3271471843946427,1.4756244020218112
nearest_k60_tabular,extra_trees_small,43,24,entry_movement,val_select,0.2,1330.0,5318.0,24.272383458646615,19.041252350507712,1.2747262108523771,1.1707380073479945,1.2661148077414783,1.3712017561529437
nearest_k60_tabular,extra_trees_small,43,24,entry_movement,val_eval,0.05,333.0,6313.0,73.72324324324326,32.288319341042296,2.2832790540922407,1.9048373041956321,2.2313859273591814,2.624404666201896
nearest_k60_tabular,extra_trees_small,43,24,entry_movement,val_eval,0.1,665.0,5981.0,67.74996992481205,30.652444407289753,2.21026320200094,1.91561021710078,2.1730451029501,2.540055783913409
nearest_k60_tabular,extra_trees_small,43,24,entry_movement,val_eval,0.2,1330.0,5316.0,61.437661654135354,27.591028969149736,2.226726002963878,1.98247728063633,2.2011293952369146,2.430191222225494
nearest_k60_tabular,extra_trees_small,43,24,entry_movement,low_n_disclosure,0.05,59.0,1103.0,267.7950847457627,113.3817497733454,2.361888798515596,1.4761392708993393,2.318343916210605,2.981060730441162
nearest_k60_tabular,extra_trees_small,43,24,entry_movement,low_n_disclosure,0.1,117.0,1045.0,250.10666666666668,106.7918660287081,2.34200109022753,1.5280675527753396,2.300289723162888,3.090227007858269
nearest_k60_tabular,extra_trees_small,43,24,entry_movement,low_n_disclosure,0.2,233.0,929.0,198.41811158798282,101.86066738428414,1.9479364968169874,1.3807504334291179,1.911823770062905,2.51968863743803
nearest_k60_tabular,extra_trees_small,44,24,entry_movement,val_select,0.05,333.0,6315.0,29.06744744744745,19.614281868566906,1.4819531830033412,1.2784020846499193,1.4636156429048148,1.6654776956277992
nearest_k60_tabular,extra_trees_small,44,24,entry_movement,val_select,0.1,665.0,5983.0,26.316165413533835,19.395520641818486,1.3568166536758914,1.2078603725998744,1.3403214667234287,1.5060299950354123
nearest_k60_tabular,extra_trees_small,44,24,entry_movement,val_select,0.2,1330.0,5318.0,24.443466165413533,18.998465588567132,1.2866021232853186,1.1860157643275173,1.2786937802952556,1.385745239689324
nearest_k60_tabular,extra_trees_small,44,24,entry_movement,val_eval,0.05,333.0,6313.0,70.53105105105107,32.45670204340251,2.173081262437998,1.825967068011426,2.1649274887379386,2.5370437519028837
nearest_k60_tabular,extra_trees_small,44,24,entry_movement,val_eval,0.1,665.0,5981.0,69.22338345864662,30.48862230396255,2.270466102682829,1.9397565236543666,2.1992096076070813,2.520529217100378
nearest_k60_tabular,extra_trees_small,44,24,entry_movement,val_eval,0.2,1330.0,5316.0,62.09692481203009,27.42608916478555,2.264155288015364,1.9979840243224587,2.23930127254914,2.4732567581622176
nearest_k60_tabular,extra_trees_small,44,24,entry_movement,low_n_disclosure,0.05,59.0,1103.0,234.94779661016958,115.13876699909335,2.0405620342627055,1.2841523521225218,2.088766934544231,2.7641721806246045
nearest_k60_tabular,extra_trees_small,44,24,entry_movement,low_n_disclosure,0.1,117.0,1045.0,230.12401709401715,109.02915789473681,2.1106649041185155,1.371562242297644,2.1193147609700222,2.740332830381784
nearest_k60_tabular,extra_trees_small,44,24,entry_movement,low_n_disclosure,0.2,233.0,929.0,195.83832618025752,102.50769644779331,1.9104743640395536,1.3802551364971256,1.8965364660143504,2.4882738666472197
nearest_k80_tabular,hist_gradient_boosting,42,3,entry_movement,val_select,0.05,333.0,6315.0,10.189909909909913,6.176118764845606,1.649888918573062,1.408909114458829,1.6017199230274475,1.832206031471456
nearest_k80_tabular,hist_gradient_boosting,42,3,entry_movement,val_select,0.1,665.0,5983.0,8.853969924812032,6.101878656192546,1.4510235984169404,1.3085230028182722,1.4314947392963475,1.581660513954531
nearest_k80_tabular,hist_gradient_boosting,42,3,entry_movement,val_select,0.2,1330.0,5318.0,8.066030075187973,5.954796916133885,1.3545432680221097,1.2807641400449798,1.359994050200951,1.443603844042479
nearest_k80_tabular,hist_gradient_boosting,42,3,entry_movement,val_eval,0.05,333.0,6313.0,26.782522522522516,10.285582132108347,2.603889811828532,2.2539447046382897,2.558525508598772,2.900440583121865
nearest_k80_tabular,hist_gradient_boosting,42,3,entry_movement,val_eval,0.1,665.0,5981.0,23.987097744360906,9.680662096639356,2.4778364852428876,2.181733667405581,2.4297161092965482,2.7200816627938322
nearest_k80_tabular,hist_gradient_boosting,42,3,entry_movement,val_eval,0.2,1330.0,5316.0,20.73246616541354,8.705282167042887,2.381596112289625,2.181644377795277,2.3599314810866945,2.566995494604343
nearest_k80_tabular,hist_gradient_boosting,42,3,entry_movement,low_n_disclosure,0.05,59.0,1103.0,85.36644067796614,37.09175883952858,2.301493467788628,1.4544938060066954,2.2387377374311654,3.0601010361546352
nearest_k80_tabular,hist_gradient_boosting,42,3,entry_movement,low_n_disclosure,0.1,117.0,1045.0,70.55076923076928,36.071186602870824,1.9558760294609854,1.3757459040721152,1.991348014215422,2.545095163712216
nearest_k80_tabular,hist_gradient_boosting,42,3,entry_movement,low_n_disclosure,0.2,233.0,929.0,63.27283261802578,33.59123789020453,1.8836112210225107,1.46931188843777,1.8516806317966106,2.233412089286774
nearest_k80_tabular,hist_gradient_boosting,43,3,entry_movement,val_select,0.05,333.0,6315.0,10.17531531531532,6.1768883610451315,1.6473205796443524,1.3991272560710584,1.5970093037468618,1.8300385652609596
nearest_k80_tabular,hist_gradient_boosting,43,3,entry_movement,val_select,0.1,665.0,5983.0,8.86824060150376,6.100292495403644,1.4537402277326323,1.3382102571967847,1.461471096698391,1.5972978890273584
nearest_k80_tabular,hist_gradient_boosting,43,3,entry_movement,val_select,0.2,1330.0,5318.0,8.135842105263158,5.937337344866491,1.3702846297419038,1.2799287026680752,1.3691931152622616,1.4507785913800724
nearest_k80_tabular,hist_gradient_boosting,43,3,entry_movement,val_eval,0.05,333.0,6313.0,24.885975975975974,10.385621732932044,2.396195106650608,2.1037299057565177,2.3832327577743895,2.697600874435856
nearest_k80_tabular,hist_gradient_boosting,43,3,entry_movement,val_eval,0.1,665.0,5981.0,23.37933834586466,9.748236080922922,2.398314746563996,2.169406966775692,2.383024846471356,2.63998049617139
nearest_k80_tabular,hist_gradient_boosting,43,3,entry_movement,val_eval,0.2,1330.0,5316.0,20.673639097744367,8.719999999999999,2.3708301717596756,2.1785739875224523,2.349935399169541,2.5550720333517916
nearest_k80_tabular,hist_gradient_boosting,43,3,entry_movement,low_n_disclosure,0.05,59.0,1103.0,75.75067796610179,37.60611060743428,2.0143183313173254,1.467804738505199,2.1610646735958063,2.9281041689019784
nearest_k80_tabular,hist_gradient_boosting,43,3,entry_movement,low_n_disclosure,0.1,117.0,1045.0,67.80188034188038,36.37895693779906,1.8637664751578338,1.246296642344689,1.8472983792934805,2.4740272250967514
nearest_k80_tabular,hist_gradient_boosting,43,3,entry_movement,low_n_disclosure,0.2,233.0,929.0,58.53381974248931,34.779817007534994,1.6829823955027723,1.3313376738806366,1.668797480403652,2.0083448518262954
nearest_k80_tabular,hist_gradient_boosting,44,3,entry_movement,val_select,0.05,333.0,6315.0,9.649789789789796,6.204600158353128,1.555263762935389,1.34407506892566,1.5481371267615756,1.7877791723683691
nearest_k80_tabular,hist_gradient_boosting,44,3,entry_movement,val_select,0.1,665.0,5983.0,8.9309022556391,6.093327761992311,1.465685517747202,1.3193807342258408,1.4504534256769577,1.5913531525034224
nearest_k80_tabular,hist_gradient_boosting,44,3,entry_movement,val_select,0.2,1330.0,5318.0,8.175496240601506,5.9274200827378705,1.3792672235954047,1.289384894566093,1.3753565244116353,1.4572047813732272
nearest_k80_tabular,hist_gradient_boosting,44,3,entry_movement,val_eval,0.05,333.0,6313.0,27.04513513513513,10.27172976397909,2.6329679378810207,2.2570516057176975,2.608025578961286,2.9632693724500534
nearest_k80_tabular,hist_gradient_boosting,44,3,entry_movement,val_eval,0.1,665.0,5981.0,23.683037593984956,9.714469152315665,2.4379137164010207,2.1684433589888283,2.4106923416322124,2.6535186598311284
nearest_k80_tabular,hist_gradient_boosting,44,3,entry_movement,val_eval,0.2,1330.0,5316.0,20.363736842105272,8.797533860045142,2.3147096863803127,2.1202242236270625,2.2967731331488874,2.504229880552861
nearest_k80_tabular,hist_gradient_boosting,44,3,entry_movement,low_n_disclosure,0.05,59.0,1103.0,67.53711864406785,38.045457842248425,1.7751690339515314,1.3835152201757965,1.7575421483232327,2.300853296917555
nearest_k80_tabular,hist_gradient_boosting,44,3,entry_movement,low_n_disclosure,0.1,117.0,1045.0,67.35888888888891,36.42855502392346,1.8490683708056168,1.3568648417849964,1.8212119903599282,2.3490789864447583
nearest_k80_tabular,hist_gradient_boosting,44,3,entry_movement,low_n_disclosure,0.2,233.0,929.0,59.064678111587995,34.646673842841786,1.7047719610692476,1.3383676386008363,1.7029805297676752,2.1106654023898366
nearest_k80_tabular,hist_gradient_boosting,42,6,entry_movement,val_select,0.05,333.0,6315.0,13.992792792792795,9.199654790182105,1.5210128110161196,1.323178736919642,1.511399254729478,1.7605838627459445
nearest_k80_tabular,hist_gradient_boosting,42,6,entry_movement,val_select,0.1,665.0,5983.0,12.883714285714285,9.056953033595187,1.4225219273992473,1.2607691375706485,1.403790533996955,1.5381808567943767
nearest_k80_tabular,hist_gradient_boosting,42,6,entry_movement,val_select,0.2,1330.0,5318.0,11.603496240601503,8.898602858217375,1.3039683223851604,1.2034341901546508,1.290397781098478,1.3784107128125382
nearest_k80_tabular,hist_gradient_boosting,42,6,entry_movement,val_eval,0.05,333.0,6313.0,33.706756756756796,15.450096626009822,2.181653459695027,1.9234548286466662,2.194233053767041,2.489383836114507
nearest_k80_tabular,hist_gradient_boosting,42,6,entry_movement,val_eval,0.1,665.0,5981.0,32.140451127819574,14.61083598060525,2.1997681152867314,1.9684332064641734,2.1827363080918114,2.4102609674825093
nearest_k80_tabular,hist_gradient_boosting,42,6,entry_movement,val_eval,0.2,1330.0,5316.0,29.104075187969947,13.17765048908954,2.2085936496848753,2.0303259824224837,2.206247358789306,2.43200267300131
nearest_k80_tabular,hist_gradient_boosting,42,6,entry_movement,low_n_disclosure,0.05,59.0,1103.0,110.62881355932213,54.499655485040805,2.0298993190826278,1.3816183661504728,2.0049497278527912,2.4386316312334344
nearest_k80_tabular,hist_gradient_boosting,42,6,entry_movement,low_n_disclosure,0.1,117.0,1045.0,99.3050427350428,52.65218181818182,1.8860575061820295,1.3302356028035327,1.8132993279545715,2.2027414266860648
nearest_k80_tabular,hist_gradient_boosting,42,6,entry_movement,low_n_disclosure,0.2,233.0,929.0,84.87673819742491,50.44557588805167,1.6825407719753769,1.2451296101341203,1.6758574549535439,2.1058133535054075
nearest_k80_tabular,hist_gradient_boosting,43,6,entry_movement,val_select,0.05,333.0,6315.0,14.398858858858858,9.178242280285035,1.5688035267698004,1.3703988189501721,1.5521645716813233,1.7801313991737533
nearest_k80_tabular,hist_gradient_boosting,43,6,entry_movement,val_select,0.1,665.0,5983.0,12.98201503759398,9.046027076717367,1.4351068073858684,1.2912659272873994,1.4176897262700405,1.5606385350614116
nearest_k80_tabular,hist_gradient_boosting,43,6,entry_movement,val_select,0.2,1330.0,5318.0,11.464172932330825,8.933446784505453,1.2832866427563852,1.1939315791136256,1.2892108892838818,1.3710308760645777
nearest_k80_tabular,hist_gradient_boosting,43,6,entry_movement,val_eval,0.05,333.0,6313.0,38.56408408408412,15.19388088072232,2.538132580268773,2.1715057937397573,2.516991937160216,2.8573679849966553
nearest_k80_tabular,hist_gradient_boosting,43,6,entry_movement,val_eval,0.1,665.0,5981.0,34.89481203007521,14.304591205484034,2.439413439280766,2.1677288730967788,2.4280047590781244,2.717616797817136
nearest_k80_tabular,hist_gradient_boosting,43,6,entry_movement,val_eval,0.2,1330.0,5316.0,30.338834586466184,12.868728367193379,2.3575627459671815,2.1415677201023358,2.3389222531220244,2.533283091736867
nearest_k80_tabular,hist_gradient_boosting,43,6,entry_movement,low_n_disclosure,0.05,59.0,1103.0,112.21135593220355,54.415004533091576,2.0621399721461766,1.4277904386705909,1.980139301431016,2.429342031907353
nearest_k80_tabular,hist_gradient_boosting,43,6,entry_movement,low_n_disclosure,0.1,117.0,1045.0,94.12128205128214,53.23256459330144,1.7681147389830238,1.3529676689131516,1.7697642627961025,2.19343167306692
nearest_k80_tabular,hist_gradient_boosting,43,6,entry_movement,low_n_disclosure,0.2,233.0,929.0,85.28137339055799,50.34409041980625,1.6939698915884434,1.2869915119389457,1.7041408180709459,2.1012880847434228
nearest_k80_tabular,hist_gradient_boosting,44,6,entry_movement,val_select,0.05,333.0,6315.0,14.356366366366371,9.180482977038796,1.5637920578114375,1.3743877509407674,1.5582496135801938,1.7782420091138522
nearest_k80_tabular,hist_gradient_boosting,44,6,entry_movement,val_select,0.1,665.0,5983.0,13.26499248120301,9.014574628112987,1.4715050935220622,1.3140169173051532,1.4491455247367762,1.5848803936987637
nearest_k80_tabular,hist_gradient_boosting,44,6,entry_movement,val_select,0.2,1330.0,5318.0,11.83009022556391,8.841933057540428,1.3379529282315898,1.2497223009951393,1.3321355524381615,1.4163570497958256
nearest_k80_tabular,hist_gradient_boosting,44,6,entry_movement,val_eval,0.05,333.0,6313.0,39.02318318318321,15.16966418501505,2.57244871786491,2.1907751706763854,2.554213140793605,2.9384388800139134
nearest_k80_tabular,hist_gradient_boosting,44,6,entry_movement,val_eval,0.1,665.0,5981.0,34.9357142857143,14.300043470991476,2.443049516358713,2.1741206499013446,2.4175204435110142,2.679758254000787
nearest_k80_tabular,hist_gradient_boosting,44,6,entry_movement,val_eval,0.2,1330.0,5316.0,30.768774436090236,12.761162528216703,2.411126287911168,2.1922849361561703,2.3887901604085586,2.6038913010358593
nearest_k80_tabular,hist_gradient_boosting,44,6,entry_movement,low_n_disclosure,0.05,59.0,1103.0,93.6398305084746,55.40840435176792,1.6899932709483778,1.3262256526328253,1.7763963052271714,2.2193730650067423
nearest_k80_tabular,hist_gradient_boosting,44,6,entry_movement,low_n_disclosure,0.1,117.0,1045.0,99.27658119658126,52.65536842105264,1.8854028406510692,1.3549655017205757,1.8247320085159981,2.2284254262881253
nearest_k80_tabular,hist_gradient_boosting,44,6,entry_movement,low_n_disclosure,0.2,233.0,929.0,83.85038626609443,50.70299246501616,1.6537561628921444,1.242101616450987,1.653145731658296,1.9955734121874513
nearest_k80_tabular,hist_gradient_boosting,42,12,entry_movement,val_select,0.05,333.0,6315.0,19.955885885885884,13.411486935866984,1.487969677136761,1.3274650155323215,1.4720026801788795,1.656659358796206
nearest_k80_tabular,hist_gradient_boosting,42,12,entry_movement,val_select,0.1,665.0,5983.0,18.123338345864664,13.252019053986297,1.3675907250082802,1.2622926738183013,1.3683058310529415,1.4680223772198917
nearest_k80_tabular,hist_gradient_boosting,42,12,entry_movement,val_select,0.2,1330.0,5318.0,16.995466165413536,12.924949229033473,1.314934849201296,1.2172248943075574,1.3051486623040232,1.386829586015315
nearest_k80_tabular,hist_gradient_boosting,42,12,entry_movement,val_eval,0.05,333.0,6313.0,53.85990990990995,21.982417234278472,2.4501359125293574,2.0407003908533334,2.4000437758078963,2.862719127038645
nearest_k80_tabular,hist_gradient_boosting,42,12,entry_movement,val_eval,0.1,665.0,5981.0,49.27115789473687,20.72312823942485,2.3775926744978895,2.099458957879482,2.3596334756804813,2.639668911932251
nearest_k80_tabular,hist_gradient_boosting,42,12,entry_movement,val_eval,0.2,1330.0,5316.0,43.68434586466166,18.54969337848006,2.3549901862712677,2.1219860097179226,2.3261997729213446,2.5355347008012337
nearest_k80_tabular,hist_gradient_boosting,42,12,entry_movement,low_n_disclosure,0.05,59.0,1103.0,190.78101694915264,78.05915684496826,2.4440568494489257,1.6087274609516125,2.3693628655714396,3.0441644589064456
nearest_k80_tabular,hist_gradient_boosting,42,12,entry_movement,low_n_disclosure,0.1,117.0,1045.0,156.0691452991453,75.68922488038275,2.061973095190139,1.4334878828289264,2.04263985527861,2.713033663574545
nearest_k80_tabular,hist_gradient_boosting,42,12,entry_movement,low_n_disclosure,0.2,233.0,929.0,130.00536480686696,72.18953713670612,1.8008892973045993,1.2726478691690555,1.7705286906563258,2.2246204557086466
nearest_k80_tabular,hist_gradient_boosting,43,12,entry_movement,val_select,0.05,333.0,6315.0,20.69402402402402,13.372563737133811,1.5474986271001647,1.3533962768327532,1.5322488610647302,1.751563577627946
nearest_k80_tabular,hist_gradient_boosting,43,12,entry_movement,val_select,0.1,665.0,5983.0,18.111353383458646,13.253351161624604,1.3665489703389513,1.23950096864339,1.3729391547010472,1.498422710275792
nearest_k80_tabular,hist_gradient_boosting,43,12,entry_movement,val_select,0.2,1330.0,5318.0,16.702766917293232,12.99815156073712,1.2850109370740421,1.1901069856164612,1.2818200758989748,1.3632244056215055
nearest_k80_tabular,hist_gradient_boosting,43,12,entry_movement,val_eval,0.05,333.0,6313.0,53.18075075075081,22.018241723427852,2.4153041563789093,2.0475105040934767,2.3794575580582507,2.8041006320616475
nearest_k80_tabular,hist_gradient_boosting,43,12,entry_movement,val_eval,0.1,665.0,5981.0,48.60694736842108,20.796978766092632,2.3372119534819062,2.0597057629196263,2.3107325665933485,2.629735827999213
nearest_k80_tabular,hist_gradient_boosting,43,12,entry_movement,val_eval,0.2,1330.0,5316.0,43.020586466165426,18.715758088788565,2.2986291157469254,2.085591335334564,2.2774011301601447,2.4858701659746263
nearest_k80_tabular,hist_gradient_boosting,43,12,entry_movement,low_n_disclosure,0.05,59.0,1103.0,186.9149152542374,78.26595648232092,2.3882020185424886,1.7855315799119276,2.3808314063287312,3.0147236662762404
nearest_k80_tabular,hist_gradient_boosting,43,12,entry_movement,low_n_disclosure,0.1,117.0,1045.0,171.37290598290605,73.97578947368419,2.316608003810077,1.615224549742892,2.234012313141072,2.9052918006436075
nearest_k80_tabular,hist_gradient_boosting,43,12,entry_movement,low_n_disclosure,0.2,233.0,929.0,129.06068669527897,72.42646932185143,1.7819546900975431,1.3062572937524428,1.828966261495835,2.397402544365704
nearest_k80_tabular,hist_gradient_boosting,44,12,entry_movement,val_select,0.05,333.0,6315.0,20.612222222222222,13.376877276326208,1.5408844528087882,1.325863072047935,1.5012537878177228,1.689479700037625
nearest_k80_tabular,hist_gradient_boosting,44,12,entry_movement,val_select,0.1,665.0,5983.0,18.246977443609023,13.238276784221965,1.378349897122311,1.2608757377684987,1.381230838466312,1.4995090201098598
nearest_k80_tabular,hist_gradient_boosting,44,12,entry_movement,val_select,0.2,1330.0,5318.0,16.589481203007516,13.026483640466342,1.2735195207609857,1.1919378336239863,1.2798033460475233,1.35944864373766
nearest_k80_tabular,hist_gradient_boosting,44,12,entry_movement,val_eval,0.05,333.0,6313.0,50.86597597597601,22.140342151116748,2.2974340517773055,1.973961082708742,2.2636060816499395,2.5872853158856057
nearest_k80_tabular,hist_gradient_boosting,44,12,entry_movement,val_eval,0.1,665.0,5981.0,48.027879699248146,20.86136264838656,2.302240774428159,2.023262766812316,2.250831562585502,2.5397430473728506
nearest_k80_tabular,hist_gradient_boosting,44,12,entry_movement,val_eval,0.2,1330.0,5316.0,42.7267067669173,18.789283295711066,2.2739934298968345,2.055397464210333,2.2566120663153235,2.4311059756691575
nearest_k80_tabular,hist_gradient_boosting,44,12,entry_movement,low_n_disclosure,0.05,59.0,1103.0,195.02067796610172,77.83237533998185,2.50564982906183,1.7468413322176675,2.4517858592214035,2.9770267383815208
nearest_k80_tabular,hist_gradient_boosting,44,12,entry_movement,low_n_disclosure,0.1,117.0,1045.0,171.33401709401707,73.98014354066984,2.315945994344116,1.5643468122633855,2.251486912574105,2.783981749959549
nearest_k80_tabular,hist_gradient_boosting,44,12,entry_movement,low_n_disclosure,0.2,233.0,929.0,131.180643776824,71.89476856835306,1.8246201551105299,1.3078742754632013,1.8320365424504474,2.263552738444596
nearest_k80_tabular,hist_gradient_boosting,42,24,entry_movement,val_select,0.05,333.0,6315.0,28.38144144144145,19.650456057007126,1.4443146438487342,1.235943311458261,1.4167349932292894,1.605832162929558
nearest_k80_tabular,hist_gradient_boosting,42,24,entry_movement,val_select,0.1,665.0,5983.0,24.92957894736843,19.549637305699484,1.2751939362118234,1.1524385498376102,1.2725709723072844,1.403613210498916
nearest_k80_tabular,hist_gradient_boosting,42,24,entry_movement,val_select,0.2,1330.0,5318.0,23.011496240601506,19.35659270402407,1.1888195713193683,1.1115891972986967,1.1910180105358923,1.2761266318679667
nearest_k80_tabular,hist_gradient_boosting,42,24,entry_movement,val_eval,0.05,333.0,6313.0,75.11663663663664,32.21482021226041,2.3317416065556227,1.8769455572001543,2.265151374179481,2.733186999798481
nearest_k80_tabular,hist_gradient_boosting,42,24,entry_movement,val_eval,0.1,665.0,5981.0,67.30048120300754,30.702420999832803,2.192025221834266,1.8358860702079511,2.148609590733143,2.4494111815790167
nearest_k80_tabular,hist_gradient_boosting,42,24,entry_movement,val_eval,0.2,1330.0,5316.0,58.161939849624076,28.410575620767492,2.0471932925959093,1.7789673610164978,2.0276758098444443,2.2538893616706157
nearest_k80_tabular,hist_gradient_boosting,42,24,entry_movement,low_n_disclosure,0.05,59.0,1103.0,284.47796610169485,112.48937443336354,2.5289318883199403,1.2145398856681282,2.327103121954857,3.491452172814181
nearest_k80_tabular,hist_gradient_boosting,42,24,entry_movement,low_n_disclosure,0.1,117.0,1045.0,228.84564102564104,109.17228708133969,2.0961880266842607,1.4398645741391662,2.0771828885724397,2.9808942037732624
nearest_k80_tabular,hist_gradient_boosting,42,24,entry_movement,low_n_disclosure,0.2,233.0,929.0,192.16137339055794,103.42990312163616,1.857889909889709,1.3353090872855815,1.8190738331885985,2.4540687321270536
nearest_k80_tabular,hist_gradient_boosting,43,24,entry_movement,val_select,0.05,333.0,6315.0,28.257057057057057,19.657015043547112,1.4375049820360755,1.21785988523082,1.4206258683564172,1.627954577550451
nearest_k80_tabular,hist_gradient_boosting,43,24,entry_movement,val_select,0.1,665.0,5983.0,24.969924812030087,19.545152933311048,1.277550751187704,1.1400883649148328,1.2788530480785,1.4226738227688966
nearest_k80_tabular,hist_gradient_boosting,43,24,entry_movement,val_select,0.2,1330.0,5318.0,23.18358646616542,19.313553967657015,1.200379096720845,1.1177811697953097,1.2024897669579087,1.2959283823050665
nearest_k80_tabular,hist_gradient_boosting,43,24,entry_movement,val_eval,0.05,333.0,6313.0,69.99864864864865,32.484785363535565,2.1548133338514437,1.6470115210463476,2.070263511661503,2.6179765806506334
nearest_k80_tabular,hist_gradient_boosting,43,24,entry_movement,val_eval,0.1,665.0,5981.0,60.02569924812032,31.511270690519986,1.9048961826277213,1.5941096877574619,1.87808838633805,2.196741860323309
nearest_k80_tabular,hist_gradient_boosting,43,24,entry_movement,val_eval,0.2,1330.0,5316.0,54.74447368421052,29.265585026335593,1.8706092372644154,1.6365378823768528,1.859923935955929,2.0780562977677848
nearest_k80_tabular,hist_gradient_boosting,43,24,entry_movement,low_n_disclosure,0.05,59.0,1103.0,278.83983050847456,112.79096101541249,2.472182416021547,1.5371466972361554,2.2998684881568447,3.0747247810116725
nearest_k80_tabular,hist_gradient_boosting,43,24,entry_movement,low_n_disclosure,0.1,117.0,1045.0,238.79854700854702,108.05794258373204,2.2099120277392528,1.3781399262594,2.1478705497671253,2.9820812273479467
nearest_k80_tabular,hist_gradient_boosting,43,24,entry_movement,low_n_disclosure,0.2,233.0,929.0,186.64493562231755,104.81346609257265,1.7807343138282465,1.3243927369551725,1.7763938007927869,2.40268038756663
nearest_k80_tabular,hist_gradient_boosting,44,24,entry_movement,val_select,0.05,333.0,6315.0,27.90351351351352,19.675657957244656,1.418174354024046,1.217637599677055,1.409934856674385,1.5846638204374452
nearest_k80_tabular,hist_gradient_boosting,44,24,entry_movement,val_select,0.1,665.0,5983.0,24.98696240601504,19.543259234497746,1.2785463318169608,1.1454495945066596,1.274600368720181,1.414815152046705
nearest_k80_tabular,hist_gradient_boosting,44,24,entry_movement,val_select,0.2,1330.0,5318.0,22.972578947368426,19.366325686348254,1.1862125691484315,1.1063137480786476,1.1817680978985785,1.2771759104291698
nearest_k80_tabular,hist_gradient_boosting,44,24,entry_movement,val_eval,0.05,333.0,6313.0,76.78609609609609,32.126759068588626,2.3900977976696174,1.9569211451386745,2.333785145465466,2.80234874889386
nearest_k80_tabular,hist_gradient_boosting,44,24,entry_movement,val_eval,0.1,665.0,5981.0,66.85482706766918,30.751971242267185,2.174001352335432,1.806201926483324,2.1422520554076883,2.518814989187022
nearest_k80_tabular,hist_gradient_boosting,44,24,entry_movement,val_eval,0.2,1330.0,5316.0,56.91812030075189,28.721764484574873,1.9817069501882438,1.7315265516731075,1.9623113146765787,2.1684300676923245
nearest_k80_tabular,hist_gradient_boosting,44,24,entry_movement,low_n_disclosure,0.05,59.0,1103.0,247.43864406779662,114.47062556663643,2.1615907386105437,1.2970038500364212,2.024495880981993,2.8272550477870073
nearest_k80_tabular,hist_gradient_boosting,44,24,entry_movement,low_n_disclosure,0.1,117.0,1045.0,230.30769230769226,109.00859330143538,2.1127480442834012,1.4533101916046147,2.0444592233488783,2.805020025306127
nearest_k80_tabular,hist_gradient_boosting,44,24,entry_movement,low_n_disclosure,0.2,233.0,929.0,192.6447210300429,103.30867599569427,1.8647487171171566,1.3601975847122112,1.851382870730668,2.432655735613842
nearest_k80_tabular,extra_trees_small,42,3,entry_movement,val_select,0.05,333.0,6315.0,10.134444444444448,6.179043547110056,1.6401315781605612,1.4302489683360062,1.619846158779197,1.85295715843937
nearest_k80_tabular,extra_trees_small,42,3,entry_movement,val_select,0.1,665.0,5983.0,8.893293233082705,6.097507939160956,1.458512776337026,1.313311991243211,1.4549705585237314,1.6079800596051168
nearest_k80_tabular,extra_trees_small,42,3,entry_movement,val_select,0.2,1330.0,5318.0,8.278413533834588,5.901681083113952,1.4027212614929339,1.305133589126549,1.3901148274278805,1.4778794847978776
nearest_k80_tabular,extra_trees_small,42,3,entry_movement,val_eval,0.05,333.0,6313.0,24.96210210210211,10.381606209409153,2.4044547248843084,2.1267173146376757,2.37372923810036,2.6497435244708023
nearest_k80_tabular,extra_trees_small,42,3,entry_movement,val_eval,0.1,665.0,5981.0,23.69195488721805,9.713477679317837,2.4390805918732394,2.2050389038468574,2.4042080465196634,2.652886807789123
nearest_k80_tabular,extra_trees_small,42,3,entry_movement,val_eval,0.2,1330.0,5316.0,21.24681203007519,8.57659894657637,2.477300403390851,2.2798655605210625,2.44441022395462,2.6522438162087387
nearest_k80_tabular,extra_trees_small,42,3,entry_movement,low_n_disclosure,0.05,59.0,1103.0,95.51440677966106,36.548939256573,2.613329106739634,1.8417722591616321,2.5890974342087114,3.4594448083316514
nearest_k80_tabular,extra_trees_small,42,3,entry_movement,low_n_disclosure,0.1,117.0,1045.0,75.68957264957271,35.49583732057417,2.132350674418416,1.519991561682266,2.193092370355502,2.705755651214899
nearest_k80_tabular,extra_trees_small,42,3,entry_movement,low_n_disclosure,0.2,233.0,929.0,60.01313304721035,34.40879440258343,1.7441219342083236,1.3713349523383183,1.7972658626606708,2.172368790891567
nearest_k80_tabular,extra_trees_small,43,3,entry_movement,val_select,0.05,333.0,6315.0,10.113573573573575,6.180144101346002,1.6364624202485656,1.432610608666231,1.6017696122906986,1.841812876035472
nearest_k80_tabular,extra_trees_small,43,3,entry_movement,val_select,0.1,665.0,5983.0,8.993984962406019,6.086316229316395,1.4777386884835275,1.3409456382336034,1.4675738365814306,1.62205770700534
nearest_k80_tabular,extra_trees_small,43,3,entry_movement,val_select,0.2,1330.0,5318.0,8.185992481203009,5.924795035727716,1.3816499021214763,1.2939857878486694,1.3825412197657652,1.4631669630972421
nearest_k80_tabular,extra_trees_small,43,3,entry_movement,val_eval,0.05,333.0,6313.0,25.188918918918922,10.369642008553775,2.4291020748971786,2.1566206827367433,2.403992523304327,2.7011352477021107
nearest_k80_tabular,extra_trees_small,43,3,entry_movement,val_eval,0.1,665.0,5981.0,24.126902255639106,9.665117873265338,2.496286395262336,2.239008617913143,2.468360703796206,2.7176671621265216
nearest_k80_tabular,extra_trees_small,43,3,entry_movement,val_eval,0.2,1330.0,5316.0,21.267007518797,8.571546275395033,2.4811168061758937,2.2944461310858664,2.461191818129792,2.6823167434677613
nearest_k80_tabular,extra_trees_small,43,3,entry_movement,low_n_disclosure,0.05,59.0,1103.0,87.67559322033907,36.96824116047146,2.371646323117119,1.5318660957152028,2.4218515710736104,3.4689060140515515
nearest_k80_tabular,extra_trees_small,43,3,entry_movement,low_n_disclosure,0.1,117.0,1045.0,72.23025641025646,35.88314832535887,2.0129297394791537,1.4414750678366768,2.03408989884107,2.6241328833025555
nearest_k80_tabular,extra_trees_small,43,3,entry_movement,low_n_disclosure,0.2,233.0,929.0,58.75918454935627,34.7232938643703,1.6922122877763417,1.2710648111454885,1.6906171598866155,2.107001052564354
nearest_k80_tabular,extra_trees_small,44,3,entry_movement,val_select,0.05,333.0,6315.0,10.06732732732733,6.182582739509105,1.628336853948302,1.4244815776594417,1.600337810233652,1.8316595077119013
nearest_k80_tabular,extra_trees_small,44,3,entry_movement,val_select,0.1,665.0,5983.0,9.088812030075191,6.075776366371385,1.4959095730350707,1.3584116180160366,1.4927768135371406,1.6385769613540118
nearest_k80_tabular,extra_trees_small,44,3,entry_movement,val_select,0.2,1330.0,5318.0,8.119789473684213,5.941352012034599,1.366656858108566,1.2736008035480495,1.366651855886625,1.4519391352464395
nearest_k80_tabular,extra_trees_small,44,3,entry_movement,val_eval,0.05,333.0,6313.0,23.949759759759754,10.435005544115318,2.2951362755399685,2.0298663741033236,2.268219274209237,2.6104518943090533
nearest_k80_tabular,extra_trees_small,44,3,entry_movement,val_eval,0.1,665.0,5981.0,23.786751879699246,9.702937635846848,2.4515000273546743,2.1982511592144487,2.4097259883306057,2.7143140805117114
nearest_k80_tabular,extra_trees_small,44,3,entry_movement,val_eval,0.2,1330.0,5316.0,21.377345864661663,8.543940933032351,2.5020474781155326,2.301197644070436,2.4750666744739434,2.71549314570733
nearest_k80_tabular,extra_trees_small,44,3,entry_movement,low_n_disclosure,0.05,59.0,1103.0,86.72762711864415,37.01894832275613,2.342790139862815,1.4126781014073966,2.2086206273717353,3.29531083861933
nearest_k80_tabular,extra_trees_small,44,3,entry_movement,low_n_disclosure,0.1,117.0,1045.0,69.54649572649579,36.18362679425839,1.9220432523787643,1.322393652694124,1.8956144807174984,2.574797187744046
nearest_k80_tabular,extra_trees_small,44,3,entry_movement,low_n_disclosure,0.2,233.0,929.0,56.52515021459231,35.2836060279871,1.6020230520020071,1.214450880762205,1.6096625413476167,1.9995726656874373
nearest_k80_tabular,extra_trees_small,42,6,entry_movement,val_select,0.05,333.0,6315.0,14.432222222222217,9.176482977038797,1.5727400419457238,1.3513946022912724,1.5631510849774148,1.7918283649044473
nearest_k80_tabular,extra_trees_small,42,6,entry_movement,val_select,0.1,665.0,5983.0,13.154375939849619,9.026869463479859,1.4572467224732202,1.2996813549682384,1.4437932759646417,1.5958457543663047
nearest_k80_tabular,extra_trees_small,42,6,entry_movement,val_select,0.2,1330.0,5318.0,11.835699248120301,8.840530274539299,1.3387996964624487,1.230522356971176,1.333380865162899,1.4363129094479685
nearest_k80_tabular,extra_trees_small,42,6,entry_movement,val_eval,0.05,333.0,6313.0,34.143333333333345,15.427067955013467,2.213209498583786,1.9102983654519978,2.178926933286493,2.4978870794045105
nearest_k80_tabular,extra_trees_small,42,6,entry_movement,val_eval,0.1,665.0,5981.0,33.034962406015055,14.511379367998664,2.276486719027253,2.0223118484321505,2.2639215146800544,2.5693325854705074
nearest_k80_tabular,extra_trees_small,42,6,entry_movement,val_eval,0.2,1330.0,5316.0,30.778541353383474,12.758718961625283,2.412353579223499,2.2138377344596676,2.4005920670903618,2.6019566431841588
nearest_k80_tabular,extra_trees_small,42,6,entry_movement,low_n_disclosure,0.05,59.0,1103.0,125.56457627118654,53.70073436083409,2.3382282899052007,1.5402590187111347,2.2807259498263814,3.129511392322819
nearest_k80_tabular,extra_trees_small,42,6,entry_movement,low_n_disclosure,0.1,117.0,1045.0,103.78649572649579,52.15043062200957,1.9901368883940476,1.358800503033717,1.881066242573823,2.577378140330627
nearest_k80_tabular,extra_trees_small,42,6,entry_movement,low_n_disclosure,0.2,233.0,929.0,82.34000000000007,51.08180839612486,1.6119241386576773,1.1819367991308105,1.5940371267228541,2.0399854876750942
nearest_k80_tabular,extra_trees_small,43,6,entry_movement,val_select,0.05,333.0,6315.0,14.58486486486486,9.16843388756928,1.5907694862302786,1.3715422765741005,1.5581162806244278,1.8106689369532836
nearest_k80_tabular,extra_trees_small,43,6,entry_movement,val_select,0.1,665.0,5983.0,12.952646616541351,9.049291325422029,1.431343753974821,1.2913869445150716,1.4300327008589733,1.5723996495587984
nearest_k80_tabular,extra_trees_small,43,6,entry_movement,val_select,0.2,1330.0,5318.0,11.900413533834586,8.824345618653629,1.3485887847228593,1.2477114586672071,1.3412704814656489,1.4407862455438913
nearest_k80_tabular,extra_trees_small,43,6,entry_movement,val_eval,0.05,333.0,6313.0,35.456216216216234,15.357815618564869,2.308675732071947,1.9952074621790388,2.277011808354187,2.6451008819623936
nearest_k80_tabular,extra_trees_small,43,6,entry_movement,val_eval,0.1,665.0,5981.0,32.89100751879701,14.52738505266678,2.2640693696460694,2.0095204117783325,2.2525575811313208,2.5221805416367644
nearest_k80_tabular,extra_trees_small,43,6,entry_movement,val_eval,0.2,1330.0,5316.0,31.054887218045128,12.689580511662903,2.44727453279506,2.2332713678149827,2.415723292164059,2.633230707393951
nearest_k80_tabular,extra_trees_small,43,6,entry_movement,low_n_disclosure,0.05,59.0,1103.0,126.28745762711875,53.66206708975522,2.3533841403442444,1.3673545808201357,2.115708640733015,2.7042693524743693
nearest_k80_tabular,extra_trees_small,43,6,entry_movement,low_n_disclosure,0.1,117.0,1045.0,99.99435897435907,52.575004784689,1.9019372301318294,1.2901920847545838,1.8486991148423382,2.5675677713754324
nearest_k80_tabular,extra_trees_small,43,6,entry_movement,low_n_disclosure,0.2,233.0,929.0,82.20721030042924,51.115113024757804,1.6082760153657853,1.2543246248439237,1.6252121090253113,2.0525333902130876
nearest_k80_tabular,extra_trees_small,44,6,entry_movement,val_select,0.05,333.0,6315.0,14.472342342342339,9.17436737925574,1.5774757805171293,1.352628888803878,1.5478851794335333,1.8069106853693648
nearest_k80_tabular,extra_trees_small,44,6,entry_movement,val_select,0.1,665.0,5983.0,12.996210526315783,9.044449272939996,1.436926686647359,1.3008840366426608,1.4292366737045183,1.5819109409044534
nearest_k80_tabular,extra_trees_small,44,6,entry_movement,val_select,0.2,1330.0,5318.0,11.94730827067669,8.812617525385484,1.3557048443622415,1.2577574967123986,1.3455751106703837,1.437446948507596
nearest_k80_tabular,extra_trees_small,44,6,entry_movement,val_eval,0.05,333.0,6313.0,34.51495495495498,15.407465547283387,2.240144873213141,2.0000197353682,2.2600908254964134,2.589007582714111
nearest_k80_tabular,extra_trees_small,44,6,entry_movement,val_eval,0.1,665.0,5981.0,33.43824060150378,14.466540712255476,2.3114192443516393,2.0482916029650178,2.2746849000897944,2.5480924906012126
nearest_k80_tabular,extra_trees_small,44,6,entry_movement,val_eval,0.2,1330.0,5316.0,30.82585714285716,12.74688111361926,2.418305848159329,2.198587761539151,2.39464134434314,2.6050393111531953
nearest_k80_tabular,extra_trees_small,44,6,entry_movement,low_n_disclosure,0.05,59.0,1103.0,130.96813559322047,53.411695376246605,2.452049774317124,1.387799212157929,2.2595813208824294,3.0441067841370226
nearest_k80_tabular,extra_trees_small,44,6,entry_movement,low_n_disclosure,0.1,117.0,1045.0,101.06914529914542,52.45466985645933,1.9267902281287477,1.3815946434327868,1.8949640918289359,2.6616813322106374
nearest_k80_tabular,extra_trees_small,44,6,entry_movement,low_n_disclosure,0.2,233.0,929.0,87.43622317596572,49.80363832077503,1.7556191901645202,1.301399250087023,1.7262835160808412,2.115573669525186
nearest_k80_tabular,extra_trees_small,42,12,entry_movement,val_select,0.05,333.0,6315.0,20.47015015015015,13.384368962787017,1.5294071918567065,1.3422698103106374,1.5095735387661966,1.704131126994229
nearest_k80_tabular,extra_trees_small,42,12,entry_movement,val_select,0.1,665.0,5983.0,18.36436090225564,13.22522981781715,1.388585389836856,1.2510934797705475,1.3762177197398942,1.5157995420705483
nearest_k80_tabular,extra_trees_small,42,12,entry_movement,val_select,0.2,1330.0,5318.0,16.90757894736842,12.946929296728094,1.3059142102244468,1.1994003309652261,1.296132679957666,1.3901413601900066
nearest_k80_tabular,extra_trees_small,42,12,entry_movement,val_eval,0.05,333.0,6313.0,53.38525525525528,22.007454459052752,2.4257805624264415,2.050462841818151,2.369710748875424,2.794372982373657
nearest_k80_tabular,extra_trees_small,42,12,entry_movement,val_eval,0.1,665.0,5981.0,48.29593984962409,20.831558267848187,2.3184026479749686,2.049750320188199,2.307145597758778,2.603668024267649
nearest_k80_tabular,extra_trees_small,42,12,entry_movement,val_eval,0.2,1330.0,5316.0,44.47555639097747,18.35174191121144,2.423505986851661,2.1986473172974907,2.3908015858780187,2.6085751643750386
nearest_k80_tabular,extra_trees_small,42,12,entry_movement,low_n_disclosure,0.05,59.0,1103.0,210.07576271186454,77.02707162284676,2.727297796552279,1.5869906356543262,2.620356654392918,3.4847647601747656
nearest_k80_tabular,extra_trees_small,42,12,entry_movement,low_n_disclosure,0.1,117.0,1045.0,168.16709401709414,74.33471770334926,2.2622954551089545,1.532934383949754,2.184779853952572,3.1216505308676887
nearest_k80_tabular,extra_trees_small,42,12,entry_movement,low_n_disclosure,0.2,233.0,929.0,125.16609442060094,73.40326157158232,1.705184371113263,1.2649498302814377,1.6866695666728295,2.379926968413579
nearest_k80_tabular,extra_trees_small,43,12,entry_movement,val_select,0.05,333.0,6315.0,20.726606606606605,13.370845605700712,1.5501343159455627,1.370207101011218,1.5220189178920256,1.7227310417402832
nearest_k80_tabular,extra_trees_small,43,12,entry_movement,val_select,0.1,665.0,5983.0,18.69803007518797,13.18814307203744,1.4177909636750177,1.2868118019917545,1.4093298541006845,1.5578193475908435
nearest_k80_tabular,extra_trees_small,43,12,entry_movement,val_select,0.2,1330.0,5318.0,17.113706766917293,12.895377961639714,1.3271194390599466,1.216890335615498,1.3162421020834012,1.4142736696409428
nearest_k80_tabular,extra_trees_small,43,12,entry_movement,val_eval,0.05,333.0,6313.0,46.3927627627628,22.37629653096785,2.0732994264067415,1.8094429654012218,2.092543521019838,2.409475235495705
nearest_k80_tabular,extra_trees_small,43,12,entry_movement,val_eval,0.1,665.0,5981.0,46.58639097744362,21.02163517806387,2.2161164240000053,1.984720475682932,2.2038859409190446,2.4673103257417934
nearest_k80_tabular,extra_trees_small,43,12,entry_movement,val_eval,0.2,1330.0,5316.0,43.80290225563911,18.520031978931527,2.3651634244190016,2.1418249621963317,2.3384645004222944,2.550587776612756
nearest_k80_tabular,extra_trees_small,43,12,entry_movement,low_n_disclosure,0.05,59.0,1103.0,177.8652542372883,78.75002719854939,2.2586056229395775,1.4384161806915692,2.194386037092931,2.987461273150972
nearest_k80_tabular,extra_trees_small,43,12,entry_movement,low_n_disclosure,0.1,117.0,1045.0,155.73273504273513,75.72688995215309,2.0565050953648374,1.401047644027628,1.992197468469204,2.802881832299852
nearest_k80_tabular,extra_trees_small,43,12,entry_movement,low_n_disclosure,0.2,233.0,929.0,128.30193133047206,72.61677072120558,1.766836091115317,1.3567961367508985,1.7164877125441325,2.3719480434559728
nearest_k80_tabular,extra_trees_small,44,12,entry_movement,val_select,0.05,333.0,6315.0,20.43078078078078,13.386444972288205,1.5262290192112489,1.3436609567761013,1.5256372329569983,1.734906684742804
nearest_k80_tabular,extra_trees_small,44,12,entry_movement,val_select,0.1,665.0,5983.0,18.87360902255639,13.168627778706336,1.4332251879026459,1.301203789172138,1.424248132513294,1.5610323346503254
nearest_k80_tabular,extra_trees_small,44,12,entry_movement,val_select,0.2,1330.0,5318.0,17.39693984962406,12.824543061301243,1.3565348696220043,1.2561213699071987,1.3449662109634217,1.446793197087323
nearest_k80_tabular,extra_trees_small,44,12,entry_movement,val_eval,0.05,333.0,6313.0,46.656366366366385,22.36239188975131,2.086376385691953,1.8375764714449117,2.076109693796807,2.3825796786659637
nearest_k80_tabular,extra_trees_small,44,12,entry_movement,val_eval,0.1,665.0,5981.0,46.053593984962426,21.080874435713095,2.184614975313503,1.9625238368757414,2.1714375461140074,2.368784410326915
nearest_k80_tabular,extra_trees_small,44,12,entry_movement,val_eval,0.2,1330.0,5316.0,44.05186466165416,18.457744544770506,2.386633131410145,2.166290437308479,2.3542651775680783,2.571099523462781
nearest_k80_tabular,extra_trees_small,44,12,entry_movement,low_n_disclosure,0.05,59.0,1103.0,206.4132203389832,77.22298277425202,2.672950628472827,1.4655329686874947,2.5277647853801986,3.613909086673963
nearest_k80_tabular,extra_trees_small,44,12,entry_movement,low_n_disclosure,0.1,117.0,1045.0,158.22675213675222,75.44765550239232,2.0971725507326746,1.4187612526009772,2.04045787516952,3.0737283929926096
nearest_k80_tabular,extra_trees_small,44,12,entry_movement,low_n_disclosure,0.2,233.0,929.0,129.37021459227472,72.348837459634,1.7881450363933626,1.2857880591077566,1.7366273607981761,2.3781723341084056
nearest_k80_tabular,extra_trees_small,42,24,entry_movement,val_select,0.05,333.0,6315.0,28.95777777777778,19.620064924782266,1.4759267050743023,1.2831454962650455,1.4569762312128822,1.696926658935704
nearest_k80_tabular,extra_trees_small,42,24,entry_movement,val_select,0.1,665.0,5983.0,26.0261954887218,19.427750292495407,1.339640210363176,1.2047526538571371,1.3396104164932123,1.4871456413564388
nearest_k80_tabular,extra_trees_small,42,24,entry_movement,val_select,0.2,1330.0,5318.0,24.46642857142857,18.99272282813088,1.2882001592310064,1.188836971597072,1.2860959715037277,1.3763156011527098
nearest_k80_tabular,extra_trees_small,42,24,entry_movement,val_eval,0.05,333.0,6313.0,78.20903903903906,32.05170125138603,2.440090103974029,1.9950444468668505,2.3629715161522133,2.8593303440281503
nearest_k80_tabular,extra_trees_small,42,24,entry_movement,val_eval,0.1,665.0,5981.0,72.05630075187972,30.173643203477678,2.388054377986906,2.0479095519461294,2.3163481792261384,2.702236979930293
nearest_k80_tabular,extra_trees_small,42,24,entry_movement,val_eval,0.2,1330.0,5316.0,63.351969924812046,27.112091798344622,2.336668464979162,2.0715827386809034,2.301937751867986,2.544563091661661
nearest_k80_tabular,extra_trees_small,42,24,entry_movement,low_n_disclosure,0.05,59.0,1103.0,310.64694915254245,111.0895829555757,2.7963643474723368,1.6767314601499448,2.6298947501214864,3.3204752666651065
nearest_k80_tabular,extra_trees_small,42,24,entry_movement,low_n_disclosure,0.1,117.0,1045.0,244.81358974358977,107.3844880382775,2.2797854160865887,1.4994170082895149,2.2738055146972793,2.9120585017801957
nearest_k80_tabular,extra_trees_small,42,24,entry_movement,low_n_disclosure,0.2,233.0,929.0,198.47476394849784,101.84645855758879,1.9487645104151643,1.3879373545210303,1.9755286192131014,2.583075701588076
nearest_k80_tabular,extra_trees_small,43,24,entry_movement,val_select,0.05,333.0,6315.0,29.316306306306313,19.601159144893114,1.4956414612828846,1.2957113811275633,1.4767979843374155,1.70213777126615
nearest_k80_tabular,extra_trees_small,43,24,entry_movement,val_select,0.1,665.0,5983.0,25.826766917293227,19.449916429884674,1.3278600455892224,1.1880888555091906,1.3288774689102252,1.477326405748994
nearest_k80_tabular,extra_trees_small,43,24,entry_movement,val_select,0.2,1330.0,5318.0,24.495368421052632,18.985485144791273,1.290215563849998,1.1932955827439446,1.281783904790566,1.3841608222681503
nearest_k80_tabular,extra_trees_small,43,24,entry_movement,val_eval,0.05,333.0,6313.0,75.37558558558558,32.201161096150805,2.3407722895618095,1.9248498995430205,2.3022837680749406,2.811844219159668
nearest_k80_tabular,extra_trees_small,43,24,entry_movement,val_eval,0.1,665.0,5981.0,68.06272180451127,30.617670958033774,2.2229882180719,1.916753928237147,2.1895276209343866,2.542405183227332
nearest_k80_tabular,extra_trees_small,43,24,entry_movement,val_eval,0.2,1330.0,5316.0,62.38524060150377,27.35395598194131,2.280666118008291,2.0262060575544445,2.24236237735942,2.4832540895736566
nearest_k80_tabular,extra_trees_small,43,24,entry_movement,low_n_disclosure,0.05,59.0,1103.0,319.45050847457634,110.618676337262,2.88785329071027,1.8265094984575454,2.7315291966483395,3.4538574661306005
nearest_k80_tabular,extra_trees_small,43,24,entry_movement,low_n_disclosure,0.1,117.0,1045.0,254.15017094017094,106.33914832535882,2.389996299035277,1.5663916022466744,2.4065910323997164,3.25523436657371
nearest_k80_tabular,extra_trees_small,43,24,entry_movement,low_n_disclosure,0.2,233.0,929.0,200.1372103004292,101.42950484391817,1.9731656051008482,1.4266973034841928,1.9268808654879295,2.50290832440062
nearest_k80_tabular,extra_trees_small,44,24,entry_movement,val_select,0.05,333.0,6315.0,28.58660660660661,19.639637371338086,1.4555567430346577,1.2508027854845236,1.446195714063418,1.6519215491759256
nearest_k80_tabular,extra_trees_small,44,24,entry_movement,val_select,0.1,665.0,5983.0,25.70073684210526,19.463924452615746,1.3204293360608144,1.1804475255439442,1.3223466114914681,1.481144206961581
nearest_k80_tabular,extra_trees_small,44,24,entry_movement,val_select,0.2,1330.0,5318.0,23.767368421052634,19.167553591575782,1.2399792340478177,1.1449015042560726,1.2411145441738825,1.3393271975174843
nearest_k80_tabular,extra_trees_small,44,24,entry_movement,val_eval,0.05,333.0,6313.0,79.66702702702703,31.974794867733248,2.49155709541147,2.0802319656221666,2.444033315680534,2.9488587898644005
nearest_k80_tabular,extra_trees_small,44,24,entry_movement,val_eval,0.1,665.0,5981.0,71.45148872180452,30.240889483363986,2.3627442824097873,2.0396999675978447,2.3226520580703682,2.6696197525090875
nearest_k80_tabular,extra_trees_small,44,24,entry_movement,val_eval,0.2,1330.0,5316.0,63.522233082706784,27.069493980436416,2.3466354091663253,2.0586626528309604,2.3079176604285125,2.5641094511364044
nearest_k80_tabular,extra_trees_small,44,24,entry_movement,low_n_disclosure,0.05,59.0,1103.0,303.836779661017,111.4538621940163,2.726121586815044,1.688771851890682,2.5131402208629616,3.1699892843984667
nearest_k80_tabular,extra_trees_small,44,24,entry_movement,low_n_disclosure,0.1,117.0,1045.0,259.7725641025641,105.70965550239231,2.4574156718984406,1.5782994436014246,2.3517049073469414,3.159380319943592
nearest_k80_tabular,extra_trees_small,44,24,entry_movement,low_n_disclosure,0.2,233.0,929.0,194.42493562231758,102.86218514531753,1.890149770274136,1.3276045029039156,1.8866446971363255,2.5415814639175163
nearest_k60_no_price_coord_tabular,hist_gradient_boosting,42,3,entry_movement,val_select,0.05,333.0,6315.0,9.476276276276282,6.213749802058591,1.525049539834518,1.3135487671519461,1.508098954289288,1.7407421016431157
nearest_k60_no_price_coord_tabular,hist_gradient_boosting,42,3,entry_movement,val_select,0.1,665.0,5983.0,8.863864661654137,6.100778873474846,1.4529070542439622,1.313690017446357,1.4388311920980659,1.5565284767368874
nearest_k60_no_price_coord_tabular,hist_gradient_boosting,42,3,entry_movement,val_select,0.2,1330.0,5318.0,8.023187969924814,5.9655114704776215,1.3449287642191805,1.2560574781423088,1.3478204656436388,1.4380472637507145
nearest_k60_no_price_coord_tabular,hist_gradient_boosting,42,3,entry_movement,val_eval,0.05,333.0,6313.0,26.732222222222216,10.288235387296055,2.5983291804570534,2.2645710120690175,2.563711839663716,2.8638282066877605
nearest_k60_no_price_coord_tabular,hist_gradient_boosting,42,3,entry_movement,val_eval,0.1,665.0,5981.0,24.413969924812044,9.633200133756896,2.5343571799427287,2.26936327606542,2.5012274924902336,2.7452866775826403
nearest_k60_no_price_coord_tabular,hist_gradient_boosting,42,3,entry_movement,val_eval,0.2,1330.0,5316.0,21.301563909774444,8.5629006772009,2.487657478789961,2.2678221951351527,2.4592003153249458,2.6817726165808855
nearest_k60_no_price_coord_tabular,hist_gradient_boosting,42,3,entry_movement,low_n_disclosure,0.05,59.0,1103.0,95.83423728813564,36.531831368993664,2.6233077756259107,1.507661645761946,2.5648857286442457,3.4647437563537933
nearest_k60_no_price_coord_tabular,hist_gradient_boosting,42,3,entry_movement,low_n_disclosure,0.1,117.0,1045.0,73.17598290598296,35.77726315789475,2.0453208671394885,1.3696567294682886,2.083513176187462,2.8167891097562245
nearest_k60_no_price_coord_tabular,hist_gradient_boosting,42,3,entry_movement,low_n_disclosure,0.2,233.0,929.0,61.131287553648086,34.12835306781487,1.7912170397492353,1.3409947009708525,1.8136756684689308,2.4139725073231637
nearest_k60_no_price_coord_tabular,hist_gradient_boosting,43,3,entry_movement,val_select,0.05,333.0,6315.0,9.035075075075081,6.23701504354711,1.448621658275921,1.2906086854464518,1.4515031494312987,1.6866593979184281
nearest_k60_no_price_coord_tabular,hist_gradient_boosting,43,3,entry_movement,val_select,0.1,665.0,5983.0,8.795578947368426,6.108368711348821,1.439922729455902,1.2990977099843377,1.426167326036936,1.5654870154244256
nearest_k60_no_price_coord_tabular,hist_gradient_boosting,43,3,entry_movement,val_select,0.2,1330.0,5318.0,8.035300751879703,5.962482136141406,1.3476435766866233,1.2483993943591596,1.335149003040538,1.4299145010112524
nearest_k60_no_price_coord_tabular,hist_gradient_boosting,43,3,entry_movement,val_eval,0.05,333.0,6313.0,26.069969969969968,10.32316806589577,2.5253846303341962,2.1655043448220592,2.4432608085276972,2.737753290111519
nearest_k60_no_price_coord_tabular,hist_gradient_boosting,43,3,entry_movement,val_eval,0.1,665.0,5981.0,23.758751879699247,9.7060508276208,2.4478289163794873,2.16703903468992,2.417684597574541,2.6620770138758902
nearest_k60_no_price_coord_tabular,hist_gradient_boosting,43,3,entry_movement,val_eval,0.2,1330.0,5316.0,20.991526315789482,8.640468397291192,2.429443098521184,2.2240015336687087,2.4066334894638173,2.6245184666305565
nearest_k60_no_price_coord_tabular,hist_gradient_boosting,43,3,entry_movement,low_n_disclosure,0.05,59.0,1103.0,74.12542372881367,37.693046237534006,1.9665543416600013,1.5145498321975086,2.025863036856632,2.462686634020074
nearest_k60_no_price_coord_tabular,hist_gradient_boosting,43,3,entry_movement,low_n_disclosure,0.1,117.0,1045.0,65.07299145299149,36.68448803827753,1.7738557884491306,1.4085156046012515,1.7814627256504612,2.177203765692937
nearest_k60_no_price_coord_tabular,hist_gradient_boosting,43,3,entry_movement,low_n_disclosure,0.2,233.0,929.0,56.26622317596569,35.34854682454254,1.591754915845649,1.2980170924221988,1.6046049134332618,1.908502267529511
nearest_k60_no_price_coord_tabular,hist_gradient_boosting,44,3,entry_movement,val_select,0.05,333.0,6315.0,9.518408408408414,6.211528107680127,1.5323779017661623,1.3460967932589067,1.5215154007886587,1.74671438276886
nearest_k60_no_price_coord_tabular,hist_gradient_boosting,44,3,entry_movement,val_select,0.1,665.0,5983.0,8.810992481203016,6.106655523984623,1.4428507464678144,1.3085273512784346,1.4343579438261607,1.574701846427133
nearest_k60_no_price_coord_tabular,hist_gradient_boosting,44,3,entry_movement,val_select,0.2,1330.0,5318.0,8.040766917293235,5.961115080857465,1.348869600440028,1.259810733879231,1.345233782759557,1.4301034714695493
nearest_k60_no_price_coord_tabular,hist_gradient_boosting,44,3,entry_movement,val_eval,0.05,333.0,6313.0,26.98192192192193,10.275064153334387,2.6259614070794837,2.320297187328978,2.571760383942495,2.859831421555984
nearest_k60_no_price_coord_tabular,hist_gradient_boosting,44,3,entry_movement,val_eval,0.1,665.0,5981.0,24.180781954887227,9.659127236248118,2.503412716642061,2.257494325824989,2.4884676278586433,2.7043324130488156
nearest_k60_no_price_coord_tabular,hist_gradient_boosting,44,3,entry_movement,val_eval,0.2,1330.0,5316.0,21.080022556390983,8.618327689992473,2.4459527781554327,2.2572479105147067,2.435626246088969,2.6375311776649193
nearest_k60_no_price_coord_tabular,hist_gradient_boosting,44,3,entry_movement,low_n_disclosure,0.05,59.0,1103.0,66.31864406779665,38.1106346328196,1.7401611048136487,1.313177680857954,1.7818688637357893,2.2209508363935497
nearest_k60_no_price_coord_tabular,hist_gradient_boosting,44,3,entry_movement,low_n_disclosure,0.1,117.0,1045.0,61.823333333333395,37.04832535885169,1.6687213992673056,1.2603529975763679,1.6692437270356757,2.025650953126196
nearest_k60_no_price_coord_tabular,hist_gradient_boosting,44,3,entry_movement,low_n_disclosure,0.2,233.0,929.0,54.12390557939918,35.88585575888053,1.5082239070195602,1.1513862122797145,1.4874185396706046,1.8345854166680564
nearest_k60_no_price_coord_tabular,hist_gradient_boosting,42,6,entry_movement,val_select,0.05,333.0,6315.0,13.66786786786786,9.216788598574823,1.482931687288705,1.3099893619833887,1.473679673765719,1.7089521416853652
nearest_k60_no_price_coord_tabular,hist_gradient_boosting,42,6,entry_movement,val_select,0.1,665.0,5983.0,12.848977443609023,9.060813972923283,1.41808202684726,1.287816155316487,1.4086911218175144,1.5289118697065909
nearest_k60_no_price_coord_tabular,hist_gradient_boosting,42,6,entry_movement,val_select,0.2,1330.0,5318.0,11.96370676691729,8.808516359533659,1.35819771214578,1.2604623155847539,1.3530956900609343,1.4376015222808207
nearest_k60_no_price_coord_tabular,hist_gradient_boosting,42,6,entry_movement,val_eval,0.05,333.0,6313.0,39.19927927927931,15.16037541580865,2.5856404082450246,2.299580114773264,2.552190206080203,2.8574505629937006
nearest_k60_no_price_coord_tabular,hist_gradient_boosting,42,6,entry_movement,val_eval,0.1,665.0,5981.0,35.668240601503776,14.218597224544391,2.5085625563633407,2.2910770024179348,2.4887863098573164,2.7484904408761914
nearest_k60_no_price_coord_tabular,hist_gradient_boosting,42,6,entry_movement,val_eval,0.2,1330.0,5316.0,31.248007518797007,12.641264108352146,2.4719052818579508,2.266664514966238,2.4489087248920933,2.652098272082599
nearest_k60_no_price_coord_tabular,hist_gradient_boosting,42,6,entry_movement,low_n_disclosure,0.05,59.0,1103.0,115.74288135593231,54.22610154125114,2.1344496112796127,1.3354497912089383,2.0758628307262326,2.665059303667823
nearest_k60_no_price_coord_tabular,hist_gradient_boosting,42,6,entry_movement,low_n_disclosure,0.1,117.0,1045.0,106.98256410256415,51.79259330143542,2.065595817531677,1.2908302844539006,1.9331443091217644,2.474189774811711
nearest_k60_no_price_coord_tabular,hist_gradient_boosting,42,6,entry_movement,low_n_disclosure,0.2,233.0,929.0,89.30961373390559,49.33377825618947,1.8103136814318639,1.318077463948088,1.752895522234449,2.3253421108229078
nearest_k60_no_price_coord_tabular,hist_gradient_boosting,43,6,entry_movement,val_select,0.05,333.0,6315.0,13.788768768768769,9.210413301662706,1.497084692852986,1.320789905811648,1.4969835906672935,1.7232963104158492
nearest_k60_no_price_coord_tabular,hist_gradient_boosting,43,6,entry_movement,val_select,0.1,665.0,5983.0,12.650646616541348,9.082858097944175,1.392804608430986,1.279464559699158,1.3915166154291778,1.5183685781100706
nearest_k60_no_price_coord_tabular,hist_gradient_boosting,43,6,entry_movement,val_select,0.2,1330.0,5318.0,11.91684962406015,8.820235050770966,1.3510807314617441,1.2618893433694167,1.344841113249713,1.4324971952467527
nearest_k60_no_price_coord_tabular,hist_gradient_boosting,43,6,entry_movement,val_eval,0.05,333.0,6313.0,38.88858858858862,15.176763820687471,2.562376870856982,2.227123309318424,2.508570789078229,2.846118303502243
nearest_k60_no_price_coord_tabular,hist_gradient_boosting,43,6,entry_movement,val_eval,0.1,665.0,5981.0,35.709398496240624,14.214021066711252,2.512265764110256,2.256179453220543,2.4761928487234117,2.7329620233333043
nearest_k60_no_price_coord_tabular,hist_gradient_boosting,43,6,entry_movement,val_eval,0.2,1330.0,5316.0,31.14877443609024,12.666091045899172,2.459225527687573,2.254499783535877,2.441791099952466,2.6307693100634433
nearest_k60_no_price_coord_tabular,hist_gradient_boosting,43,6,entry_movement,low_n_disclosure,0.05,59.0,1103.0,101.02423728813568,55.01340888485949,1.8363566144314876,1.2458351283064517,1.8579007186779708,2.321337953908313
nearest_k60_no_price_coord_tabular,hist_gradient_boosting,43,6,entry_movement,low_n_disclosure,0.1,117.0,1045.0,103.65085470085475,52.1656172248804,1.9869573143173405,1.3775230677783494,1.897461392661007,2.3242211665348584
nearest_k60_no_price_coord_tabular,hist_gradient_boosting,43,6,entry_movement,low_n_disclosure,0.2,233.0,929.0,88.08802575107298,49.64016146393973,1.7745314107220032,1.3337470315213251,1.7616187547223385,2.256061150654016
nearest_k60_no_price_coord_tabular,hist_gradient_boosting,44,6,entry_movement,val_select,0.05,333.0,6315.0,13.890390390390385,9.205054631828979,1.5089959751418078,1.3423903647584845,1.5102903536754888,1.7407621418094157
nearest_k60_no_price_coord_tabular,hist_gradient_boosting,44,6,entry_movement,val_select,0.1,665.0,5983.0,12.847639097744361,9.060962727728564,1.4179110414423983,1.2994028070945123,1.413566204971945,1.5427470832855508
nearest_k60_no_price_coord_tabular,hist_gradient_boosting,44,6,entry_movement,val_select,0.2,1330.0,5318.0,12.116353383458645,8.770340353516358,1.3815146157470097,1.2835757485533184,1.3723975340426815,1.4698648398266698
nearest_k60_no_price_coord_tabular,hist_gradient_boosting,44,6,entry_movement,val_eval,0.05,333.0,6313.0,36.52090090090092,15.301655314430544,2.386728765642703,2.0798744071678743,2.3245453716936217,2.6121359130390593
nearest_k60_no_price_coord_tabular,hist_gradient_boosting,44,6,entry_movement,val_eval,0.1,665.0,5981.0,34.109969924812056,14.391854204982444,2.37008862367458,2.1559448011457656,2.3353573730452473,2.5539882629627972
nearest_k60_no_price_coord_tabular,hist_gradient_boosting,44,6,entry_movement,val_eval,0.2,1330.0,5316.0,31.089721804511296,12.68086531226486,2.4517034949059426,2.2473300854856655,2.4371538079389428,2.6240401617215467
nearest_k60_no_price_coord_tabular,hist_gradient_boosting,44,6,entry_movement,low_n_disclosure,0.05,59.0,1103.0,116.65118644067802,54.1775158658205,2.153129108569389,1.3938663943489282,2.0885455476382444,2.579525565729672
nearest_k60_no_price_coord_tabular,hist_gradient_boosting,44,6,entry_movement,low_n_disclosure,0.1,117.0,1045.0,99.55478632478633,52.624220095693794,1.8918054489691685,1.2930157761757413,1.9158700079063014,2.4454543639055673
nearest_k60_no_price_coord_tabular,hist_gradient_boosting,44,6,entry_movement,low_n_disclosure,0.2,233.0,929.0,82.29489270386266,51.09312163616794,1.6106843752840405,1.1845936154704282,1.5937441456966321,2.0071087396525127
nearest_k60_no_price_coord_tabular,hist_gradient_boosting,42,12,entry_movement,val_select,0.05,333.0,6315.0,19.82615615615616,13.418327790973873,1.477542989335277,1.2967281512742435,1.468634622516725,1.6565996428822198
nearest_k60_no_price_coord_tabular,hist_gradient_boosting,42,12,entry_movement,val_select,0.1,665.0,5983.0,18.294,13.233050309209428,1.3824477027241744,1.25540135105792,1.3874664876097742,1.5041046209734938
nearest_k60_no_price_coord_tabular,hist_gradient_boosting,42,12,entry_movement,val_select,0.2,1330.0,5318.0,17.1862030075188,12.877247085370442,1.3346177869836533,1.2398728632882106,1.3279804281623013,1.4199210173001906
nearest_k60_no_price_coord_tabular,hist_gradient_boosting,42,12,entry_movement,val_eval,0.05,333.0,6313.0,54.570660660660714,21.944926342467923,2.4867096753501206,2.086371108870938,2.3885225483197825,2.7669605745724177
nearest_k60_no_price_coord_tabular,hist_gradient_boosting,42,12,entry_movement,val_eval,0.1,665.0,5981.0,48.707383458646646,20.785811737167702,2.3432995581092264,2.084186877274699,2.315591749492212,2.5781289350093193
nearest_k60_no_price_coord_tabular,hist_gradient_boosting,42,12,entry_movement,val_eval,0.2,1330.0,5316.0,43.557052631578955,18.58154063205418,2.344103403161342,2.1210941519091535,2.316125810131756,2.5176041639717783
nearest_k60_no_price_coord_tabular,hist_gradient_boosting,42,12,entry_movement,low_n_disclosure,0.05,59.0,1103.0,139.39745762711863,80.80768812330008,1.7250519209808302,1.1012234136879495,1.6918010342634129,2.219247272353142
nearest_k60_no_price_coord_tabular,hist_gradient_boosting,42,12,entry_movement,low_n_disclosure,0.1,117.0,1045.0,118.28846153846152,79.91921531100478,1.4801003873491905,1.0184318662891316,1.4513484164392212,1.911966146598954
nearest_k60_no_price_coord_tabular,hist_gradient_boosting,42,12,entry_movement,low_n_disclosure,0.2,233.0,929.0,119.7370386266094,74.76490850376749,1.60151387894196,1.223999306690733,1.5608309004558483,1.9958892779869093
nearest_k60_no_price_coord_tabular,hist_gradient_boosting,43,12,entry_movement,val_select,0.05,333.0,6315.0,19.3254954954955,13.444728424386383,1.4374031877388043,1.2699760215540978,1.4445782440786377,1.628321784678513
nearest_k60_no_price_coord_tabular,hist_gradient_boosting,43,12,entry_movement,val_select,0.1,665.0,5983.0,18.326736842105266,13.229411666388101,1.3853024839092363,1.2459179930600537,1.37523659961646,1.4926289658587
nearest_k60_no_price_coord_tabular,hist_gradient_boosting,43,12,entry_movement,val_select,0.2,1330.0,5318.0,17.17712030075188,12.879518616021063,1.3336771981046678,1.2395453232958802,1.3272833972776876,1.4075931389395038
nearest_k60_no_price_coord_tabular,hist_gradient_boosting,43,12,entry_movement,val_eval,0.05,333.0,6313.0,54.149579579579616,21.967137652463176,2.465026642809234,2.1057431155244406,2.393934329752126,2.723634520369267
nearest_k60_no_price_coord_tabular,hist_gradient_boosting,43,12,entry_movement,val_eval,0.1,665.0,5981.0,48.022270676691754,20.86198628991808,2.3019030886766214,2.064220170515231,2.2747246565051906,2.559919790968267
nearest_k60_no_price_coord_tabular,hist_gradient_boosting,43,12,entry_movement,val_eval,0.2,1330.0,5316.0,43.7699097744361,18.528286305492855,2.3623290925432303,2.1681887773151747,2.34920958865856,2.5503060748689337
nearest_k60_no_price_coord_tabular,hist_gradient_boosting,43,12,entry_movement,low_n_disclosure,0.05,59.0,1103.0,133.8259322033898,81.10571169537624,1.6500185918597776,1.2965697567993866,1.6923623213083863,2.1257390341024442
nearest_k60_no_price_coord_tabular,hist_gradient_boosting,43,12,entry_movement,low_n_disclosure,0.1,117.0,1045.0,128.56581196581195,78.76854545454546,1.632197360302949,1.175027595204677,1.5856422451435206,2.2123149794433665
nearest_k60_no_price_coord_tabular,hist_gradient_boosting,43,12,entry_movement,low_n_disclosure,0.2,233.0,929.0,112.70566523605146,76.52842841765337,1.4727293839220252,1.1567475896248234,1.4751077332816112,1.8893212871095642
nearest_k60_no_price_coord_tabular,hist_gradient_boosting,44,12,entry_movement,val_select,0.05,333.0,6315.0,19.29051051051051,13.44657323832146,1.4346042049980723,1.2851330744242941,1.4347738323286447,1.6320991500307178
nearest_k60_no_price_coord_tabular,hist_gradient_boosting,44,12,entry_movement,val_select,0.1,665.0,5983.0,18.248706766917298,13.238084572956708,1.3785005426084442,1.2563605840155532,1.3751556893164092,1.491570029249125
nearest_k60_no_price_coord_tabular,hist_gradient_boosting,44,12,entry_movement,val_select,0.2,1330.0,5318.0,17.242203007518796,12.86324182023317,1.340424385118669,1.2481250042439345,1.341843267550023,1.4156887622783607
nearest_k60_no_price_coord_tabular,hist_gradient_boosting,44,12,entry_movement,val_eval,0.05,333.0,6313.0,50.898498498498554,22.138626643434186,2.2990811181864297,2.0199197272110925,2.2722528481287476,2.5885598946338764
nearest_k60_no_price_coord_tabular,hist_gradient_boosting,44,12,entry_movement,val_eval,0.1,665.0,5981.0,48.361037593984996,20.824320347767934,2.3223345005431884,2.0677987971698775,2.275682969014205,2.518231790416147
nearest_k60_no_price_coord_tabular,hist_gradient_boosting,44,12,entry_movement,val_eval,0.2,1330.0,5316.0,43.42182706766919,18.615372460496616,2.3325790101602295,2.1197101702772496,2.317319463343974,2.518845707272508
nearest_k60_no_price_coord_tabular,hist_gradient_boosting,44,12,entry_movement,low_n_disclosure,0.05,59.0,1103.0,180.46745762711865,78.61083408884858,2.2957071976001213,1.6132536486800921,2.258032191243088,2.9127909048599605
nearest_k60_no_price_coord_tabular,hist_gradient_boosting,44,12,entry_movement,low_n_disclosure,0.1,117.0,1045.0,150.34042735042738,76.33062200956938,1.9695952082190495,1.3783306523625463,1.9696535813579952,2.4377561150597105
nearest_k60_no_price_coord_tabular,hist_gradient_boosting,44,12,entry_movement,low_n_disclosure,0.2,233.0,929.0,123.29716738197423,73.87200215285252,1.6690649202502115,1.2800377283586026,1.6741337649705548,2.0991776773892936
nearest_k60_no_price_coord_tabular,hist_gradient_boosting,42,24,entry_movement,val_select,0.05,333.0,6315.0,28.87975975975976,19.624178939034046,1.4716416849581224,1.2614005591912416,1.4471984083370577,1.6834755541410313
nearest_k60_no_price_coord_tabular,hist_gradient_boosting,42,24,entry_movement,val_select,0.1,665.0,5983.0,26.045714285714286,19.425580812301522,1.3407946221726597,1.2191062005382904,1.3278795438820306,1.4706070735472612
nearest_k60_no_price_coord_tabular,hist_gradient_boosting,42,24,entry_movement,val_select,0.2,1330.0,5318.0,24.346398496240603,19.022741632192552,1.2798574972515384,1.1924085323655473,1.2810415204651622,1.370448692452305
nearest_k60_no_price_coord_tabular,hist_gradient_boosting,42,24,entry_movement,val_eval,0.05,333.0,6313.0,74.75483483483485,32.23390464121654,2.319136811593345,1.917314037555527,2.2691854688163975,2.70098988987633
nearest_k60_no_price_coord_tabular,hist_gradient_boosting,42,24,entry_movement,val_eval,0.1,665.0,5981.0,67.19318796992484,30.714350443069726,2.187680579293711,1.89800870262753,2.155780950975676,2.479004244832298
nearest_k60_no_price_coord_tabular,hist_gradient_boosting,42,24,entry_movement,val_eval,0.2,1330.0,5316.0,59.55621804511279,28.061743792325057,2.122327767150434,1.8863674454286539,2.0991033358760696,2.3062058059041535
nearest_k60_no_price_coord_tabular,hist_gradient_boosting,42,24,entry_movement,low_n_disclosure,0.05,59.0,1103.0,245.19254237288135,114.59077062556662,2.1397233043668513,1.459586032115197,1.9919395886365319,2.564801681871342
nearest_k60_no_price_coord_tabular,hist_gradient_boosting,42,24,entry_movement,low_n_disclosure,0.1,117.0,1045.0,216.55196581196577,110.54870813397127,1.9588828261071287,1.4059579426541613,1.904030609921277,2.4234944473138933
nearest_k60_no_price_coord_tabular,hist_gradient_boosting,42,24,entry_movement,low_n_disclosure,0.2,233.0,929.0,184.20587982832615,105.42519913885897,1.7472661311808628,1.2994667071825297,1.7411283137686064,2.1994328732674715
nearest_k60_no_price_coord_tabular,hist_gradient_boosting,43,24,entry_movement,val_select,0.05,333.0,6315.0,29.221201201201207,19.60617418844022,1.4904081194193406,1.279499320185815,1.476327727588679,1.694583567169903
nearest_k60_no_price_coord_tabular,hist_gradient_boosting,43,24,entry_movement,val_select,0.1,665.0,5983.0,26.259443609022565,19.401825171318734,1.3534522333414944,1.2335214958167195,1.3452325887016152,1.5011304427377898
nearest_k60_no_price_coord_tabular,hist_gradient_boosting,43,24,entry_movement,val_select,0.2,1330.0,5318.0,24.20314285714286,19.058569010906357,1.2699349485941205,1.1821288081826637,1.2760772253193884,1.3706660099049432
nearest_k60_no_price_coord_tabular,hist_gradient_boosting,43,24,entry_movement,val_eval,0.05,333.0,6313.0,65.25144144144146,32.73519246000317,1.9933116788962706,1.7551245522666346,1.9746010176444209,2.220786828557219
nearest_k60_no_price_coord_tabular,hist_gradient_boosting,43,24,entry_movement,val_eval,0.1,665.0,5981.0,62.64575939849625,31.21995820096974,2.0065933142905483,1.8097764438136585,2.0014926919098723,2.212519101533554
nearest_k60_no_price_coord_tabular,hist_gradient_boosting,43,24,entry_movement,val_eval,0.2,1330.0,5316.0,59.506353383458666,28.074219337848003,2.119608480198618,1.9244637640693427,2.095520312843191,2.273825011540557
nearest_k60_no_price_coord_tabular,hist_gradient_boosting,43,24,entry_movement,low_n_disclosure,0.05,59.0,1103.0,214.29254237288134,116.24362647325475,1.8434777791639667,1.4117932159438746,1.8081100572323465,2.3489424067296296
nearest_k60_no_price_coord_tabular,hist_gradient_boosting,43,24,entry_movement,low_n_disclosure,0.1,117.0,1045.0,199.66025641025647,112.43993301435405,1.77570593522826,1.3424551019573685,1.739447884767646,2.158673333470632
nearest_k60_no_price_coord_tabular,hist_gradient_boosting,43,24,entry_movement,low_n_disclosure,0.2,233.0,929.0,177.59978540772536,107.08205597416575,1.6585391809302996,1.2920566701718899,1.6420219724756713,2.0048180388686743
nearest_k60_no_price_coord_tabular,hist_gradient_boosting,44,24,entry_movement,val_select,0.05,333.0,6315.0,28.583033033033033,19.639825811559778,1.455360821795547,1.2617761021567464,1.4443283969516583,1.656378576591346
nearest_k60_no_price_coord_tabular,hist_gradient_boosting,44,24,entry_movement,val_select,0.1,665.0,5983.0,26.46518796992482,19.37895704496072,1.3656662692694699,1.240272043910522,1.358289968872243,1.5040676474761632
nearest_k60_no_price_coord_tabular,hist_gradient_boosting,44,24,entry_movement,val_select,0.2,1330.0,5318.0,24.129421052631578,19.07700639338097,1.2648431601408705,1.17832681685406,1.2646200016393165,1.3533179308780963
nearest_k60_no_price_coord_tabular,hist_gradient_boosting,44,24,entry_movement,val_eval,0.05,333.0,6313.0,69.09324324324325,32.5325439569143,2.123819254182811,1.8522781284941299,2.0964185536338382,2.408004184926656
nearest_k60_no_price_coord_tabular,hist_gradient_boosting,44,24,entry_movement,val_eval,0.1,665.0,5981.0,64.11159398496243,31.056978766092627,2.0643216607713994,1.8168536810178284,2.0314183331520903,2.2569474072696916
nearest_k60_no_price_coord_tabular,hist_gradient_boosting,44,24,entry_movement,val_eval,0.2,1330.0,5316.0,59.87684962406016,27.981525583145224,2.1398708031890585,1.908858248395602,2.1012451065944058,2.3037695650795347
nearest_k60_no_price_coord_tabular,hist_gradient_boosting,44,24,entry_movement,low_n_disclosure,0.05,59.0,1103.0,224.76152542372876,115.68363553943789,1.9428981841351707,1.3733365173768544,1.8705117309213315,2.406695764989933
nearest_k60_no_price_coord_tabular,hist_gradient_boosting,44,24,entry_movement,low_n_disclosure,0.1,117.0,1045.0,197.52905982905978,112.67854545454544,1.7530316799194312,1.2798198286692106,1.7254052572086702,2.1646819818063
nearest_k60_no_price_coord_tabular,hist_gradient_boosting,44,24,entry_movement,low_n_disclosure,0.2,233.0,929.0,173.81927038626603,108.03023681377823,1.608987219808603,1.208793404196768,1.5543595080963084,1.9964061219098903
nearest_k60_no_price_coord_tabular,extra_trees_small,42,3,entry_movement,val_select,0.05,333.0,6315.0,10.076906906906908,6.182077593032463,1.6300194805487607,1.4361852007496978,1.5983217803374912,1.821512958888084
nearest_k60_no_price_coord_tabular,extra_trees_small,42,3,entry_movement,val_select,0.1,665.0,5983.0,9.086300751879703,6.076055490556577,1.4954275460455648,1.3487919746082835,1.469776762177918,1.595846783673898
nearest_k60_no_price_coord_tabular,extra_trees_small,42,3,entry_movement,val_select,0.2,1330.0,5318.0,8.133774436090228,5.937854456562617,1.369817077126342,1.2828117479319328,1.362193434508099,1.442856790955234
nearest_k60_no_price_coord_tabular,extra_trees_small,42,3,entry_movement,val_eval,0.05,333.0,6313.0,24.033483483483494,10.430589260256612,2.304134779331942,2.141106978659144,2.320247046719425,2.54710924046722
nearest_k60_no_price_coord_tabular,extra_trees_small,42,3,entry_movement,val_eval,0.1,665.0,5981.0,23.54347368421054,9.729986624310312,2.4196820194374484,2.227892520037207,2.3913846832711503,2.589814488895286
nearest_k60_no_price_coord_tabular,extra_trees_small,42,3,entry_movement,val_eval,0.2,1330.0,5316.0,21.354578947368427,8.549636945071478,2.497717632288291,2.2852809406755874,2.4800802967861513,2.7106044609503983
nearest_k60_no_price_coord_tabular,extra_trees_small,42,3,entry_movement,low_n_disclosure,0.05,59.0,1103.0,51.806610169491556,38.88689029918406,1.3322384425935592,1.0054665596853865,1.2765241445417526,1.6143717081236906
nearest_k60_no_price_coord_tabular,extra_trees_small,42,3,entry_movement,low_n_disclosure,0.1,117.0,1045.0,48.681538461538494,38.51970334928232,1.2638087583414763,1.0455921430487207,1.252847768789994,1.4924993473347261
nearest_k60_no_price_coord_tabular,extra_trees_small,42,3,entry_movement,low_n_disclosure,0.2,233.0,929.0,52.41291845493565,36.31498385360604,1.4432862937850681,1.176413903434392,1.3923175535712278,1.5759797187653612
nearest_k60_no_price_coord_tabular,extra_trees_small,43,3,entry_movement,val_select,0.05,333.0,6315.0,9.920660660660666,6.19031670625495,1.6026095483348086,1.4158293509328332,1.5688119527936375,1.7810469028859979
nearest_k60_no_price_coord_tabular,extra_trees_small,43,3,entry_movement,val_select,0.1,665.0,5983.0,8.908676691729326,6.0957980946013715,1.4614454995842345,1.3433977298374014,1.4603824942474621,1.5807528459650215
nearest_k60_no_price_coord_tabular,extra_trees_small,43,3,entry_movement,val_select,0.2,1330.0,5318.0,8.046977443609025,5.959561865362918,1.3502632618646355,1.2599606806009602,1.3479943023016872,1.436871859517244
nearest_k60_no_price_coord_tabular,extra_trees_small,43,3,entry_movement,val_eval,0.05,333.0,6313.0,24.4776876876877,10.407158244891491,2.352004948104151,2.143184233671882,2.3463598904821543,2.657327269389218
nearest_k60_no_price_coord_tabular,extra_trees_small,43,3,entry_movement,val_eval,0.1,665.0,5981.0,23.494270676691745,9.735457281391067,2.41326832398516,2.2159166778018218,2.3904023167557007,2.611984439576378
nearest_k60_no_price_coord_tabular,extra_trees_small,43,3,entry_movement,val_eval,0.2,1330.0,5316.0,21.388022556390982,8.541269751693,2.504079976182883,2.295990031644225,2.4698063043868923,2.700363136805468
nearest_k60_no_price_coord_tabular,extra_trees_small,43,3,entry_movement,low_n_disclosure,0.05,59.0,1103.0,50.66101694915259,38.94816863100636,1.3007291158953675,0.9596162095820854,1.2351073299703719,1.6231820083113795
nearest_k60_no_price_coord_tabular,extra_trees_small,43,3,entry_movement,low_n_disclosure,0.1,117.0,1045.0,47.575299145299205,38.64355980861245,1.231131380776575,1.047949056603968,1.2395371815292973,1.4805480478771251
nearest_k60_no_price_coord_tabular,extra_trees_small,43,3,entry_movement,low_n_disclosure,0.2,233.0,929.0,50.816952789699606,36.71526372443489,1.3840824669299516,1.0859628721291836,1.3302544758178063,1.6016189948283857
nearest_k60_no_price_coord_tabular,extra_trees_small,44,3,entry_movement,val_select,0.05,333.0,6315.0,10.129549549549552,6.1793016627078385,1.6392709245255832,1.4303856458162485,1.598015260584823,1.8055800304541396
nearest_k60_no_price_coord_tabular,extra_trees_small,44,3,entry_movement,val_select,0.1,665.0,5983.0,8.977293233082708,6.08817148587665,1.47454670978113,1.34188299564248,1.4687969742136016,1.5979559718387
nearest_k60_no_price_coord_tabular,extra_trees_small,44,3,entry_movement,val_select,0.2,1330.0,5318.0,8.139368421052632,5.9364554343738245,1.3710822073932019,1.2839031943880281,1.3740963977091363,1.4559855595721842
nearest_k60_no_price_coord_tabular,extra_trees_small,44,3,entry_movement,val_eval,0.05,333.0,6313.0,25.654864864864898,10.345064153334388,2.479913559220984,2.2047984066921344,2.4616523587810466,2.7725743790323407
nearest_k60_no_price_coord_tabular,extra_trees_small,44,3,entry_movement,val_eval,0.1,665.0,5981.0,24.525443609022577,9.620805885303458,2.5492088606098093,2.305406699629222,2.519255555211565,2.761673621480655
nearest_k60_no_price_coord_tabular,extra_trees_small,44,3,entry_movement,val_eval,0.2,1330.0,5316.0,21.45668421052632,8.524091422121893,2.517181380157597,2.3213904588596743,2.501750458197466,2.728222218915059
nearest_k60_no_price_coord_tabular,extra_trees_small,44,3,entry_movement,low_n_disclosure,0.05,59.0,1103.0,57.93050847457634,38.55932003626475,1.5023737042067427,1.0874100714372104,1.4686491798595005,1.9550927651594914
nearest_k60_no_price_coord_tabular,extra_trees_small,44,3,entry_movement,low_n_disclosure,0.1,117.0,1045.0,54.81709401709409,37.83275598086125,1.4489320853290424,1.190756355515204,1.4592283067828062,1.742612802537398
nearest_k60_no_price_coord_tabular,extra_trees_small,44,3,entry_movement,low_n_disclosure,0.2,233.0,929.0,50.9464806866953,36.6827771797632,1.388839248376237,1.1712712163290775,1.363345009243457,1.5498400186391974
nearest_k60_no_price_coord_tabular,extra_trees_small,42,6,entry_movement,val_select,0.05,333.0,6315.0,14.274144144144138,9.184818685669041,1.554101897124644,1.338936039722891,1.5269311422382383,1.7734157256392957
nearest_k60_no_price_coord_tabular,extra_trees_small,42,6,entry_movement,val_select,0.1,665.0,5983.0,12.858842105263154,9.059717533010195,1.4193424969829778,1.2830417939238712,1.416586425488405,1.555169242158175
nearest_k60_no_price_coord_tabular,extra_trees_small,42,6,entry_movement,val_select,0.2,1330.0,5318.0,11.815834586466162,8.845498307634449,1.3358020289561356,1.2247927177247888,1.3297517415893114,1.4162326853469427
nearest_k60_no_price_coord_tabular,extra_trees_small,42,6,entry_movement,val_eval,0.05,333.0,6313.0,34.96996996996998,15.38346428005703,2.273218134312224,1.9980655673539793,2.234415897153914,2.5251337839329837
nearest_k60_no_price_coord_tabular,extra_trees_small,42,6,entry_movement,val_eval,0.1,665.0,5981.0,34.18144360902257,14.383907373348942,2.3763670553354137,2.164068563735192,2.349272055575182,2.5838918463373823
nearest_k60_no_price_coord_tabular,extra_trees_small,42,6,entry_movement,val_eval,0.2,1330.0,5316.0,31.494781954887237,12.579524078254327,2.503654491136981,2.2903499069003277,2.4748979592664733,2.6736248295237806
nearest_k60_no_price_coord_tabular,extra_trees_small,42,6,entry_movement,low_n_disclosure,0.05,59.0,1103.0,83.71118644067796,55.939492293744344,1.496459531686513,1.241098506033684,1.5756917858850732,1.9303783634803269
nearest_k60_no_price_coord_tabular,extra_trees_small,42,6,entry_movement,low_n_disclosure,0.1,117.0,1045.0,83.85341880341882,54.38217224880385,1.5419284544166623,1.1750218198787319,1.5097519293688095,2.0133202477927825
nearest_k60_no_price_coord_tabular,extra_trees_small,42,6,entry_movement,low_n_disclosure,0.2,233.0,929.0,77.51072961373391,52.293024757804105,1.4822384050784205,1.207014435574221,1.458524666531618,1.900939097170417
nearest_k60_no_price_coord_tabular,extra_trees_small,43,6,entry_movement,val_select,0.05,333.0,6315.0,14.107897897897894,9.193585114806018,1.5345371497325357,1.3388904096206358,1.5415568373262258,1.7765697815035364
nearest_k60_no_price_coord_tabular,extra_trees_small,43,6,entry_movement,val_select,0.1,665.0,5983.0,12.840451127819545,9.061761658031088,1.4169928113745467,1.2752278667494925,1.4131211683718252,1.5524880057932682
nearest_k60_no_price_coord_tabular,extra_trees_small,43,6,entry_movement,val_select,0.2,1330.0,5318.0,11.84712781954887,8.837672057164347,1.340525846955916,1.2377127490200424,1.3379655033235531,1.421145988249055
nearest_k60_no_price_coord_tabular,extra_trees_small,43,6,entry_movement,val_eval,0.05,333.0,6313.0,36.23108108108113,15.316942816410581,2.365425105737362,2.073808389070586,2.3023179560077867,2.554091028497266
nearest_k60_no_price_coord_tabular,extra_trees_small,43,6,entry_movement,val_eval,0.1,665.0,5981.0,34.54506766917296,14.34347767931784,2.408416455305272,2.1705441435991295,2.3776050026517614,2.598087064208543
nearest_k60_no_price_coord_tabular,extra_trees_small,43,6,entry_movement,val_eval,0.2,1330.0,5316.0,31.60712781954889,12.551416478555302,2.518212018026108,2.2934869027390685,2.4837555399626767,2.6964112502958892
nearest_k60_no_price_coord_tabular,extra_trees_small,43,6,entry_movement,low_n_disclosure,0.05,59.0,1103.0,77.06762711864408,56.29485947416139,1.368999369365459,1.1358843832029264,1.41109203237828,1.7280426072909874
nearest_k60_no_price_coord_tabular,extra_trees_small,43,6,entry_movement,low_n_disclosure,0.1,117.0,1045.0,85.44273504273498,54.20422966507179,1.576311213547099,1.2223092891176262,1.5461939967668423,1.941181511151223
nearest_k60_no_price_coord_tabular,extra_trees_small,43,6,entry_movement,low_n_disclosure,0.2,233.0,929.0,78.34437768240342,52.08393972012918,1.5041945387269775,1.2188146760973984,1.5066448158427619,1.8082633556714098
nearest_k60_no_price_coord_tabular,extra_trees_small,44,6,entry_movement,val_select,0.05,333.0,6315.0,14.089879879879875,9.194535233570862,1.5324189338505387,1.3199514858757757,1.5045286362566008,1.7519044186009822
nearest_k60_no_price_coord_tabular,extra_trees_small,44,6,entry_movement,val_select,0.1,665.0,5983.0,12.666210526315785,9.08112819655691,1.3947838035276443,1.2631922774218853,1.3887755816124558,1.5248983123909745
nearest_k60_no_price_coord_tabular,extra_trees_small,44,6,entry_movement,val_select,0.2,1330.0,5318.0,11.885293233082704,8.828127115456939,1.3462983798990675,1.239574252892304,1.3400080910541599,1.4268733055874783
nearest_k60_no_price_coord_tabular,extra_trees_small,44,6,entry_movement,val_eval,0.05,333.0,6313.0,36.813333333333375,15.286230001584034,2.408267658508252,2.162110990283955,2.383061261248166,2.603419683895282
nearest_k60_no_price_coord_tabular,extra_trees_small,44,6,entry_movement,val_eval,0.1,665.0,5981.0,34.61213533834589,14.33602073231901,2.4143474667497213,2.18224804253269,2.38954205426357,2.6410978196910473
nearest_k60_no_price_coord_tabular,extra_trees_small,44,6,entry_movement,val_eval,0.2,1330.0,5316.0,31.43408270676693,12.594710308502632,2.4958162543481386,2.286598033202381,2.4791175960718563,2.6922889838722925
nearest_k60_no_price_coord_tabular,extra_trees_small,44,6,entry_movement,low_n_disclosure,0.05,59.0,1103.0,69.11322033898303,56.720344514959216,1.218490841866367,1.0230146086009684,1.2643142817904165,1.5717115041793943
nearest_k60_no_price_coord_tabular,extra_trees_small,44,6,entry_movement,low_n_disclosure,0.1,117.0,1045.0,75.60829059829054,55.30531100478471,1.3671072311979102,1.1537429674003434,1.3715221371208948,1.6093181045310367
nearest_k60_no_price_coord_tabular,extra_trees_small,44,6,entry_movement,low_n_disclosure,0.2,233.0,929.0,72.79635193133045,53.475425188374615,1.3613047801844527,1.126613972562329,1.3407638713107193,1.64148865128219
nearest_k60_no_price_coord_tabular,extra_trees_small,42,12,entry_movement,val_select,0.05,333.0,6315.0,20.26228228228228,13.395330166270785,1.5126377648609486,1.328400297354057,1.5048908324172965,1.7044327599907398
nearest_k60_no_price_coord_tabular,extra_trees_small,42,12,entry_movement,val_select,0.1,665.0,5983.0,18.482857142857146,13.212059167641652,1.3989384174212967,1.2850817511113444,1.401255583601956,1.5316427292021089
nearest_k60_no_price_coord_tabular,extra_trees_small,42,12,entry_movement,val_select,0.2,1330.0,5318.0,17.306203007518796,12.847235802933435,1.3470759993030748,1.2315958604879522,1.3430224663264783,1.4441313384854537
nearest_k60_no_price_coord_tabular,extra_trees_small,42,12,entry_movement,val_eval,0.05,333.0,6313.0,48.02537537537541,22.290178995723114,2.154553150272602,1.8432494798288552,2.1078257758591255,2.3891887755054477
nearest_k60_no_price_coord_tabular,extra_trees_small,42,12,entry_movement,val_eval,0.1,665.0,5981.0,46.08406015037596,21.07748704230062,2.186411504269432,1.9696874922043037,2.1691062628610784,2.4187269210952183
nearest_k60_no_price_coord_tabular,extra_trees_small,42,12,entry_movement,val_eval,0.2,1330.0,5316.0,44.57035338345866,18.32802483069978,2.4318143277939313,2.217614285380569,2.4116723234762203,2.6283814480683576
nearest_k60_no_price_coord_tabular,extra_trees_small,42,12,entry_movement,low_n_disclosure,0.05,59.0,1103.0,126.67999999999992,81.48795104261104,1.5545856581147488,1.1679683413454536,1.5054387223447954,1.8776618180237221
nearest_k60_no_price_coord_tabular,extra_trees_small,42,12,entry_movement,low_n_disclosure,0.1,117.0,1045.0,109.69521367521361,80.88133014354067,1.3562488831543291,1.1071211596326642,1.3816270907811072,1.7073839563332363
nearest_k60_no_price_coord_tabular,extra_trees_small,42,12,entry_movement,low_n_disclosure,0.2,233.0,929.0,108.4749356223176,77.58952637244347,1.3980615773012803,1.1564211463725638,1.3814340433735754,1.682849788308734
nearest_k60_no_price_coord_tabular,extra_trees_small,43,12,entry_movement,val_select,0.05,333.0,6315.0,20.436606606606606,13.386137767220905,1.5266992587399202,1.3317521051065415,1.5097845334714022,1.7213400149036966
nearest_k60_no_price_coord_tabular,extra_trees_small,43,12,entry_movement,val_select,0.1,665.0,5983.0,18.631022556390985,13.195590840715358,1.4119127200355783,1.281986330884875,1.4016549286518458,1.5413238974045917
nearest_k60_no_price_coord_tabular,extra_trees_small,43,12,entry_movement,val_select,0.2,1330.0,5318.0,17.055398496240603,12.90996051147048,1.3211038469937153,1.22911411690746,1.323251395730967,1.4192024210453118
nearest_k60_no_price_coord_tabular,extra_trees_small,43,12,entry_movement,val_eval,0.05,333.0,6313.0,49.53885885885892,22.210345319182643,2.23044073142227,1.979406853994361,2.212781428300086,2.5180191191742356
nearest_k60_no_price_coord_tabular,extra_trees_small,43,12,entry_movement,val_eval,0.1,665.0,5981.0,47.647308270676724,20.903676642701893,2.2793745370775165,2.049700066156295,2.261686062520978,2.5085900238782455
nearest_k60_no_price_coord_tabular,extra_trees_small,43,12,entry_movement,val_eval,0.2,1330.0,5316.0,44.24032330827069,18.41059443190369,2.402981797893864,2.168510171198989,2.385554197861006,2.604076990708625
nearest_k60_no_price_coord_tabular,extra_trees_small,43,12,entry_movement,low_n_disclosure,0.05,59.0,1103.0,129.1488135593219,81.35589301903897,1.5874549312500126,1.1919963874890527,1.5168576174360302,1.8450460045092745
nearest_k60_no_price_coord_tabular,extra_trees_small,43,12,entry_movement,low_n_disclosure,0.1,117.0,1045.0,121.21025641025636,79.59208612440192,1.5228933215898566,1.1403621718600767,1.5162169983929714,1.9188796562157158
nearest_k60_no_price_coord_tabular,extra_trees_small,43,12,entry_movement,low_n_disclosure,0.2,233.0,929.0,105.5865236051502,78.31396124865445,1.3482464929835782,1.1020510414804472,1.3820038300475677,1.7087807085219817
nearest_k60_no_price_coord_tabular,extra_trees_small,44,12,entry_movement,val_select,0.05,333.0,6315.0,20.298408408408406,13.39342517814727,1.51555021500604,1.3306641747945855,1.4912681102588374,1.7130575820870881
nearest_k60_no_price_coord_tabular,extra_trees_small,44,12,entry_movement,val_select,0.1,665.0,5983.0,18.36694736842105,13.224942336620428,1.3888111494869957,1.2720117203623516,1.390805967018561,1.5336584717219013
nearest_k60_no_price_coord_tabular,extra_trees_small,44,12,entry_movement,val_select,0.2,1330.0,5318.0,17.391082706766916,12.826007897705903,1.3559232806863883,1.2540363762495028,1.3566584943187348,1.4520348532515195
nearest_k60_no_price_coord_tabular,extra_trees_small,44,12,entry_movement,val_eval,0.05,333.0,6313.0,50.04927927927931,22.18342151116743,2.2561568896882673,2.026633231347421,2.2422463391639904,2.5110128421474633
nearest_k60_no_price_coord_tabular,extra_trees_small,44,12,entry_movement,val_eval,0.1,665.0,5981.0,47.673022556391004,20.900817589031938,2.2809166365534064,2.0614908229750113,2.259624515264877,2.500323652820813
nearest_k60_no_price_coord_tabular,extra_trees_small,44,12,entry_movement,val_eval,0.2,1330.0,5316.0,44.25396992481205,18.407180210684725,2.4041688850921425,2.1899980714755305,2.3791343554265003,2.600005486888254
nearest_k60_no_price_coord_tabular,extra_trees_small,44,12,entry_movement,low_n_disclosure,0.05,59.0,1103.0,128.16355932203382,81.40859474161377,1.5743246733200302,1.085422736953913,1.5308794570709021,1.8921492373037814
nearest_k60_no_price_coord_tabular,extra_trees_small,44,12,entry_movement,low_n_disclosure,0.1,117.0,1045.0,112.99290598290591,80.51211483253589,1.4034273750966502,1.0685647420781863,1.4333659643028511,1.7757394866039427
nearest_k60_no_price_coord_tabular,extra_trees_small,44,12,entry_movement,low_n_disclosure,0.2,233.0,929.0,104.50991416309009,78.58398277717976,1.3299136855842721,1.1044273532433257,1.346679052642941,1.594041711733289
nearest_k60_no_price_coord_tabular,extra_trees_small,42,24,entry_movement,val_select,0.05,333.0,6315.0,29.143363363363367,19.610278701504356,1.4861269340923595,1.2894634108676142,1.4649685628356286,1.6948260262829196
nearest_k60_no_price_coord_tabular,extra_trees_small,42,24,entry_movement,val_select,0.1,665.0,5983.0,26.708030075187974,19.351965569112483,1.3801197599181576,1.2615421984760475,1.3846478720419257,1.5387385015460509
nearest_k60_no_price_coord_tabular,extra_trees_small,42,24,entry_movement,val_select,0.2,1330.0,5318.0,25.312962406015043,18.78100977811207,1.3477956033820662,1.2466767720450684,1.3444160270847654,1.4411936363017877
nearest_k60_no_price_coord_tabular,extra_trees_small,42,24,entry_movement,val_eval,0.05,333.0,6313.0,69.11201201201202,32.53155393632188,2.124460828010051,1.7945410581588923,2.085590770822933,2.3938899610939233
nearest_k60_no_price_coord_tabular,extra_trees_small,42,24,entry_movement,val_eval,0.1,665.0,5981.0,66.87744360902256,30.749456612606586,2.1749146481373693,1.9414992274704705,2.160975440623917,2.439352640621821
nearest_k60_no_price_coord_tabular,extra_trees_small,42,24,entry_movement,val_eval,0.2,1330.0,5316.0,62.748759398496254,27.2630079006772,2.301608084738794,2.0531852522550227,2.2820779393059203,2.4943130842366776
nearest_k60_no_price_coord_tabular,extra_trees_small,42,24,entry_movement,low_n_disclosure,0.05,59.0,1103.0,132.08830508474583,120.6407706255666,1.0948894341425337,0.8629767034552317,1.1276152596840312,1.410449232027347
nearest_k60_no_price_coord_tabular,extra_trees_small,42,24,entry_movement,low_n_disclosure,0.1,117.0,1045.0,142.82358974358982,118.80346411483251,1.2021837141511298,0.9721157691207297,1.1820924637637846,1.4761842426368255
nearest_k60_no_price_coord_tabular,extra_trees_small,42,24,entry_movement,low_n_disclosure,0.2,233.0,929.0,143.0687982832618,115.74268030139933,1.2360937029512706,1.0155066411754663,1.2217507551455071,1.4974392740781735
nearest_k60_no_price_coord_tabular,extra_trees_small,43,24,entry_movement,val_select,0.05,333.0,6315.0,29.73540540540541,19.579059382422805,1.518735135565323,1.3160485349284092,1.4985056488137198,1.7101790813054125
nearest_k60_no_price_coord_tabular,extra_trees_small,43,24,entry_movement,val_select,0.1,665.0,5983.0,27.217233082706766,19.295368544208593,1.410557824814177,1.280951057500698,1.4022359539417755,1.5542824726124487
nearest_k60_no_price_coord_tabular,extra_trees_small,43,24,entry_movement,val_select,0.2,1330.0,5318.0,25.406052631578948,18.75772846934938,1.3544311974178058,1.2421312865357903,1.3549308921643726,1.4500831324193695
nearest_k60_no_price_coord_tabular,extra_trees_small,43,24,entry_movement,val_eval,0.05,333.0,6313.0,66.60837837837839,32.66361634722003,2.0392224079024053,1.7188731708246214,2.0027377686004186,2.295240589673429
nearest_k60_no_price_coord_tabular,extra_trees_small,43,24,entry_movement,val_eval,0.1,665.0,5981.0,64.97649624060152,30.960814245109514,2.098668843984458,1.84479118412268,2.089960453612802,2.319161197023453
nearest_k60_no_price_coord_tabular,extra_trees_small,43,24,entry_movement,val_eval,0.2,1330.0,5316.0,62.77101503759399,27.257439804364182,2.30289475050198,2.0355035592696518,2.267963003877119,2.508164420340861
nearest_k60_no_price_coord_tabular,extra_trees_small,43,24,entry_movement,low_n_disclosure,0.05,59.0,1103.0,143.8571186440678,120.01125113327286,1.1986969328760186,0.8708884217712715,1.1974108396254477,1.6701625231126296
nearest_k60_no_price_coord_tabular,extra_trees_small,43,24,entry_movement,low_n_disclosure,0.1,117.0,1045.0,138.13470085470087,119.32844019138753,1.1576008253619212,0.8718995350736916,1.1397195877970037,1.5204870827171948
nearest_k60_no_price_coord_tabular,extra_trees_small,43,24,entry_movement,low_n_disclosure,0.2,233.0,929.0,140.00278969957083,116.51165769644778,1.2016204426884507,1.0160860137812615,1.1907217991548564,1.4281391529487093
nearest_k60_no_price_coord_tabular,extra_trees_small,44,24,entry_movement,val_select,0.05,333.0,6315.0,29.818648648648654,19.574669833729214,1.5233283065274486,1.327008958936521,1.5178090691892905,1.7273131597401412
nearest_k60_no_price_coord_tabular,extra_trees_small,44,24,entry_movement,val_select,0.1,665.0,5983.0,26.750105263157895,19.347288985458803,1.3826280924042103,1.2640475173008772,1.3827273534517304,1.536056900902138
nearest_k60_no_price_coord_tabular,extra_trees_small,44,24,entry_movement,val_select,0.2,1330.0,5318.0,25.02169172932331,18.85385483264385,1.327139301295583,1.2056274485801002,1.3245207804337387,1.4315678143429973
nearest_k60_no_price_coord_tabular,extra_trees_small,44,24,entry_movement,val_eval,0.05,333.0,6313.0,65.7307807807808,32.70990812608902,2.0095067380624876,1.6909276753942526,1.985513201693423,2.2500255638098636
nearest_k60_no_price_coord_tabular,extra_trees_small,44,24,entry_movement,val_eval,0.1,665.0,5981.0,65.73384962406017,30.876607590703895,2.1289207187337134,1.8632376926360914,2.1091798503841535,2.3452523310492643
nearest_k60_no_price_coord_tabular,extra_trees_small,44,24,entry_movement,val_eval,0.2,1330.0,5316.0,61.675458646616555,27.531534988713315,2.2401750818434465,2.022058432257702,2.2297811064737583,2.43877199391298
nearest_k60_no_price_coord_tabular,extra_trees_small,44,24,entry_movement,low_n_disclosure,0.05,59.0,1103.0,144.2964406779661,119.98775158658204,1.2025930877939917,0.8755516959399671,1.1575045493592642,1.5725218107820846
nearest_k60_no_price_coord_tabular,extra_trees_small,44,24,entry_movement,low_n_disclosure,0.1,117.0,1045.0,143.65068376068373,118.71086124401911,1.2100888011030342,0.9160553682430338,1.2373439032316345,1.6189970511296345
nearest_k60_no_price_coord_tabular,extra_trees_small,44,24,entry_movement,low_n_disclosure,0.2,233.0,929.0,135.07575107296134,117.74739504843917,1.147165514934692,0.9426721579491375,1.1467802281861392,1.4203946924977178
nearest_k80_no_price_coord_tabular,hist_gradient_boosting,42,3,entry_movement,val_select,0.05,333.0,6315.0,9.638498498498507,6.2051955661124305,1.5532948793968548,1.352671904027976,1.5181132356395006,1.742089586608839
nearest_k80_no_price_coord_tabular,hist_gradient_boosting,42,3,entry_movement,val_select,0.1,665.0,5983.0,8.884300751879707,6.098507437740263,1.4567991992433627,1.3222109476975046,1.4404594325712323,1.563700277051414
nearest_k80_no_price_coord_tabular,hist_gradient_boosting,42,3,entry_movement,val_select,0.2,1330.0,5318.0,8.082293233082712,5.950729597593079,1.3582020659032796,1.2662623196197278,1.3470328601888588,1.4417041807057267
nearest_k80_no_price_coord_tabular,hist_gradient_boosting,42,3,entry_movement,val_eval,0.05,333.0,6313.0,26.87801801801802,10.28054490733407,2.6144546091952217,2.308423777199362,2.5735610460350906,2.884146233291734
nearest_k80_no_price_coord_tabular,hist_gradient_boosting,42,3,entry_movement,val_eval,0.1,665.0,5981.0,24.547939849624072,9.61830463133255,2.5522106847870885,2.3002053548821584,2.5334362118363396,2.784560462813275
nearest_k80_no_price_coord_tabular,hist_gradient_boosting,42,3,entry_movement,val_eval,0.2,1330.0,5316.0,21.4419097744361,8.527787810383744,2.514357797262222,2.3026559176503327,2.4787928808948214,2.7035324905822105
nearest_k80_no_price_coord_tabular,hist_gradient_boosting,42,3,entry_movement,low_n_disclosure,0.05,59.0,1103.0,83.08728813559325,37.21367180417046,2.2327086822505335,1.572330992736669,2.271064459755511,3.016080645293486
nearest_k80_no_price_coord_tabular,hist_gradient_boosting,42,3,entry_movement,low_n_disclosure,0.1,117.0,1045.0,75.04641025641028,35.56784688995217,2.109950891562421,1.4019101049568712,2.088828118219395,2.6238501285300426
nearest_k80_no_price_coord_tabular,hist_gradient_boosting,42,3,entry_movement,low_n_disclosure,0.2,233.0,929.0,59.93399141630903,34.42864370290637,1.7408176730252538,1.359165208660802,1.7683604258594499,2.1985080131635635
nearest_k80_no_price_coord_tabular,hist_gradient_boosting,43,3,entry_movement,val_select,0.05,333.0,6315.0,9.094624624624633,6.233874901029295,1.4589039351949444,1.2856238437850982,1.4517496277378696,1.6729945058502964
nearest_k80_no_price_coord_tabular,hist_gradient_boosting,43,3,entry_movement,val_select,0.1,665.0,5983.0,8.669007518797,6.122436904562927,1.41594068733255,1.2849954935472094,1.4069156927082185,1.5426527296904513
nearest_k80_no_price_coord_tabular,hist_gradient_boosting,43,3,entry_movement,val_select,0.2,1330.0,5318.0,7.9415789473684235,5.985921399022188,1.326709526901856,1.2346596135651022,1.3273374618959253,1.4111858024502646
nearest_k80_no_price_coord_tabular,hist_gradient_boosting,43,3,entry_movement,val_eval,0.05,333.0,6313.0,25.23036036036037,10.367456043085696,2.4336115104328897,2.122066063029145,2.382402248431856,2.6797164083153255
nearest_k80_no_price_coord_tabular,hist_gradient_boosting,43,3,entry_movement,val_eval,0.1,665.0,5981.0,23.489518796992495,9.735985621133587,2.412649290073371,2.208501693502105,2.4102923229491164,2.6501057909280648
nearest_k80_no_price_coord_tabular,hist_gradient_boosting,43,3,entry_movement,val_eval,0.2,1330.0,5316.0,21.376127819548877,8.544245673438672,2.5018156823369937,2.2859954051949507,2.4686846718803004,2.6755077041334623
nearest_k80_no_price_coord_tabular,hist_gradient_boosting,43,3,entry_movement,low_n_disclosure,0.05,59.0,1103.0,74.85932203389842,37.65378966455123,1.9880952940142955,1.3342857760192541,1.919478897614875,2.47752457737163
nearest_k80_no_price_coord_tabular,hist_gradient_boosting,43,3,entry_movement,low_n_disclosure,0.1,117.0,1045.0,66.10410256410262,36.56904306220097,1.8076519653977523,1.3083708884610508,1.742846513823499,2.1890233813420314
nearest_k80_no_price_coord_tabular,hist_gradient_boosting,43,3,entry_movement,low_n_disclosure,0.2,233.0,929.0,58.32527896995712,34.83212055974167,1.674468221649658,1.3215793325884317,1.664745695394948,2.0698326913452862
nearest_k80_no_price_coord_tabular,hist_gradient_boosting,44,3,entry_movement,val_select,0.05,333.0,6315.0,9.555825825825835,6.209555027711796,1.5388905941215454,1.357280198744804,1.5225957369429972,1.7504067693954617
nearest_k80_no_price_coord_tabular,hist_gradient_boosting,44,3,entry_movement,val_select,0.1,665.0,5983.0,8.749368421052637,6.113504930636803,1.431154226637922,1.3012072079059323,1.4210339735876254,1.5419029250476393
nearest_k80_no_price_coord_tabular,hist_gradient_boosting,44,3,entry_movement,val_select,0.2,1330.0,5318.0,8.152789473684216,5.933098909364421,1.3741199326403235,1.2781087916652436,1.3704570655911794,1.4503498348890735
nearest_k80_no_price_coord_tabular,hist_gradient_boosting,44,3,entry_movement,val_eval,0.05,333.0,6313.0,26.19771771771773,10.316429589735465,2.5394171006395143,2.211804841843165,2.48906603525647,2.8195654222505633
nearest_k80_no_price_coord_tabular,hist_gradient_boosting,44,3,entry_movement,val_eval,0.1,665.0,5981.0,24.638330827067676,9.608254472496236,2.5642879148960143,2.2914628340836174,2.5235947746549297,2.7918103982964073
nearest_k80_no_price_coord_tabular,hist_gradient_boosting,44,3,entry_movement,val_eval,0.2,1330.0,5316.0,21.318360902255645,8.55869826937547,2.490841507818601,2.289375222235573,2.4603691648126604,2.667683602667817
nearest_k80_no_price_coord_tabular,hist_gradient_boosting,44,3,entry_movement,low_n_disclosure,0.05,59.0,1103.0,78.57694915254245,37.45493200362649,2.097906602658748,1.5085487552518841,1.934594161787393,2.338594245610693
nearest_k80_no_price_coord_tabular,hist_gradient_boosting,44,3,entry_movement,low_n_disclosure,0.1,117.0,1045.0,62.56743589743594,36.965014354067,1.692612244056983,1.3053928518270101,1.7318528106090625,2.012723384614726
nearest_k80_no_price_coord_tabular,hist_gradient_boosting,44,3,entry_movement,low_n_disclosure,0.2,233.0,929.0,57.211716738197445,35.1114101184069,1.6294337523118907,1.3138907422393842,1.6266145739426907,1.906169923114907
nearest_k80_no_price_coord_tabular,hist_gradient_boosting,42,6,entry_movement,val_select,0.05,333.0,6315.0,13.779129129129126,9.210921615201901,1.4959555302683023,1.3101972148964551,1.4821191154504583,1.6876279564060834
nearest_k80_no_price_coord_tabular,hist_gradient_boosting,42,6,entry_movement,val_select,0.1,665.0,5983.0,12.628240601503757,9.085348487380912,1.3899566559327627,1.2621711935077198,1.38887830916119,1.5178395024035716
nearest_k80_no_price_coord_tabular,hist_gradient_boosting,42,6,entry_movement,val_select,0.2,1330.0,5318.0,11.625789473684208,8.893027453930047,1.3072926552752837,1.2179571414285884,1.3010399829273742,1.385431497854657
nearest_k80_no_price_coord_tabular,hist_gradient_boosting,42,6,entry_movement,val_eval,0.05,333.0,6313.0,37.931561561561594,15.227245366703631,2.4910323993664623,2.20573723218435,2.4512762410326445,2.7203255379036055
nearest_k80_no_price_coord_tabular,hist_gradient_boosting,42,6,entry_movement,val_eval,0.1,665.0,5981.0,35.116766917293255,14.279913058017055,2.4591723195105826,2.2182561411568584,2.445178968882802,2.704473065419632
nearest_k80_no_price_coord_tabular,hist_gradient_boosting,42,6,entry_movement,val_eval,0.2,1330.0,5316.0,31.423278195488738,12.597413468773516,2.4944230236929825,2.285468110296468,2.4731112759818696,2.6804486392878073
nearest_k80_no_price_coord_tabular,hist_gradient_boosting,42,6,entry_movement,low_n_disclosure,0.05,59.0,1103.0,102.7420338983052,54.921523118767006,1.8707062015765117,1.199504557751327,1.7541550718522614,2.209448958327194
nearest_k80_no_price_coord_tabular,hist_gradient_boosting,42,6,entry_movement,low_n_disclosure,0.1,117.0,1045.0,90.84196581196584,53.59972248803828,1.6948215698735904,1.259522876597766,1.667337886945836,2.0783506160778944
nearest_k80_no_price_coord_tabular,hist_gradient_boosting,42,6,entry_movement,low_n_disclosure,0.2,233.0,929.0,77.87137339055795,52.20257265877289,1.4917152436063188,1.1412602811957377,1.4961141381246075,1.8681112844949066
nearest_k80_no_price_coord_tabular,hist_gradient_boosting,43,6,entry_movement,val_select,0.05,333.0,6315.0,13.80507507507507,9.209553444180523,1.4989950553789813,1.300149750086425,1.4847230764845074,1.723973837346952
nearest_k80_no_price_coord_tabular,hist_gradient_boosting,43,6,entry_movement,val_select,0.1,665.0,5983.0,12.42700751879699,9.107715193046966,1.3644484105392367,1.2382599145530186,1.355059756148941,1.4858768783848566
nearest_k80_no_price_coord_tabular,hist_gradient_boosting,43,6,entry_movement,val_select,0.2,1330.0,5318.0,11.622834586466166,8.893766453553967,1.3068517873911178,1.2174476744344864,1.3150652159591867,1.3928703330432444
nearest_k80_no_price_coord_tabular,hist_gradient_boosting,43,6,entry_movement,val_eval,0.05,333.0,6313.0,39.28066066066069,15.15608268651988,2.591742303939638,2.291486213490165,2.583358330183472,2.9567349213334717
nearest_k80_no_price_coord_tabular,hist_gradient_boosting,43,6,entry_movement,val_eval,0.1,665.0,5981.0,35.81123308270679,14.20269854539375,2.521438652538406,2.2558452659821135,2.4971240623021185,2.820251560295374
nearest_k80_no_price_coord_tabular,hist_gradient_boosting,43,6,entry_movement,val_eval,0.2,1330.0,5316.0,31.32479699248122,12.622052294958616,2.48175148228412,2.276296251397816,2.4697982835555865,2.6689524977226826
nearest_k80_no_price_coord_tabular,hist_gradient_boosting,43,6,entry_movement,low_n_disclosure,0.05,59.0,1103.0,118.71372881355944,54.067189483227565,2.195670423194203,1.4279028237555593,2.0411585896462716,2.638911340207478
nearest_k80_no_price_coord_tabular,hist_gradient_boosting,43,6,entry_movement,low_n_disclosure,0.1,117.0,1045.0,99.01692307692313,52.684440191387566,1.8794339033920235,1.2878372850397637,1.9163226409102232,2.455375245584461
nearest_k80_no_price_coord_tabular,hist_gradient_boosting,43,6,entry_movement,low_n_disclosure,0.2,233.0,929.0,82.32107296137342,51.08655543595265,1.6114038666118244,1.1771304969629728,1.608949443314811,2.0990343059876326
nearest_k80_no_price_coord_tabular,hist_gradient_boosting,44,6,entry_movement,val_select,0.05,333.0,6315.0,13.767927927927927,9.21151227236738,1.494643606916624,1.3029718959338947,1.4906854302202168,1.7260916216934075
nearest_k80_no_price_coord_tabular,hist_gradient_boosting,44,6,entry_movement,val_select,0.1,665.0,5983.0,12.737503759398491,9.073204078221627,1.4038595020663391,1.282206181514737,1.4049655366791105,1.5374712606994432
nearest_k80_no_price_coord_tabular,hist_gradient_boosting,44,6,entry_movement,val_select,0.2,1330.0,5318.0,11.885218045112781,8.828145919518617,1.346286995419403,1.2558293804759166,1.3485254607879065,1.4309617021702994
nearest_k80_no_price_coord_tabular,hist_gradient_boosting,44,6,entry_movement,val_eval,0.05,333.0,6313.0,37.2386786786787,15.263793758910188,2.4396738626621413,2.1751938961017516,2.411064098205037,2.676397761286282
nearest_k80_no_price_coord_tabular,hist_gradient_boosting,44,6,entry_movement,val_eval,0.1,665.0,5981.0,34.92580451127822,14.301145293429194,2.4421683574759037,2.2002106204995284,2.418321063131378,2.654482759277715
nearest_k80_no_price_coord_tabular,hist_gradient_boosting,44,6,entry_movement,val_eval,0.2,1330.0,5316.0,31.38154135338348,12.60785553047404,2.4890467119909623,2.2737345264751943,2.4619284410792455,2.6796424408678323
nearest_k80_no_price_coord_tabular,hist_gradient_boosting,44,6,entry_movement,low_n_disclosure,0.05,59.0,1103.0,114.03338983050854,54.317543064369914,2.0993841657265566,1.2335151705764476,1.9824896161305916,2.6878654837414073
nearest_k80_no_price_coord_tabular,hist_gradient_boosting,44,6,entry_movement,low_n_disclosure,0.1,117.0,1045.0,95.57025641025646,53.07033492822968,1.8008225600894,1.2067011281333335,1.816050033147992,2.4572505666086397
nearest_k80_no_price_coord_tabular,hist_gradient_boosting,44,6,entry_movement,low_n_disclosure,0.2,233.0,929.0,78.72240343347642,51.98912809472552,1.514208957111998,1.1238023907529129,1.5093277453775844,1.9427398469286847
nearest_k80_no_price_coord_tabular,hist_gradient_boosting,42,12,entry_movement,val_select,0.05,333.0,6315.0,19.703543543543546,13.424793349168647,1.4676980889812894,1.3036088441133242,1.4525110687854705,1.633534614351815
nearest_k80_no_price_coord_tabular,hist_gradient_boosting,42,12,entry_movement,val_select,0.1,665.0,5983.0,18.418962406015037,13.219160956042122,1.3933533654113066,1.25866357436946,1.3794329760676947,1.4990837844951346
nearest_k80_no_price_coord_tabular,hist_gradient_boosting,42,12,entry_movement,val_select,0.2,1330.0,5318.0,16.777075187969928,12.979567506581423,1.2925758257710003,1.2080650251074634,1.2884629629526043,1.3839260523216363
nearest_k80_no_price_coord_tabular,hist_gradient_boosting,42,12,entry_movement,val_eval,0.05,333.0,6313.0,51.959639639639676,22.082653255187715,2.3529618039640767,1.9854649576297283,2.276956308731333,2.5978110988176333
nearest_k80_no_price_coord_tabular,hist_gradient_boosting,42,12,entry_movement,val_eval,0.1,665.0,5981.0,48.47592481203011,20.811546564119713,2.329280270578514,2.081824649798352,2.2823112994637715,2.5557814869080286
nearest_k80_no_price_coord_tabular,hist_gradient_boosting,42,12,entry_movement,val_eval,0.2,1330.0,5316.0,43.763360902255656,18.529924755455234,2.361766789655833,2.129372238256066,2.3322077460944666,2.5476841894238165
nearest_k80_no_price_coord_tabular,hist_gradient_boosting,42,12,entry_movement,low_n_disclosure,0.05,59.0,1103.0,169.52593220338977,79.19610154125112,2.140584307866319,1.370334404711973,2.062039938074227,2.6084206327884627
nearest_k80_no_price_coord_tabular,hist_gradient_boosting,42,12,entry_movement,low_n_disclosure,0.1,117.0,1045.0,144.9868376068376,76.93001913875597,1.884658800686504,1.3148599770500946,1.8717938961436587,2.499430819147
nearest_k80_no_price_coord_tabular,hist_gradient_boosting,42,12,entry_movement,low_n_disclosure,0.2,233.0,929.0,115.93656652360512,75.71809472551129,1.5311606419032522,1.1795765473626307,1.5241526784637554,1.948963415627505
nearest_k80_no_price_coord_tabular,hist_gradient_boosting,43,12,entry_movement,val_select,0.05,333.0,6315.0,19.067027027027027,13.458357878068092,1.416742458461362,1.2477561135751163,1.4132117472017056,1.5959066042223413
nearest_k80_no_price_coord_tabular,hist_gradient_boosting,43,12,entry_movement,val_select,0.1,665.0,5983.0,17.65872180451128,13.303660371051313,1.3273581339265512,1.211900618254801,1.3308652230234757,1.4343197877574225
nearest_k80_no_price_coord_tabular,hist_gradient_boosting,43,12,entry_movement,val_select,0.2,1330.0,5318.0,16.415601503759397,13.069969913501318,1.255978522705093,1.1794616152109834,1.2556057054677012,1.3303751760999845
nearest_k80_no_price_coord_tabular,hist_gradient_boosting,43,12,entry_movement,val_eval,0.05,333.0,6313.0,48.30720720720723,22.27531284650721,2.1686432662058817,1.9848993516569737,2.1716209021254715,2.4146244721144003
nearest_k80_no_price_coord_tabular,hist_gradient_boosting,43,12,entry_movement,val_eval,0.1,665.0,5981.0,48.794345864661686,20.776142785487377,2.348575785623965,2.1042934471501806,2.307798784276252,2.5779453500825453
nearest_k80_no_price_coord_tabular,hist_gradient_boosting,43,12,entry_movement,val_eval,0.2,1330.0,5316.0,44.423909774436105,18.364663280662157,2.4189885267983176,2.194605157778845,2.3983016830713306,2.6151860185190863
nearest_k80_no_price_coord_tabular,hist_gradient_boosting,43,12,entry_movement,low_n_disclosure,0.05,59.0,1103.0,144.20576271186428,80.5504895738894,1.790253088152662,1.213667230064826,1.763846666951267,2.7252426673762464
nearest_k80_no_price_coord_tabular,hist_gradient_boosting,43,12,entry_movement,low_n_disclosure,0.1,117.0,1045.0,124.49786324786317,79.22399999999999,1.571466515801565,1.1456427675957885,1.5335391193663983,2.20668794269867
nearest_k80_no_price_coord_tabular,hist_gradient_boosting,43,12,entry_movement,low_n_disclosure,0.2,233.0,929.0,108.15184549356222,77.67055974165768,1.3924432352913283,1.1276151595172519,1.3986948858749617,1.8321145343997272
nearest_k80_no_price_coord_tabular,hist_gradient_boosting,44,12,entry_movement,val_select,0.05,333.0,6315.0,18.788318318318318,13.473054631828978,1.3945106608513609,1.2297949993215953,1.3922511343992816,1.5702084389669286
nearest_k80_no_price_coord_tabular,hist_gradient_boosting,44,12,entry_movement,val_select,0.1,665.0,5983.0,17.65421052631579,13.304161791743272,1.3269690193689776,1.2298246139394249,1.3280771461363836,1.4337571576487032
nearest_k80_no_price_coord_tabular,hist_gradient_boosting,44,12,entry_movement,val_select,0.2,1330.0,5318.0,16.837398496240606,12.964481007897707,1.2987329370133363,1.2105088506356385,1.2880424187586381,1.3654749916279776
nearest_k80_no_price_coord_tabular,hist_gradient_boosting,44,12,entry_movement,val_eval,0.05,333.0,6313.0,52.52417417417421,22.05287501980041,2.3817381691509527,2.0878166049571742,2.346375235648002,2.619930140065692
nearest_k80_no_price_coord_tabular,hist_gradient_boosting,44,12,entry_movement,val_eval,0.1,665.0,5981.0,49.685714285714305,20.677035612773786,2.402941853764552,2.1762861306025174,2.3615515602381323,2.567133038933084
nearest_k80_no_price_coord_tabular,hist_gradient_boosting,44,12,entry_movement,val_eval,0.2,1330.0,5316.0,44.63273684210527,18.312417231000758,2.437293574031686,2.1942271740055985,2.400200740298124,2.6117965102649237
nearest_k80_no_price_coord_tabular,hist_gradient_boosting,44,12,entry_movement,low_n_disclosure,0.05,59.0,1103.0,151.75627118644067,80.14660924750679,1.8934833626933696,1.2937418588634506,1.8024177844378155,2.2520514143489976
nearest_k80_no_price_coord_tabular,hist_gradient_boosting,44,12,entry_movement,low_n_disclosure,0.1,117.0,1045.0,129.42803418803416,78.67200956937799,1.6451598846460922,1.2722182454047777,1.6323883742007455,2.0210116047183755
nearest_k80_no_price_coord_tabular,hist_gradient_boosting,44,12,entry_movement,low_n_disclosure,0.2,233.0,929.0,117.11832618025751,75.42170075349837,1.5528465283889143,1.2120406907619667,1.5554900850957,1.9335050963587055
nearest_k80_no_price_coord_tabular,hist_gradient_boosting,42,24,entry_movement,val_select,0.05,333.0,6315.0,28.02513513513513,19.66924465558195,1.4248200999005753,1.2292533288655767,1.3976850193381876,1.6049059082703256
nearest_k80_no_price_coord_tabular,hist_gradient_boosting,42,24,entry_movement,val_select,0.1,665.0,5983.0,24.949593984962412,19.547412669229487,1.276362985073557,1.1637507859481695,1.2800107564548786,1.4279048615891785
nearest_k80_no_price_coord_tabular,hist_gradient_boosting,42,24,entry_movement,val_select,0.2,1330.0,5318.0,23.396285714285717,19.260359157578037,1.2147377690555885,1.1231581926511185,1.2072405352396645,1.3041005297916233
nearest_k80_no_price_coord_tabular,hist_gradient_boosting,42,24,entry_movement,val_eval,0.05,333.0,6313.0,78.2560960960961,32.049219071756696,2.4417473611723386,2.026444349604855,2.4086771903338766,2.827779281779226
nearest_k80_no_price_coord_tabular,hist_gradient_boosting,42,24,entry_movement,val_eval,0.1,665.0,5981.0,71.074,30.28286072563117,2.347004156705827,2.047131313611229,2.304894937704952,2.6301478819399735
nearest_k80_no_price_coord_tabular,hist_gradient_boosting,42,24,entry_movement,val_eval,0.2,1330.0,5316.0,62.09396240601504,27.426830323551542,2.2639860922133126,2.023378125546094,2.240960035308879,2.4548325441005403
nearest_k80_no_price_coord_tabular,hist_gradient_boosting,42,24,entry_movement,low_n_disclosure,0.05,59.0,1103.0,269.10474576271184,113.31169537624659,2.3749070638221514,1.4510719433835715,2.3034306596791887,3.4586394802108726
nearest_k80_no_price_coord_tabular,hist_gradient_boosting,42,24,entry_movement,low_n_disclosure,0.1,117.0,1045.0,211.92905982905984,111.06629665071769,1.908131145270255,1.3406604373968365,1.9111680785674716,2.6872565783160662
nearest_k80_no_price_coord_tabular,hist_gradient_boosting,42,24,entry_movement,low_n_disclosure,0.2,233.0,929.0,174.39729613733903,107.88526372443486,1.616507112433743,1.2564242263481833,1.6173053260238084,2.1723258294342216
nearest_k80_no_price_coord_tabular,hist_gradient_boosting,43,24,entry_movement,val_select,0.05,333.0,6315.0,28.640540540540545,19.63679334916865,1.4585141286193288,1.2739243718464024,1.451306136891478,1.6656676730032782
nearest_k80_no_price_coord_tabular,hist_gradient_boosting,43,24,entry_movement,val_select,0.1,665.0,5983.0,25.707353383458653,19.46318903560087,1.3208191800653193,1.1897191410109722,1.314955366619806,1.4520103171676935
nearest_k80_no_price_coord_tabular,hist_gradient_boosting,43,24,entry_movement,val_select,0.2,1330.0,5318.0,23.66531578947369,19.19307634449041,1.233013163951025,1.1462321144076597,1.2247641473362463,1.3129429598992939
nearest_k80_no_price_coord_tabular,hist_gradient_boosting,43,24,entry_movement,val_eval,0.05,333.0,6313.0,79.29837837837837,31.994240456201492,2.4785204226658815,2.0204352228946836,2.363227282539659,2.7976175992911956
nearest_k80_no_price_coord_tabular,hist_gradient_boosting,43,24,entry_movement,val_eval,0.1,665.0,5981.0,70.53066165413534,30.343272028088947,2.324425051749353,2.0132093421457453,2.275832543498643,2.6262937160347493
nearest_k80_no_price_coord_tabular,hist_gradient_boosting,43,24,entry_movement,val_eval,0.2,1330.0,5316.0,61.589812030075194,27.552962753950343,2.2353244759946875,1.9859200013307605,2.210707494097406,2.408202115656446
nearest_k80_no_price_coord_tabular,hist_gradient_boosting,43,24,entry_movement,low_n_disclosure,0.05,59.0,1103.0,201.75457627118638,116.91428830462374,1.7256622710263496,1.2022857741780169,1.7120939780871476,2.4568042739579363
nearest_k80_no_price_coord_tabular,hist_gradient_boosting,43,24,entry_movement,low_n_disclosure,0.1,117.0,1045.0,199.53641025641025,112.45379904306219,1.7743856762011332,1.2742003340121817,1.7354843106708495,2.1967525283701748
nearest_k80_no_price_coord_tabular,hist_gradient_boosting,43,24,entry_movement,low_n_disclosure,0.2,233.0,929.0,164.5589270386266,110.35279870828846,1.4912075539980554,1.1244531031674179,1.4654373565574892,1.8626468934917595
nearest_k80_no_price_coord_tabular,hist_gradient_boosting,44,24,entry_movement,val_select,0.05,333.0,6315.0,27.24570570570571,19.710345209817895,1.3823048462963696,1.1837122182446185,1.3802836457454206,1.5608076926609276
nearest_k80_no_price_coord_tabular,hist_gradient_boosting,44,24,entry_movement,val_select,0.1,665.0,5983.0,25.005924812030077,19.541151596189202,1.279654614465331,1.1566415193015236,1.271906699732443,1.4007583667513923
nearest_k80_no_price_coord_tabular,hist_gradient_boosting,44,24,entry_movement,val_select,0.2,1330.0,5318.0,23.066932330827072,19.342728469349378,1.1925376695112633,1.1145003499549673,1.1905409864049274,1.2792589148313354
nearest_k80_no_price_coord_tabular,hist_gradient_boosting,44,24,entry_movement,val_eval,0.05,333.0,6313.0,75.35165165165166,32.20242357041026,2.3399372872323125,1.955818269340278,2.302798893497653,2.648915456262938
nearest_k80_no_price_coord_tabular,hist_gradient_boosting,44,24,entry_movement,val_eval,0.1,665.0,5981.0,69.30279699248122,30.4797926768099,2.2737292778637967,1.9500404689136321,2.2244927814652957,2.5380712630080784
nearest_k80_no_price_coord_tabular,hist_gradient_boosting,44,24,entry_movement,val_eval,0.2,1330.0,5316.0,60.615285714285726,27.7967776523702,2.180658724991353,1.920869171056201,2.1512369627664922,2.3669842194380566
nearest_k80_no_price_coord_tabular,hist_gradient_boosting,44,24,entry_movement,low_n_disclosure,0.05,59.0,1103.0,267.6679661016949,113.38854941069808,2.3606260728514155,1.3344902601668018,2.2314634692962727,3.1815889047730934
nearest_k80_no_price_coord_tabular,hist_gradient_boosting,44,24,entry_movement,low_n_disclosure,0.1,117.0,1045.0,208.60025641025638,111.438995215311,1.8718784749200257,1.3119583020947438,1.841227766441079,2.5185196682989517
nearest_k80_no_price_coord_tabular,hist_gradient_boosting,44,24,entry_movement,low_n_disclosure,0.2,233.0,929.0,170.54266094420595,108.85203444564047,1.5667383876906142,1.1927628355457984,1.5382309079136487,2.028088147227658
nearest_k80_no_price_coord_tabular,extra_trees_small,42,3,entry_movement,val_select,0.05,333.0,6315.0,9.73495495495496,6.200109263657958,1.5701263543880681,1.4018241917969452,1.5619304725208818,1.771306295807257
nearest_k80_no_price_coord_tabular,extra_trees_small,42,3,entry_movement,val_select,0.1,665.0,5983.0,8.925518796992487,6.093926124018051,1.4646581883909378,1.340033782215747,1.4627684372059888,1.594960694335519
nearest_k80_no_price_coord_tabular,extra_trees_small,42,3,entry_movement,val_select,0.2,1330.0,5318.0,8.087954887218048,5.949313651748777,1.3594769683794745,1.2821116925001073,1.3701809999190373,1.4627619307129591
nearest_k80_no_price_coord_tabular,extra_trees_small,42,3,entry_movement,val_eval,0.05,333.0,6313.0,25.624654654654673,10.34665769047996,2.4766118123567686,2.2344505094933393,2.445398951128434,2.730699713092023
nearest_k80_no_price_coord_tabular,extra_trees_small,42,3,entry_movement,val_eval,0.1,665.0,5981.0,24.130721804511285,9.66469319511787,2.496791291491896,2.3049102581670278,2.4812314276472005,2.7313513979047306
nearest_k80_no_price_coord_tabular,extra_trees_small,42,3,entry_movement,val_eval,0.2,1330.0,5316.0,21.541699248120302,8.502821670428892,2.533476542620906,2.3370571448949016,2.511826773254967,2.735412712116302
nearest_k80_no_price_coord_tabular,extra_trees_small,42,3,entry_movement,low_n_disclosure,0.05,59.0,1103.0,54.85576271186445,38.72378966455124,1.4165907620885783,1.0545953109518136,1.3705449865851622,1.7369316972398874
nearest_k80_no_price_coord_tabular,extra_trees_small,42,3,entry_movement,low_n_disclosure,0.1,117.0,1045.0,59.812393162393235,37.273473684210536,1.6046906083703822,1.231169045549664,1.5892937339002442,1.9145879315326608
nearest_k80_no_price_coord_tabular,extra_trees_small,42,3,entry_movement,low_n_disclosure,0.2,233.0,929.0,53.16244635193139,36.12699677072122,1.4715434745192102,1.1866213050765424,1.4876902932688094,1.7761964405477046
nearest_k80_no_price_coord_tabular,extra_trees_small,43,3,entry_movement,val_select,0.05,333.0,6315.0,9.925855855855858,6.190042755344418,1.6035197571593471,1.4250631863490064,1.5728868143960828,1.7958646727281344
nearest_k80_no_price_coord_tabular,extra_trees_small,43,3,entry_movement,val_select,0.1,665.0,5983.0,8.910706766917297,6.095572455289988,1.4618326387350578,1.3417585663435463,1.4582161019919457,1.604690207482738
nearest_k80_no_price_coord_tabular,extra_trees_small,43,3,entry_movement,val_select,0.2,1330.0,5318.0,8.067729323308273,5.954371944339977,1.3549253218850699,1.263185146015569,1.3620663671619218,1.4455366773484348
nearest_k80_no_price_coord_tabular,extra_trees_small,43,3,entry_movement,val_eval,0.05,333.0,6313.0,25.668588588588598,10.344340250277204,2.481413794166403,2.277434346068606,2.497501676384725,2.754831602765365
nearest_k80_no_price_coord_tabular,extra_trees_small,43,3,entry_movement,val_eval,0.1,665.0,5981.0,24.33505263157896,9.641974586189598,2.5238660830359962,2.2843180718523626,2.4757469005275317,2.720644473272437
nearest_k80_no_price_coord_tabular,extra_trees_small,43,3,entry_movement,val_eval,0.2,1330.0,5316.0,21.487308270676692,8.516429646350637,2.523041833602675,2.3201569651872402,2.4944411479494057,2.720627394640102
nearest_k80_no_price_coord_tabular,extra_trees_small,43,3,entry_movement,low_n_disclosure,0.05,59.0,1103.0,56.453898305084834,38.63830462375341,1.461086319775507,1.0039367262995507,1.3604241944591953,1.7626827854888085
nearest_k80_no_price_coord_tabular,extra_trees_small,43,3,entry_movement,low_n_disclosure,0.1,117.0,1045.0,49.858632478632494,38.3879138755981,1.298810678803933,0.9646589163397519,1.2827228675995483,1.7043221048404606
nearest_k80_no_price_coord_tabular,extra_trees_small,43,3,entry_movement,low_n_disclosure,0.2,233.0,929.0,45.26622317596569,38.107427341227144,1.1878582820780894,0.9811077743104634,1.2251789569185618,1.5625219410511682
nearest_k80_no_price_coord_tabular,extra_trees_small,44,3,entry_movement,val_select,0.05,333.0,6315.0,9.831231231231232,6.195032462391133,1.5869539491382447,1.4037028155551075,1.5766990622925223,1.7785496568273698
nearest_k80_no_price_coord_tabular,extra_trees_small,44,3,entry_movement,val_select,0.1,665.0,5983.0,8.857052631578949,6.101536018719705,1.4516103165506573,1.3324758013810127,1.4542161856597569,1.5845164285313837
nearest_k80_no_price_coord_tabular,extra_trees_small,44,3,entry_movement,val_select,0.2,1330.0,5318.0,8.14003007518797,5.936289958631064,1.3712318858941148,1.2755396559095722,1.368617147792449,1.456092972562145
nearest_k80_no_price_coord_tabular,extra_trees_small,44,3,entry_movement,val_eval,0.05,333.0,6313.0,21.90123123123126,10.54306193568826,2.077312204445618,1.8895328589303826,2.0851050354290295,2.3080737832701517
nearest_k80_no_price_coord_tabular,extra_trees_small,44,3,entry_movement,val_eval,0.1,665.0,5981.0,22.971563909774467,9.793574653068044,2.3455750043808714,2.1142802084382977,2.3098352584538357,2.559565359578744
nearest_k80_no_price_coord_tabular,extra_trees_small,44,3,entry_movement,val_eval,0.2,1330.0,5316.0,21.37889473684211,8.543553423626784,2.5023422546548146,2.30903908583223,2.4834471047232634,2.69724036224014
nearest_k80_no_price_coord_tabular,extra_trees_small,44,3,entry_movement,low_n_disclosure,0.05,59.0,1103.0,51.07406779661026,38.92607434270173,1.3120785658209113,1.0323200016469385,1.3439154700685618,1.814737400150328
nearest_k80_no_price_coord_tabular,extra_trees_small,44,3,entry_movement,low_n_disclosure,0.1,117.0,1045.0,55.797350427350494,37.723004784689,1.4791332436486475,1.1854692483808777,1.4962146340771825,1.9371461522520803
nearest_k80_no_price_coord_tabular,extra_trees_small,44,3,entry_movement,low_n_disclosure,0.2,233.0,929.0,53.738884120171704,35.98242195909582,1.4934760139620706,1.1872563564658978,1.4754692774427565,1.7872961546223824
nearest_k80_no_price_coord_tabular,extra_trees_small,42,6,entry_movement,val_select,0.05,333.0,6315.0,14.157087087087078,9.190991290577989,1.5403221088458663,1.3557529384942175,1.530338633462812,1.770051760827851
nearest_k80_no_price_coord_tabular,extra_trees_small,42,6,entry_movement,val_select,0.1,665.0,5983.0,12.788406015037594,9.067546381414006,1.4103491150870024,1.283126275858097,1.4111292857922968,1.5478462242780626
nearest_k80_no_price_coord_tabular,extra_trees_small,42,6,entry_movement,val_select,0.2,1330.0,5318.0,11.727383458646612,8.86761940579165,1.3224951277213344,1.2144397880067612,1.3179462118078882,1.3939304085790933
nearest_k80_no_price_coord_tabular,extra_trees_small,42,6,entry_movement,val_eval,0.05,333.0,6313.0,38.6154954954955,15.191169016315543,2.5419699730825114,2.223131366481368,2.4900226698896875,2.789592980457494
nearest_k80_no_price_coord_tabular,extra_trees_small,42,6,entry_movement,val_eval,0.1,665.0,5981.0,35.45206015037594,14.24263333890654,2.4891506582235534,2.2611738682858804,2.469686795249758,2.748964440662151
nearest_k80_no_price_coord_tabular,extra_trees_small,42,6,entry_movement,val_eval,0.2,1330.0,5316.0,31.824571428571446,12.497014672686229,2.5465739028160046,2.3275203969904914,2.5236038841370463,2.7450347903461716
nearest_k80_no_price_coord_tabular,extra_trees_small,42,6,entry_movement,low_n_disclosure,0.05,59.0,1103.0,64.15305084745765,56.98566636446058,1.1257752157736818,0.9312959967909341,1.1079407189673782,1.5191242408213825
nearest_k80_no_price_coord_tabular,extra_trees_small,42,6,entry_movement,low_n_disclosure,0.1,117.0,1045.0,75.20102564102565,55.3509090909091,1.35862313512348,1.0725721905602927,1.3287956196504465,1.660613135544923
nearest_k80_no_price_coord_tabular,extra_trees_small,42,6,entry_movement,low_n_disclosure,0.2,233.0,929.0,72.85266094420604,53.461302475780414,1.3627176587628125,1.1320472624207192,1.3713007189463133,1.675262865170144
nearest_k80_no_price_coord_tabular,extra_trees_small,43,6,entry_movement,val_select,0.05,333.0,6315.0,14.257387387387379,9.185702296120347,1.552128180053157,1.347751918353242,1.5184662939081672,1.7664336634104556
nearest_k80_no_price_coord_tabular,extra_trees_small,43,6,entry_movement,val_select,0.1,665.0,5983.0,12.844421052631574,9.061320407822162,1.4174999309751435,1.2860661325763831,1.4139315215934833,1.5571505480201104
nearest_k80_no_price_coord_tabular,extra_trees_small,43,6,entry_movement,val_select,0.2,1330.0,5318.0,11.859165413533834,8.834661526889807,1.3423451908642374,1.2411202840131859,1.3341754644420745,1.4218939586713049
nearest_k80_no_price_coord_tabular,extra_trees_small,43,6,entry_movement,val_eval,0.05,333.0,6313.0,36.948378378378386,15.279106605417397,2.4182289797806553,2.1813788730217056,2.4005001936856605,2.680648684689491
nearest_k80_no_price_coord_tabular,extra_trees_small,43,6,entry_movement,val_eval,0.1,665.0,5981.0,34.59995488721807,14.337375020899515,2.4132698514743387,2.2194186303769707,2.402262762107383,2.6511366176879614
nearest_k80_no_price_coord_tabular,extra_trees_small,43,6,entry_movement,val_eval,0.2,1330.0,5316.0,31.560045112781967,12.56319601203913,2.5121032166129087,2.304335075670445,2.4748530399936755,2.6957631860370688
nearest_k80_no_price_coord_tabular,extra_trees_small,43,6,entry_movement,low_n_disclosure,0.05,59.0,1103.0,63.61169491525432,57.01462375339983,1.115708404748722,0.9111088557256336,1.137399641661367,1.527463797104528
nearest_k80_no_price_coord_tabular,extra_trees_small,43,6,entry_movement,low_n_disclosure,0.1,117.0,1045.0,71.75880341880345,55.736306220095706,1.2874696635876246,1.0466118454557154,1.2565950113205138,1.5176128752821987
nearest_k80_no_price_coord_tabular,extra_trees_small,43,6,entry_movement,low_n_disclosure,0.2,233.0,929.0,68.6024892703863,54.52727664155007,1.2581315902014232,1.0791106171828662,1.2585475319561619,1.4914781100511634
nearest_k80_no_price_coord_tabular,extra_trees_small,44,6,entry_movement,val_select,0.05,333.0,6315.0,13.826546546546538,9.208421219319082,1.5015110861282848,1.3166810034726537,1.4890243699632055,1.7513538176446997
nearest_k80_no_price_coord_tabular,extra_trees_small,44,6,entry_movement,val_select,0.1,665.0,5983.0,12.721699248120299,9.074960722045798,1.4018462049334803,1.2725944935033473,1.403332855486069,1.5332146761626935
nearest_k80_no_price_coord_tabular,extra_trees_small,44,6,entry_movement,val_select,0.2,1330.0,5318.0,11.797503759398493,8.85008273787138,1.333038809785865,1.2315893894526122,1.3348203604500162,1.4287733253192771
nearest_k80_no_price_coord_tabular,extra_trees_small,44,6,entry_movement,val_eval,0.05,333.0,6313.0,33.93672672672676,15.437966101694919,2.1982641044276474,1.9769954408804256,2.1891835656313177,2.423134907800627
nearest_k80_no_price_coord_tabular,extra_trees_small,44,6,entry_movement,val_eval,0.1,665.0,5981.0,33.49669172932334,14.460041799030265,2.3165003389941603,2.129128602672573,2.3108267397747775,2.5117368968985514
nearest_k80_no_price_coord_tabular,extra_trees_small,44,6,entry_movement,val_eval,0.2,1330.0,5316.0,31.674969924812046,12.534443190368696,2.5270344636569644,2.2886918198336255,2.487023974742926,2.719786818417774
nearest_k80_no_price_coord_tabular,extra_trees_small,44,6,entry_movement,low_n_disclosure,0.05,59.0,1103.0,88.28338983050851,55.69492293744335,1.5851245530884133,1.1323847643721812,1.549631106976817,2.0862398071185684
nearest_k80_no_price_coord_tabular,extra_trees_small,44,6,entry_movement,low_n_disclosure,0.1,117.0,1045.0,77.96461538461539,55.041492822966525,1.416469855484806,1.1321250756331074,1.4199042939047173,1.7534438664485408
nearest_k80_no_price_coord_tabular,extra_trees_small,44,6,entry_movement,low_n_disclosure,0.2,233.0,929.0,67.75321888412017,54.740279870828864,1.2377214556446927,1.0275922064344338,1.2566315762886953,1.5135681909039387
nearest_k80_no_price_coord_tabular,extra_trees_small,42,12,entry_movement,val_select,0.05,333.0,6315.0,19.922852852852852,13.413228820269202,1.4853137242202807,1.3168511068579987,1.4765842756420557,1.663745747560376
nearest_k80_no_price_coord_tabular,extra_trees_small,42,12,entry_movement,val_select,0.1,665.0,5983.0,18.392827067669177,13.222065853250879,1.3910705990884908,1.2690848625029325,1.3922258135519896,1.51902149782039
nearest_k80_no_price_coord_tabular,extra_trees_small,42,12,entry_movement,val_select,0.2,1330.0,5318.0,17.05572180451128,12.909879654005266,1.3211371648394703,1.2130051431599873,1.3095548392453316,1.3958107771204367
nearest_k80_no_price_coord_tabular,extra_trees_small,42,12,entry_movement,val_eval,0.05,333.0,6313.0,47.57690690690693,22.31383494376684,2.1321707822436453,1.9319602639601658,2.15291674032309,2.4318839343048566
nearest_k80_no_price_coord_tabular,extra_trees_small,42,12,entry_movement,val_eval,0.1,665.0,5981.0,49.83184962406016,20.66078749373015,2.4119046594512645,2.1392457078982265,2.343903176892103,2.6314641762954825
nearest_k80_no_price_coord_tabular,extra_trees_small,42,12,entry_movement,val_eval,0.2,1330.0,5316.0,44.7768120300752,18.276371331828443,2.4499837094082255,2.2208684733786135,2.414124073166726,2.6402797162654004
nearest_k80_no_price_coord_tabular,extra_trees_small,42,12,entry_movement,low_n_disclosure,0.05,59.0,1103.0,114.69203389830514,82.12919310970081,1.3964831450993291,1.0036119590212997,1.4098266874400456,2.010728215155657
nearest_k80_no_price_coord_tabular,extra_trees_small,42,12,entry_movement,low_n_disclosure,0.1,117.0,1045.0,103.14726495726502,81.61444976076552,1.2638358190200156,1.0080081938046512,1.2571485944301144,1.572282013801035
nearest_k80_no_price_coord_tabular,extra_trees_small,42,12,entry_movement,low_n_disclosure,0.2,233.0,929.0,98.57364806866954,80.07284176533906,1.231049702938592,1.0105287625579635,1.255528372210284,1.6269358939875145
nearest_k80_no_price_coord_tabular,extra_trees_small,43,12,entry_movement,val_select,0.05,333.0,6315.0,20.322882882882883,13.392134600158354,1.517523792110227,1.3215152252578746,1.5032346528692087,1.6877415575737185
nearest_k80_no_price_coord_tabular,extra_trees_small,43,12,entry_movement,val_select,0.1,665.0,5983.0,18.45987969924812,13.214613070366036,1.3969292631537333,1.2819285580893165,1.3911865591453167,1.5144535165014672
nearest_k80_no_price_coord_tabular,extra_trees_small,43,12,entry_movement,val_select,0.2,1330.0,5318.0,17.129165413533837,12.891511846558856,1.3287165708268842,1.2312348287648394,1.3265493065832197,1.414115990871699
nearest_k80_no_price_coord_tabular,extra_trees_small,43,12,entry_movement,val_eval,0.05,333.0,6313.0,48.08933933933934,22.28680500554412,2.1577493645848524,1.955822747355357,2.1511585622487663,2.420939091841151
nearest_k80_no_price_coord_tabular,extra_trees_small,43,12,entry_movement,val_eval,0.1,665.0,5981.0,46.922000000000004,20.984320347767937,2.2360504997242385,2.0193924736563,2.227475950573157,2.4132392451531164
nearest_k80_no_price_coord_tabular,extra_trees_small,43,12,entry_movement,val_eval,0.2,1330.0,5316.0,44.25279699248121,18.407473664409334,2.404066837158841,2.160958678327012,2.3603725542583494,2.589575087192459
nearest_k80_no_price_coord_tabular,extra_trees_small,43,12,entry_movement,low_n_disclosure,0.05,59.0,1103.0,92.90915254237295,83.29436990027196,1.115431362931405,0.9361450536613222,1.128267714481038,1.3962289603892954
nearest_k80_no_price_coord_tabular,extra_trees_small,43,12,entry_movement,low_n_disclosure,0.1,117.0,1045.0,103.19829059829065,81.60873684210524,1.2645495395665343,1.0058474019805033,1.2404080204586703,1.6015971080694558
nearest_k80_no_price_coord_tabular,extra_trees_small,43,12,entry_movement,low_n_disclosure,0.2,233.0,929.0,100.21909871244637,79.66015069967708,1.2580832176715004,1.0091502314334215,1.2656792080269712,1.5528503248106686
nearest_k80_no_price_coord_tabular,extra_trees_small,44,12,entry_movement,val_select,0.05,333.0,6315.0,20.020510510510505,13.40807917656374,1.493167682474964,1.3438836645024592,1.5046330861061912,1.6763476777761237
nearest_k80_no_price_coord_tabular,extra_trees_small,44,12,entry_movement,val_select,0.1,665.0,5983.0,18.567007518797,13.20270600033428,1.4063031865078948,1.2746143797074334,1.4065015647493846,1.5284244742700368
nearest_k80_no_price_coord_tabular,extra_trees_small,44,12,entry_movement,val_select,0.2,1330.0,5318.0,17.30154887218045,12.848399774351261,1.3465917294011065,1.2351423549200715,1.343491672539979,1.4380879428694704
nearest_k80_no_price_coord_tabular,extra_trees_small,44,12,entry_movement,val_eval,0.05,333.0,6313.0,46.92789789789792,22.348069063836533,2.0998636510317694,1.8797738607787546,2.0894349521685394,2.307861575348001
nearest_k80_no_price_coord_tabular,extra_trees_small,44,12,entry_movement,val_eval,0.1,665.0,5981.0,44.78118796992482,21.222347433539543,2.11009588407516,1.919753539758755,2.117915161398985,2.3113441863648885
nearest_k80_no_price_coord_tabular,extra_trees_small,44,12,entry_movement,val_eval,0.2,1330.0,5316.0,43.99933082706768,18.470887885628294,2.3820907310742974,2.150470165003024,2.348851822142308,2.5547349705447124
nearest_k80_no_price_coord_tabular,extra_trees_small,44,12,entry_movement,low_n_disclosure,0.05,59.0,1103.0,105.60830508474581,82.61508612873979,1.2783174361178478,0.9451820483809773,1.2153746978255713,1.615089241272185
nearest_k80_no_price_coord_tabular,extra_trees_small,44,12,entry_movement,low_n_disclosure,0.1,117.0,1045.0,112.56068376068384,80.56050717703347,1.3972191549555328,1.0314497615460527,1.3329160080354145,1.8027713482224015
nearest_k80_no_price_coord_tabular,extra_trees_small,44,12,entry_movement,low_n_disclosure,0.2,233.0,929.0,102.37751072961372,79.11880516684607,1.2939719010381867,0.9985973807539943,1.2532756464547736,1.6713072589455502
nearest_k80_no_price_coord_tabular,extra_trees_small,42,24,entry_movement,val_select,0.05,333.0,6315.0,28.628408408408408,19.637433095803644,1.4578488068548052,1.29153060412028,1.4443322458029813,1.660446750166912
nearest_k80_no_price_coord_tabular,extra_trees_small,42,24,entry_movement,val_select,0.1,665.0,5983.0,26.731984962406017,19.349303025238175,1.3815476933478315,1.253571928803332,1.367558965152669,1.519722422925602
nearest_k80_no_price_coord_tabular,extra_trees_small,42,24,entry_movement,val_select,0.2,1330.0,5318.0,24.84912030075188,18.89701391500564,1.3149760280919212,1.21203962825324,1.3176950037195119,1.41987856822653
nearest_k80_no_price_coord_tabular,extra_trees_small,42,24,entry_movement,val_eval,0.05,333.0,6313.0,65.99849849849852,32.69578647235863,2.0185628063816226,1.780990246566184,2.0243680064302727,2.3323918443231557
nearest_k80_no_price_coord_tabular,extra_trees_small,42,24,entry_movement,val_eval,0.1,665.0,5981.0,63.540496240601506,31.120476508945,2.041758461581974,1.8299034497833637,2.0464780145046273,2.252696278969819
nearest_k80_no_price_coord_tabular,extra_trees_small,42,24,entry_movement,val_eval,0.2,1330.0,5316.0,61.37305263157895,27.60719337848006,2.223081926155505,2.0159139130238355,2.2109812432247318,2.4027537377981703
nearest_k80_no_price_coord_tabular,extra_trees_small,42,24,entry_movement,low_n_disclosure,0.05,59.0,1103.0,136.81457627118638,120.38796010879419,1.1364473336664855,0.8551168440011664,1.2146333672767078,1.6795461269238503
nearest_k80_no_price_coord_tabular,extra_trees_small,42,24,entry_movement,low_n_disclosure,0.1,117.0,1045.0,156.61504273504266,117.25934928229664,1.3356294717106008,1.0493075565041565,1.3650351714041529,1.7832401665465378
nearest_k80_no_price_coord_tabular,extra_trees_small,42,24,entry_movement,low_n_disclosure,0.2,233.0,929.0,150.70012875536477,113.82868675995692,1.3239204724654579,1.1101804695050694,1.3132886728417255,1.5714024978643808
nearest_k80_no_price_coord_tabular,extra_trees_small,43,24,entry_movement,val_select,0.05,333.0,6315.0,28.75537537537538,19.63073792557403,1.4648137774746708,1.2988174614025432,1.4418331787655538,1.6331468693558422
nearest_k80_no_price_coord_tabular,extra_trees_small,43,24,entry_movement,val_select,0.1,665.0,5983.0,26.88676691729324,19.332099281297012,1.390783614654051,1.26091583365221,1.3759302618067313,1.523848297410404
nearest_k80_no_price_coord_tabular,extra_trees_small,43,24,entry_movement,val_select,0.2,1330.0,5318.0,24.72829323308271,18.927232042121098,1.3064928447039585,1.2051855482010065,1.3025365445866497,1.4007846151079442
nearest_k80_no_price_coord_tabular,extra_trees_small,43,24,entry_movement,val_eval,0.05,333.0,6313.0,68.29252252252252,32.57478061143672,2.0964844963083378,1.8312245372909333,2.117164197003863,2.384060939926212
nearest_k80_no_price_coord_tabular,extra_trees_small,43,24,entry_movement,val_eval,0.1,665.0,5981.0,65.24264661654135,30.93122220364488,2.1092812365123184,1.8994755678571051,2.0934039014609045,2.2791371802544904
nearest_k80_no_price_coord_tabular,extra_trees_small,43,24,entry_movement,val_eval,0.2,1330.0,5316.0,61.582488721804516,27.554794958615496,2.2349100697100144,2.00851338564078,2.232507788269815,2.435033056158495
nearest_k80_no_price_coord_tabular,extra_trees_small,43,24,entry_movement,low_n_disclosure,0.05,59.0,1103.0,141.6494915254238,120.12933816863098,1.1791415293288638,0.7837699467420383,1.2334341056169722,1.8931820992022592
nearest_k80_no_price_coord_tabular,extra_trees_small,43,24,entry_movement,low_n_disclosure,0.1,117.0,1045.0,140.90282051282045,119.01851674641148,1.1838731011329697,0.876488897762716,1.2213520364068589,1.6545587127789299
nearest_k80_no_price_coord_tabular,extra_trees_small,43,24,entry_movement,low_n_disclosure,0.2,233.0,929.0,151.42854077253216,113.64599569429492,1.3324582168286105,1.067124358849788,1.335344497326953,1.6795005892304888
nearest_k80_no_price_coord_tabular,extra_trees_small,44,24,entry_movement,val_select,0.05,333.0,6315.0,28.81750750750751,19.62746159936659,1.4682238638763914,1.3118324224229319,1.4611130567608932,1.667703122350565
nearest_k80_no_price_coord_tabular,extra_trees_small,44,24,entry_movement,val_select,0.1,665.0,5983.0,26.944631578947373,19.32566772522146,1.3942406524863609,1.26797841815313,1.3823931152951365,1.5444851826980603
nearest_k80_no_price_coord_tabular,extra_trees_small,44,24,entry_movement,val_select,0.2,1330.0,5318.0,24.942759398496243,18.873595336592704,1.3215690467908072,1.219613341115716,1.3188321661955127,1.4214235700871907
nearest_k80_no_price_coord_tabular,extra_trees_small,44,24,entry_movement,val_eval,0.05,333.0,6313.0,66.2548948948949,32.68226199904959,2.0272432457955825,1.7739229291051473,1.9960039105117007,2.295265667915066
nearest_k80_no_price_coord_tabular,extra_trees_small,44,24,entry_movement,val_eval,0.1,665.0,5981.0,65.01165413533835,30.95690519979937,2.100069555265482,1.876211440761194,2.0735345351099053,2.2889188785886327
nearest_k80_no_price_coord_tabular,extra_trees_small,44,24,entry_movement,val_eval,0.2,1330.0,5316.0,62.621338345864665,27.294887133182847,2.294251595191059,2.0485949273711257,2.268393123534688,2.4969478898955657
nearest_k80_no_price_coord_tabular,extra_trees_small,44,24,entry_movement,low_n_disclosure,0.05,59.0,1103.0,185.61491525423725,117.77760652765183,1.5759779870433908,1.1564860123871266,1.5738358551069624,2.0395240673394994
nearest_k80_no_price_coord_tabular,extra_trees_small,44,24,entry_movement,low_n_disclosure,0.1,117.0,1045.0,171.21247863247868,115.62499521531099,1.480756633231902,1.1479120160257317,1.4850344855332551,1.8330510214421551
nearest_k80_no_price_coord_tabular,extra_trees_small,44,24,entry_movement,low_n_disclosure,0.2,233.0,929.0,156.48253218884116,112.37841765339073,1.392460718493839,1.1737289143715721,1.4133853366033913,1.7336573281588836
nearest_k60_sequence_flat,hist_gradient_boosting,42,3,entry_movement,val_select,0.05,333.0,6315.0,12.292102102102106,6.065266825019793,2.0266383090346554,1.8751148486558102,2.023547513718332,2.141967345170791
nearest_k60_sequence_flat,hist_gradient_boosting,42,3,entry_movement,val_select,0.1,665.0,5983.0,11.736180451127819,5.781525990305867,2.0299451167055853,1.908555503450452,2.0216478476653528,2.113028245086056
nearest_k60_sequence_flat,hist_gradient_boosting,42,3,entry_movement,val_select,0.2,1330.0,5318.0,10.656676691729324,5.306891688604739,2.008082568297361,1.9134380285108736,2.0061888832471304,2.0995800770987145
nearest_k60_sequence_flat,hist_gradient_boosting,42,3,entry_movement,val_eval,0.05,333.0,6313.0,24.406966966966944,10.410888642483764,2.3443692277496195,2.0793076268147117,2.307015177576729,2.6560916299869306
nearest_k60_sequence_flat,hist_gradient_boosting,42,3,entry_movement,val_eval,0.1,665.0,5981.0,21.00102255639097,10.012670122053168,2.0974447675186734,1.9160856048223425,2.0839668161895406,2.289559343056286
nearest_k60_sequence_flat,hist_gradient_boosting,42,3,entry_movement,val_eval,0.2,1330.0,5316.0,18.53567669172932,9.2548927765237,2.002797562252433,1.8479116737185557,1.9896031830449892,2.1524717343881004
nearest_k60_sequence_flat,hist_gradient_boosting,42,3,entry_movement,low_n_disclosure,0.05,59.0,1103.0,116.61576271186455,35.420217588395296,3.2923502635418957,2.088944772091249,3.0502777005368578,3.9720876499815274
nearest_k60_sequence_flat,hist_gradient_boosting,42,3,entry_movement,low_n_disclosure,0.1,117.0,1045.0,88.29059829059838,34.085004784689005,2.5903061727090777,1.8491125030058928,2.594451939407895,3.7147408570388034
nearest_k60_sequence_flat,hist_gradient_boosting,42,3,entry_movement,low_n_disclosure,0.2,233.0,929.0,69.83605150214595,31.94513455328312,2.1861248192792053,1.7115238524191176,2.1732628421283566,2.896535406455696
nearest_k60_sequence_flat,hist_gradient_boosting,43,3,entry_movement,val_select,0.05,333.0,6315.0,12.176216216216222,6.071377672209026,2.0055112486168225,1.8534935752092458,2.003651117320901,2.1621411741526537
nearest_k60_sequence_flat,hist_gradient_boosting,43,3,entry_movement,val_select,0.1,665.0,5983.0,11.758090225563908,5.779090757145245,2.034591723797771,1.9053941295520127,2.0196200585385182,2.131770200858658
nearest_k60_sequence_flat,hist_gradient_boosting,43,3,entry_movement,val_select,0.2,1330.0,5318.0,10.514,5.342574276043626,1.9679651525193218,1.8791667099154288,1.962776127975751,2.064686825800438
nearest_k60_sequence_flat,hist_gradient_boosting,43,3,entry_movement,val_eval,0.05,333.0,6313.0,24.47141141141141,10.4074893077776,2.3513270768506795,2.1049848947736334,2.338078679552919,2.590363096456491
nearest_k60_sequence_flat,hist_gradient_boosting,43,3,entry_movement,val_eval,0.1,665.0,5981.0,21.825924812030074,9.920953017889984,2.199982680360689,1.9915970935615241,2.1922902024724262,2.375473725827286
nearest_k60_sequence_flat,hist_gradient_boosting,43,3,entry_movement,val_eval,0.2,1330.0,5316.0,18.59812030075188,9.239270127915725,2.012942585644198,1.87079553350415,2.0061550455290655,2.1410966581476734
nearest_k60_sequence_flat,hist_gradient_boosting,43,3,entry_movement,low_n_disclosure,0.05,59.0,1103.0,114.53135593220355,35.53171350861288,3.2233558312475186,1.7725459998615127,2.941947707883211,3.8563450273120643
nearest_k60_sequence_flat,hist_gradient_boosting,43,3,entry_movement,low_n_disclosure,0.1,117.0,1045.0,87.96341880341889,34.12163636363637,2.577936704617192,1.8077282320923995,2.4855633432319175,3.5402638224060334
nearest_k60_sequence_flat,hist_gradient_boosting,43,3,entry_movement,low_n_disclosure,0.2,233.0,929.0,70.37068669527898,31.811044133476873,2.212146397961934,1.72951138882277,2.193598880853738,2.881561433134468
nearest_k60_sequence_flat,hist_gradient_boosting,44,3,entry_movement,val_select,0.05,333.0,6315.0,12.186786786786787,6.0708202692003175,2.007436597755199,1.8651126741734456,1.992232093007445,2.1364661698653724
nearest_k60_sequence_flat,hist_gradient_boosting,44,3,entry_movement,val_select,0.1,665.0,5983.0,11.57136842105263,5.799844559585493,1.9951169901490637,1.8783783259811029,1.975956012679251,2.065102505603716
nearest_k60_sequence_flat,hist_gradient_boosting,44,3,entry_movement,val_select,0.2,1330.0,5318.0,10.530105263157894,5.338546446032343,1.9724667322102192,1.8833716652222017,1.9642645274552062,2.053262799101701
nearest_k60_sequence_flat,hist_gradient_boosting,44,3,entry_movement,val_eval,0.05,333.0,6313.0,24.43702702702703,10.409303025502929,2.347614145457769,2.08373999622234,2.301741479874127,2.5951927971797835
nearest_k60_sequence_flat,hist_gradient_boosting,44,3,entry_movement,val_eval,0.1,665.0,5981.0,21.12867669172932,9.998476843337235,2.113189541045845,1.928771839729972,2.100426626646031,2.3047151595794575
nearest_k60_sequence_flat,hist_gradient_boosting,44,3,entry_movement,val_eval,0.2,1330.0,5316.0,18.286338345864664,9.317274266365686,1.9626274619688175,1.828076386459273,1.9506161767584143,2.116078014760945
nearest_k60_sequence_flat,hist_gradient_boosting,44,3,entry_movement,low_n_disclosure,0.05,59.0,1103.0,112.84983050847471,35.62165911151407,3.1680116345843645,1.9276580747334182,3.0160618251111364,3.952949042534081
nearest_k60_sequence_flat,hist_gradient_boosting,44,3,entry_movement,low_n_disclosure,0.1,117.0,1045.0,89.02589743589752,34.00267942583733,2.618202416373404,1.7738552163045676,2.5978953273581067,3.5565941150434566
nearest_k60_sequence_flat,hist_gradient_boosting,44,3,entry_movement,low_n_disclosure,0.2,233.0,929.0,70.8276824034335,31.696426264800873,2.2345636637934856,1.6982158120808692,2.2018796924909076,2.8387982299844396
nearest_k60_sequence_flat,hist_gradient_boosting,42,6,entry_movement,val_select,0.05,333.0,6315.0,15.796756756756755,9.104528899445762,1.735043837108187,1.579026737637479,1.7310052841504235,1.903393820285812
nearest_k60_sequence_flat,hist_gradient_boosting,42,6,entry_movement,val_select,0.1,665.0,5983.0,14.922436090225567,8.830352665886677,1.6899026182582448,1.5813433289327716,1.6815641332915972,1.7854559372348706
nearest_k60_sequence_flat,hist_gradient_boosting,42,6,entry_movement,val_select,0.2,1330.0,5318.0,14.385827067669174,8.202758555848062,1.7537791670599598,1.6630761889699899,1.749673472602069,1.826969493805459
nearest_k60_sequence_flat,hist_gradient_boosting,42,6,entry_movement,val_eval,0.05,333.0,6313.0,37.34450450450452,15.258211626801842,2.447502067601878,2.126407481310346,2.4177316319478006,2.7532736947973677
nearest_k60_sequence_flat,hist_gradient_boosting,42,6,entry_movement,val_eval,0.1,665.0,5981.0,31.84401503759399,14.643795351947837,2.1745738910069017,1.9273877468509626,2.1435481345712226,2.3853059062514936
nearest_k60_sequence_flat,hist_gradient_boosting,42,6,entry_movement,val_eval,0.2,1330.0,5316.0,26.57695488721806,13.809905944319038,1.9244848585048464,1.764415717320784,1.9045115075929022,2.0814158343175326
nearest_k60_sequence_flat,hist_gradient_boosting,42,6,entry_movement,low_n_disclosure,0.05,59.0,1103.0,142.92525423728813,52.77210335448777,2.708348637862919,1.5676055524576227,2.5488597854943307,3.435331172491476
nearest_k60_sequence_flat,hist_gradient_boosting,42,6,entry_movement,low_n_disclosure,0.1,117.0,1045.0,119.0551282051283,50.440928229665076,2.3602882100633145,1.462596377241991,2.31810389999199,3.280470842026652
nearest_k60_sequence_flat,hist_gradient_boosting,42,6,entry_movement,low_n_disclosure,0.2,233.0,929.0,90.87334763948505,48.94158234660925,1.8567717528197347,1.382305228740762,1.8477380720724481,2.619307885228856
nearest_k60_sequence_flat,hist_gradient_boosting,43,6,entry_movement,val_select,0.05,333.0,6315.0,16.06507507507507,9.090380047505937,1.7672611036193953,1.6150874983708072,1.7593426982846547,1.9162134530026484
nearest_k60_sequence_flat,hist_gradient_boosting,43,6,entry_movement,val_select,0.1,665.0,5983.0,14.789308270676697,8.845149590506434,1.6720246638395098,1.5726519342532932,1.6740797702153065,1.7636746307500817
nearest_k60_sequence_flat,hist_gradient_boosting,43,6,entry_movement,val_select,0.2,1330.0,5318.0,14.195195488721804,8.250434373824746,1.7205391674597588,1.6404659505273609,1.7202900403519594,1.7869141494665834
nearest_k60_sequence_flat,hist_gradient_boosting,43,6,entry_movement,val_eval,0.05,333.0,6313.0,38.420930930930936,15.20143196578489,2.527454717253485,2.2132599971484996,2.469276244802237,2.784956706524977
nearest_k60_sequence_flat,hist_gradient_boosting,43,6,entry_movement,val_eval,0.1,665.0,5981.0,32.37637593984964,14.58460458117372,2.2199008385624737,1.9806936459633049,2.2090577585922246,2.4759019086960814
nearest_k60_sequence_flat,hist_gradient_boosting,43,6,entry_movement,val_eval,0.2,1330.0,5316.0,26.92312030075189,13.723299473288188,1.9618547531631576,1.80198648486027,1.9471090654296828,2.1215836444902476
nearest_k60_sequence_flat,hist_gradient_boosting,43,6,entry_movement,low_n_disclosure,0.05,59.0,1103.0,143.2345762711865,52.75555757026293,2.715061367334017,1.5416024538486215,2.5159371214528976,3.4405492846507575
nearest_k60_sequence_flat,hist_gradient_boosting,43,6,entry_movement,low_n_disclosure,0.1,117.0,1045.0,117.68529914529924,50.5942966507177,2.326058606126108,1.4672295089018164,2.3246894371835904,3.3284005588617975
nearest_k60_sequence_flat,hist_gradient_boosting,43,6,entry_movement,low_n_disclosure,0.2,233.0,929.0,90.1378540772533,49.12604951560818,1.8348280589631976,1.3807381392942994,1.8455890305511407,2.600528161864737
nearest_k60_sequence_flat,hist_gradient_boosting,44,6,entry_movement,val_select,0.05,333.0,6315.0,15.204294294294293,9.135770387965163,1.6642596791096442,1.530084670921135,1.6547122020071048,1.7651154720704751
nearest_k60_sequence_flat,hist_gradient_boosting,44,6,entry_movement,val_select,0.1,665.0,5983.0,14.76153383458647,8.848236670566603,1.6683023278175044,1.5688707577727137,1.6528735336571594,1.744478261576338
nearest_k60_sequence_flat,hist_gradient_boosting,44,6,entry_movement,val_select,0.2,1330.0,5318.0,14.098729323308271,8.274559984956749,1.703864537684171,1.6216144360784062,1.6986457135876578,1.7749176506487558
nearest_k60_sequence_flat,hist_gradient_boosting,44,6,entry_movement,val_eval,0.05,333.0,6313.0,36.77957957957959,15.28801045461746,2.405779332030153,2.0931578145811898,2.334589379674206,2.603527006239289
nearest_k60_sequence_flat,hist_gradient_boosting,44,6,entry_movement,val_eval,0.1,665.0,5981.0,30.587684210526323,14.783481023240265,2.069044777914023,1.8648901008103187,2.058366102193215,2.260941217266203
nearest_k60_sequence_flat,hist_gradient_boosting,44,6,entry_movement,val_eval,0.2,1330.0,5316.0,26.81038345864663,13.75150489089541,1.949632689030074,1.779361246474342,1.943968538894549,2.0964898800660303
nearest_k60_sequence_flat,hist_gradient_boosting,44,6,entry_movement,low_n_disclosure,0.05,59.0,1103.0,152.9203389830509,52.237461468721676,2.9274075478306942,1.6917259053932496,2.751568252239481,3.734337644329203
nearest_k60_sequence_flat,hist_gradient_boosting,44,6,entry_movement,low_n_disclosure,0.1,117.0,1045.0,122.45017094017105,50.06081339712919,2.4460283928825084,1.4707157753257412,2.4280205652976887,3.5345471998699423
nearest_k60_sequence_flat,hist_gradient_boosting,44,6,entry_movement,low_n_disclosure,0.2,233.0,929.0,93.22012875536484,48.35299246501616,1.9279081604475767,1.3612798060600877,1.902400298293292,2.6927023614502086
nearest_k60_sequence_flat,hist_gradient_boosting,42,12,entry_movement,val_select,0.05,333.0,6315.0,19.530360360360365,13.433925574030088,1.453808885030274,1.3186146882386662,1.4546288946624704,1.5701070028702695
nearest_k60_sequence_flat,hist_gradient_boosting,42,12,entry_movement,val_select,0.1,665.0,5983.0,18.751518796992485,13.182197894033093,1.4224880363448602,1.3321760390632404,1.4216713723481966,1.5072353409063741
nearest_k60_sequence_flat,hist_gradient_boosting,42,12,entry_movement,val_select,0.2,1330.0,5318.0,17.670977443609022,12.756007897705905,1.3853062482649487,1.30936370363101,1.3859858907579279,1.4433698947395712
nearest_k60_sequence_flat,hist_gradient_boosting,42,12,entry_movement,val_eval,0.05,333.0,6313.0,52.17018018018019,22.071547600190087,2.3636847368025466,1.9448113478024807,2.317022277394819,2.70782022524118
nearest_k60_sequence_flat,hist_gradient_boosting,42,12,entry_movement,val_eval,0.1,665.0,5981.0,44.717413533834595,21.229438221033277,2.1063870399326143,1.818037491981547,2.0816035275344182,2.3577936934098647
nearest_k60_sequence_flat,hist_gradient_boosting,42,12,entry_movement,val_eval,0.2,1330.0,5316.0,37.23590225563911,20.163017306245305,1.8467425628854488,1.6819884429770153,1.844720801234248,2.0297209192163215
nearest_k60_sequence_flat,hist_gradient_boosting,42,12,entry_movement,low_n_disclosure,0.05,59.0,1103.0,235.3716949152543,75.67398005439709,3.1103385172295805,1.6160311235227405,2.7654036238389166,3.833192860190906
nearest_k60_sequence_flat,hist_gradient_boosting,42,12,entry_movement,low_n_disclosure,0.1,117.0,1045.0,183.3846153846154,72.63093779904305,2.524882934762706,1.5274632770379928,2.4172759667402843,3.453368411591711
nearest_k60_sequence_flat,hist_gradient_boosting,42,12,entry_movement,low_n_disclosure,0.2,233.0,929.0,135.48420600858373,70.81540365984928,1.9132024814736766,1.3701035293435184,1.8721772373003827,2.5789269740012695
nearest_k60_sequence_flat,hist_gradient_boosting,43,12,entry_movement,val_select,0.05,333.0,6315.0,19.248708708708715,13.448777513855898,1.4312608479750157,1.2938376434460033,1.4408502953931959,1.5894991506462608
nearest_k60_sequence_flat,hist_gradient_boosting,43,12,entry_movement,val_select,0.1,665.0,5983.0,18.91254135338346,13.164300518134716,1.436653723251771,1.3451902616331783,1.4316921290987583,1.5237304840211028
nearest_k60_sequence_flat,hist_gradient_boosting,43,12,entry_movement,val_select,0.2,1330.0,5318.0,18.004736842105267,12.672536667920271,1.4207681787722204,1.34265700142716,1.4161091223626752,1.4892914989958677
nearest_k60_sequence_flat,hist_gradient_boosting,43,12,entry_movement,val_eval,0.05,333.0,6313.0,51.60990990990993,22.10110090289878,2.3351737154026013,1.8788934269638178,2.3006182000754754,2.7074839462340385
nearest_k60_sequence_flat,hist_gradient_boosting,43,12,entry_movement,val_eval,0.1,665.0,5981.0,43.84454135338347,21.32648888145796,2.0558724690731225,1.7609653135981194,2.046770735987721,2.3339371412214223
nearest_k60_sequence_flat,hist_gradient_boosting,43,12,entry_movement,val_eval,0.2,1330.0,5316.0,36.75824812030076,20.28252069224981,1.812311629212168,1.6314031984992703,1.797269396873709,1.9949531615756484
nearest_k60_sequence_flat,hist_gradient_boosting,43,12,entry_movement,low_n_disclosure,0.05,59.0,1103.0,203.08203389830516,77.40116953762465,2.6237592417720137,1.556286930197056,2.6098191915221487,3.4401759744534792
nearest_k60_sequence_flat,hist_gradient_boosting,43,12,entry_movement,low_n_disclosure,0.1,117.0,1045.0,176.60743589743595,73.38972248803826,2.406432807076237,1.3769560116788326,2.3517973968362846,3.2568456010086817
nearest_k60_sequence_flat,hist_gradient_boosting,43,12,entry_movement,low_n_disclosure,0.2,233.0,929.0,130.3096137339056,72.11322927879439,1.8070139839407307,1.279894650674628,1.7842002965168393,2.5248864212893416
nearest_k60_sequence_flat,hist_gradient_boosting,44,12,entry_movement,val_select,0.05,333.0,6315.0,20.29423423423424,13.39364528899446,1.5152136551585387,1.3449967434016301,1.499234765984351,1.6476950002550725
nearest_k60_sequence_flat,hist_gradient_boosting,44,12,entry_movement,val_select,0.1,665.0,5983.0,19.25705263157895,13.126008691291995,1.4670912601447834,1.3522733811257397,1.4562286501107393,1.578903046463517
nearest_k60_sequence_flat,hist_gradient_boosting,44,12,entry_movement,val_select,0.2,1330.0,5318.0,17.822135338345866,12.718204212109816,1.401309103165388,1.321012353653554,1.402488551322714,1.4789748003104204
nearest_k60_sequence_flat,hist_gradient_boosting,44,12,entry_movement,val_eval,0.05,333.0,6313.0,52.50537537537539,22.053866624425794,2.380778675664202,1.9682526033978271,2.351486603529895,2.7236277742402373
nearest_k60_sequence_flat,hist_gradient_boosting,44,12,entry_movement,val_eval,0.1,665.0,5981.0,46.35663157894739,21.047181073399102,2.202510227725277,1.8811337940976252,2.169088460334377,2.4663376823023992
nearest_k60_sequence_flat,hist_gradient_boosting,44,12,entry_movement,val_eval,0.2,1330.0,5316.0,37.2918195488722,20.149027464258843,1.8507999760793383,1.673676205269125,1.844152267111761,2.0484398979449066
nearest_k60_sequence_flat,hist_gradient_boosting,44,12,entry_movement,low_n_disclosure,0.05,59.0,1103.0,209.18661016949153,77.07463281958294,2.7140785822380447,1.5368108163849297,2.5674741415237845,3.492047209098154
nearest_k60_sequence_flat,hist_gradient_boosting,44,12,entry_movement,low_n_disclosure,0.1,117.0,1045.0,172.34957264957265,73.86644019138755,2.333259491089808,1.3879481262566182,2.341913978539606,3.3356284678558157
nearest_k60_sequence_flat,hist_gradient_boosting,44,12,entry_movement,low_n_disclosure,0.2,233.0,929.0,130.42523605150217,72.08423035522065,1.8093449206405545,1.2672631620387955,1.7718966187221064,2.551389086306419
nearest_k60_sequence_flat,hist_gradient_boosting,42,24,entry_movement,val_select,0.05,333.0,6315.0,22.571291291291292,19.95683452098179,1.13100558445583,0.9897172826041161,1.1252348618385728,1.2997130886219062
nearest_k60_sequence_flat,hist_gradient_boosting,42,24,entry_movement,val_select,0.1,665.0,5983.0,23.222661654135337,19.739358181514294,1.1764648799920516,1.0595680207026368,1.1600842505172042,1.2757677599682506
nearest_k60_sequence_flat,hist_gradient_boosting,42,24,entry_movement,val_select,0.2,1330.0,5318.0,22.19909022556391,19.55977059044754,1.1349361242715876,1.0559555945291899,1.1270907414689442,1.2123033520866267
nearest_k60_sequence_flat,hist_gradient_boosting,42,24,entry_movement,val_eval,0.05,333.0,6313.0,75.53489489489489,32.19275780136227,2.346331909834036,1.9209581207394344,2.2815030592930015,2.677141478284623
nearest_k60_sequence_flat,hist_gradient_boosting,42,24,entry_movement,val_eval,0.1,665.0,5981.0,64.46506766917294,31.01767764587862,2.078333149410963,1.7293233978100808,2.0114007915328487,2.344634302700373
nearest_k60_sequence_flat,hist_gradient_boosting,42,24,entry_movement,val_eval,0.2,1330.0,5316.0,54.4636090225564,29.33585402558315,1.8565544052359917,1.655206224977423,1.835304239905037,2.063477340634097
nearest_k60_sequence_flat,hist_gradient_boosting,42,24,entry_movement,low_n_disclosure,0.05,59.0,1103.0,176.7830508474576,118.25002719854939,1.4949937436430987,1.0225946167815334,1.4201898509658732,2.0542271867653854
nearest_k60_sequence_flat,hist_gradient_boosting,42,24,entry_movement,low_n_disclosure,0.1,117.0,1045.0,199.49829059829054,112.45806698564593,1.7739793680052705,1.229724091314739,1.7209299314428288,2.4696469869785442
nearest_k60_sequence_flat,hist_gradient_boosting,42,24,entry_movement,low_n_disclosure,0.2,233.0,929.0,195.67519313304717,102.5486114101184,1.9081213333108091,1.3305567503334528,1.8216054084878643,2.507913034685537
nearest_k60_sequence_flat,hist_gradient_boosting,43,24,entry_movement,val_select,0.05,333.0,6315.0,26.54933933933934,19.7470657165479,1.3444700959844977,1.1726225588962276,1.318719272645759,1.4902475876650405
nearest_k60_sequence_flat,hist_gradient_boosting,43,24,entry_movement,val_select,0.1,665.0,5983.0,25.039548872180454,19.53741434063179,1.2816204046052255,1.1500947473284435,1.2691152005912332,1.4032339447446933
nearest_k60_sequence_flat,hist_gradient_boosting,43,24,entry_movement,val_select,0.2,1330.0,5318.0,23.414834586466167,19.25572019556224,1.2159937072549722,1.127306121034383,1.2209007834237813,1.3057639501120222
nearest_k60_sequence_flat,hist_gradient_boosting,43,24,entry_movement,val_eval,0.05,333.0,6313.0,73.5804204204204,32.295853001742444,2.2783241060841632,1.8167509166767837,2.2116384335227046,2.5473297362078307
nearest_k60_sequence_flat,hist_gradient_boosting,43,24,entry_movement,val_eval,0.1,665.0,5981.0,64.79702255639098,30.98076910215683,2.091524014227262,1.743094927792355,2.0694714992888805,2.3797254126775242
nearest_k60_sequence_flat,hist_gradient_boosting,43,24,entry_movement,val_eval,0.2,1330.0,5316.0,54.29265413533835,29.378624905944324,1.848032517150013,1.6208163415976558,1.8366610053646149,2.086343145790781
nearest_k60_sequence_flat,hist_gradient_boosting,43,24,entry_movement,low_n_disclosure,0.05,59.0,1103.0,232.76508474576266,115.25552130553035,2.019556912407925,1.1800787117770322,1.8547785282390428,2.6563869784951106
nearest_k60_sequence_flat,hist_gradient_boosting,43,24,entry_movement,low_n_disclosure,0.1,117.0,1045.0,213.55606837606834,110.88413397129185,1.9259389123367143,1.2779779459704497,1.8834311202239027,2.591710400322748
nearest_k60_sequence_flat,hist_gradient_boosting,43,24,entry_movement,low_n_disclosure,0.2,233.0,929.0,184.97278969957077,105.2328525296017,1.7577475593711427,1.2316357967985914,1.7412241604607093,2.379206753850978
nearest_k60_sequence_flat,hist_gradient_boosting,44,24,entry_movement,val_select,0.05,333.0,6315.0,24.96600600600601,19.830557403008708,1.258966427349044,1.1268597202220407,1.2434977427065836,1.4278300989686725
nearest_k60_sequence_flat,hist_gradient_boosting,44,24,entry_movement,val_select,0.1,665.0,5983.0,24.781052631578948,19.566145746281133,1.2665270387392975,1.1472131782857848,1.2524701068568702,1.388224222589505
nearest_k60_sequence_flat,hist_gradient_boosting,44,24,entry_movement,val_select,0.2,1330.0,5318.0,23.7564060150376,19.170295223768335,1.2392300555488143,1.1474440640579302,1.2299559269927405,1.3221255541534953
nearest_k60_sequence_flat,hist_gradient_boosting,44,24,entry_movement,val_eval,0.05,333.0,6313.0,71.48291291291291,32.40649295105339,2.2058206983668476,1.8982921196895775,2.1754125732749463,2.5083371636622527
nearest_k60_sequence_flat,hist_gradient_boosting,44,24,entry_movement,val_eval,0.1,665.0,5981.0,67.78460150375942,30.648593880621966,2.211670844273781,1.8948954476400113,2.1720313638101043,2.4954854192151505
nearest_k60_sequence_flat,hist_gradient_boosting,44,24,entry_movement,val_eval,0.2,1330.0,5316.0,54.644451127819565,29.29060948081264,1.8655962472756134,1.6500766132650115,1.84991014480826,2.1378282236453705
nearest_k60_sequence_flat,hist_gradient_boosting,44,24,entry_movement,low_n_disclosure,0.05,59.0,1103.0,168.09322033898303,118.71485040797822,1.4159409691484255,0.9715015605509638,1.3672613285755895,2.1257150439232673
nearest_k60_sequence_flat,hist_gradient_boosting,44,24,entry_movement,low_n_disclosure,0.1,117.0,1045.0,191.60282051282047,113.34205741626792,1.6904829935204602,1.1314184437446078,1.6253131929941609,2.3426127365126117
nearest_k60_sequence_flat,hist_gradient_boosting,44,24,entry_movement,low_n_disclosure,0.2,233.0,929.0,184.18969957081543,105.42925726587728,1.747045406061391,1.2297379504408872,1.6829286748313113,2.300053399955952
nearest_k60_sequence_flat,extra_trees_small,42,3,entry_movement,val_select,0.05,333.0,6315.0,12.255525525525526,6.067195566112431,2.0199654670729994,1.9095893234374932,2.015193885119113,2.122818332487244
nearest_k60_sequence_flat,extra_trees_small,42,3,entry_movement,val_select,0.1,665.0,5983.0,11.836992481203009,5.770320909242855,2.05135774376822,1.9581806012082166,2.0536945703355527,2.1512413804428245
nearest_k60_sequence_flat,extra_trees_small,42,3,entry_movement,val_select,0.2,1330.0,5318.0,10.712172932330827,5.293012410680707,2.02383295204728,1.9395510881969265,2.015556565878538,2.113645772930699
nearest_k60_sequence_flat,extra_trees_small,42,3,entry_movement,val_eval,0.05,333.0,6313.0,20.442282282282285,10.620019008395374,1.9248818920307187,1.7551606774714656,1.916780751986093,2.136903246460743
nearest_k60_sequence_flat,extra_trees_small,42,3,entry_movement,val_eval,0.1,665.0,5981.0,18.390105263157892,10.302966059187426,1.7849331112528466,1.6908968498502508,1.7892085179775186,1.8959322394313571
nearest_k60_sequence_flat,extra_trees_small,42,3,entry_movement,val_eval,0.2,1330.0,5316.0,17.142849624060148,9.60336155003762,1.785088433330201,1.6761224020955994,1.7726335956042156,1.8912201738408938
nearest_k60_sequence_flat,extra_trees_small,42,3,entry_movement,low_n_disclosure,0.05,59.0,1103.0,119.90847457627133,35.24408884859475,3.4022293806881128,2.097565706998936,2.9609127675348974,3.7986483073404846
nearest_k60_sequence_flat,extra_trees_small,42,3,entry_movement,low_n_disclosure,0.1,117.0,1045.0,89.95299145299151,33.89888038277513,2.653568213382613,1.82888158877719,2.656919183038202,3.676983054404537
nearest_k60_sequence_flat,extra_trees_small,42,3,entry_movement,low_n_disclosure,0.2,233.0,929.0,67.5837768240344,32.5100215285253,2.078859799115614,1.694421620944475,2.0905907601888782,2.777878764973417
nearest_k60_sequence_flat,extra_trees_small,43,3,entry_movement,val_select,0.05,333.0,6315.0,12.62039039039039,6.047955661124306,2.0867200584014,1.9679102034226956,2.0862368145625485,2.2144492873698938
nearest_k60_sequence_flat,extra_trees_small,43,3,entry_movement,val_select,0.1,665.0,5983.0,11.721353383458649,5.783173992980111,2.026802824484717,1.934059533593038,2.0227525712450904,2.1088378116936126
nearest_k60_sequence_flat,extra_trees_small,43,3,entry_movement,val_select,0.2,1330.0,5318.0,10.672075187969925,5.303040616773223,2.012444550059591,1.9298216603413507,2.0086009073219144,2.103979393723843
nearest_k60_sequence_flat,extra_trees_small,43,3,entry_movement,val_eval,0.05,333.0,6313.0,21.968648648648642,10.539505781720258,2.084409753515304,1.9323009788599248,2.081863400228462,2.2724706467588245
nearest_k60_sequence_flat,extra_trees_small,43,3,entry_movement,val_eval,0.1,665.0,5981.0,18.83760902255639,10.253210165524159,1.8372401148956048,1.7202910775637368,1.828634904334188,1.9451043389418359
nearest_k60_sequence_flat,extra_trees_small,43,3,entry_movement,val_eval,0.2,1330.0,5316.0,17.20985714285714,9.586597065462753,1.795199800861392,1.6882082229171864,1.7852940414204228,1.8933163959017476
nearest_k60_sequence_flat,extra_trees_small,43,3,entry_movement,low_n_disclosure,0.05,59.0,1103.0,108.03220338983063,35.879356300997294,3.010984993251615,1.9779750305167825,2.7947277384038323,3.7294864520973534
nearest_k60_sequence_flat,extra_trees_small,43,3,entry_movement,low_n_disclosure,0.1,117.0,1045.0,92.39410256410262,33.625569377990445,2.747733474056175,1.88961315897866,2.683108783882778,3.5654423821186003
nearest_k60_sequence_flat,extra_trees_small,43,3,entry_movement,low_n_disclosure,0.2,233.0,929.0,68.45763948497859,32.2908503767492,2.1200321046444484,1.710327370741393,2.0931676571183147,2.8478041320175023
nearest_k60_sequence_flat,extra_trees_small,44,3,entry_movement,val_select,0.05,333.0,6315.0,12.458678678678679,6.0564829770387965,2.057081432559415,1.9310860979990578,2.0513301804104707,2.16283268649363
nearest_k60_sequence_flat,extra_trees_small,44,3,entry_movement,val_select,0.1,665.0,5983.0,11.744947368421052,5.780551562761157,2.0318039275149933,1.9353510517188683,2.0300799660362445,2.123088737215163
nearest_k60_sequence_flat,extra_trees_small,44,3,entry_movement,val_select,0.2,1330.0,5318.0,10.654052631578947,5.307547950357278,2.007339873559083,1.9285590752615451,2.0077485725353292,2.106806511682435
nearest_k60_sequence_flat,extra_trees_small,44,3,entry_movement,val_eval,0.05,333.0,6313.0,20.783933933933938,10.601997465547282,1.9603790702152426,1.7958427418079674,1.9593248569501336,2.121863204492583
nearest_k60_sequence_flat,extra_trees_small,44,3,entry_movement,val_eval,0.1,665.0,5981.0,18.59833082706767,10.279814412305633,1.8092088126420074,1.6967345045255697,1.802214319610734,1.9274316973457184
nearest_k60_sequence_flat,extra_trees_small,44,3,entry_movement,val_eval,0.2,1330.0,5316.0,17.126451127819546,9.607464258841233,1.7826192912514864,1.675992353293988,1.7687100777269644,1.8986874692016784
nearest_k60_sequence_flat,extra_trees_small,44,3,entry_movement,low_n_disclosure,0.05,59.0,1103.0,105.09711864406788,36.03635539437898,2.9164191965001303,2.055322155972848,2.800478337316981,3.6244217936803302
nearest_k60_sequence_flat,extra_trees_small,44,3,entry_movement,low_n_disclosure,0.1,117.0,1045.0,95.14572649572656,33.31749282296652,2.8557288809601067,1.9815758785397206,2.754593745554702,3.596600672715622
nearest_k60_sequence_flat,extra_trees_small,44,3,entry_movement,low_n_disclosure,0.2,233.0,929.0,68.21304721030049,32.3521959095802,2.1084518466983284,1.6574622126895893,2.098455994794042,2.8932054189317755
nearest_k60_sequence_flat,extra_trees_small,42,6,entry_movement,val_select,0.05,333.0,6315.0,15.892852852852858,9.099461599366586,1.746570682155432,1.6073533056733353,1.7332974791638152,1.8791888044262808
nearest_k60_sequence_flat,extra_trees_small,42,6,entry_movement,val_select,0.1,665.0,5983.0,15.350857142857148,8.78273441417349,1.7478448532024475,1.6678741808384536,1.750125691551089,1.842851152522765
nearest_k60_sequence_flat,extra_trees_small,42,6,entry_movement,val_select,0.2,1330.0,5318.0,14.542180451127821,8.16365550959007,1.781331957729564,1.7159643505601725,1.7765863576090752,1.847330965597833
nearest_k60_sequence_flat,extra_trees_small,42,6,entry_movement,val_eval,0.05,333.0,6313.0,33.70273273273276,15.45030888642484,2.1813630381425653,1.9323831667919087,2.156154801960157,2.406655502899641
nearest_k60_sequence_flat,extra_trees_small,42,6,entry_movement,val_eval,0.1,665.0,5981.0,27.563218045112794,15.11975756562448,1.8229933863343906,1.6906979283712817,1.810345421289759,1.9523194684564278
nearest_k60_sequence_flat,extra_trees_small,42,6,entry_movement,val_eval,0.2,1330.0,5316.0,23.545578947368433,14.568320165538,1.6162178397936733,1.5375808227609762,1.6123864347639651,1.702388929362063
nearest_k60_sequence_flat,extra_trees_small,42,6,entry_movement,low_n_disclosure,0.05,59.0,1103.0,159.09779661016955,51.90702629193111,3.06505319174682,1.8294019280538416,2.960473187534881,3.8248015510027273
nearest_k60_sequence_flat,extra_trees_small,42,6,entry_movement,low_n_disclosure,0.1,117.0,1045.0,123.5726495726497,49.935138755980866,2.474663186108581,1.6027950038343153,2.341468212164594,3.424754219283023
nearest_k60_sequence_flat,extra_trees_small,42,6,entry_movement,low_n_disclosure,0.2,233.0,929.0,91.5355793991417,48.77548977395048,1.8766716607739342,1.4202055791795962,1.8492091040059009,2.6527103142169146
nearest_k60_sequence_flat,extra_trees_small,43,6,entry_movement,val_select,0.05,333.0,6315.0,16.12228228228229,9.087363420427552,1.7741430089657126,1.6541916966948638,1.7566418962659398,1.8620945793492527
nearest_k60_sequence_flat,extra_trees_small,43,6,entry_movement,val_select,0.1,665.0,5983.0,15.48843609022557,8.767442754471,1.7665853686158561,1.6580184365632573,1.7561295697331754,1.8580100926034975
nearest_k60_sequence_flat,extra_trees_small,43,6,entry_movement,val_select,0.2,1330.0,5318.0,14.586699248120302,8.152521624670928,1.7892254592712087,1.726821114558542,1.7879524292471731,1.8571297354794187
nearest_k60_sequence_flat,extra_trees_small,43,6,entry_movement,val_eval,0.05,333.0,6313.0,33.398318318318324,15.466366228417552,2.1594159756124878,1.9236583719200377,2.15183150174164,2.394095594290101
nearest_k60_sequence_flat,extra_trees_small,43,6,entry_movement,val_eval,0.1,665.0,5981.0,27.779548872180463,15.095704731650232,1.8402286853118424,1.7186535397811147,1.8400986326993305,1.9811561938916529
nearest_k60_sequence_flat,extra_trees_small,43,6,entry_movement,val_eval,0.2,1330.0,5316.0,23.601932330827083,14.554221218961626,1.6216554617211574,1.5411267751891142,1.6187181505598138,1.7312151157579827
nearest_k60_sequence_flat,extra_trees_small,43,6,entry_movement,low_n_disclosure,0.05,59.0,1103.0,165.38322033898308,51.570815956482335,3.206914943493245,1.8461458948569796,2.9441372425714105,3.728634881990605
nearest_k60_sequence_flat,extra_trees_small,43,6,entry_movement,low_n_disclosure,0.1,117.0,1045.0,126.31350427350436,49.62826794258374,2.5451926796969784,1.6040969486513117,2.400964943304838,3.566759654557218
nearest_k60_sequence_flat,extra_trees_small,43,6,entry_movement,low_n_disclosure,0.2,233.0,929.0,90.38755364806875,49.063423035522064,1.8422594278150526,1.392907744412099,1.8446423682744442,2.678610263629794
nearest_k60_sequence_flat,extra_trees_small,44,6,entry_movement,val_select,0.05,333.0,6315.0,15.693363363363375,9.109980997624703,1.7226559931854077,1.6013508183426042,1.7115217151941797,1.855514264844629
nearest_k60_sequence_flat,extra_trees_small,44,6,entry_movement,val_select,0.1,665.0,5983.0,14.990977443609026,8.82273441417349,1.699130534806354,1.6093303618497228,1.6964872967398292,1.7901847869613128
nearest_k60_sequence_flat,extra_trees_small,44,6,entry_movement,val_select,0.2,1330.0,5318.0,14.588172932330828,8.152153065062052,1.789487122715082,1.7241382187479934,1.7819132252549004,1.8519461330243858
nearest_k60_sequence_flat,extra_trees_small,44,6,entry_movement,val_eval,0.05,333.0,6313.0,34.02786786786786,15.433158561698088,2.2048544199058515,1.9752430668626348,2.1790174297264233,2.4221935012623526
nearest_k60_sequence_flat,extra_trees_small,44,6,entry_movement,val_eval,0.1,665.0,5981.0,27.799669172932344,15.093467647550577,1.841834482445376,1.7148943194007757,1.837698966602274,1.969868113506068
nearest_k60_sequence_flat,extra_trees_small,44,6,entry_movement,val_eval,0.2,1330.0,5316.0,23.41648120300753,14.60061888638074,1.6038005912783675,1.516251974906012,1.5932950454722272,1.703018585138635
nearest_k60_sequence_flat,extra_trees_small,44,6,entry_movement,low_n_disclosure,0.05,59.0,1103.0,157.33813559322044,52.00115140525839,3.025666381250749,1.7933700971671425,2.8621175988813636,3.7452552452188397
nearest_k60_sequence_flat,extra_trees_small,44,6,entry_movement,low_n_disclosure,0.1,117.0,1045.0,124.81581196581206,49.79595215311005,2.506545342923352,1.5505156224744174,2.3867302896919744,3.4123434778252153
nearest_k60_sequence_flat,extra_trees_small,44,6,entry_movement,low_n_disclosure,0.2,233.0,929.0,89.48012875536489,49.29101184068892,1.8153437191463884,1.3853600896941947,1.8070899741515545,2.656503780417978
nearest_k60_sequence_flat,extra_trees_small,42,12,entry_movement,val_select,0.05,333.0,6315.0,20.27777777777778,13.394513064133017,1.5138868938861492,1.3720024008017826,1.5119078378909012,1.659550948908439
nearest_k60_sequence_flat,extra_trees_small,42,12,entry_movement,val_select,0.1,665.0,5983.0,19.979097744360903,13.0457546381414,1.5314635525911808,1.4319793646039298,1.515996310254716,1.5835204588178313
nearest_k60_sequence_flat,extra_trees_small,42,12,entry_movement,val_select,0.2,1330.0,5318.0,18.215646616541356,12.619789394509215,1.4434192241327626,1.3810259443352144,1.4415918646345067,1.4971693478291985
nearest_k60_sequence_flat,extra_trees_small,42,12,entry_movement,val_eval,0.05,333.0,6313.0,50.53312312312314,22.157899572311106,2.280591757274241,1.940471498468599,2.241930776352141,2.556769280689001
nearest_k60_sequence_flat,extra_trees_small,42,12,entry_movement,val_eval,0.1,665.0,5981.0,41.74264661654138,21.56018893161679,1.9360983685689397,1.733639805763275,1.9338141237743616,2.1319701053976616
nearest_k60_sequence_flat,extra_trees_small,42,12,entry_movement,val_eval,0.2,1330.0,5316.0,34.822578947368434,20.766802106847255,1.6768387722001112,1.528170816623801,1.6577622186900582,1.8271681126305659
nearest_k60_sequence_flat,extra_trees_small,42,12,entry_movement,low_n_disclosure,0.05,59.0,1103.0,214.56644067796614,76.78686310063462,2.794311839471312,1.650199261921828,2.6728218616878556,3.540525169617372
nearest_k60_sequence_flat,extra_trees_small,42,12,entry_movement,low_n_disclosure,0.1,117.0,1045.0,177.90905982905986,73.24399043062199,2.428991904770378,1.5962894368081162,2.372038850403825,3.2692028178377335
nearest_k60_sequence_flat,extra_trees_small,42,12,entry_movement,low_n_disclosure,0.2,233.0,929.0,139.16854077253222,69.89134553283098,1.9912127848097982,1.4753556128629046,1.9752160200726994,2.6340153297285327
nearest_k60_sequence_flat,extra_trees_small,43,12,entry_movement,val_select,0.05,333.0,6315.0,20.35981981981983,13.39018685669042,1.52050303985467,1.3672746462288592,1.5134231032257097,1.6631844612155045
nearest_k60_sequence_flat,extra_trees_small,43,12,entry_movement,val_select,0.1,665.0,5983.0,19.422812030075193,13.107584823667057,1.4817994536266788,1.385414540349918,1.4734550724799222,1.5662365811810683
nearest_k60_sequence_flat,extra_trees_small,43,12,entry_movement,val_select,0.2,1330.0,5318.0,18.107714285714287,12.64678262504701,1.431804026571302,1.3643713461697051,1.4308141120526974,1.481880331494049
nearest_k60_sequence_flat,extra_trees_small,43,12,entry_movement,val_eval,0.05,333.0,6313.0,52.244414414414436,22.067631870742915,2.3674680962790418,2.0183960003987225,2.3224540966301483,2.673546500280711
nearest_k60_sequence_flat,extra_trees_small,43,12,entry_movement,val_eval,0.1,665.0,5981.0,41.13479699248123,21.62777294766762,1.901943260270692,1.6785909958847522,1.886794830366017,2.1188471822021238
nearest_k60_sequence_flat,extra_trees_small,43,12,entry_movement,val_eval,0.2,1330.0,5316.0,34.415533834586476,20.868639954853275,1.649150778826039,1.5159725495538845,1.634055063075036,1.7847728231093882
nearest_k60_sequence_flat,extra_trees_small,43,12,entry_movement,low_n_disclosure,0.05,59.0,1103.0,214.82559322033896,76.77300090661831,2.798191951381956,1.7542384534190987,2.6260453253231493,3.468827558278685
nearest_k60_sequence_flat,extra_trees_small,43,12,entry_movement,low_n_disclosure,0.1,117.0,1045.0,177.73794871794877,73.26314832535884,2.4260211686320297,1.6977217295350813,2.365129315449304,3.1890172043926244
nearest_k60_sequence_flat,extra_trees_small,43,12,entry_movement,low_n_disclosure,0.2,233.0,929.0,146.0840772532189,68.15687836383205,2.143350469682595,1.5296657521479091,2.0490948446770605,2.6953353649849645
nearest_k60_sequence_flat,extra_trees_small,44,12,entry_movement,val_select,0.05,333.0,6315.0,20.021471471471482,13.408028503562948,1.4932449961715943,1.3217169377094027,1.4813741786112107,1.6496914812854342
nearest_k60_sequence_flat,extra_trees_small,44,12,entry_movement,val_select,0.1,665.0,5983.0,19.40708270676692,13.109333110479692,1.4804019810323352,1.371730423507762,1.470289957702627,1.560146732716656
nearest_k60_sequence_flat,extra_trees_small,44,12,entry_movement,val_select,0.2,1330.0,5318.0,18.346067669172935,12.587171869123734,1.457521026957274,1.3878623738333176,1.4557703725506506,1.50543662961442
nearest_k60_sequence_flat,extra_trees_small,44,12,entry_movement,val_eval,0.05,333.0,6313.0,51.13687687687688,22.126052589893874,2.3111613185007873,1.9860368995716542,2.2836426144541306,2.6795282821898025
nearest_k60_sequence_flat,extra_trees_small,44,12,entry_movement,val_eval,0.1,665.0,5981.0,41.765699248120306,21.557625815081096,1.937397912292467,1.7092864844823545,1.9225469033693101,2.1571171050218965
nearest_k60_sequence_flat,extra_trees_small,44,12,entry_movement,val_eval,0.2,1330.0,5316.0,34.17474436090227,20.928882618510162,1.6328986589411634,1.5082457398135276,1.6208291165912851,1.751285178405939
nearest_k60_sequence_flat,extra_trees_small,44,12,entry_movement,low_n_disclosure,0.05,59.0,1103.0,211.78322033898309,76.93573889392565,2.7527287497813857,1.700619661932594,2.739264131040823,3.5745825599817977
nearest_k60_sequence_flat,extra_trees_small,44,12,entry_movement,low_n_disclosure,0.1,117.0,1045.0,181.7832478632479,72.81022966507176,2.496671809709347,1.5950579857591045,2.3454230173681445,3.146801783673848
nearest_k60_sequence_flat,extra_trees_small,44,12,entry_movement,low_n_disclosure,0.2,233.0,929.0,134.9188841201717,70.95719052744884,1.9014124307525975,1.3565045019477482,1.8783939251754445,2.5385088509946296
nearest_k60_sequence_flat,extra_trees_small,42,24,entry_movement,val_select,0.05,333.0,6315.0,24.98096096096097,19.829768804433886,1.259770661338991,1.0954291532994669,1.2467477792302664,1.382560395714799
nearest_k60_sequence_flat,extra_trees_small,42,24,entry_movement,val_select,0.1,665.0,5983.0,23.453774436090235,19.713670399465148,1.1897213436583864,1.0629124900589324,1.1798420546999875,1.285398379987154
nearest_k60_sequence_flat,extra_trees_small,42,24,entry_movement,val_select,0.2,1330.0,5318.0,22.264421052631583,19.54343174125611,1.1392278156364664,1.0398827332146072,1.1302201426923484,1.2204669092470064
nearest_k60_sequence_flat,extra_trees_small,42,24,entry_movement,val_eval,0.05,333.0,6313.0,78.29294294294296,32.04727546332964,2.4430452140160965,2.0123013724992873,2.3998560715273145,2.793757929565655
nearest_k60_sequence_flat,extra_trees_small,42,24,entry_movement,val_eval,0.1,665.0,5981.0,67.51815037593985,30.678219361310816,2.2008497162351257,1.7926290007240184,2.1406568400765904,2.5069061205976935
nearest_k60_sequence_flat,extra_trees_small,42,24,entry_movement,val_eval,0.2,1330.0,5316.0,53.58664661654136,29.55525959367946,1.8131001843069967,1.5962554001403875,1.7954314841116155,2.037820435288145
nearest_k60_sequence_flat,extra_trees_small,42,24,entry_movement,low_n_disclosure,0.05,59.0,1103.0,245.60915254237287,114.56848594741612,2.1437758429931675,1.6616765214288114,2.064540905183284,2.8884225775327135
nearest_k60_sequence_flat,extra_trees_small,42,24,entry_movement,low_n_disclosure,0.1,117.0,1045.0,243.29982905982894,107.55397129186602,2.2621185079218824,1.5487391229233913,2.160017909091424,2.8465819261128225
nearest_k60_sequence_flat,extra_trees_small,42,24,entry_movement,low_n_disclosure,0.2,233.0,929.0,199.96051502145917,101.47382131324004,1.9705625789355077,1.3743404296348036,1.9048747321375696,2.580294255304435
nearest_k60_sequence_flat,extra_trees_small,43,24,entry_movement,val_select,0.05,333.0,6315.0,23.751261261261263,19.894612826603325,1.1938539075010688,1.0296034333435675,1.172524593584226,1.298823935240794
nearest_k60_sequence_flat,extra_trees_small,43,24,entry_movement,val_select,0.1,665.0,5983.0,22.942616541353388,19.770484706668896,1.160447853542735,1.0621314086803866,1.154545074293118,1.2595551628141777
nearest_k60_sequence_flat,extra_trees_small,43,24,entry_movement,val_select,0.2,1330.0,5318.0,23.458308270676696,19.244847687100414,1.218939669052331,1.127732621910185,1.2003904837370825,1.2795095387367015
nearest_k60_sequence_flat,extra_trees_small,43,24,entry_movement,val_eval,0.05,333.0,6313.0,79.27003003003003,31.995735783304294,2.477518584566946,2.016494131115236,2.4340924825161814,2.8234237633138997
nearest_k60_sequence_flat,extra_trees_small,43,24,entry_movement,val_eval,0.1,665.0,5981.0,66.09646616541353,30.836289918073906,2.143463637844213,1.7536855775294815,2.1151398135610044,2.5320150698610475
nearest_k60_sequence_flat,extra_trees_small,43,24,entry_movement,val_eval,0.2,1330.0,5316.0,55.32705263157896,29.119830699774266,1.8999785129934788,1.6616006694798515,1.862045285030705,2.137061687675261
nearest_k60_sequence_flat,extra_trees_small,43,24,entry_movement,low_n_disclosure,0.05,59.0,1103.0,285.5328813559322,112.43294650951947,2.5395837271929604,1.637303750214769,2.347958681237116,3.211917929350398
nearest_k60_sequence_flat,extra_trees_small,43,24,entry_movement,low_n_disclosure,0.1,117.0,1045.0,242.50923076923067,107.6424880382775,2.2529136513733756,1.4757410261547863,2.179590729855115,2.9231702738027128
nearest_k60_sequence_flat,extra_trees_small,43,24,entry_movement,low_n_disclosure,0.2,233.0,929.0,200.75360515021455,101.27490850376748,1.9822639992091073,1.3860483865878481,1.8987204661069976,2.535320501647146
nearest_k60_sequence_flat,extra_trees_small,44,24,entry_movement,val_select,0.05,333.0,6315.0,25.264594594594595,19.814812351543946,1.2750357735598747,1.1075960576615325,1.2521681250892644,1.411982121102807
nearest_k60_sequence_flat,extra_trees_small,44,24,entry_movement,val_select,0.1,665.0,5983.0,23.278180451127827,19.733187364198564,1.179646248804228,1.0668200213089645,1.1786929183714743,1.3005758540238836
nearest_k60_sequence_flat,extra_trees_small,44,24,entry_movement,val_select,0.2,1330.0,5318.0,22.86586466165414,19.39301429108687,1.1790773893341278,1.0928763734744151,1.173711704830636,1.2599834258158553
nearest_k60_sequence_flat,extra_trees_small,44,24,entry_movement,val_eval,0.05,333.0,6313.0,85.24186186186186,31.680731823221926,2.690653181167353,2.13628309195809,2.561078066108748,3.0208778934924676
nearest_k60_sequence_flat,extra_trees_small,44,24,entry_movement,val_eval,0.1,665.0,5981.0,67.9858045112782,30.62622303962548,2.2198559849614936,1.8385239568646492,2.1667659577567555,2.5328006724374803
nearest_k60_sequence_flat,extra_trees_small,44,24,entry_movement,val_eval,0.2,1330.0,5316.0,55.63382706766917,29.043079382994733,1.9155622698963466,1.6911628945586104,1.8878061092462861,2.1468396470042856
nearest_k60_sequence_flat,extra_trees_small,44,24,entry_movement,low_n_disclosure,0.05,59.0,1103.0,274.4057627118644,113.02814143245692,2.4277649728129265,1.6803164690842733,2.365422473760464,3.222483491368239
nearest_k60_sequence_flat,extra_trees_small,44,24,entry_movement,low_n_disclosure,0.1,117.0,1045.0,247.29418803418795,107.10675598086122,2.3088570442594363,1.496066171288473,2.2508776642315116,3.0779172263965755
nearest_k60_sequence_flat,extra_trees_small,44,24,entry_movement,low_n_disclosure,0.2,233.0,929.0,202.5269957081545,100.83012917115177,2.0085960156252476,1.3702859709821893,1.9260045619399004,2.5752508842920823
nearest_k80_sequence_flat,hist_gradient_boosting,42,3,entry_movement,val_select,0.05,333.0,6315.0,12.333243243243247,6.063097387173397,2.034148959793136,1.8856305152560844,2.033041690956397,2.2223450901230666
nearest_k80_sequence_flat,hist_gradient_boosting,42,3,entry_movement,val_select,0.1,665.0,5983.0,11.681819548872182,5.787568109643991,2.0184331877505564,1.8986272610786308,2.006097767635732,2.1304410565225886
nearest_k80_sequence_flat,hist_gradient_boosting,42,3,entry_movement,val_select,0.2,1330.0,5318.0,10.413699248120299,5.367658894321173,1.9400821574444103,1.8447827701949555,1.9343114730311664,2.0287201628986327
nearest_k80_sequence_flat,hist_gradient_boosting,42,3,entry_movement,val_eval,0.05,333.0,6313.0,24.535705705705695,10.404097893236179,2.3582732455503552,2.0441529659181623,2.3345067957104764,2.6374828044644127
nearest_k80_sequence_flat,hist_gradient_boosting,42,3,entry_movement,val_eval,0.1,665.0,5981.0,21.429443609022556,9.965035947166024,2.1504632519782247,1.942664918414573,2.141331904134253,2.3726852566931873
nearest_k80_sequence_flat,hist_gradient_boosting,42,3,entry_movement,val_eval,0.2,1330.0,5316.0,18.682488721804503,9.21816215199398,2.026704283756095,1.885076592865178,2.0229036720876086,2.1974350348210296
nearest_k80_sequence_flat,hist_gradient_boosting,42,3,entry_movement,low_n_disclosure,0.05,59.0,1103.0,113.02593220339,35.612239347234826,3.1737945794797677,1.8429258822900967,3.105094467428935,3.9313297654311845
nearest_k80_sequence_flat,hist_gradient_boosting,42,3,entry_movement,low_n_disclosure,0.1,117.0,1045.0,86.87854700854714,34.24310047846891,2.537111003227465,1.8547633643088772,2.4708156101092995,3.5588400515640393
nearest_k80_sequence_flat,hist_gradient_boosting,42,3,entry_movement,low_n_disclosure,0.2,233.0,929.0,71.45875536480693,31.53814854682455,2.2657878999685868,1.7401683488257709,2.1913759744490413,2.8937707478577908
nearest_k80_sequence_flat,hist_gradient_boosting,43,3,entry_movement,val_select,0.05,333.0,6315.0,12.686516516516523,6.044468725257324,2.0988637865731428,1.9594288094705663,2.1078587661502484,2.2850992211340944
nearest_k80_sequence_flat,hist_gradient_boosting,43,3,entry_movement,val_select,0.1,665.0,5983.0,11.78233082706767,5.77639645662711,2.0397372160198777,1.921130295172039,2.028422740022371,2.146558742815547
nearest_k80_sequence_flat,hist_gradient_boosting,43,3,entry_movement,val_select,0.2,1330.0,5318.0,10.47527067669173,5.352260248213614,1.9571676620523053,1.8722473368338244,1.9518390586890533,2.0505888311615834
nearest_k80_sequence_flat,hist_gradient_boosting,43,3,entry_movement,val_eval,0.05,333.0,6313.0,26.26918918918918,10.312659591319498,2.5472758948914414,2.2078770947154625,2.504751350725166,2.8235191253668446
nearest_k80_sequence_flat,hist_gradient_boosting,43,3,entry_movement,val_eval,0.1,665.0,5981.0,22.218571428571426,9.87729643872262,2.2494588034703997,2.001720840873837,2.217889267646287,2.443114870052556
nearest_k80_sequence_flat,hist_gradient_boosting,43,3,entry_movement,val_eval,0.2,1330.0,5316.0,18.907285714285717,9.161920617005265,2.0636814598886906,1.886840467342552,2.0486134920852104,2.225891577403183
nearest_k80_sequence_flat,hist_gradient_boosting,43,3,entry_movement,low_n_disclosure,0.05,59.0,1103.0,114.4274576271188,35.537271078875804,3.219928096705692,1.6655988207335701,2.9717191492276456,3.702965690184938
nearest_k80_sequence_flat,hist_gradient_boosting,43,3,entry_movement,low_n_disclosure,0.1,117.0,1045.0,85.13760683760692,34.43801913875599,2.472198139346361,1.7055352810916975,2.433059377487382,3.4401315599687345
nearest_k80_sequence_flat,hist_gradient_boosting,43,3,entry_movement,low_n_disclosure,0.2,233.0,929.0,69.39141630901293,32.05665231431647,2.164649497041298,1.626954310048296,2.0783411861372567,2.7121920636708325
nearest_k80_sequence_flat,hist_gradient_boosting,44,3,entry_movement,val_select,0.05,333.0,6315.0,12.494744744744745,6.05458115597783,2.063684410672799,1.9194476540439558,2.0461121746306583,2.201372727421924
nearest_k80_sequence_flat,hist_gradient_boosting,44,3,entry_movement,val_select,0.1,665.0,5983.0,11.863413533834587,5.767384255390273,2.0569833755652547,1.9379178626503988,2.0617480941071964,2.184208655051648
nearest_k80_sequence_flat,hist_gradient_boosting,44,3,entry_movement,val_select,0.2,1330.0,5318.0,10.450406015037593,5.358478751410305,1.9502561267574565,1.8635956884449838,1.9477034745706727,2.03976567653574
nearest_k80_sequence_flat,hist_gradient_boosting,44,3,entry_movement,val_eval,0.05,333.0,6313.0,25.90036036036036,10.332114683985427,2.506782120847478,2.1311822104090865,2.436943944071185,2.7828387675907402
nearest_k80_sequence_flat,hist_gradient_boosting,44,3,entry_movement,val_eval,0.1,665.0,5981.0,22.282902255639087,9.870143788664103,2.257606650191974,2.048024536725756,2.242064413017331,2.4694909330445842
nearest_k80_sequence_flat,hist_gradient_boosting,44,3,entry_movement,val_eval,0.2,1330.0,5316.0,18.94954135338346,9.15134875846501,2.0706828964260713,1.9131945589490942,2.0574524264452414,2.2293070670905775
nearest_k80_sequence_flat,hist_gradient_boosting,44,3,entry_movement,low_n_disclosure,0.05,59.0,1103.0,114.60237288135608,35.52791477787852,3.225699385901289,1.9197865594428258,3.067148492104357,3.9113575158448173
nearest_k80_sequence_flat,hist_gradient_boosting,44,3,entry_movement,low_n_disclosure,0.1,117.0,1045.0,84.9555555555556,34.45840191387561,2.465452569968021,1.736263408779658,2.4906924065063674,3.5379201592777556
nearest_k80_sequence_flat,hist_gradient_boosting,44,3,entry_movement,low_n_disclosure,0.2,233.0,929.0,67.5710300429185,32.513218514531765,2.078263338116393,1.574260025076145,2.0617180751509103,2.770089639519896
nearest_k80_sequence_flat,hist_gradient_boosting,42,6,entry_movement,val_select,0.05,333.0,6315.0,15.612942942942945,9.114221694378463,1.713030850738776,1.550553777821174,1.7144186290718286,1.9232225906316487
nearest_k80_sequence_flat,hist_gradient_boosting,42,6,entry_movement,val_select,0.1,665.0,5983.0,14.709654135338349,8.854003008524149,1.6613563516046583,1.553327234964652,1.6544552526699525,1.7770396793914782
nearest_k80_sequence_flat,hist_gradient_boosting,42,6,entry_movement,val_select,0.2,1330.0,5318.0,14.1041052631579,8.27321549454682,1.7047912353370263,1.6250330013441643,1.6976623310504855,1.7879284061586438
nearest_k80_sequence_flat,hist_gradient_boosting,42,6,entry_movement,val_eval,0.05,333.0,6313.0,35.78525525525529,15.340459369554887,2.3327368752904314,2.0272301300020326,2.294932408239511,2.5949362061757872
nearest_k80_sequence_flat,hist_gradient_boosting,42,6,entry_movement,val_eval,0.1,665.0,5981.0,31.111533834586485,14.725236582511288,2.112803666023044,1.8655751213250265,2.0992222601311687,2.326778727332693
nearest_k80_sequence_flat,hist_gradient_boosting,42,6,entry_movement,val_eval,0.2,1330.0,5316.0,26.668616541353394,13.786973288186607,1.9343343882594193,1.7709403471445604,1.9304183027451596,2.1013796027003653
nearest_k80_sequence_flat,hist_gradient_boosting,42,6,entry_movement,low_n_disclosure,0.05,59.0,1103.0,129.39881355932215,53.49563916591116,2.4188665763578445,1.4584961948915114,2.3207740350880846,3.04299182185566
nearest_k80_sequence_flat,hist_gradient_boosting,42,6,entry_movement,low_n_disclosure,0.1,117.0,1045.0,110.90991452991463,51.352880382775126,2.1597603426178256,1.4218204477818153,2.0914261479862177,2.7331846265515063
nearest_k80_sequence_flat,hist_gradient_boosting,42,6,entry_movement,low_n_disclosure,0.2,233.0,929.0,95.28536480686704,47.83501614639397,1.991958453933753,1.4599372367036758,1.9345112188655138,2.597230088092054
nearest_k80_sequence_flat,hist_gradient_boosting,43,6,entry_movement,val_select,0.05,333.0,6315.0,16.134894894894902,9.08669833729216,1.7756608941970342,1.5977859685314033,1.763101120448011,1.9505773848752137
nearest_k80_sequence_flat,hist_gradient_boosting,43,6,entry_movement,val_select,0.1,665.0,5983.0,15.234781954887225,8.795635968577635,1.7320841846244441,1.60611288093237,1.7371433033194212,1.852373799396157
nearest_k80_sequence_flat,hist_gradient_boosting,43,6,entry_movement,val_select,0.2,1330.0,5318.0,14.362187969924816,8.208670552839411,1.7496362995049033,1.6665366195277405,1.7405619643432675,1.836072654822653
nearest_k80_sequence_flat,hist_gradient_boosting,43,6,entry_movement,val_eval,0.05,333.0,6313.0,35.74951951951954,15.342344368762873,2.3301210467095124,1.9805225548361531,2.3018368027167413,2.6155866826863545
nearest_k80_sequence_flat,hist_gradient_boosting,43,6,entry_movement,val_eval,0.1,665.0,5981.0,30.010751879699267,14.8476274870423,2.021248977716474,1.808721377605677,2.002860153708956,2.220262698482094
nearest_k80_sequence_flat,hist_gradient_boosting,43,6,entry_movement,val_eval,0.2,1330.0,5316.0,26.630240601503775,13.796574492099323,1.9302067057843753,1.766448467267681,1.9187862627381502,2.1044768958669042
nearest_k80_sequence_flat,hist_gradient_boosting,43,6,entry_movement,low_n_disclosure,0.05,59.0,1103.0,147.0569491525425,52.55109700815957,2.7983611670315667,1.6624094462103167,2.5845697192555015,3.3177539682098605
nearest_k80_sequence_flat,hist_gradient_boosting,43,6,entry_movement,low_n_disclosure,0.1,117.0,1045.0,116.72555555555564,50.70175119617225,2.302199683476966,1.444733176213601,2.2939982296510006,3.194268236942306
nearest_k80_sequence_flat,hist_gradient_boosting,43,6,entry_movement,low_n_disclosure,0.2,233.0,929.0,91.82154506437777,48.7037674919268,1.8853068210708388,1.320286610555776,1.8628109942998023,2.6226894360218207
nearest_k80_sequence_flat,hist_gradient_boosting,44,6,entry_movement,val_select,0.05,333.0,6315.0,16.05096096096096,9.091124307205067,1.7655639081119983,1.6267574651477423,1.7746177782201384,1.946788480648875
nearest_k80_sequence_flat,hist_gradient_boosting,44,6,entry_movement,val_select,0.1,665.0,5983.0,15.401368421052636,8.777120173825839,1.7547177338395001,1.6328405876168932,1.7472204741216761,1.8795091817312561
nearest_k80_sequence_flat,hist_gradient_boosting,44,6,entry_movement,val_select,0.2,1330.0,5318.0,14.316744360902259,8.220035727717185,1.741688824128531,1.647947474561322,1.7387746444879375,1.8215336388543175
nearest_k80_sequence_flat,hist_gradient_boosting,44,6,entry_movement,val_eval,0.05,333.0,6313.0,35.979249249249264,15.33022651671155,2.3469483122136596,1.9879728279526585,2.3183721707036558,2.6173513075017025
nearest_k80_sequence_flat,hist_gradient_boosting,44,6,entry_movement,val_eval,0.1,665.0,5981.0,31.74544360902257,14.654755057682664,2.16622137211227,1.9010067861274054,2.159251735139911,2.4084763632872033
nearest_k80_sequence_flat,hist_gradient_boosting,44,6,entry_movement,val_eval,0.2,1330.0,5316.0,26.431270676691742,13.846354401805868,1.9088974548596362,1.7370820863211025,1.9059133132874686,2.077118314607779
nearest_k80_sequence_flat,hist_gradient_boosting,44,6,entry_movement,low_n_disclosure,0.05,59.0,1103.0,135.5362711864408,53.1673436083409,2.549239100318299,1.4000683788507347,2.5714203174303654,3.5023958062835434
nearest_k80_sequence_flat,hist_gradient_boosting,44,6,entry_movement,low_n_disclosure,0.1,117.0,1045.0,111.79153846153856,51.254172248803826,2.1811207469875304,1.4232708732672208,2.196416506898701,2.9588300972513224
nearest_k80_sequence_flat,hist_gradient_boosting,44,6,entry_movement,low_n_disclosure,0.2,233.0,929.0,96.03759656652367,47.646350914962326,2.015633825514329,1.4644692487705235,1.9656394025209192,2.6591900887803757
nearest_k80_sequence_flat,hist_gradient_boosting,42,12,entry_movement,val_select,0.05,333.0,6315.0,19.310090090090096,13.445540775930324,1.4361705796659556,1.3174884200708943,1.4516046682907007,1.6267484430435024
nearest_k80_sequence_flat,hist_gradient_boosting,42,12,entry_movement,val_select,0.1,665.0,5983.0,18.744601503759405,13.1829667390941,1.421880360827451,1.3147126752334837,1.429219195358336,1.5390136337648246
nearest_k80_sequence_flat,hist_gradient_boosting,42,12,entry_movement,val_select,0.2,1330.0,5318.0,18.106676691729326,12.647042121098158,1.4316926059353634,1.3517288711151085,1.4362629541049001,1.513453285321735
nearest_k80_sequence_flat,hist_gradient_boosting,42,12,entry_movement,val_eval,0.05,333.0,6313.0,49.41852852852855,22.216692539204818,2.2243872908319657,1.8265178533010553,2.2169666937078247,2.617085777392852
nearest_k80_sequence_flat,hist_gradient_boosting,42,12,entry_movement,val_eval,0.1,665.0,5981.0,43.908646616541375,21.31936131081759,2.0595666997895394,1.7744831482450458,2.0363120413703633,2.3274894994068998
nearest_k80_sequence_flat,hist_gradient_boosting,42,12,entry_movement,val_eval,0.2,1330.0,5316.0,37.2521203007519,20.15895974416855,1.8479187802102708,1.662521629177808,1.8281462808727518,2.0315860795083722
nearest_k80_sequence_flat,hist_gradient_boosting,42,12,entry_movement,low_n_disclosure,0.05,59.0,1103.0,194.30016949152554,77.87091568449681,2.4951571171803804,1.4526168302233518,2.333148104741551,3.110443317358247
nearest_k80_sequence_flat,hist_gradient_boosting,42,12,entry_movement,low_n_disclosure,0.1,117.0,1045.0,154.75350427350435,75.83652631578946,2.0406196300328707,1.3133858253553714,2.070320950560288,2.788216145234473
nearest_k80_sequence_flat,hist_gradient_boosting,42,12,entry_movement,low_n_disclosure,0.2,233.0,929.0,130.00145922746785,72.19051668460708,1.800810760164397,1.2303801526492602,1.7233935385232,2.4032908847632313
nearest_k80_sequence_flat,hist_gradient_boosting,43,12,entry_movement,val_select,0.05,333.0,6315.0,20.08603603603604,13.40462391132225,1.4984408491364176,1.345424771125502,1.5105344239435345,1.6913077308464666
nearest_k80_sequence_flat,hist_gradient_boosting,43,12,entry_movement,val_select,0.1,665.0,5983.0,19.87751879699249,13.057044960722044,1.5223596806771875,1.4015173450251848,1.50691382060708,1.6237721982330697
nearest_k80_sequence_flat,hist_gradient_boosting,43,12,entry_movement,val_select,0.2,1330.0,5318.0,18.324172932330832,12.592647611884166,1.4551485515276077,1.3743372481271021,1.4536085265743224,1.5340191740783795
nearest_k80_sequence_flat,hist_gradient_boosting,43,12,entry_movement,val_eval,0.05,333.0,6313.0,50.75789789789791,22.14604308569619,2.2919623926263246,1.8866244267453987,2.2714179016970513,2.622151282397253
nearest_k80_sequence_flat,hist_gradient_boosting,43,12,entry_movement,val_eval,0.1,665.0,5981.0,44.73870676691731,21.227070723959205,2.1076250863205677,1.7865948289970626,2.0754536234287198,2.3953141523484045
nearest_k80_sequence_flat,hist_gradient_boosting,43,12,entry_movement,val_eval,0.2,1330.0,5316.0,37.670676691729334,20.05424191121144,1.8784393276252103,1.6760959947867935,1.8590037813104605,2.0812984751159287
nearest_k80_sequence_flat,hist_gradient_boosting,43,12,entry_movement,low_n_disclosure,0.05,59.0,1103.0,207.31796610169496,77.17458748866726,2.686350168468846,1.405543338686055,2.6246123896183406,3.524460348510252
nearest_k80_sequence_flat,hist_gradient_boosting,43,12,entry_movement,low_n_disclosure,0.1,117.0,1045.0,162.19538461538465,75.00332057416266,2.1625093845679433,1.27839080528372,2.169034226406566,3.2115741015359465
nearest_k80_sequence_flat,hist_gradient_boosting,43,12,entry_movement,low_n_disclosure,0.2,233.0,929.0,128.4991416309013,72.56730893433799,1.7707579834216098,1.2360569430386925,1.7399436099953811,2.459904227387265
nearest_k80_sequence_flat,hist_gradient_boosting,44,12,entry_movement,val_select,0.05,333.0,6315.0,19.715165165165175,13.42418052256532,1.468630813778543,1.2978391062014534,1.4529852207615803,1.616187944313021
nearest_k80_sequence_flat,hist_gradient_boosting,44,12,entry_movement,val_select,0.1,665.0,5983.0,18.56697744360903,13.202709343138894,1.406300552489085,1.2938994034262383,1.4036251096901802,1.5024868623526815
nearest_k80_sequence_flat,hist_gradient_boosting,44,12,entry_movement,val_select,0.2,1330.0,5318.0,17.925390977443616,12.692380594208347,1.4122954196333461,1.3303633188615407,1.4076092103850883,1.4879212059572369
nearest_k80_sequence_flat,hist_gradient_boosting,44,12,entry_movement,val_eval,0.05,333.0,6313.0,51.84414414414414,22.08874544590528,2.347084141609989,1.968830968777658,2.301808522722675,2.6279180513474065
nearest_k80_sequence_flat,hist_gradient_boosting,44,12,entry_movement,val_eval,0.1,665.0,5981.0,45.26306766917293,21.168769436549077,2.138200229580832,1.8586877714152694,2.100828828096324,2.3990042471258186
nearest_k80_sequence_flat,hist_gradient_boosting,44,12,entry_movement,val_eval,0.2,1330.0,5316.0,37.50583458646617,20.095483446200156,1.8663813033847727,1.688793023818592,1.853696434246407,2.063808873188379
nearest_k80_sequence_flat,hist_gradient_boosting,44,12,entry_movement,low_n_disclosure,0.05,59.0,1103.0,207.21152542372886,77.18028105167724,2.6847728798109354,1.4451667978487786,2.6380786973662875,3.500981752531639
nearest_k80_sequence_flat,hist_gradient_boosting,44,12,entry_movement,low_n_disclosure,0.1,117.0,1045.0,171.82512820512824,73.92515789473683,2.3243119541224746,1.38000741511556,2.2761103843504493,3.151442676586883
nearest_k80_sequence_flat,hist_gradient_boosting,44,12,entry_movement,low_n_disclosure,0.2,233.0,929.0,134.1540772532189,71.14900968783635,1.885536816911647,1.330039255063667,1.8489801005248423,2.560440960280203
nearest_k80_sequence_flat,hist_gradient_boosting,42,24,entry_movement,val_select,0.05,333.0,6315.0,23.32714714714716,19.916977038796517,1.1712192619245345,0.9646628991555688,1.1542358770708674,1.3596133691721342
nearest_k80_sequence_flat,hist_gradient_boosting,42,24,entry_movement,val_select,0.1,665.0,5983.0,21.982195488721814,19.877233829182682,1.1058981183009853,0.9849846574860135,1.1084536518306989,1.2463990417178425
nearest_k80_sequence_flat,hist_gradient_boosting,42,24,entry_movement,val_select,0.2,1330.0,5318.0,22.25531578947369,19.54570891312523,1.1386292453444304,1.052951264934312,1.1375667420179665,1.2286758005852692
nearest_k80_sequence_flat,hist_gradient_boosting,42,24,entry_movement,val_eval,0.05,333.0,6313.0,66.1887087087087,32.68575320766672,2.025001788644221,1.7253464610642704,1.9718911258900746,2.3126518640828024
nearest_k80_sequence_flat,hist_gradient_boosting,42,24,entry_movement,val_eval,0.1,665.0,5981.0,62.00562406015038,31.29113191773951,1.9815717828027266,1.6984711989600436,1.9338738046481918,2.249267162674751
nearest_k80_sequence_flat,hist_gradient_boosting,42,24,entry_movement,val_eval,0.2,1330.0,5316.0,53.50357142857144,29.576044018058695,1.8090171692976569,1.608981327485655,1.8051700034545204,2.0108722983482847
nearest_k80_sequence_flat,hist_gradient_boosting,42,24,entry_movement,low_n_disclosure,0.05,59.0,1103.0,221.0349152542374,115.88297370806889,1.9073976804484336,1.1919424732253812,1.7899156160256269,2.646319046061644
nearest_k80_sequence_flat,hist_gradient_boosting,42,24,entry_movement,low_n_disclosure,0.1,117.0,1045.0,205.42145299145307,111.79489952153106,1.8374850182846674,1.1436695108180517,1.70336512458245,2.5046183579672188
nearest_k80_sequence_flat,hist_gradient_boosting,42,24,entry_movement,low_n_disclosure,0.2,233.0,929.0,181.4643347639485,106.11279870828847,1.7101078943625518,1.1765620956994498,1.6469838426156234,2.254949169648614
nearest_k80_sequence_flat,hist_gradient_boosting,43,24,entry_movement,val_select,0.05,333.0,6315.0,23.53579579579581,19.905974663499602,1.1823483247445299,0.9857390973975988,1.1987648529572574,1.4546918260633577
nearest_k80_sequence_flat,hist_gradient_boosting,43,24,entry_movement,val_select,0.1,665.0,5983.0,21.79336842105264,19.898221627945848,1.095242018535223,0.9693779515647113,1.1011731709149575,1.2590189446926345
nearest_k80_sequence_flat,hist_gradient_boosting,43,24,entry_movement,val_select,0.2,1330.0,5318.0,22.27073684210527,19.541852200075216,1.1396430908437405,1.0544655942306815,1.1410412977244109,1.2295226426221737
nearest_k80_sequence_flat,hist_gradient_boosting,43,24,entry_movement,val_eval,0.05,333.0,6313.0,57.40066066066068,33.14930777760178,1.731579466025682,1.4669602141210847,1.7286836645550272,1.9695228582224706
nearest_k80_sequence_flat,hist_gradient_boosting,43,24,entry_movement,val_eval,0.1,665.0,5981.0,58.074511278195494,31.728214345427187,1.830374399451996,1.5691153309724006,1.8262568321511468,2.0607897819589476
nearest_k80_sequence_flat,hist_gradient_boosting,43,24,entry_movement,val_eval,0.2,1330.0,5316.0,52.58569924812031,29.805684725357416,1.764284220700443,1.5622334027410503,1.748245821573441,1.9728479491748594
nearest_k80_sequence_flat,hist_gradient_boosting,43,24,entry_movement,low_n_disclosure,0.05,59.0,1103.0,294.23338983050854,111.96755213055302,2.62784515899245,1.326664839708645,2.474714268998757,3.5396780390472693
nearest_k80_sequence_flat,hist_gradient_boosting,43,24,entry_movement,low_n_disclosure,0.1,117.0,1045.0,236.82470085470084,108.27893779904305,2.1871723685933113,1.2976367119974057,2.1804488434002796,3.1091154705315516
nearest_k80_sequence_flat,hist_gradient_boosting,43,24,entry_movement,low_n_disclosure,0.2,233.0,929.0,187.3313733905579,104.64130247578038,1.790224022048239,1.2053159664265507,1.7361969422457537,2.4273237686800178
nearest_k80_sequence_flat,hist_gradient_boosting,44,24,entry_movement,val_select,0.05,333.0,6315.0,23.92345345345346,19.885532858273955,1.2030582043718991,0.996238821926569,1.1961865308462918,1.4765413361731103
nearest_k80_sequence_flat,hist_gradient_boosting,44,24,entry_movement,val_select,0.1,665.0,5983.0,22.406766917293243,19.83004345645997,1.1299403839679365,0.9931720944449198,1.1306927166178897,1.2702967685926638
nearest_k80_sequence_flat,hist_gradient_boosting,44,24,entry_movement,val_select,0.2,1330.0,5318.0,21.826172932330838,19.653034975554718,1.1105751839081934,1.0188141333792204,1.1177502520543574,1.2093280565866846
nearest_k80_sequence_flat,hist_gradient_boosting,44,24,entry_movement,val_eval,0.05,333.0,6313.0,73.23534534534535,32.31405512434659,2.2663619611816275,1.8038940204228446,2.1739162327109094,2.6376674852937185
nearest_k80_sequence_flat,hist_gradient_boosting,44,24,entry_movement,val_eval,0.1,665.0,5981.0,62.02816541353385,31.288625647884974,1.9824509427670174,1.6984612492633928,1.9560970781229117,2.2971182041022966
nearest_k80_sequence_flat,hist_gradient_boosting,44,24,entry_movement,val_eval,0.2,1330.0,5316.0,52.41537593984963,29.84829759217457,1.7560591446793785,1.5523962721458606,1.7441987074577257,1.9918579582369111
nearest_k80_sequence_flat,hist_gradient_boosting,44,24,entry_movement,low_n_disclosure,0.05,59.0,1103.0,219.14152542372878,115.98425203989119,1.8894075839568123,1.1662050485498194,2.0006065189844118,2.9329372911110334
nearest_k80_sequence_flat,hist_gradient_boosting,44,24,entry_movement,low_n_disclosure,0.1,117.0,1045.0,219.13598290598296,110.25939712918658,1.98745856236843,1.2077622124425809,1.8602032526255443,2.7230397598470217
nearest_k80_sequence_flat,hist_gradient_boosting,44,24,entry_movement,low_n_disclosure,0.2,233.0,929.0,187.07866952789698,104.70468245425188,1.7867268697332268,1.1851920998393304,1.7028742512493198,2.4025138047621333
nearest_k80_sequence_flat,extra_trees_small,42,3,entry_movement,val_select,0.05,333.0,6315.0,12.115705705705704,6.074568487727633,1.9944965194125144,1.8696992531141898,1.9879454941722465,2.10589329770172
nearest_k80_sequence_flat,extra_trees_small,42,3,entry_movement,val_select,0.1,665.0,5983.0,11.477398496240603,5.8102891525990294,1.975357541561695,1.8830213148280555,1.9739993249244538,2.073653643844398
nearest_k80_sequence_flat,extra_trees_small,42,3,entry_movement,val_select,0.2,1330.0,5318.0,10.65817293233083,5.306517487777359,2.0085061354984846,1.9240596568584116,2.0060099283210366,2.111282222957933
nearest_k80_sequence_flat,extra_trees_small,42,3,entry_movement,val_eval,0.05,333.0,6313.0,21.998048048048044,10.537955013464277,2.087506353931221,1.926938481936122,2.097542875165091,2.289871277532226
nearest_k80_sequence_flat,extra_trees_small,42,3,entry_movement,val_eval,0.1,665.0,5981.0,19.388240601503764,10.191987961879283,1.9023021489056782,1.8016781361559269,1.906199629336025,2.019503050482807
nearest_k80_sequence_flat,extra_trees_small,42,3,entry_movement,val_eval,0.2,1330.0,5316.0,17.748774436090223,9.451766365688487,1.8778261913583985,1.7660049009989975,1.8626464380735865,1.9951887042478431
nearest_k80_sequence_flat,extra_trees_small,42,3,entry_movement,low_n_disclosure,0.05,59.0,1103.0,100.24949152542386,36.29565729827743,2.7620244124958067,1.782129366507015,2.704952933591107,3.564851935274636
nearest_k80_sequence_flat,extra_trees_small,42,3,entry_movement,low_n_disclosure,0.1,117.0,1045.0,88.8100000000001,34.02685167464116,2.6099975645465494,1.7842156333713348,2.495777388828418,3.3575329340638604
nearest_k80_sequence_flat,extra_trees_small,42,3,entry_movement,low_n_disclosure,0.2,233.0,929.0,65.34055793991422,33.07263724434877,1.9756682074417629,1.5709904563275876,1.9826542836095395,2.6865007991372036
nearest_k80_sequence_flat,extra_trees_small,43,3,entry_movement,val_select,0.05,333.0,6315.0,12.09165165165165,6.075836896278702,1.990121173110734,1.8957888787432329,1.999850934814075,2.1206249333975524
nearest_k80_sequence_flat,extra_trees_small,43,3,entry_movement,val_select,0.1,665.0,5983.0,11.757097744360903,5.779201069697478,2.034381154517669,1.9429258624243817,2.028318740746708,2.1299569733702546
nearest_k80_sequence_flat,extra_trees_small,43,3,entry_movement,val_select,0.2,1330.0,5318.0,10.713413533834586,5.292702143663031,2.024185991018178,1.9390037306458572,2.018333746636255,2.126359231894202
nearest_k80_sequence_flat,extra_trees_small,43,3,entry_movement,val_eval,0.05,333.0,6313.0,22.808228228228216,10.495219388563282,2.1732016629478474,1.9633993811249553,2.1605186157297256,2.4187841469843896
nearest_k80_sequence_flat,extra_trees_small,43,3,entry_movement,val_eval,0.1,665.0,5981.0,20.036616541353382,10.119898010366159,1.9799227740071281,1.836045239564168,1.964810277375726,2.1314175225902874
nearest_k80_sequence_flat,extra_trees_small,43,3,entry_movement,val_eval,0.2,1330.0,5316.0,18.02784962406015,9.381945071482315,1.9215471298012845,1.8030002712641477,1.9070109108145714,2.039512723932143
nearest_k80_sequence_flat,extra_trees_small,43,3,entry_movement,low_n_disclosure,0.05,59.0,1103.0,101.47542372881365,36.230081595648244,2.800861032038148,1.9094382227064683,2.7979141926654982,3.6778896054067376
nearest_k80_sequence_flat,extra_trees_small,43,3,entry_movement,low_n_disclosure,0.1,117.0,1045.0,90.280341880342,33.86222966507178,2.6661074233237625,1.8704022812446068,2.575422957769254,3.4879625382941355
nearest_k80_sequence_flat,extra_trees_small,43,3,entry_movement,low_n_disclosure,0.2,233.0,929.0,67.24935622317602,32.59389666307859,2.063249967266237,1.6611402134241553,2.062412903882172,2.736982930254728
nearest_k80_sequence_flat,extra_trees_small,44,3,entry_movement,val_select,0.05,333.0,6315.0,11.921351351351348,6.084817102137768,1.9591963326495123,1.8284499878239018,1.9626875934963617,2.1079792503994557
nearest_k80_sequence_flat,extra_trees_small,44,3,entry_movement,val_select,0.1,665.0,5983.0,11.770150375939851,5.777750292495403,2.037151102086888,1.9253378103301406,2.0286882852280974,2.1392536342989024
nearest_k80_sequence_flat,extra_trees_small,44,3,entry_movement,val_select,0.2,1330.0,5318.0,10.784571428571429,5.274905979691614,2.044504958020489,1.9596688682236263,2.03385045685934,2.129666347814481
nearest_k80_sequence_flat,extra_trees_small,44,3,entry_movement,val_eval,0.05,333.0,6313.0,23.306516516516506,10.46893552985902,2.226254660757316,2.0092763977332515,2.2067062238642685,2.442943479621482
nearest_k80_sequence_flat,extra_trees_small,44,3,entry_movement,val_eval,0.1,665.0,5981.0,19.603518796992482,10.168052165189767,1.9279522251178989,1.7874221628305424,1.9188280741907229,2.045422212075
nearest_k80_sequence_flat,extra_trees_small,44,3,entry_movement,val_eval,0.2,1330.0,5316.0,17.66533834586466,9.472641083521443,1.8648799410963846,1.7453396181447323,1.8518612966910726,2.0004715120607166
nearest_k80_sequence_flat,extra_trees_small,44,3,entry_movement,low_n_disclosure,0.05,59.0,1103.0,103.6949152542374,36.11135992747055,2.8715317136354876,1.870523274539779,2.7266024422136623,3.445757828464187
nearest_k80_sequence_flat,extra_trees_small,44,3,entry_movement,low_n_disclosure,0.1,117.0,1045.0,89.79888888888902,33.91613397129186,2.6476746720277387,1.7869812279542208,2.5607921454484934,3.460445199550468
nearest_k80_sequence_flat,extra_trees_small,44,3,entry_movement,low_n_disclosure,0.2,233.0,929.0,66.52557939914168,32.775425188374605,2.0297396301280695,1.6157337350177932,2.0369042430154787,2.760719147925797
nearest_k80_sequence_flat,extra_trees_small,42,6,entry_movement,val_select,0.05,333.0,6315.0,15.94384384384385,9.096772763262074,1.7526923293317969,1.6287566336911987,1.7501707694639546,1.9048745042079127
nearest_k80_sequence_flat,extra_trees_small,42,6,entry_movement,val_select,0.1,665.0,5983.0,15.246812030075192,8.794298846732408,1.733715478152106,1.63081165844816,1.7224111260210675,1.8085610896979931
nearest_k80_sequence_flat,extra_trees_small,42,6,entry_movement,val_select,0.2,1330.0,5318.0,14.66163157894737,8.133781496803309,1.8025602955660414,1.735578930498521,1.8008034084419124,1.8723667329116982
nearest_k80_sequence_flat,extra_trees_small,42,6,entry_movement,val_eval,0.05,333.0,6313.0,37.20114114114114,15.265773800095047,2.436898491245136,2.160608444234041,2.420298119816149,2.7608511802034674
nearest_k80_sequence_flat,extra_trees_small,42,6,entry_movement,val_eval,0.1,665.0,5981.0,30.86547368421053,14.752594883798698,2.0922064170627364,1.9037425648872501,2.080783339351023,2.296655189607736
nearest_k80_sequence_flat,extra_trees_small,42,6,entry_movement,val_eval,0.2,1330.0,5316.0,25.135503759398514,14.170539879608727,1.7737858947469085,1.6523751018304607,1.769723538419029,1.9254681089332941
nearest_k80_sequence_flat,extra_trees_small,42,6,entry_movement,low_n_disclosure,0.05,59.0,1103.0,134.95864406779668,53.198241160471454,2.536900490012378,1.5405414250046037,2.292376374687639,3.3062655065850994
nearest_k80_sequence_flat,extra_trees_small,42,6,entry_movement,low_n_disclosure,0.1,117.0,1045.0,119.66034188034199,50.373167464114836,2.3754778169466193,1.484148810342965,2.249813893355926,3.417451289028728
nearest_k80_sequence_flat,extra_trees_small,42,6,entry_movement,low_n_disclosure,0.2,233.0,929.0,91.69927038626616,48.734434876210976,1.881611444129577,1.39196127257974,1.8522428586014499,2.653709422204838
nearest_k80_sequence_flat,extra_trees_small,43,6,entry_movement,val_select,0.05,333.0,6315.0,15.492372372372373,9.120579572446555,1.6986170943757921,1.5803375166387315,1.6854321073380965,1.8093644552452637
nearest_k80_sequence_flat,extra_trees_small,43,6,entry_movement,val_select,0.1,665.0,5983.0,15.204511278195493,8.799000501420691,1.7279816356119726,1.6192488050906266,1.7228442658503327,1.8295721003855387
nearest_k80_sequence_flat,extra_trees_small,43,6,entry_movement,val_select,0.2,1330.0,5318.0,14.608548872180453,8.147057164347498,1.7931074469575616,1.7222021086945527,1.7896471229343647,1.857620730675106
nearest_k80_sequence_flat,extra_trees_small,43,6,entry_movement,val_eval,0.05,333.0,6313.0,36.433993993993994,15.306239505781724,2.380336070151754,2.090658467353866,2.36114724638861,2.6415838467767268
nearest_k80_sequence_flat,extra_trees_small,43,6,entry_movement,val_eval,0.1,665.0,5981.0,29.770270676691734,14.874365490720619,2.0014481085101705,1.8260159805058196,1.9877172980197106,2.191311979088202
nearest_k80_sequence_flat,extra_trees_small,43,6,entry_movement,val_eval,0.2,1330.0,5316.0,25.56150375939851,14.06395974416855,1.8175182682812554,1.687948523927879,1.8047724233175089,1.9740757492885634
nearest_k80_sequence_flat,extra_trees_small,43,6,entry_movement,low_n_disclosure,0.05,59.0,1103.0,130.20288135593228,53.452629193109715,2.435855510222798,1.5389339470624241,2.3073553272861957,3.2535996479116527
nearest_k80_sequence_flat,extra_trees_small,43,6,entry_movement,low_n_disclosure,0.1,117.0,1045.0,119.82282051282061,50.354976076555026,2.3795626539600203,1.4705455009095016,2.2496521191367944,3.289957989264896
nearest_k80_sequence_flat,extra_trees_small,43,6,entry_movement,low_n_disclosure,0.2,233.0,929.0,88.04630901287562,49.65062432723358,1.7733172584615788,1.333468025261225,1.762986391924437,2.560391561405842
nearest_k80_sequence_flat,extra_trees_small,44,6,entry_movement,val_select,0.05,333.0,6315.0,15.637447447447451,9.112929532858272,1.7159627308719858,1.583552860581074,1.7101429172714961,1.8852523409349795
nearest_k80_sequence_flat,extra_trees_small,44,6,entry_movement,val_select,0.1,665.0,5983.0,15.438240601503765,8.773021895370213,1.7597403478100273,1.6579554960780274,1.7553896488942322,1.8615347572263603
nearest_k80_sequence_flat,extra_trees_small,44,6,entry_movement,val_select,0.2,1330.0,5318.0,14.671157894736842,8.131399022188793,1.80425998708248,1.7399094143750211,1.8064938079137374,1.8803716295588078
nearest_k80_sequence_flat,extra_trees_small,44,6,entry_movement,val_eval,0.05,333.0,6313.0,35.920480480480485,15.333326469190563,2.3426410800458686,2.0567328384177572,2.291803438825726,2.5957873419917554
nearest_k80_sequence_flat,extra_trees_small,44,6,entry_movement,val_eval,0.1,665.0,5981.0,29.44852631578948,14.910138772780472,1.9750672186599547,1.8151593292868842,1.9608710095779713,2.1243800618010793
nearest_k80_sequence_flat,extra_trees_small,44,6,entry_movement,val_eval,0.2,1330.0,5316.0,25.357563909774445,14.114983069977427,1.7964997750305483,1.671113730844754,1.780728784742307,1.9386111708395037
nearest_k80_sequence_flat,extra_trees_small,44,6,entry_movement,low_n_disclosure,0.05,59.0,1103.0,125.0464406779662,53.728449682683596,2.3273785381205228,1.4362543878938927,1.9390529056374937,2.982529746637188
nearest_k80_sequence_flat,extra_trees_small,44,6,entry_movement,low_n_disclosure,0.1,117.0,1045.0,119.36572649572656,50.40615311004785,2.3680784811156808,1.5739114800332825,2.267623451559735,3.300559494151941
nearest_k80_sequence_flat,extra_trees_small,44,6,entry_movement,low_n_disclosure,0.2,233.0,929.0,89.11051502145929,49.38371367061357,1.804451475962726,1.3626518234518552,1.802208017873046,2.6216984502772234
nearest_k80_sequence_flat,extra_trees_small,42,12,entry_movement,val_select,0.05,333.0,6315.0,20.74753753753755,13.369741884402217,1.551827830105129,1.3790218347267535,1.5257711396975648,1.7152362205438594
nearest_k80_sequence_flat,extra_trees_small,42,12,entry_movement,val_select,0.1,665.0,5983.0,19.420210526315795,13.107873976266088,1.4815682971532382,1.369707802634268,1.4782649651765039,1.5845299407124203
nearest_k80_sequence_flat,extra_trees_small,42,12,entry_movement,val_select,0.2,1330.0,5318.0,18.440045112781956,12.563668672433248,1.4677277468517171,1.4049247681628918,1.4735241882102055,1.5414428373887374
nearest_k80_sequence_flat,extra_trees_small,42,12,entry_movement,val_eval,0.05,333.0,6313.0,55.25798798798801,21.90867099635673,2.52219717011484,2.133942569751965,2.492413872885976,2.8428664713041427
nearest_k80_sequence_flat,extra_trees_small,42,12,entry_movement,val_eval,0.1,665.0,5981.0,47.929187969924826,20.87233572981107,2.2963020809151513,1.9692077530208867,2.252122155671919,2.556925225610312
nearest_k80_sequence_flat,extra_trees_small,42,12,entry_movement,val_eval,0.2,1330.0,5316.0,36.07532330827069,20.453380361173817,1.7637829381372894,1.5953130945368792,1.759040068986684,1.9513646669145714
nearest_k80_sequence_flat,extra_trees_small,42,12,entry_movement,low_n_disclosure,0.05,59.0,1103.0,179.72559322033894,78.65051677243879,2.2851164950427827,1.3956236367406218,2.1155714709079483,3.1446257748619386
nearest_k80_sequence_flat,extra_trees_small,42,12,entry_movement,low_n_disclosure,0.1,117.0,1045.0,165.56743589743596,74.6257799043062,2.2186359205859647,1.4289173631796808,2.1061962681536857,3.132492467140243
nearest_k80_sequence_flat,extra_trees_small,42,12,entry_movement,low_n_disclosure,0.2,233.0,929.0,131.96420600858372,71.69824542518836,1.8405500054569435,1.3196013814708278,1.7907761372353912,2.4950982554302055
nearest_k80_sequence_flat,extra_trees_small,43,12,entry_movement,val_select,0.05,333.0,6315.0,21.009099099099107,13.355949326999209,1.573014286347206,1.3658469598909915,1.5636956425148272,1.7651029958257725
nearest_k80_sequence_flat,extra_trees_small,43,12,entry_movement,val_select,0.1,665.0,5983.0,19.13458646616542,13.139620591676417,1.4562510639223971,1.3569810759561027,1.457121736553313,1.5588704701431866
nearest_k80_sequence_flat,extra_trees_small,43,12,entry_movement,val_select,0.2,1330.0,5318.0,18.072992481203013,12.655466340729598,1.4280779541910653,1.3702057978923576,1.433308501515966,1.4997150112928879
nearest_k80_sequence_flat,extra_trees_small,43,12,entry_movement,val_eval,0.05,333.0,6313.0,57.61042042042043,21.784584191351183,2.6445499218338377,2.1855672751682027,2.5827211988492094,2.980892099925061
nearest_k80_sequence_flat,extra_trees_small,43,12,entry_movement,val_eval,0.1,665.0,5981.0,47.506616541353395,20.91931951178733,2.2709446411287435,1.9494231008257557,2.22419443247669,2.5530705721365274
nearest_k80_sequence_flat,extra_trees_small,43,12,entry_movement,val_eval,0.2,1330.0,5316.0,36.844812030075204,20.260863431151243,1.818521315998113,1.6271088800869433,1.8098375949926377,2.0005485698262326
nearest_k80_sequence_flat,extra_trees_small,43,12,entry_movement,low_n_disclosure,0.05,59.0,1103.0,173.87576271186438,78.96342701722573,2.2019784257075585,1.4112010250369342,2.019681610876525,2.9765772013797256
nearest_k80_sequence_flat,extra_trees_small,43,12,entry_movement,low_n_disclosure,0.1,117.0,1045.0,162.87717948717952,74.926985645933,2.1738119862028698,1.4788510682643792,2.1036079588368426,2.9029881416384127
nearest_k80_sequence_flat,extra_trees_small,43,12,entry_movement,low_n_disclosure,0.2,233.0,929.0,135.4539484978541,70.82299246501611,1.9125702513172291,1.3819547529644036,1.8244043921914597,2.48321561317856
nearest_k80_sequence_flat,extra_trees_small,44,12,entry_movement,val_select,0.05,333.0,6315.0,21.540120120120132,13.327947743467933,1.6161618078580036,1.4068569970680607,1.6180608758798387,1.8414093840815724
nearest_k80_sequence_flat,extra_trees_small,44,12,entry_movement,val_select,0.1,665.0,5983.0,19.742390977443616,13.072064181848571,1.5102734122784707,1.375133856047807,1.509624722746096,1.639751018422648
nearest_k80_sequence_flat,extra_trees_small,44,12,entry_movement,val_select,0.2,1330.0,5318.0,18.480368421052635,12.5535840541557,1.472118905750661,1.3963529745349275,1.4713371580436936,1.539163130160827
nearest_k80_sequence_flat,extra_trees_small,44,12,entry_movement,val_eval,0.05,333.0,6313.0,56.45684684684686,21.845433233011253,2.5843775330366676,2.1274061850305706,2.5190866211218568,2.9197013003078585
nearest_k80_sequence_flat,extra_trees_small,44,12,entry_movement,val_eval,0.1,665.0,5981.0,46.550030075187976,21.025677980270864,2.213960953785534,1.8975539999937645,2.1833918530259826,2.5017803400366527
nearest_k80_sequence_flat,extra_trees_small,44,12,entry_movement,val_eval,0.2,1330.0,5316.0,36.406195488721806,20.370600075244546,1.7871930799409577,1.6073525235439714,1.7780006149691627,1.977793006098045
nearest_k80_sequence_flat,extra_trees_small,44,12,entry_movement,low_n_disclosure,0.05,59.0,1103.0,157.5971186440678,79.8341795104261,1.974055719123237,1.2924033292698074,1.9090304182175983,2.9044693466332614
nearest_k80_sequence_flat,extra_trees_small,44,12,entry_movement,low_n_disclosure,0.1,117.0,1045.0,162.68982905982907,74.94796172248802,2.170703849988948,1.3886033498458534,2.0959905511141814,2.953559789437039
nearest_k80_sequence_flat,extra_trees_small,44,12,entry_movement,low_n_disclosure,0.2,233.0,929.0,131.09665236051507,71.91583423035519,1.8229177727480224,1.3045572697121184,1.780409326463694,2.431877018766973
nearest_k80_sequence_flat,extra_trees_small,42,24,entry_movement,val_select,0.05,333.0,6315.0,27.94723723723726,19.673352335708632,1.4205630418416741,1.1994091795174069,1.4180509355301036,1.675071527770399
nearest_k80_sequence_flat,extra_trees_small,42,24,entry_movement,val_select,0.1,665.0,5983.0,24.68649624060152,19.576655523984623,1.2610170419741258,1.1445895644200748,1.2688595790678636,1.4331534213249542
nearest_k80_sequence_flat,extra_trees_small,42,24,entry_movement,val_select,0.2,1330.0,5318.0,23.439887218045122,19.249454682211358,1.217690973849051,1.1167519687409062,1.212908343749548,1.3342608008659043
nearest_k80_sequence_flat,extra_trees_small,42,24,entry_movement,val_eval,0.05,333.0,6313.0,82.89693693693694,31.804422619990497,2.6064594200440703,1.9693832705753298,2.5283920272797626,3.0736739750833295
nearest_k80_sequence_flat,extra_trees_small,42,24,entry_movement,val_eval,0.1,665.0,5981.0,70.22536842105265,30.37721618458452,2.3117776163007924,1.9209053805389293,2.2397405315321013,2.6298673056958193
nearest_k80_sequence_flat,extra_trees_small,42,24,entry_movement,val_eval,0.2,1330.0,5316.0,58.066255639097754,28.43451467268623,2.042104685362375,1.7581475394634232,2.0111473184130566,2.2436801054614057
nearest_k80_sequence_flat,extra_trees_small,42,24,entry_movement,low_n_disclosure,0.05,59.0,1103.0,235.93440677966103,115.08599274705347,2.0500705702580095,1.2082160075148431,1.9118078235295703,2.945171647238467
nearest_k80_sequence_flat,extra_trees_small,42,24,entry_movement,low_n_disclosure,0.1,117.0,1045.0,226.8165811965812,109.39946411483251,2.0732878632613807,1.2625420112318115,1.9678588290593286,2.8603939907341696
nearest_k80_sequence_flat,extra_trees_small,42,24,entry_movement,low_n_disclosure,0.2,233.0,929.0,184.87343347639484,105.25777179763185,1.7563874887246496,1.2787546140809838,1.7422687218052955,2.4065702584598143
nearest_k80_sequence_flat,extra_trees_small,43,24,entry_movement,val_select,0.05,333.0,6315.0,28.387567567567583,19.650133016627077,1.4446501478410998,1.2099754829171872,1.4372258944336285,1.7061436398201433
nearest_k80_sequence_flat,extra_trees_small,43,24,entry_movement,val_select,0.1,665.0,5983.0,25.619819548872194,19.47291826842721,1.315664103125795,1.1437821377784214,1.3060762236106758,1.4794208952833612
nearest_k80_sequence_flat,extra_trees_small,43,24,entry_movement,val_select,0.2,1330.0,5318.0,23.01114285714286,19.35668108311395,1.1887958869775939,1.088008486054702,1.1928385059975226,1.3054337300621353
nearest_k80_sequence_flat,extra_trees_small,43,24,entry_movement,val_eval,0.05,333.0,6313.0,78.1527927927928,32.054668145097416,2.438109558303003,1.9562947428823019,2.381418204244116,2.779313897922423
nearest_k80_sequence_flat,extra_trees_small,43,24,entry_movement,val_eval,0.1,665.0,5981.0,70.73066165413535,30.321034943989304,2.3327258381777844,1.920437299136052,2.2822633232475567,2.6946707268482695
nearest_k80_sequence_flat,extra_trees_small,43,24,entry_movement,val_eval,0.2,1330.0,5316.0,56.60289473684211,28.80063017306245,1.9653352859543824,1.7203861915305212,1.9349039110045956,2.190336593748537
nearest_k80_sequence_flat,extra_trees_small,43,24,entry_movement,low_n_disclosure,0.05,59.0,1103.0,167.61762711864404,118.74029011786037,1.4116322854885106,0.8564603776150398,1.38090880399638,2.24443154096461
nearest_k80_sequence_flat,extra_trees_small,43,24,entry_movement,low_n_disclosure,0.1,117.0,1045.0,186.62675213675206,113.89918660287081,1.6385257674179752,0.918601338658339,1.5364610953944347,2.469106563290107
nearest_k80_sequence_flat,extra_trees_small,43,24,entry_movement,low_n_disclosure,0.2,233.0,929.0,180.5802145922747,106.33454251883744,1.6982272205693127,1.1877375299193376,1.640998804794804,2.225420050112791
nearest_k80_sequence_flat,extra_trees_small,44,24,entry_movement,val_select,0.05,333.0,6315.0,27.651351351351366,19.68895486935867,1.404409301297365,1.1579997439204162,1.3902179819412634,1.7114442211955114
nearest_k80_sequence_flat,extra_trees_small,44,24,entry_movement,val_select,0.1,665.0,5983.0,25.180812030075206,19.521713187364195,1.289887408364035,1.1327955131850227,1.2900818850988185,1.4658786265870307
nearest_k80_sequence_flat,extra_trees_small,44,24,entry_movement,val_select,0.2,1330.0,5318.0,23.302511278195496,19.283811583301993,1.2083975814394146,1.097636062639078,1.2031678649656496,1.3010764925316571
nearest_k80_sequence_flat,extra_trees_small,44,24,entry_movement,val_eval,0.05,333.0,6313.0,73.93663663663662,32.277063202914626,2.2906866145727944,1.8790975107962244,2.2673822533424732,2.719424455221346
nearest_k80_sequence_flat,extra_trees_small,44,24,entry_movement,val_eval,0.1,665.0,5981.0,70.67057142857144,30.327716100986457,2.3302305783016997,1.9118441558874586,2.2494201073810243,2.6669878269789806
nearest_k80_sequence_flat,extra_trees_small,44,24,entry_movement,val_eval,0.2,1330.0,5316.0,57.767436090225566,28.509275771256583,2.026268101432006,1.7718775027047664,1.999926523883972,2.258863549372562
nearest_k80_sequence_flat,extra_trees_small,44,24,entry_movement,low_n_disclosure,0.05,59.0,1103.0,227.657627118644,115.52872166817768,1.970571679763961,0.9855710246749703,1.8509958562796678,3.028142697728718
nearest_k80_sequence_flat,extra_trees_small,44,24,entry_movement,low_n_disclosure,0.1,117.0,1045.0,213.90401709401704,110.84517703349282,1.9297548420116115,1.152956124079298,1.8217923677198193,2.797333561215151
nearest_k80_sequence_flat,extra_trees_small,44,24,entry_movement,low_n_disclosure,0.2,233.0,929.0,179.8367811158798,106.52100107642624,1.6882753569584954,1.2374010048816395,1.7177323588355147,2.3635991677456074
nearest_k60_no_time_sequence_flat,hist_gradient_boosting,42,3,entry_movement,val_select,0.05,333.0,6315.0,9.850360360360359,6.194023752969121,1.5903007081040919,1.4709799623783701,1.6028339194748038,1.733283031538431
nearest_k60_no_time_sequence_flat,hist_gradient_boosting,42,3,entry_movement,val_select,0.1,665.0,5983.0,9.419112781954887,6.03906401470834,1.5596974562638062,1.4406747757117078,1.5432204929902724,1.6656887976582386
nearest_k60_no_time_sequence_flat,hist_gradient_boosting,42,3,entry_movement,val_select,0.2,1330.0,5318.0,9.07336842105263,5.702867619405793,1.591018593904872,1.5029419090309921,1.5741743179732746,1.6487659861969792
nearest_k60_no_time_sequence_flat,hist_gradient_boosting,42,3,entry_movement,val_eval,0.05,333.0,6313.0,23.542162162162164,10.456505623316964,2.2514368576119246,1.8758316031164775,2.220553812242519,2.560766501273674
nearest_k60_no_time_sequence_flat,hist_gradient_boosting,42,3,entry_movement,val_eval,0.1,665.0,5981.0,20.169398496240603,10.105134592877443,1.9959554532264132,1.7173481826854833,1.9667941954262127,2.216712144002849
nearest_k60_no_time_sequence_flat,hist_gradient_boosting,42,3,entry_movement,val_eval,0.2,1330.0,5316.0,17.40568421052632,9.537603461249056,1.8249536459808795,1.6535975105175964,1.8036773015749454,1.9549886424471892
nearest_k60_no_time_sequence_flat,hist_gradient_boosting,42,3,entry_movement,low_n_disclosure,0.05,59.0,1103.0,113.61135593220352,35.58092475067997,3.1930411232505236,1.8102155560325202,2.962168729778628,3.9781834533926843
nearest_k60_no_time_sequence_flat,hist_gradient_boosting,42,3,entry_movement,low_n_disclosure,0.1,117.0,1045.0,86.77564102564111,34.25462200956939,2.5332534979191834,1.6595890329632936,2.4819220510075564,3.547563609357688
nearest_k60_no_time_sequence_flat,hist_gradient_boosting,42,3,entry_movement,low_n_disclosure,0.2,233.0,929.0,65.48506437768243,33.03639397201293,1.98220981482297,1.425923590070288,1.9795487809358217,2.7456499195794803
nearest_k60_no_time_sequence_flat,hist_gradient_boosting,43,3,entry_movement,val_select,0.05,333.0,6315.0,9.980930930930928,6.187138558986541,1.613173979502055,1.4206512810248744,1.5887438867009243,1.788370075681932
nearest_k60_no_time_sequence_flat,hist_gradient_boosting,43,3,entry_movement,val_select,0.1,665.0,5983.0,9.513894736842104,6.02852916597025,1.5781452614587972,1.4492875041175974,1.5585180681801374,1.674425475371498
nearest_k60_no_time_sequence_flat,hist_gradient_boosting,43,3,entry_movement,val_select,0.2,1330.0,5318.0,8.864601503759397,5.755078977059046,1.5403092710101045,1.4519879735499663,1.5391640771333412,1.6183579877603234
nearest_k60_no_time_sequence_flat,hist_gradient_boosting,43,3,entry_movement,val_eval,0.05,333.0,6313.0,25.556066066066077,10.350275621732932,2.4691193742130766,2.013820257318852,2.418915903003191,2.7708987122882562
nearest_k60_no_time_sequence_flat,hist_gradient_boosting,43,3,entry_movement,val_eval,0.1,665.0,5981.0,20.69957894736843,10.046186256478848,2.060441486839759,1.7691344912661804,2.0376856855569225,2.3270705678620467
nearest_k60_no_time_sequence_flat,hist_gradient_boosting,43,3,entry_movement,val_eval,0.2,1330.0,5316.0,17.452729323308276,9.525833333333331,1.8321472476572422,1.6646848057327337,1.8298586083870512,2.0071264513992393
nearest_k60_no_time_sequence_flat,hist_gradient_boosting,43,3,entry_movement,low_n_disclosure,0.05,59.0,1103.0,110.4289830508476,35.751151405258405,3.0888231206619357,1.8202967660599596,2.9733851808343674,3.9959860660569584
nearest_k60_no_time_sequence_flat,hist_gradient_boosting,43,3,entry_movement,low_n_disclosure,0.1,117.0,1045.0,89.67410256410265,33.9301052631579,2.642906700954827,1.6428728277214657,2.627849312099504,3.601476428793123
nearest_k60_no_time_sequence_flat,hist_gradient_boosting,43,3,entry_movement,low_n_disclosure,0.2,233.0,929.0,64.86454935622322,33.19202368137784,1.9542209893220532,1.2931455379850876,1.9879022919749572,2.691875411408419
nearest_k60_no_time_sequence_flat,hist_gradient_boosting,44,3,entry_movement,val_select,0.05,333.0,6315.0,10.61189189189189,6.153866983372922,1.724426595596568,1.5099644166473847,1.7127325315828141,1.8785284198544105
nearest_k60_no_time_sequence_flat,hist_gradient_boosting,44,3,entry_movement,val_select,0.1,665.0,5983.0,9.75031578947368,6.002251378906903,1.6244430920934458,1.4895657210068738,1.6101085017337855,1.7456388644933332
nearest_k60_no_time_sequence_flat,hist_gradient_boosting,44,3,entry_movement,val_select,0.2,1330.0,5318.0,8.86663909774436,5.75456938698759,1.5407997543298162,1.4667168281585525,1.5486802289169266,1.6324850852631383
nearest_k60_no_time_sequence_flat,hist_gradient_boosting,44,3,entry_movement,val_eval,0.05,333.0,6313.0,25.286906906906903,10.364473309044827,2.4397676710537355,1.975346007905311,2.363031749465561,2.7722110008735172
nearest_k60_no_time_sequence_flat,hist_gradient_boosting,44,3,entry_movement,val_eval,0.1,665.0,5981.0,20.36030075187971,10.083909045310147,2.0190880997036498,1.7427079278701028,2.0029234023096194,2.257328611904606
nearest_k60_no_time_sequence_flat,hist_gradient_boosting,44,3,entry_movement,val_eval,0.2,1330.0,5316.0,17.188977443609037,9.591820917983442,1.792045284267338,1.6118008727788535,1.7710443746192297,1.9381380416372254
nearest_k60_no_time_sequence_flat,hist_gradient_boosting,44,3,entry_movement,low_n_disclosure,0.05,59.0,1103.0,108.4298305084747,35.85808703535813,3.023859872992016,1.8011683627189503,2.972912690763348,3.953351519162198
nearest_k60_no_time_sequence_flat,hist_gradient_boosting,44,3,entry_movement,low_n_disclosure,0.1,117.0,1045.0,88.5155555555557,34.059818181818194,2.5988264259968084,1.6100512745370477,2.501215824361817,3.5197274870919046
nearest_k60_no_time_sequence_flat,hist_gradient_boosting,44,3,entry_movement,low_n_disclosure,0.2,233.0,929.0,66.31012875536484,32.82946178686761,2.019835999318457,1.4352342574079016,2.0439933419446423,2.7554302926142284
nearest_k60_no_time_sequence_flat,hist_gradient_boosting,42,6,entry_movement,val_select,0.05,333.0,6315.0,13.339219219219212,9.234118764845606,1.4445579008580407,1.2964657277111542,1.4561096593098062,1.592090770601753
nearest_k60_no_time_sequence_flat,hist_gradient_boosting,42,6,entry_movement,val_select,0.1,665.0,5983.0,12.826616541353381,9.0632993481531,1.4152259622724657,1.3105757080459726,1.4187484940545945,1.5194443030887543
nearest_k60_no_time_sequence_flat,hist_gradient_boosting,42,6,entry_movement,val_select,0.2,1330.0,5318.0,12.482804511278198,8.678693117713426,1.4383276769863527,1.3418060612582712,1.428952829745475,1.521874945747328
nearest_k60_no_time_sequence_flat,hist_gradient_boosting,42,6,entry_movement,val_eval,0.05,333.0,6313.0,37.61294294294296,15.244051956280693,2.4673848561271843,1.9321814542401725,2.4252930905698413,2.838599199149625
nearest_k60_no_time_sequence_flat,hist_gradient_boosting,42,6,entry_movement,val_eval,0.1,665.0,5981.0,30.523849624060173,14.790578498578835,2.063736021345824,1.7673543011740358,2.0569457028032616,2.337391905613907
nearest_k60_no_time_sequence_flat,hist_gradient_boosting,42,6,entry_movement,val_eval,0.2,1330.0,5316.0,25.853954887218052,13.99079194883371,1.8479264777697784,1.6802793085096028,1.833295101946077,2.0313476785770175
nearest_k60_no_time_sequence_flat,hist_gradient_boosting,42,6,entry_movement,low_n_disclosure,0.05,59.0,1103.0,163.95169491525436,51.64738893925658,3.1744430508980983,1.8024601515818144,2.9957654468764625,4.0459392213575756
nearest_k60_no_time_sequence_flat,hist_gradient_boosting,42,6,entry_movement,low_n_disclosure,0.1,117.0,1045.0,122.96145299145307,50.00356937799044,2.4590535139992578,1.5409328906749726,2.432102870616432,3.5480194701090357
nearest_k60_no_time_sequence_flat,hist_gradient_boosting,42,6,entry_movement,low_n_disclosure,0.2,233.0,929.0,93.27918454935624,48.3381808396125,1.9297206251691457,1.3265895238650216,1.9287833587154881,2.676114555111231
nearest_k60_no_time_sequence_flat,hist_gradient_boosting,43,6,entry_movement,val_select,0.05,333.0,6315.0,13.333963963963958,9.234395882818685,1.443945454923894,1.267575766293592,1.4421877596446027,1.669811467147628
nearest_k60_no_time_sequence_flat,hist_gradient_boosting,43,6,entry_movement,val_select,0.1,665.0,5983.0,13.298977443609017,9.010797258900217,1.475893537663745,1.360796690836258,1.4686519708474775,1.60448829825128
nearest_k60_no_time_sequence_flat,hist_gradient_boosting,43,6,entry_movement,val_select,0.2,1330.0,5318.0,12.49403007518797,8.675885671305002,1.4400869892178574,1.354848123841543,1.4362670854429536,1.5201982481900491
nearest_k60_no_time_sequence_flat,hist_gradient_boosting,43,6,entry_movement,val_eval,0.05,333.0,6313.0,36.69960960960963,15.292228734357677,2.3998862590352914,1.9261318999220898,2.3608882387722385,2.8674900069894584
nearest_k60_no_time_sequence_flat,hist_gradient_boosting,43,6,entry_movement,val_eval,0.1,665.0,5981.0,31.01296240601506,14.736196288246113,2.1045432484332216,1.7876184167772573,2.0837005763068066,2.386353311424067
nearest_k60_no_time_sequence_flat,hist_gradient_boosting,43,6,entry_movement,val_eval,0.2,1330.0,5316.0,25.54627819548874,14.067768999247557,1.8159438214300458,1.6238611369194016,1.8052919565996914,2.0211079090609774
nearest_k60_no_time_sequence_flat,hist_gradient_boosting,43,6,entry_movement,low_n_disclosure,0.05,59.0,1103.0,153.6006779661018,52.20106980961016,2.942481418988545,1.717647883542034,2.9257204500325207,3.9969242857362497
nearest_k60_no_time_sequence_flat,hist_gradient_boosting,43,6,entry_movement,low_n_disclosure,0.1,117.0,1045.0,126.56401709401716,49.60022009569379,2.5516825701546684,1.5051369206455576,2.466814331073886,3.5086985925293654
nearest_k60_no_time_sequence_flat,hist_gradient_boosting,43,6,entry_movement,low_n_disclosure,0.2,233.0,929.0,91.50901287553653,48.78215285252961,1.8758707339582144,1.3100683604024637,1.877503328584163,2.6028034116905623
nearest_k60_no_time_sequence_flat,hist_gradient_boosting,44,6,entry_movement,val_select,0.05,333.0,6315.0,13.6993993993994,9.215125890736342,1.4866209709810854,1.3387968500484704,1.4893341281950434,1.6616384770014527
nearest_k60_no_time_sequence_flat,hist_gradient_boosting,44,6,entry_movement,val_select,0.1,665.0,5983.0,13.352661654135334,9.004830352665888,1.48283322741136,1.3518987806501699,1.4666846109137575,1.5957596618297014
nearest_k60_no_time_sequence_flat,hist_gradient_boosting,44,6,entry_movement,val_select,0.2,1330.0,5318.0,12.78433834586466,8.603281308762693,1.485983996924922,1.3881184053272537,1.4708936912319481,1.564954907132451
nearest_k60_no_time_sequence_flat,hist_gradient_boosting,44,6,entry_movement,val_eval,0.05,333.0,6313.0,35.89906906906908,15.334455884682404,2.3410722453431605,1.9176854215922992,2.289302204962485,2.719535689656106
nearest_k60_no_time_sequence_flat,hist_gradient_boosting,44,6,entry_movement,val_eval,0.1,665.0,5981.0,30.156887218045128,14.831379367998665,2.0333164212031396,1.7191918328473186,1.992237347581872,2.300763824244704
nearest_k60_no_time_sequence_flat,hist_gradient_boosting,44,6,entry_movement,val_eval,0.2,1330.0,5316.0,24.867541353383483,14.237580887885628,1.7466128234286347,1.5551486163828068,1.7360479125429589,1.941365895383579
nearest_k60_no_time_sequence_flat,hist_gradient_boosting,44,6,entry_movement,low_n_disclosure,0.05,59.0,1103.0,157.08000000000007,52.014959202175895,3.01990047496623,1.705248398945473,2.9634846125326986,3.947014543599606
nearest_k60_no_time_sequence_flat,hist_gradient_boosting,44,6,entry_movement,low_n_disclosure,0.1,117.0,1045.0,124.52470085470094,49.82854545454546,2.4990635331367383,1.4627271436252722,2.383704573209714,3.5910654413971197
nearest_k60_no_time_sequence_flat,hist_gradient_boosting,44,6,entry_movement,low_n_disclosure,0.2,233.0,929.0,93.8344206008584,48.19892357373521,1.9468156888879382,1.3939068576411544,1.9253585478052837,2.7007821128427603
nearest_k60_no_time_sequence_flat,hist_gradient_boosting,42,12,entry_movement,val_select,0.05,333.0,6315.0,18.190390390390395,13.504584323040381,1.3469789188072592,1.1890938578143255,1.335070658750921,1.4919065000652152
nearest_k60_no_time_sequence_flat,hist_gradient_boosting,42,12,entry_movement,val_select,0.1,665.0,5983.0,17.839593984962406,13.283556744108308,1.3429832332274148,1.2144274057359936,1.3279257780770848,1.4595455343092376
nearest_k60_no_time_sequence_flat,hist_gradient_boosting,42,12,entry_movement,val_select,0.2,1330.0,5318.0,17.023406015037597,12.917961639714179,1.3178089926124177,1.2304750449235233,1.3060509106991243,1.4057556039693557
nearest_k60_no_time_sequence_flat,hist_gradient_boosting,42,12,entry_movement,val_eval,0.05,333.0,6313.0,53.944534534534554,21.977953429431338,2.454483976760812,1.9508559035549025,2.416439236451293,2.9066816543478473
nearest_k60_no_time_sequence_flat,hist_gradient_boosting,42,12,entry_movement,val_eval,0.1,665.0,5981.0,44.043052631578966,21.304417321518144,2.0673202165963054,1.767055175131079,2.0385632069513657,2.360582661711987
nearest_k60_no_time_sequence_flat,hist_gradient_boosting,42,12,entry_movement,val_eval,0.2,1330.0,5316.0,36.59897744360904,20.322368322046657,1.8009208800681342,1.6085539683052044,1.7915833604461235,2.011340938823471
nearest_k60_no_time_sequence_flat,hist_gradient_boosting,42,12,entry_movement,low_n_disclosure,0.05,59.0,1103.0,201.10118644067802,77.50712601994559,2.5946154472161296,1.4892116827881545,2.5072529469345106,3.432923558715055
nearest_k60_no_time_sequence_flat,hist_gradient_boosting,42,12,entry_movement,low_n_disclosure,0.1,117.0,1045.0,171.37282051282054,73.9757990430622,2.316606548758769,1.4440545930112483,2.230267863483558,3.1807966325285326
nearest_k60_no_time_sequence_flat,hist_gradient_boosting,42,12,entry_movement,low_n_disclosure,0.2,233.0,929.0,133.9154077253219,71.20886975242193,1.8806001020788174,1.287565685569478,1.829121857844891,2.5034185686488466
nearest_k60_no_time_sequence_flat,hist_gradient_boosting,43,12,entry_movement,val_select,0.05,333.0,6315.0,18.4969069069069,13.488421219319083,1.371317414110282,1.1905351751567592,1.3549730486104132,1.5109825275347701
nearest_k60_no_time_sequence_flat,hist_gradient_boosting,43,12,entry_movement,val_select,0.1,665.0,5983.0,17.867473684210523,13.280457964231992,1.3453958991725026,1.2297429474005823,1.3413467093909124,1.4663872431697529
nearest_k60_no_time_sequence_flat,hist_gradient_boosting,43,12,entry_movement,val_select,0.2,1330.0,5318.0,16.919796992481203,12.94387363670553,1.307166422306609,1.2167305319875747,1.3040396365585174,1.4109413887055298
nearest_k60_no_time_sequence_flat,hist_gradient_boosting,43,12,entry_movement,val_eval,0.05,333.0,6313.0,51.565615615615634,22.10343735149691,2.332922920340417,1.9129526158533665,2.303685403321393,2.624791687259518
nearest_k60_no_time_sequence_flat,hist_gradient_boosting,43,12,entry_movement,val_eval,0.1,665.0,5981.0,44.10054135338348,21.298025413810404,2.0706399065890446,1.7317602922220159,2.0419505863011835,2.3462411366777496
nearest_k60_no_time_sequence_flat,hist_gradient_boosting,43,12,entry_movement,val_eval,0.2,1330.0,5316.0,36.77735338345866,20.27774078254327,1.8136810100225564,1.612249479039742,1.8002059516124564,1.9964502113920044
nearest_k60_no_time_sequence_flat,hist_gradient_boosting,43,12,entry_movement,low_n_disclosure,0.05,59.0,1103.0,242.74915254237288,75.27935630099726,3.2246443709184196,1.9127985693340577,2.9096936272225347,3.875743938958643
nearest_k60_no_time_sequence_flat,hist_gradient_boosting,43,12,entry_movement,low_n_disclosure,0.1,117.0,1045.0,180.6972649572649,72.93181818181819,2.4776190894732486,1.6088414785978655,2.46767412984905,3.3793224406971447
nearest_k60_no_time_sequence_flat,hist_gradient_boosting,43,12,entry_movement,low_n_disclosure,0.2,233.0,929.0,134.82055793991415,70.98185145317544,1.8993666011776427,1.315741264895185,1.850254430287145,2.5897063612426234
nearest_k60_no_time_sequence_flat,hist_gradient_boosting,44,12,entry_movement,val_select,0.05,333.0,6315.0,18.17228228228228,13.505539192399052,1.3455428934306954,1.1840709136791616,1.3509869847877989,1.525610841969267
nearest_k60_no_time_sequence_flat,hist_gradient_boosting,44,12,entry_movement,val_select,0.1,665.0,5983.0,18.18057142857143,13.245657696807623,1.3725684178712534,1.2529816982901263,1.3548464754414886,1.4857997718980773
nearest_k60_no_time_sequence_flat,hist_gradient_boosting,44,12,entry_movement,val_select,0.2,1330.0,5318.0,17.163751879699248,12.882861978187288,1.3322933916982251,1.2404564204898298,1.3216660381425474,1.4141564348499187
nearest_k60_no_time_sequence_flat,hist_gradient_boosting,44,12,entry_movement,val_eval,0.05,333.0,6313.0,53.39261261261263,22.007066370980517,2.4261576582973583,1.990208986198032,2.4058374640342075,2.7191973616500866
nearest_k60_no_time_sequence_flat,hist_gradient_boosting,44,12,entry_movement,val_eval,0.1,665.0,5981.0,43.82345864661655,21.328832971075077,2.0546580633852485,1.7547851682802027,2.044592278642389,2.375480611215586
nearest_k60_no_time_sequence_flat,hist_gradient_boosting,44,12,entry_movement,val_eval,0.2,1330.0,5316.0,36.95298496240603,20.233799849510913,1.826299817001464,1.6320894032373365,1.8179965556790076,2.0210788207616344
nearest_k60_no_time_sequence_flat,hist_gradient_boosting,44,12,entry_movement,low_n_disclosure,0.05,59.0,1103.0,217.34372881355932,76.63830462375338,2.8359673387946462,1.588774145442018,2.685593557746282,3.6432223478482313
nearest_k60_no_time_sequence_flat,hist_gradient_boosting,44,12,entry_movement,low_n_disclosure,0.1,117.0,1045.0,174.9624786324786,73.57389473684209,2.3780510636045777,1.5095407591255838,2.3103882636331345,3.204426711124499
nearest_k60_no_time_sequence_flat,hist_gradient_boosting,44,12,entry_movement,low_n_disclosure,0.2,233.0,929.0,136.69510729613734,70.51170075349837,1.9386159436716655,1.3498419829226715,1.874093455766015,2.6145066544476943
nearest_k60_no_time_sequence_flat,hist_gradient_boosting,42,24,entry_movement,val_select,0.05,333.0,6315.0,21.140900900900906,20.032261282660333,1.055342709572194,0.9617487653932502,1.054499944855134,1.2019536141828533
nearest_k60_no_time_sequence_flat,hist_gradient_boosting,42,24,entry_movement,val_select,0.1,665.0,5983.0,22.103308270676692,19.863772355005853,1.1127447433269873,1.005841505377352,1.1094407385160134,1.2271016159689152
nearest_k60_no_time_sequence_flat,hist_gradient_boosting,42,24,entry_movement,val_select,0.2,1330.0,5318.0,22.286962406015036,19.537794283565248,1.1407102604597656,1.0574412896928327,1.131647043433939,1.2259932627681422
nearest_k60_no_time_sequence_flat,hist_gradient_boosting,42,24,entry_movement,val_eval,0.05,333.0,6313.0,77.40348348348348,32.09419293521305,2.411759773480955,1.9472981065740143,2.3544138705542776,2.822151100023105
nearest_k60_no_time_sequence_flat,hist_gradient_boosting,42,24,entry_movement,val_eval,0.1,665.0,5981.0,65.2175939849624,30.93400769102157,2.1082814304688835,1.7543419610421727,2.0533547056187547,2.3879827478049562
nearest_k60_no_time_sequence_flat,hist_gradient_boosting,42,24,entry_movement,val_eval,0.2,1330.0,5316.0,54.229759398496256,29.39436042136945,1.844903533232575,1.6375939471257448,1.8279888037083332,2.0423175683925114
nearest_k60_no_time_sequence_flat,hist_gradient_boosting,42,24,entry_movement,low_n_disclosure,0.05,59.0,1103.0,177.8105084745762,118.19506799637351,1.5043817943404527,1.0157454395494765,1.593991923629265,2.5056314650976645
nearest_k60_no_time_sequence_flat,hist_gradient_boosting,42,24,entry_movement,low_n_disclosure,0.1,117.0,1045.0,201.0157264957264,112.28817224880383,1.7901772062895764,1.1436297968140354,1.7013295872183127,2.571877423007217
nearest_k60_no_time_sequence_flat,hist_gradient_boosting,42,24,entry_movement,low_n_disclosure,0.2,233.0,929.0,191.24274678111584,103.66030139935413,1.8448986178840825,1.2868142432346923,1.7907893481408914,2.4910228080527244
nearest_k60_no_time_sequence_flat,hist_gradient_boosting,43,24,entry_movement,val_select,0.05,333.0,6315.0,26.58306306306306,19.74528741092637,1.3462991198777334,1.1676706643811159,1.326925314624889,1.502487014601129
nearest_k60_no_time_sequence_flat,hist_gradient_boosting,43,24,entry_movement,val_select,0.1,665.0,5983.0,24.956285714285716,19.546668895203076,1.2767538984819151,1.1362155532654337,1.2545962069334071,1.3778231775741203
nearest_k60_no_time_sequence_flat,hist_gradient_boosting,43,24,entry_movement,val_select,0.2,1330.0,5318.0,23.078684210526315,19.339789394509214,1.1933265528257828,1.0971657702748283,1.1850225169234734,1.2701915367563996
nearest_k60_no_time_sequence_flat,hist_gradient_boosting,43,24,entry_movement,val_eval,0.05,333.0,6313.0,72.32696696696696,32.36197053698718,2.2349370500879404,1.8044671111347872,2.189990890826393,2.5844971399861487
nearest_k60_no_time_sequence_flat,hist_gradient_boosting,43,24,entry_movement,val_eval,0.1,665.0,5981.0,65.37066165413533,30.916988797859897,2.1143929016353735,1.7975015988361258,2.0718818117168265,2.395784409525823
nearest_k60_no_time_sequence_flat,hist_gradient_boosting,43,24,entry_movement,val_eval,0.2,1330.0,5316.0,54.28589473684211,29.38031602708804,1.8476960794700659,1.639915186857008,1.8324941521815226,2.1077637719454216
nearest_k60_no_time_sequence_flat,hist_gradient_boosting,43,24,entry_movement,low_n_disclosure,0.05,59.0,1103.0,266.19949152542375,113.46709882139618,2.3460500382092015,1.182504590142208,2.184996378949172,3.1167216241995637
nearest_k60_no_time_sequence_flat,hist_gradient_boosting,43,24,entry_movement,low_n_disclosure,0.1,117.0,1045.0,219.1823931623931,110.25420095693778,1.9879731680065384,1.2398140132227409,1.9260921634896153,2.764736434481151
nearest_k60_no_time_sequence_flat,hist_gradient_boosting,43,24,entry_movement,low_n_disclosure,0.2,233.0,929.0,188.03309012875533,104.46530678148545,1.7999572865092157,1.2726387260772642,1.737430017150313,2.4060863671677866
nearest_k60_no_time_sequence_flat,hist_gradient_boosting,44,24,entry_movement,val_select,0.05,333.0,6315.0,25.49201201201201,19.802820269200318,1.287291995052856,1.1364640054661272,1.2509054210140707,1.4074470272447923
nearest_k60_no_time_sequence_flat,hist_gradient_boosting,44,24,entry_movement,val_select,0.1,665.0,5983.0,24.407368421052634,19.60768009359853,1.2447861401523528,1.1226047851496703,1.223669571504967,1.3495127453904918
nearest_k60_no_time_sequence_flat,hist_gradient_boosting,44,24,entry_movement,val_select,0.2,1330.0,5318.0,22.87387969924812,19.391009778112075,1.1796126122873392,1.0936580326227765,1.1729736697128996,1.2717967560528225
nearest_k60_no_time_sequence_flat,hist_gradient_boosting,44,24,entry_movement,val_eval,0.05,333.0,6313.0,74.1877777777778,32.26381593537146,2.2994111399093455,1.8956320885673552,2.260026792723605,2.6311232941789884
nearest_k60_no_time_sequence_flat,hist_gradient_boosting,44,24,entry_movement,val_eval,0.1,665.0,5981.0,65.17739849624063,30.938476843337238,2.1066776760303543,1.751787150925105,2.0472777274466107,2.3994728865584296
nearest_k60_no_time_sequence_flat,hist_gradient_boosting,44,24,entry_movement,val_eval,0.2,1330.0,5316.0,54.7951203007519,29.252913844996243,1.8731508454541423,1.6595117400397283,1.8449138163282521,2.0851847570474673
nearest_k60_no_time_sequence_flat,hist_gradient_boosting,44,24,entry_movement,low_n_disclosure,0.05,59.0,1103.0,162.6916949152542,119.00378059836807,1.3671136672903754,0.966973692289913,1.3933176343078864,2.3247464781752756
nearest_k60_no_time_sequence_flat,hist_gradient_boosting,44,24,entry_movement,low_n_disclosure,0.1,117.0,1045.0,182.72239316239305,114.33632535885167,1.5981132207013602,1.1071808470104123,1.5984314271119984,2.336358973174082
nearest_k60_no_time_sequence_flat,hist_gradient_boosting,44,24,entry_movement,low_n_disclosure,0.2,233.0,929.0,187.38193133047207,104.62862217438105,1.7909241987165694,1.237381784651898,1.701938225194232,2.330157705853979
nearest_k60_no_time_sequence_flat,extra_trees_small,42,3,entry_movement,val_select,0.05,333.0,6315.0,10.5748948948949,6.1558178939034045,1.7178700015424528,1.5455583000949824,1.7201922687179412,1.9138961912920458
nearest_k60_no_time_sequence_flat,extra_trees_small,42,3,entry_movement,val_select,0.1,665.0,5983.0,9.616481203007519,6.017126859435066,1.598184885852712,1.4695628248641166,1.5979736006400875,1.7107502550868388
nearest_k60_no_time_sequence_flat,extra_trees_small,42,3,entry_movement,val_select,0.2,1330.0,5318.0,8.843383458646615,5.760385483264386,1.5352068857786072,1.4498310949822222,1.5338086149739485,1.6081297956823521
nearest_k60_no_time_sequence_flat,extra_trees_small,42,3,entry_movement,val_eval,0.05,333.0,6313.0,24.604474474474475,10.400470457785522,2.3657078373850102,1.9419782369264393,2.316427118259904,2.7153999459221336
nearest_k60_no_time_sequence_flat,extra_trees_small,42,3,entry_movement,val_eval,0.1,665.0,5981.0,20.491082706766928,10.069367998662429,2.0349919388673525,1.779962806574723,2.0084609097731096,2.2891792894553844
nearest_k60_no_time_sequence_flat,extra_trees_small,42,3,entry_movement,val_eval,0.2,1330.0,5316.0,17.09393984962406,9.615598194130923,1.7777302570793458,1.6008964792691116,1.764428537405656,1.9407012154052414
nearest_k60_no_time_sequence_flat,extra_trees_small,42,3,entry_movement,low_n_disclosure,0.05,59.0,1103.0,111.88000000000014,35.673535811423406,3.1362184166833793,2.0214986547197884,2.966840449057771,3.922941582012582
nearest_k60_no_time_sequence_flat,extra_trees_small,42,3,entry_movement,low_n_disclosure,0.1,117.0,1045.0,96.80564102564111,33.13164593301436,2.92184822997816,1.9599796026658571,2.7494283377817874,3.6322131736447743
nearest_k60_no_time_sequence_flat,extra_trees_small,42,3,entry_movement,low_n_disclosure,0.2,233.0,929.0,70.23613733905586,31.84479009687837,2.2055770229724594,1.6076694686195032,2.242358292278982,2.988957649823201
nearest_k60_no_time_sequence_flat,extra_trees_small,43,3,entry_movement,val_select,0.05,333.0,6315.0,10.64717717717718,6.152006334125098,1.7306837150211352,1.531811521976883,1.732900685510385,1.9412445678296986
nearest_k60_no_time_sequence_flat,extra_trees_small,43,3,entry_movement,val_select,0.1,665.0,5983.0,9.643563909774436,6.014116663880997,1.6034880014368234,1.478118779829296,1.606209520929136,1.7255898218776622
nearest_k60_no_time_sequence_flat,extra_trees_small,43,3,entry_movement,val_select,0.2,1330.0,5318.0,8.836872180451126,5.762013915005642,1.5336429780979577,1.4554373009920607,1.535535739126353,1.6043332226873803
nearest_k60_no_time_sequence_flat,extra_trees_small,43,3,entry_movement,val_eval,0.05,333.0,6313.0,25.09855855855856,10.374408363693963,2.419276133990724,2.015046343091729,2.355036518286005,2.693544766524212
nearest_k60_no_time_sequence_flat,extra_trees_small,43,3,entry_movement,val_eval,0.1,665.0,5981.0,20.59508270676691,10.057804714930613,2.047671762426836,1.7678182933897388,2.011331206561318,2.2672391455876806
nearest_k60_no_time_sequence_flat,extra_trees_small,43,3,entry_movement,val_eval,0.2,1330.0,5316.0,16.78810526315789,9.69211437170805,1.7321406474694034,1.5684505191844094,1.7266206257083914,1.8955762966443706
nearest_k60_no_time_sequence_flat,extra_trees_small,43,3,entry_movement,low_n_disclosure,0.05,59.0,1103.0,119.10016949152555,35.287325475974626,3.375154333320469,2.1248851839063363,3.35366933048779,4.202005955865692
nearest_k60_no_time_sequence_flat,extra_trees_small,43,3,entry_movement,low_n_disclosure,0.1,117.0,1045.0,94.06829059829067,33.43812440191389,2.81320475597329,1.943214605423281,2.7592493487827214,3.6694252794186717
nearest_k60_no_time_sequence_flat,extra_trees_small,43,3,entry_movement,low_n_disclosure,0.2,233.0,929.0,71.15768240343353,31.613659849300326,2.2508524081879875,1.5799612863000736,2.2286726066550626,2.9844508360732305
nearest_k60_no_time_sequence_flat,extra_trees_small,44,3,entry_movement,val_select,0.05,333.0,6315.0,10.739369369369369,6.147144893111639,1.7470499811064613,1.546637169603166,1.7225768434367605,1.9190084323193408
nearest_k60_no_time_sequence_flat,extra_trees_small,44,3,entry_movement,val_select,0.1,665.0,5983.0,9.711954887218043,6.006515126190875,1.616903426226287,1.4807324456372655,1.5969011527873016,1.7102359423894802
nearest_k60_no_time_sequence_flat,extra_trees_small,44,3,entry_movement,val_select,0.2,1330.0,5318.0,8.830999999999998,5.763482512222641,1.5322333296356951,1.4476125039640415,1.532659949214454,1.6043170271643779
nearest_k60_no_time_sequence_flat,extra_trees_small,44,3,entry_movement,val_eval,0.05,333.0,6313.0,25.708258258258258,10.342247742753049,2.485751540449452,2.040172260268377,2.4010006644163933,2.718665399065711
nearest_k60_no_time_sequence_flat,extra_trees_small,44,3,entry_movement,val_eval,0.1,665.0,5981.0,20.72712781954887,10.043123223541214,2.063812955213395,1.7704854865035904,2.0336835315495474,2.321030493984711
nearest_k60_no_time_sequence_flat,extra_trees_small,44,3,entry_movement,val_eval,0.2,1330.0,5316.0,16.98872180451128,9.641922498118884,1.7619641526703558,1.5842698437523235,1.7492837743246308,1.9512819194046669
nearest_k60_no_time_sequence_flat,extra_trees_small,44,3,entry_movement,low_n_disclosure,0.05,59.0,1103.0,120.86593220338997,35.1928739800544,3.434386525860061,2.120392691722996,3.2641598208484988,4.0973398727320065
nearest_k60_no_time_sequence_flat,extra_trees_small,44,3,entry_movement,low_n_disclosure,0.1,117.0,1045.0,93.91162393162404,33.45566507177035,2.8070469898046055,1.8962189501382603,2.74037788918519,3.742343680604048
nearest_k60_no_time_sequence_flat,extra_trees_small,44,3,entry_movement,low_n_disclosure,0.2,233.0,929.0,71.69115879828333,31.479860064585584,2.27736586665882,1.6416214164179208,2.2232049355740635,2.959067918955326
nearest_k60_no_time_sequence_flat,extra_trees_small,42,6,entry_movement,val_select,0.05,333.0,6315.0,15.071711711711698,9.14276167854315,1.6484856809822581,1.415032096773059,1.6289509547964065,1.8834464546355287
nearest_k60_no_time_sequence_flat,extra_trees_small,42,6,entry_movement,val_select,0.1,665.0,5983.0,13.51703759398496,8.98656025405315,1.5041392047517241,1.350058346569187,1.4917748114694047,1.637535736578643
nearest_k60_no_time_sequence_flat,extra_trees_small,42,6,entry_movement,val_select,0.2,1330.0,5318.0,12.771180451127815,8.606572019556225,1.483887013564586,1.3804487632814635,1.4764478918274366,1.565638734453945
nearest_k60_no_time_sequence_flat,extra_trees_small,42,6,entry_movement,val_eval,0.05,333.0,6313.0,37.79474474474476,15.234462220814196,2.4808716052416613,1.9734607311299854,2.3937860220136025,2.8681978813374673
nearest_k60_no_time_sequence_flat,extra_trees_small,42,6,entry_movement,val_eval,0.1,665.0,5981.0,31.071939849624073,14.729638856378534,2.1094841599710135,1.7978141480461762,2.086325049325973,2.420915367066613
nearest_k60_no_time_sequence_flat,extra_trees_small,42,6,entry_movement,val_eval,0.2,1330.0,5316.0,25.084000000000007,14.18342550790068,1.7685431481997995,1.590519240307859,1.7590251327730224,1.9803297328086424
nearest_k60_no_time_sequence_flat,extra_trees_small,42,6,entry_movement,low_n_disclosure,0.05,59.0,1103.0,163.42118644067813,51.67576609247508,3.162433744053873,2.0112754292089297,2.9608775926541178,3.8684537739488465
nearest_k60_no_time_sequence_flat,extra_trees_small,42,6,entry_movement,low_n_disclosure,0.1,117.0,1045.0,140.11871794871803,48.0826124401914,2.914124479467661,1.8773598885212122,2.7491645608233988,3.6825924971692445
nearest_k60_no_time_sequence_flat,extra_trees_small,42,6,entry_movement,low_n_disclosure,0.2,233.0,929.0,105.66772532188848,45.23104413347686,2.3361770073240606,1.6239238106346812,2.2477288469103236,3.0525325331408935
nearest_k60_no_time_sequence_flat,extra_trees_small,43,6,entry_movement,val_select,0.05,333.0,6315.0,14.514324324324317,9.17215360253365,1.582433630452393,1.3859038335746732,1.581225502088781,1.824474573953225
nearest_k60_no_time_sequence_flat,extra_trees_small,43,6,entry_movement,val_select,0.1,665.0,5983.0,13.290842105263152,9.011701487548052,1.4748426946484876,1.3565316541818844,1.4795001665154985,1.6023784557312415
nearest_k60_no_time_sequence_flat,extra_trees_small,43,6,entry_movement,val_select,0.2,1330.0,5318.0,12.807375939849623,8.597519744264762,1.4896593809386915,1.392645837141493,1.4817223321173245,1.5569857192748777
nearest_k60_no_time_sequence_flat,extra_trees_small,43,6,entry_movement,val_eval,0.05,333.0,6313.0,38.504444444444474,15.197026770156821,2.5336827411568175,2.0286565987368053,2.466766090137842,2.8623793864879894
nearest_k60_no_time_sequence_flat,extra_trees_small,43,6,entry_movement,val_eval,0.1,665.0,5981.0,31.4622105263158,14.68624644708243,2.142290791570237,1.8099940631373401,2.097777467461384,2.443856050000628
nearest_k60_no_time_sequence_flat,extra_trees_small,43,6,entry_movement,val_eval,0.2,1330.0,5316.0,25.25033082706767,14.141811512415352,1.785508936029868,1.6112674353636975,1.7696707294857075,1.981810273548755
nearest_k60_no_time_sequence_flat,extra_trees_small,43,6,entry_movement,low_n_disclosure,0.05,59.0,1103.0,168.3177966101696,51.41384406165006,3.2737835437541034,2.127133975641028,3.0640256960140633,3.9229944815233133
nearest_k60_no_time_sequence_flat,extra_trees_small,43,6,entry_movement,low_n_disclosure,0.1,117.0,1045.0,139.90948717948726,48.10603827751196,2.908356044045524,1.8986743784535651,2.770317995686226,3.5670787398961354
nearest_k60_no_time_sequence_flat,extra_trees_small,43,6,entry_movement,low_n_disclosure,0.2,233.0,929.0,103.86381974248935,45.683476856835306,2.2735533039217204,1.5816565472392823,2.2428186098737393,3.0091819741876136
nearest_k60_no_time_sequence_flat,extra_trees_small,44,6,entry_movement,val_select,0.05,333.0,6315.0,14.668018018018008,9.164049089469517,1.6006044789604137,1.4006475971408987,1.588742655316274,1.7742006864613855
nearest_k60_no_time_sequence_flat,extra_trees_small,44,6,entry_movement,val_select,0.1,665.0,5983.0,13.189533834586461,9.022961724887182,1.461774330506913,1.3326481305903322,1.4559206062983008,1.5702377947918336
nearest_k60_no_time_sequence_flat,extra_trees_small,44,6,entry_movement,val_select,0.2,1330.0,5318.0,12.810240601503756,8.596803309514856,1.4901167492485852,1.401782314778464,1.4885068374811694,1.5719856702933608
nearest_k60_no_time_sequence_flat,extra_trees_small,44,6,entry_movement,val_eval,0.05,333.0,6313.0,37.77942942942945,15.235270077617615,2.479734802006026,1.9958633085326096,2.4424192995429648,2.8513616945230464
nearest_k60_no_time_sequence_flat,extra_trees_small,44,6,entry_movement,val_eval,0.1,665.0,5981.0,31.072195488721825,14.729610433037957,2.1095055860423892,1.8051721226904538,2.088694968244549,2.393663869506603
nearest_k60_no_time_sequence_flat,extra_trees_small,44,6,entry_movement,val_eval,0.2,1330.0,5316.0,24.89559398496241,14.230562452972162,1.7494455378861553,1.567651668008974,1.7368499700486857,1.9530537910544983
nearest_k60_no_time_sequence_flat,extra_trees_small,44,6,entry_movement,low_n_disclosure,0.05,59.0,1103.0,165.33101694915266,51.5736083408885,3.2057290980370516,1.931187069119206,3.057579997142087,3.990645892020876
nearest_k60_no_time_sequence_flat,extra_trees_small,44,6,entry_movement,low_n_disclosure,0.1,117.0,1045.0,138.7692307692309,48.2337033492823,2.8770179590884704,1.8267553550570237,2.6762542108486667,3.674536236130445
nearest_k60_no_time_sequence_flat,extra_trees_small,44,6,entry_movement,low_n_disclosure,0.2,233.0,929.0,103.57253218884125,45.75653390742735,2.263557209083729,1.5874548484910351,2.2335886447311757,3.059703248062064
nearest_k60_no_time_sequence_flat,extra_trees_small,42,12,entry_movement,val_select,0.05,333.0,6315.0,19.728138138138142,13.423496437054633,1.469672095541366,1.2688741749498826,1.4515897210142337,1.684710232184917
nearest_k60_no_time_sequence_flat,extra_trees_small,42,12,entry_movement,val_select,0.1,665.0,5983.0,18.440646616541358,13.216750793916097,1.3952481138579016,1.2659650784623422,1.3894832558814678,1.5334265284789281
nearest_k60_no_time_sequence_flat,extra_trees_small,42,12,entry_movement,val_select,0.2,1330.0,5318.0,16.75218796992481,12.985791650996616,1.2900397927329397,1.2118136196393625,1.2856279080738455,1.3624602021840913
nearest_k60_no_time_sequence_flat,extra_trees_small,42,12,entry_movement,val_eval,0.05,333.0,6313.0,53.94666666666668,21.977840963092035,2.4545935498059492,2.0603809838385434,2.4280913859251982,2.748796118494374
nearest_k60_no_time_sequence_flat,extra_trees_small,42,12,entry_movement,val_eval,0.1,665.0,5981.0,45.08192481203009,21.18890988129076,2.1276188848127684,1.785330436465202,2.1003613016445413,2.4425241573463463
nearest_k60_no_time_sequence_flat,extra_trees_small,42,12,entry_movement,val_eval,0.2,1330.0,5316.0,36.380368421052644,20.377061700526713,1.7853588979471104,1.5945129161552494,1.7730339686047851,1.9684110800030208
nearest_k60_no_time_sequence_flat,extra_trees_small,42,12,entry_movement,low_n_disclosure,0.05,59.0,1103.0,223.14796610169498,76.32783318223026,2.9235464547897796,1.7158939963816133,2.7642845641240097,3.7254029679396763
nearest_k60_no_time_sequence_flat,extra_trees_small,42,12,entry_movement,low_n_disclosure,0.1,117.0,1045.0,181.29615384615386,72.86476555023923,2.488118262332879,1.6498065844840621,2.4403895306478702,3.3429603028795185
nearest_k60_no_time_sequence_flat,extra_trees_small,42,12,entry_movement,low_n_disclosure,0.2,233.0,929.0,148.08515021459226,67.65499461786865,2.1888280540263447,1.5172397465017493,2.1258562751405705,2.8305617916122277
nearest_k60_no_time_sequence_flat,extra_trees_small,43,12,entry_movement,val_select,0.05,333.0,6315.0,20.04615615615616,13.406726840855105,1.4952311920810033,1.2874369574777291,1.4828988723457783,1.7285817808719708
nearest_k60_no_time_sequence_flat,extra_trees_small,43,12,entry_movement,val_select,0.1,665.0,5983.0,17.997293233082708,13.266028748119673,1.3566451252891822,1.2369145909869168,1.355402225586138,1.4919534523815845
nearest_k60_no_time_sequence_flat,extra_trees_small,43,12,entry_movement,val_select,0.2,1330.0,5318.0,16.765293233082705,12.98251410304626,1.2913749293866619,1.210548442664476,1.2933164251036566,1.3688843023969473
nearest_k60_no_time_sequence_flat,extra_trees_small,43,12,entry_movement,val_eval,0.05,333.0,6313.0,53.85135135135136,21.982868683668627,2.449696266955289,2.0035671279336973,2.369160656011784,2.7029025099849067
nearest_k60_no_time_sequence_flat,extra_trees_small,43,12,entry_movement,val_eval,0.1,665.0,5981.0,44.99057142857144,21.199067045644544,2.122290161717989,1.7903847439510356,2.0916283424975646,2.423624203976068
nearest_k60_no_time_sequence_flat,extra_trees_small,43,12,entry_movement,val_eval,0.2,1330.0,5316.0,36.22882706766919,20.41497554552295,1.7746201550368377,1.6047793544574016,1.7650256528332406,1.9786667049609405
nearest_k60_no_time_sequence_flat,extra_trees_small,43,12,entry_movement,low_n_disclosure,0.05,59.0,1103.0,201.26067796610172,77.49859474161376,2.596959062769076,1.7357563991834564,2.53542033671789,3.4627303457244127
nearest_k60_no_time_sequence_flat,extra_trees_small,43,12,entry_movement,low_n_disclosure,0.1,117.0,1045.0,184.8008547008547,72.47237320574162,2.549948987819456,1.7298483978839698,2.4497644434452055,3.2437345282674634
nearest_k60_no_time_sequence_flat,extra_trees_small,43,12,entry_movement,low_n_disclosure,0.2,233.0,929.0,146.91064377682403,67.94956942949406,2.162054079375171,1.4802163874874403,2.0974538245647683,2.728892356821622
nearest_k60_no_time_sequence_flat,extra_trees_small,44,12,entry_movement,val_select,0.05,333.0,6315.0,19.81498498498499,13.418916864608075,1.476645632796662,1.2675610106928203,1.4576280315688521,1.7194368138369187
nearest_k60_no_time_sequence_flat,extra_trees_small,44,12,entry_movement,val_select,0.1,665.0,5983.0,18.002526315789474,13.265447100117001,1.3570990996323593,1.2322399274125133,1.3471311397779369,1.4930292367912523
nearest_k60_no_time_sequence_flat,extra_trees_small,44,12,entry_movement,val_select,0.2,1330.0,5318.0,16.816413533834584,12.96972922151185,1.296589408045817,1.2132627904752322,1.2993067262166131,1.3761503638872858
nearest_k60_no_time_sequence_flat,extra_trees_small,44,12,entry_movement,val_eval,0.05,333.0,6313.0,55.97204204204205,21.871005860921912,2.5591892022693967,2.0521146158107686,2.4744981704588733,2.984017511438724
nearest_k60_no_time_sequence_flat,extra_trees_small,44,12,entry_movement,val_eval,0.1,665.0,5981.0,46.42393984962408,21.039697375020907,2.2064927561524845,1.8574044493158053,2.139686744697528,2.4848033193718644
nearest_k60_no_time_sequence_flat,extra_trees_small,44,12,entry_movement,val_eval,0.2,1330.0,5316.0,36.697157894736854,20.29780474040632,1.80793728011802,1.6158482194740078,1.791004962307443,2.012386538145348
nearest_k60_no_time_sequence_flat,extra_trees_small,44,12,entry_movement,low_n_disclosure,0.05,59.0,1103.0,234.73322033898307,75.70813236627377,3.1005020597173165,1.8846061065897202,2.9158367724263075,3.9552686953472116
nearest_k60_no_time_sequence_flat,extra_trees_small,44,12,entry_movement,low_n_disclosure,0.1,117.0,1045.0,183.01837606837606,72.67194258373205,2.518418657345009,1.7703593189935432,2.4911533579766747,3.4217495746738273
nearest_k60_no_time_sequence_flat,extra_trees_small,44,12,entry_movement,low_n_disclosure,0.2,233.0,929.0,144.21369098712447,68.62598493003227,2.101444389237659,1.5332778284053183,2.105438581318099,2.7550780365410703
nearest_k60_no_time_sequence_flat,extra_trees_small,42,24,entry_movement,val_select,0.05,333.0,6315.0,25.03711711711712,19.82680760095012,1.2627911472705933,1.0920332989765071,1.254152629654923,1.402646203842012
nearest_k60_no_time_sequence_flat,extra_trees_small,42,24,entry_movement,val_select,0.1,665.0,5983.0,24.12699248120302,19.638843389603878,1.2285342880210048,1.1072950776665917,1.214652440152243,1.330940928025928
nearest_k60_no_time_sequence_flat,extra_trees_small,42,24,entry_movement,val_select,0.2,1330.0,5318.0,22.494518796992487,19.485885671305002,1.1544006352309668,1.0742837591636152,1.1454513208854324,1.2292088922325544
nearest_k60_no_time_sequence_flat,extra_trees_small,42,24,entry_movement,val_eval,0.05,333.0,6313.0,81.23705705705706,31.891978457151914,2.547256739377337,2.0632291262344284,2.4312290005273676,2.836466118600487
nearest_k60_no_time_sequence_flat,extra_trees_small,42,24,entry_movement,val_eval,0.1,665.0,5981.0,66.9762105263158,30.738475171376024,2.17890478148001,1.768301948103306,2.1321325098380024,2.545830297359785
nearest_k60_no_time_sequence_flat,extra_trees_small,42,24,entry_movement,val_eval,0.2,1330.0,5316.0,55.62136090225564,29.046198269375473,1.914927398980795,1.6822540792202718,1.8781935860881398,2.1341135168722016
nearest_k60_no_time_sequence_flat,extra_trees_small,42,24,entry_movement,low_n_disclosure,0.05,59.0,1103.0,280.9066101694915,112.68040797824115,2.4929498855181214,1.7216465801589071,2.4055059171613884,3.1666130299802715
nearest_k60_no_time_sequence_flat,extra_trees_small,42,24,entry_movement,low_n_disclosure,0.1,117.0,1045.0,260.5976068376068,105.6172822966507,2.4673765615901555,1.5678131972167653,2.331119717884876,3.0335473601991776
nearest_k60_no_time_sequence_flat,extra_trees_small,42,24,entry_movement,low_n_disclosure,0.2,233.0,929.0,205.8218454935622,100.00375672766414,2.0581411361781923,1.4363473322076072,1.9680317686337525,2.6959408479235925
nearest_k60_no_time_sequence_flat,extra_trees_small,43,24,entry_movement,val_select,0.05,333.0,6315.0,25.393153153153158,19.80803325415677,1.2819623648311644,1.1395560787369916,1.2620491295326401,1.4019642851365315
nearest_k60_no_time_sequence_flat,extra_trees_small,43,24,entry_movement,val_select,0.1,665.0,5983.0,24.698375939849626,19.575335116162464,1.2617089716874017,1.1479107173030187,1.245075502537653,1.3521330437247294
nearest_k60_no_time_sequence_flat,extra_trees_small,43,24,entry_movement,val_select,0.2,1330.0,5318.0,22.215180451127825,19.555746521248587,1.1359924524992995,1.071409317147975,1.1331923131864405,1.2178112655439601
nearest_k60_no_time_sequence_flat,extra_trees_small,43,24,entry_movement,val_eval,0.05,333.0,6313.0,79.9915915915916,31.957674639632508,2.503047937423755,2.044119353669982,2.399474133007771,2.8291507102420885
nearest_k60_no_time_sequence_flat,extra_trees_small,43,24,entry_movement,val_eval,0.1,665.0,5981.0,66.62049624060151,30.7780254138104,2.164547443992565,1.771562216736225,2.117971078288561,2.512113563498687
nearest_k60_no_time_sequence_flat,extra_trees_small,43,24,entry_movement,val_eval,0.2,1330.0,5316.0,54.7690977443609,29.259424379232513,1.8718446759066938,1.660549324729802,1.8501513715420588,2.0965904133139013
nearest_k60_no_time_sequence_flat,extra_trees_small,43,24,entry_movement,low_n_disclosure,0.05,59.0,1103.0,259.87457627118636,113.80542157751586,2.2834990870288103,1.6182706870524155,2.1660183495376684,2.8672426350012388
nearest_k60_no_time_sequence_flat,extra_trees_small,43,24,entry_movement,low_n_disclosure,0.1,117.0,1045.0,222.01410256410244,109.93715789473683,2.0194637265107183,1.4768986347466548,2.0595029965669527,2.7886805918631827
nearest_k60_no_time_sequence_flat,extra_trees_small,43,24,entry_movement,low_n_disclosure,0.2,233.0,929.0,209.4475107296137,99.09441334768567,2.11361572922118,1.4929313077456081,2.044895044323649,2.6896032534606267
nearest_k60_no_time_sequence_flat,extra_trees_small,44,24,entry_movement,val_select,0.05,333.0,6315.0,24.19690690690692,19.871113222486144,1.2176925689057878,1.074587434233631,1.2058338175504644,1.3092437872964575
nearest_k60_no_time_sequence_flat,extra_trees_small,44,24,entry_movement,val_select,0.1,665.0,5983.0,23.909518796992494,19.66301520976099,1.2159640086696104,1.1025388476238405,1.2065509864554411,1.3034794760427588
nearest_k60_no_time_sequence_flat,extra_trees_small,44,24,entry_movement,val_select,0.2,1330.0,5318.0,22.51149624060151,19.48163971417826,1.1555236915821923,1.0853564260437571,1.1439675506433207,1.2210096425006398
nearest_k60_no_time_sequence_flat,extra_trees_small,44,24,entry_movement,val_eval,0.05,333.0,6313.0,79.14576576576574,32.00229051164265,2.4731281574039827,2.017528330049863,2.4008496554525887,2.767025505179507
nearest_k60_no_time_sequence_flat,extra_trees_small,44,24,entry_movement,val_eval,0.1,665.0,5981.0,66.73861654135338,30.764892158501922,2.16931092095215,1.7864725151603946,2.1042488785524043,2.4914175691071296
nearest_k60_no_time_sequence_flat,extra_trees_small,44,24,entry_movement,val_eval,0.2,1330.0,5316.0,55.92907518796992,28.96921181339353,1.9306384843412223,1.7087195459247548,1.9049241689719043,2.182637907859603
nearest_k60_no_time_sequence_flat,extra_trees_small,44,24,entry_movement,low_n_disclosure,0.05,59.0,1103.0,272.69796610169493,113.11949229374433,2.4107071254666117,1.717010960188489,2.2658757591437912,3.0975116274246317
nearest_k60_no_time_sequence_flat,extra_trees_small,44,24,entry_movement,low_n_disclosure,0.1,117.0,1045.0,256.80572649572645,106.04182775119617,2.4217399109553694,1.5399279078775494,2.249181480172408,2.9719888005701147
nearest_k60_no_time_sequence_flat,extra_trees_small,44,24,entry_movement,low_n_disclosure,0.2,233.0,929.0,203.0773819742489,100.69208826695369,2.0168156750891146,1.4186787881637943,1.9368532383730388,2.612354605247513
nearest_k60_no_price_coord_sequence_flat,hist_gradient_boosting,42,3,entry_movement,val_select,0.05,333.0,6315.0,12.328618618618622,6.063341250989707,2.033304428743186,1.8962508740517285,2.0388119755123806,2.175198309948335
nearest_k60_no_price_coord_sequence_flat,hist_gradient_boosting,42,3,entry_movement,val_select,0.1,665.0,5983.0,11.656270676691726,5.790407822162796,2.0130310393816013,1.8871600572065954,1.995941065765213,2.1077128840149437
nearest_k60_no_price_coord_sequence_flat,hist_gradient_boosting,42,3,entry_movement,val_select,0.2,1330.0,5318.0,10.509812030075187,5.3436216622790536,1.9667956854551627,1.8835857928277675,1.962537903723331,2.0587740881597028
nearest_k60_no_price_coord_sequence_flat,hist_gradient_boosting,42,3,entry_movement,val_eval,0.05,333.0,6313.0,24.012522522522524,10.431694915254237,2.3018812108288444,2.018411211023867,2.2687526823694064,2.6079796604731507
nearest_k60_no_price_coord_sequence_flat,hist_gradient_boosting,42,3,entry_movement,val_eval,0.1,665.0,5981.0,21.19096240601503,9.991551580003344,2.120888055907723,1.9421735534101066,2.09606201367077,2.3004282126648827
nearest_k60_no_price_coord_sequence_flat,hist_gradient_boosting,42,3,entry_movement,val_eval,0.2,1330.0,5316.0,18.512278195488722,9.260746802106846,1.9990048957258097,1.859596114128655,1.9852140627847397,2.1472396645744083
nearest_k60_no_price_coord_sequence_flat,hist_gradient_boosting,42,3,entry_movement,low_n_disclosure,0.05,59.0,1103.0,100.54864406779674,36.27965548504081,2.7714883926958995,1.8654573895093274,2.7491599662691835,3.586898651134866
nearest_k60_no_price_coord_sequence_flat,hist_gradient_boosting,42,3,entry_movement,low_n_disclosure,0.1,117.0,1045.0,84.63692307692314,34.49407655502394,2.453665426929543,1.7190442328043591,2.4381507496641692,3.37568100676605
nearest_k60_no_price_coord_sequence_flat,hist_gradient_boosting,42,3,entry_movement,low_n_disclosure,0.2,233.0,929.0,68.7512875536481,32.21720129171153,2.133993171260833,1.6165194052114675,2.0643055809163746,2.7168902064959624
nearest_k60_no_price_coord_sequence_flat,hist_gradient_boosting,43,3,entry_movement,val_select,0.05,333.0,6315.0,12.600600600600606,6.048999208234362,2.0830884856866407,1.888743741671854,2.0631862529503056,2.24094277044315
nearest_k60_no_price_coord_sequence_flat,hist_gradient_boosting,43,3,entry_movement,val_select,0.1,665.0,5983.0,11.58455639097744,5.798378739762661,1.9978957758546863,1.860387079085668,1.9942276453219656,2.095162299297931
nearest_k60_no_price_coord_sequence_flat,hist_gradient_boosting,43,3,entry_movement,val_select,0.2,1330.0,5318.0,10.382082706766916,5.375566002256488,1.9313468948960637,1.8490203582558224,1.9259170137285753,2.0170005871512795
nearest_k60_no_price_coord_sequence_flat,hist_gradient_boosting,43,3,entry_movement,val_eval,0.05,333.0,6313.0,25.424834834834833,10.357197845715191,2.45479860610688,2.1390497532960007,2.3921919215746215,2.701778445138656
nearest_k60_no_price_coord_sequence_flat,hist_gradient_boosting,43,3,entry_movement,val_eval,0.1,665.0,5981.0,21.99799999999999,9.901820765758234,2.2216116126916674,2.0108279228458685,2.205334975959186,2.409933605679849
nearest_k60_no_price_coord_sequence_flat,hist_gradient_boosting,43,3,entry_movement,val_eval,0.2,1330.0,5316.0,18.583593984962402,9.24290443942814,2.0105794782091433,1.8525615869351706,1.9955322035183642,2.1526336046847425
nearest_k60_no_price_coord_sequence_flat,hist_gradient_boosting,43,3,entry_movement,low_n_disclosure,0.05,59.0,1103.0,114.070338983051,35.55637352674525,3.2081544788938645,1.7927278147230543,2.9358992455215382,3.8895108684306705
nearest_k60_no_price_coord_sequence_flat,hist_gradient_boosting,43,3,entry_movement,low_n_disclosure,0.1,117.0,1045.0,85.31444444444452,34.41822009569379,2.478758175386256,1.7728262403343087,2.4807498239097994,3.5131916377913117
nearest_k60_no_price_coord_sequence_flat,hist_gradient_boosting,43,3,entry_movement,low_n_disclosure,0.2,233.0,929.0,66.22115879828328,32.85177610333694,2.015755817584451,1.6212958657407515,2.0293558134996625,2.7040489131572167
nearest_k60_no_price_coord_sequence_flat,hist_gradient_boosting,44,3,entry_movement,val_select,0.05,333.0,6315.0,11.93597597597598,6.084045922406967,1.9618484357616215,1.816506809939585,1.9470231933455517,2.0976399167662154
nearest_k60_no_price_coord_sequence_flat,hist_gradient_boosting,44,3,entry_movement,val_select,0.1,665.0,5983.0,11.521969924812032,5.8053351161624605,1.984720897977803,1.8736527902154256,1.9742471858953978,2.0612749218669184
nearest_k60_no_price_coord_sequence_flat,hist_gradient_boosting,44,3,entry_movement,val_select,0.2,1330.0,5318.0,10.461879699248119,5.355609251598346,1.9534434287053037,1.8541027245417068,1.9433535462434715,2.0357911984709265
nearest_k60_no_price_coord_sequence_flat,hist_gradient_boosting,44,3,entry_movement,val_eval,0.05,333.0,6313.0,25.402102102102106,10.358396958656739,2.452319813914161,2.1664827043476684,2.407020195499613,2.7114438030445407
nearest_k60_no_price_coord_sequence_flat,hist_gradient_boosting,44,3,entry_movement,val_eval,0.1,665.0,5981.0,21.945744360902257,9.90763083096472,2.2150345259448234,2.013195884416121,2.182193351179686,2.3802151316154045
nearest_k60_no_price_coord_sequence_flat,hist_gradient_boosting,44,3,entry_movement,val_eval,0.2,1330.0,5316.0,18.73800751879699,9.204272009029344,2.0357946288870106,1.880489324399874,2.023981108278711,2.1779222033874213
nearest_k60_no_price_coord_sequence_flat,hist_gradient_boosting,44,3,entry_movement,low_n_disclosure,0.05,59.0,1103.0,112.56949152542386,35.636654578422494,3.158811983254543,1.6710964102857813,2.784947889276828,3.8674157299426826
nearest_k60_no_price_coord_sequence_flat,hist_gradient_boosting,44,3,entry_movement,low_n_disclosure,0.1,117.0,1045.0,83.02282051282059,34.67479425837322,2.394327703697113,1.7182810473793348,2.3950839442183476,3.4674224768162856
nearest_k60_no_price_coord_sequence_flat,hist_gradient_boosting,44,3,entry_movement,low_n_disclosure,0.2,233.0,929.0,69.08291845493564,32.13402583423037,2.1498370235747406,1.6486958214117962,2.105337983872966,2.745138736225605
nearest_k60_no_price_coord_sequence_flat,hist_gradient_boosting,42,6,entry_movement,val_select,0.05,333.0,6315.0,16.03033033033033,9.092212193190814,1.7630836137255457,1.6193201847090393,1.7654213580783709,1.9151380331720838
nearest_k60_no_price_coord_sequence_flat,hist_gradient_boosting,42,6,entry_movement,val_select,0.1,665.0,5983.0,14.949127819548876,8.827385926792578,1.6934943077741504,1.5996958750067005,1.6991306736194591,1.800320296203412
nearest_k60_no_price_coord_sequence_flat,hist_gradient_boosting,42,6,entry_movement,val_select,0.2,1330.0,5318.0,14.404706766917295,8.198036855960888,1.7570922185405236,1.6638954622061235,1.7487982556940957,1.8330125076927983
nearest_k60_no_price_coord_sequence_flat,hist_gradient_boosting,42,6,entry_movement,val_eval,0.05,333.0,6313.0,38.632612612612625,15.190266117535248,2.54324791374235,2.158516453963341,2.490500852349208,2.8906932415626048
nearest_k60_no_price_coord_sequence_flat,hist_gradient_boosting,42,6,entry_movement,val_eval,0.1,665.0,5981.0,32.004872180451144,14.625910382879121,2.1882311146877793,1.9425867511828558,2.169892063630055,2.4615951990797256
nearest_k60_no_price_coord_sequence_flat,hist_gradient_boosting,42,6,entry_movement,val_eval,0.2,1330.0,5316.0,26.94442857142858,13.717968397291196,1.9641704799924407,1.799591620406131,1.9467665549915778,2.106164827477288
nearest_k60_no_price_coord_sequence_flat,hist_gradient_boosting,42,6,entry_movement,low_n_disclosure,0.05,59.0,1103.0,145.7522033898306,52.620888485947425,2.769854473832273,1.4082604997380281,2.676727935729081,3.822105555335695
nearest_k60_no_price_coord_sequence_flat,hist_gradient_boosting,42,6,entry_movement,low_n_disclosure,0.1,117.0,1045.0,114.37837606837617,50.96454545454546,2.2442734463390552,1.3689490935396038,2.141005283156855,3.4128608489962717
nearest_k60_no_price_coord_sequence_flat,hist_gradient_boosting,42,6,entry_movement,low_n_disclosure,0.2,233.0,929.0,87.28270386266104,49.842142088266954,1.7511828385724166,1.2847185497705533,1.7363951032136087,2.574649382126792
nearest_k60_no_price_coord_sequence_flat,hist_gradient_boosting,43,6,entry_movement,val_select,0.05,333.0,6315.0,15.1754954954955,9.13728899445764,1.6608312930345561,1.5452049618312054,1.6590741034639684,1.7964339150577653
nearest_k60_no_price_coord_sequence_flat,hist_gradient_boosting,43,6,entry_movement,val_select,0.1,665.0,5983.0,14.77705263157895,8.84651178338626,1.6703818401429409,1.5637661819415514,1.6829635968978405,1.7692856534007724
nearest_k60_no_price_coord_sequence_flat,hist_gradient_boosting,43,6,entry_movement,val_select,0.2,1330.0,5318.0,14.19748120300752,8.249862730349754,1.7209354466926525,1.6387621477474137,1.7113091112911785,1.790106870520329
nearest_k60_no_price_coord_sequence_flat,hist_gradient_boosting,43,6,entry_movement,val_eval,0.05,333.0,6313.0,37.593093093093096,15.245099002059247,2.4659133461852343,2.1379056049728242,2.4328260059792517,2.7848769419705057
nearest_k60_no_price_coord_sequence_flat,hist_gradient_boosting,43,6,entry_movement,val_eval,0.1,665.0,5981.0,31.4844060150376,14.683778632335734,2.1441623987509955,1.9184804643445081,2.129577478349205,2.377988286802372
nearest_k60_no_price_coord_sequence_flat,hist_gradient_boosting,43,6,entry_movement,val_eval,0.2,1330.0,5316.0,26.659609022556403,13.789226862302483,1.9333650311780324,1.7881713469661218,1.9282217163277022,2.1015005358061276
nearest_k60_no_price_coord_sequence_flat,hist_gradient_boosting,43,6,entry_movement,low_n_disclosure,0.05,59.0,1103.0,140.9193220338984,52.87940163191298,2.664918998418713,1.3936437995351374,2.5237424631904632,3.4939243816926004
nearest_k60_no_price_coord_sequence_flat,hist_gradient_boosting,43,6,entry_movement,low_n_disclosure,0.1,117.0,1045.0,117.6082905982907,50.60291866028708,2.3241404589294787,1.373012786484846,2.1805774068242445,3.2580296275780394
nearest_k60_no_price_coord_sequence_flat,hist_gradient_boosting,43,6,entry_movement,low_n_disclosure,0.2,233.0,929.0,87.35982832618033,49.82279870828848,1.753410699340084,1.3261709746918655,1.7681611208391286,2.617162839515469
nearest_k60_no_price_coord_sequence_flat,hist_gradient_boosting,44,6,entry_movement,val_select,0.05,333.0,6315.0,14.799429429429432,9.157119556611242,1.6161664525548938,1.4933795534331316,1.6000399713043456,1.7328901176409544
nearest_k60_no_price_coord_sequence_flat,hist_gradient_boosting,44,6,entry_movement,val_select,0.1,665.0,5983.0,14.794751879699252,8.84454454287147,1.6727545220656426,1.5605026491256484,1.6609450981174905,1.7615683011754268
nearest_k60_no_price_coord_sequence_flat,hist_gradient_boosting,44,6,entry_movement,val_select,0.2,1330.0,5318.0,14.151067669172932,8.261470477623167,1.712899381230278,1.6219490709544688,1.700513425217404,1.775069396868422
nearest_k60_no_price_coord_sequence_flat,hist_gradient_boosting,44,6,entry_movement,val_eval,0.05,333.0,6313.0,38.07765765765767,15.219539046412168,2.501892964139018,2.171980612300039,2.4695683149110055,2.819108039906991
nearest_k60_no_price_coord_sequence_flat,hist_gradient_boosting,44,6,entry_movement,val_eval,0.1,665.0,5981.0,31.955729323308283,14.631374352115033,2.1840552059068146,1.9486439175861652,2.1751869134577415,2.3824090978955255
nearest_k60_no_price_coord_sequence_flat,hist_gradient_boosting,44,6,entry_movement,val_eval,0.2,1330.0,5316.0,26.632240601503774,13.7960741158766,1.9304216821258768,1.7850326997350543,1.926321117690958,2.1006326165870015
nearest_k60_no_price_coord_sequence_flat,hist_gradient_boosting,44,6,entry_movement,low_n_disclosure,0.05,59.0,1103.0,150.72525423728828,52.35487760652766,2.8789152248633223,1.3778453608291323,2.771905995348182,4.027184660843358
nearest_k60_no_price_coord_sequence_flat,hist_gradient_boosting,44,6,entry_movement,low_n_disclosure,0.1,117.0,1045.0,110.77051282051289,51.36848803827752,2.1563903679230663,1.2794610749673778,2.1123527734768537,3.4512793747712163
nearest_k60_no_price_coord_sequence_flat,hist_gradient_boosting,44,6,entry_movement,low_n_disclosure,0.2,233.0,929.0,87.1495708154507,49.87553283100108,1.7473411484294206,1.279940259072407,1.7243868785966405,2.577151148354952
nearest_k60_no_price_coord_sequence_flat,hist_gradient_boosting,42,12,entry_movement,val_select,0.05,333.0,6315.0,19.2175975975976,13.450418052256534,1.4287732561868978,1.2964590132498701,1.4250892349899886,1.5590390530204123
nearest_k60_no_price_coord_sequence_flat,hist_gradient_boosting,42,12,entry_movement,val_select,0.1,665.0,5983.0,18.484902255639103,13.211831856927965,1.3991172803146195,1.2892010384292476,1.392173563574912,1.4846661825474639
nearest_k60_no_price_coord_sequence_flat,hist_gradient_boosting,42,12,entry_movement,val_select,0.2,1330.0,5318.0,17.43071428571429,12.816096276795788,1.3600642433744439,1.2821534071137763,1.3574538152244573,1.4274893911916102
nearest_k60_no_price_coord_sequence_flat,hist_gradient_boosting,42,12,entry_movement,val_eval,0.05,333.0,6313.0,52.23024024024025,22.068379534294316,2.36674560354893,1.9377816459220134,2.3342679756574682,2.7287541109278135
nearest_k60_no_price_coord_sequence_flat,hist_gradient_boosting,42,12,entry_movement,val_eval,0.1,665.0,5981.0,45.319894736842116,21.162451095134596,2.141523896882696,1.849129692909916,2.1175622777572745,2.3836926301832113
nearest_k60_no_price_coord_sequence_flat,hist_gradient_boosting,42,12,entry_movement,val_eval,0.2,1330.0,5316.0,37.561729323308285,20.081499247554554,1.8704643941304535,1.668547895052242,1.8487386594469033,2.0461561785239057
nearest_k60_no_price_coord_sequence_flat,hist_gradient_boosting,42,12,entry_movement,low_n_disclosure,0.05,59.0,1103.0,219.606779661017,76.5172529465095,2.8700295842368555,1.65703830050173,2.7765491856222955,3.749558693669843
nearest_k60_no_price_coord_sequence_flat,hist_gradient_boosting,42,12,entry_movement,low_n_disclosure,0.1,117.0,1045.0,170.61452991452995,74.0606985645933,2.303712133713208,1.4185521604109739,2.247013272927531,3.3522879236363043
nearest_k60_no_price_coord_sequence_flat,hist_gradient_boosting,42,12,entry_movement,low_n_disclosure,0.2,233.0,929.0,128.36579399141633,72.60075349838533,1.7681055334263334,1.23017394597008,1.7631446276166236,2.520363054388688
nearest_k60_no_price_coord_sequence_flat,hist_gradient_boosting,43,12,entry_movement,val_select,0.05,333.0,6315.0,19.91126126126127,13.413840063341251,1.484381889692934,1.339641335093963,1.4778856218560419,1.6407382363828722
nearest_k60_no_price_coord_sequence_flat,hist_gradient_boosting,43,12,entry_movement,val_select,0.1,665.0,5983.0,18.963233082706772,13.158666220959386,1.4411212173238164,1.3404615228582422,1.4293789844226108,1.5304944538324607
nearest_k60_no_price_coord_sequence_flat,hist_gradient_boosting,43,12,entry_movement,val_select,0.2,1330.0,5318.0,17.87572180451128,12.704802557352387,1.407005085188548,1.3292369144775442,1.4040871066224256,1.475095662563492
nearest_k60_no_price_coord_sequence_flat,hist_gradient_boosting,43,12,entry_movement,val_eval,0.05,333.0,6313.0,53.91246246246248,21.979645176619677,2.4528358865324438,1.9776173571255837,2.4077250066712335,2.874907122327462
nearest_k60_no_price_coord_sequence_flat,hist_gradient_boosting,43,12,entry_movement,val_eval,0.1,665.0,5981.0,45.59524812030077,21.131835813409133,2.1576567470474317,1.8531579199308974,2.109373853714911,2.435737802141459
nearest_k60_no_price_coord_sequence_flat,hist_gradient_boosting,43,12,entry_movement,val_eval,0.2,1330.0,5316.0,37.60375187969926,20.070985703536497,1.873537873781331,1.6860419117924457,1.8652070136625474,2.057986739786425
nearest_k60_no_price_coord_sequence_flat,hist_gradient_boosting,43,12,entry_movement,low_n_disclosure,0.05,59.0,1103.0,227.11966101694918,76.1153853127833,2.983886373085275,1.6805507588109252,2.84612256795568,3.811413694840421
nearest_k60_no_price_coord_sequence_flat,hist_gradient_boosting,43,12,entry_movement,low_n_disclosure,0.1,117.0,1045.0,171.06786324786324,74.00994258373204,2.3114173214541216,1.4440939231565977,2.267799637484239,3.2928667025377854
nearest_k60_no_price_coord_sequence_flat,hist_gradient_boosting,43,12,entry_movement,low_n_disclosure,0.2,233.0,929.0,130.86064377682405,71.9750269106566,1.81813956025696,1.2540618705757756,1.7772978773835337,2.512124675370869
nearest_k60_no_price_coord_sequence_flat,hist_gradient_boosting,44,12,entry_movement,val_select,0.05,333.0,6315.0,20.819729729729733,13.365935075217736,1.5576710205881776,1.374983465490766,1.5374727488111564,1.7526190399715331
nearest_k60_no_price_coord_sequence_flat,hist_gradient_boosting,44,12,entry_movement,val_select,0.1,665.0,5983.0,19.70371428571429,13.07636302858098,1.5068191547334624,1.3740122225087181,1.4906185175804447,1.6352260981406008
nearest_k60_no_price_coord_sequence_flat,hist_gradient_boosting,44,12,entry_movement,val_select,0.2,1330.0,5318.0,17.99557142857143,12.67482888303874,1.4197881166390203,1.3355847439751076,1.4094556992429954,1.501263042206578
nearest_k60_no_price_coord_sequence_flat,hist_gradient_boosting,44,12,entry_movement,val_eval,0.05,333.0,6313.0,50.54015015015016,22.1575289086013,2.280947047778918,1.9180954524261606,2.258081108725097,2.5522811980083375
nearest_k60_no_price_coord_sequence_flat,hist_gradient_boosting,44,12,entry_movement,val_eval,0.1,665.0,5981.0,44.16139849624062,21.291258986791508,2.074156278106292,1.8319941885597217,2.0628896595946893,2.2978162439737355
nearest_k60_no_price_coord_sequence_flat,hist_gradient_boosting,44,12,entry_movement,val_eval,0.2,1330.0,5316.0,37.33700000000002,20.137723852520693,1.854082431233977,1.668650648516803,1.8347383031615148,2.0516075622325847
nearest_k60_no_price_coord_sequence_flat,hist_gradient_boosting,44,12,entry_movement,low_n_disclosure,0.05,59.0,1103.0,208.07050847457634,77.13433363553942,2.697508342493912,1.3857136673182586,2.480448020171959,3.5888001677455765
nearest_k60_no_price_coord_sequence_flat,hist_gradient_boosting,44,12,entry_movement,low_n_disclosure,0.1,117.0,1045.0,162.73794871794874,74.94257416267942,2.1715019871707377,1.2942858098048644,2.1519841010893606,3.3405969977615797
nearest_k60_no_price_coord_sequence_flat,hist_gradient_boosting,44,12,entry_movement,low_n_disclosure,0.2,233.0,929.0,124.72896995708156,73.51289558665229,1.6966951031068969,1.183595698431207,1.6839466656053421,2.4353929397122633
nearest_k60_no_price_coord_sequence_flat,hist_gradient_boosting,42,24,entry_movement,val_select,0.05,333.0,6315.0,23.125465465465464,19.927612034837686,1.1604734889979418,1.0170340489906675,1.152728942873613,1.322502268229094
nearest_k60_no_price_coord_sequence_flat,hist_gradient_boosting,42,24,entry_movement,val_select,0.1,665.0,5983.0,24.080992481203,19.64395620925957,1.2258728447914145,1.1246527159950364,1.214637526920988,1.3490723990496583
nearest_k60_no_price_coord_sequence_flat,hist_gradient_boosting,42,24,entry_movement,val_select,0.2,1330.0,5318.0,22.55945864661654,19.4696446032343,1.1586990469702236,1.08195249307038,1.1510640037186373,1.2391249391269838
nearest_k60_no_price_coord_sequence_flat,hist_gradient_boosting,42,24,entry_movement,val_eval,0.05,333.0,6313.0,73.55624624624623,32.297128148265486,2.2774856609099645,1.8292581242327484,2.2000752397661163,2.561439833596846
nearest_k60_no_price_coord_sequence_flat,hist_gradient_boosting,42,24,entry_movement,val_eval,0.1,665.0,5981.0,63.69983458646617,31.102760407958538,2.0480444099156783,1.77848365828908,2.009689578585607,2.2920397262614713
nearest_k60_no_price_coord_sequence_flat,hist_gradient_boosting,42,24,entry_movement,val_eval,0.2,1330.0,5316.0,55.19151127819549,29.153741534988715,1.8931193175310854,1.6698911152547242,1.8618173327597485,2.1258205843040408
nearest_k60_no_price_coord_sequence_flat,hist_gradient_boosting,42,24,entry_movement,low_n_disclosure,0.05,59.0,1103.0,214.25796610169488,116.24547597461466,1.8431510069990498,1.1358427395336328,1.8059303663096322,2.399193200085048
nearest_k60_no_price_coord_sequence_flat,hist_gradient_boosting,42,24,entry_movement,low_n_disclosure,0.1,117.0,1045.0,189.11683760683752,113.6203923444976,1.6644621067091048,1.1615764439030707,1.6426360910944027,2.368163239616087
nearest_k60_no_price_coord_sequence_flat,hist_gradient_boosting,42,24,entry_movement,low_n_disclosure,0.2,233.0,929.0,187.75012875536478,104.53627556512377,1.7960284861918638,1.2835440643193723,1.714548529655185,2.420561807620884
nearest_k60_no_price_coord_sequence_flat,hist_gradient_boosting,43,24,entry_movement,val_select,0.05,333.0,6315.0,25.972462462462456,19.77748535233571,1.3132338110615829,1.1458853389529904,1.285705729914218,1.4694432000300413
nearest_k60_no_price_coord_sequence_flat,hist_gradient_boosting,43,24,entry_movement,val_select,0.1,665.0,5983.0,24.89333834586466,19.55366538525823,1.2730778529447517,1.14472481904264,1.2562751838281176,1.390542006632533
nearest_k60_no_price_coord_sequence_flat,hist_gradient_boosting,43,24,entry_movement,val_select,0.2,1330.0,5318.0,23.275684210526318,19.290520872508463,1.206586611339108,1.1055862525100002,1.197649322145574,1.2955725740772774
nearest_k60_no_price_coord_sequence_flat,hist_gradient_boosting,43,24,entry_movement,val_eval,0.05,333.0,6313.0,71.6859159159159,32.39578488832568,2.2128161476263237,1.8456419802159432,2.185577143110654,2.4967122931726955
nearest_k60_no_price_coord_sequence_flat,hist_gradient_boosting,43,24,entry_movement,val_eval,0.1,665.0,5981.0,64.99001503759399,30.959311151981275,2.099207398980997,1.7972854047756361,2.055955672868797,2.3853361806649236
nearest_k60_no_price_coord_sequence_flat,hist_gradient_boosting,43,24,entry_movement,val_eval,0.2,1330.0,5316.0,54.99790977443609,29.20217832957111,1.8833495622736933,1.6579345828285508,1.8452624494709668,2.0837273160693504
nearest_k60_no_price_coord_sequence_flat,hist_gradient_boosting,43,24,entry_movement,low_n_disclosure,0.05,59.0,1103.0,229.89186440677963,115.40921124206707,1.9919715413754013,1.134183935689491,1.794354638030977,2.598391542023075
nearest_k60_no_price_coord_sequence_flat,hist_gradient_boosting,43,24,entry_movement,low_n_disclosure,0.1,117.0,1045.0,200.5984615384615,112.3348899521531,1.785718236105475,1.2684295439745197,1.740599325704538,2.428733138854119
nearest_k60_no_price_coord_sequence_flat,hist_gradient_boosting,43,24,entry_movement,low_n_disclosure,0.2,233.0,929.0,182.65738197424886,105.81357373519914,1.7262188160410599,1.1792057211861935,1.6691939511903322,2.3136999613399185
nearest_k60_no_price_coord_sequence_flat,hist_gradient_boosting,44,24,entry_movement,val_select,0.05,333.0,6315.0,25.62366366366366,19.795878068091845,1.2943938922803016,1.1492267535631293,1.285561052222864,1.4524290668947994
nearest_k60_no_price_coord_sequence_flat,hist_gradient_boosting,44,24,entry_movement,val_select,0.1,665.0,5983.0,25.36757894736842,19.500954370717032,1.3008378187613634,1.1751435838063182,1.2883564331521977,1.4248746053360168
nearest_k60_no_price_coord_sequence_flat,hist_gradient_boosting,44,24,entry_movement,val_select,0.2,1330.0,5318.0,23.474736842105266,19.240738999623918,1.2200538057589214,1.124794538487468,1.2110188834173297,1.3027726311318215
nearest_k60_no_price_coord_sequence_flat,hist_gradient_boosting,44,24,entry_movement,val_eval,0.05,333.0,6313.0,71.20438438438438,32.42118485664502,2.1962301716986876,1.7714786788590118,2.1318028713060073,2.474190542481896
nearest_k60_no_price_coord_sequence_flat,hist_gradient_boosting,44,24,entry_movement,val_eval,0.1,665.0,5981.0,63.81679699248121,31.08975589366327,2.052663173385944,1.7713634227041664,2.0085786333103597,2.2950967243581344
nearest_k60_no_price_coord_sequence_flat,hist_gradient_boosting,44,24,entry_movement,val_eval,0.2,1330.0,5316.0,55.05753383458648,29.187261098570357,1.8863549289070942,1.6563188604980539,1.8677805387995607,2.1260292384467245
nearest_k60_no_price_coord_sequence_flat,hist_gradient_boosting,44,24,entry_movement,low_n_disclosure,0.05,59.0,1103.0,169.59932203389826,118.63428830462374,1.4295978376707486,0.9725185916415093,1.3942970216438533,2.073307374566295
nearest_k60_no_price_coord_sequence_flat,hist_gradient_boosting,44,24,entry_movement,low_n_disclosure,0.1,117.0,1045.0,174.59786324786316,115.24596172248803,1.5150020064763254,1.0226744634823048,1.4648050180012873,2.116841279283019
nearest_k60_no_price_coord_sequence_flat,hist_gradient_boosting,44,24,entry_movement,low_n_disclosure,0.2,233.0,929.0,179.51836909871238,106.60086114101183,1.6840236296144468,1.202019885911224,1.5893002005859684,2.1515266394526438
nearest_k60_no_price_coord_sequence_flat,extra_trees_small,42,3,entry_movement,val_select,0.05,333.0,6315.0,12.631891891891895,6.047349168646081,2.0888312448345037,1.974992548120055,2.0982275195467928,2.2107550996587872
nearest_k60_no_price_coord_sequence_flat,extra_trees_small,42,3,entry_movement,val_select,0.1,665.0,5983.0,11.817593984962407,5.772477018218284,2.0472310149811546,1.9530133866647368,2.0401573803352666,2.130521302865962
nearest_k60_no_price_coord_sequence_flat,extra_trees_small,42,3,entry_movement,val_select,0.2,1330.0,5318.0,10.708398496240603,5.293956374576909,2.0227591121954447,1.9388977798137044,2.0128256422725066,2.1049968275893733
nearest_k60_no_price_coord_sequence_flat,extra_trees_small,42,3,entry_movement,val_eval,0.05,333.0,6313.0,22.199009009009018,10.527354664977029,2.1086977417852064,1.9266126295091814,2.1069615286252157,2.324771208079604
nearest_k60_no_price_coord_sequence_flat,extra_trees_small,42,3,entry_movement,val_eval,0.1,665.0,5981.0,19.306255639097746,10.201103494398929,1.8925654121339068,1.7665466186111887,1.8737983195104198,2.0179282002012733
nearest_k60_no_price_coord_sequence_flat,extra_trees_small,42,3,entry_movement,val_eval,0.2,1330.0,5316.0,17.18231578947368,9.593487584650113,1.7910395607292946,1.6922523819664674,1.7809589675576014,1.910579775274668
nearest_k60_no_price_coord_sequence_flat,extra_trees_small,42,3,entry_movement,low_n_disclosure,0.05,59.0,1103.0,108.48186440677976,35.8553037171351,3.025545823362716,2.0118908517742726,2.8335055716903743,3.7739105458765962
nearest_k60_no_price_coord_sequence_flat,extra_trees_small,42,3,entry_movement,low_n_disclosure,0.1,117.0,1045.0,92.54957264957274,33.608162679425845,2.7537825715842983,1.899070978738497,2.6735497133332533,3.5846682596734873
nearest_k60_no_price_coord_sequence_flat,extra_trees_small,42,3,entry_movement,low_n_disclosure,0.2,233.0,929.0,66.63317596566529,32.74843918191605,2.0346977636253474,1.6423990537500597,2.0432185804310885,2.748959431100345
nearest_k60_no_price_coord_sequence_flat,extra_trees_small,43,3,entry_movement,val_select,0.05,333.0,6315.0,12.341711711711714,6.06265083135392,2.035695614843045,1.9222227190491283,2.0362789394597316,2.1604494680373025
nearest_k60_no_price_coord_sequence_flat,extra_trees_small,43,3,entry_movement,val_select,0.1,665.0,5983.0,11.742180451127822,5.78085910078556,2.0312172025663418,1.9364225748646997,2.027649900010887,2.1186328050065355
nearest_k60_no_price_coord_sequence_flat,extra_trees_small,43,3,entry_movement,val_select,0.2,1330.0,5318.0,10.741037593984963,5.285793531402783,2.0320577279783434,1.948417395308235,2.024370971010083,2.1190430511688874
nearest_k60_no_price_coord_sequence_flat,extra_trees_small,43,3,entry_movement,val_eval,0.05,333.0,6313.0,21.87972972972974,10.544196103278948,2.07504958324189,1.8828951005059615,2.071973356091025,2.3072350924238294
nearest_k60_no_price_coord_sequence_flat,extra_trees_small,43,3,entry_movement,val_eval,0.1,665.0,5981.0,18.979654135338347,10.237416819929775,1.8539495332835867,1.743441732877379,1.847859220586758,1.9964380957233123
nearest_k60_no_price_coord_sequence_flat,extra_trees_small,43,3,entry_movement,val_eval,0.2,1330.0,5316.0,17.262120300751874,9.57352144469526,1.8031108407154517,1.6916729062382767,1.7872093659278723,1.908546476526131
nearest_k60_no_price_coord_sequence_flat,extra_trees_small,43,3,entry_movement,low_n_disclosure,0.05,59.0,1103.0,118.68491525423744,35.30953762466003,3.361270728488622,2.060397760081252,3.1699705088664656,4.124429547768216
nearest_k60_no_price_coord_sequence_flat,extra_trees_small,43,3,entry_movement,low_n_disclosure,0.1,117.0,1045.0,88.77128205128211,34.031186602870825,2.608527380699487,1.8507375485930146,2.6448710263683806,3.6187869482753663
nearest_k60_no_price_coord_sequence_flat,extra_trees_small,43,3,entry_movement,low_n_disclosure,0.2,233.0,929.0,66.59746781115885,32.757395048439186,2.033051398399644,1.6682511191880511,2.0529607038454696,2.7224364767154916
nearest_k60_no_price_coord_sequence_flat,extra_trees_small,44,3,entry_movement,val_select,0.05,333.0,6315.0,13.007927927927934,6.027520190023753,2.1580894825466643,2.025391911277266,2.1453504629624476,2.269000687434922
nearest_k60_no_price_coord_sequence_flat,extra_trees_small,44,3,entry_movement,val_select,0.1,665.0,5983.0,11.847909774436092,5.769107471168311,2.053681584828711,1.950002573941025,2.047741671005937,2.1388163538366163
nearest_k60_no_price_coord_sequence_flat,extra_trees_small,44,3,entry_movement,val_select,0.2,1330.0,5318.0,10.744969924812029,5.284810078977059,2.033179956183374,1.9394048372419488,2.0241542583396788,2.11971704021035
nearest_k60_no_price_coord_sequence_flat,extra_trees_small,44,3,entry_movement,val_eval,0.05,333.0,6313.0,21.829279279279287,10.546857278631395,2.069742550087105,1.8859767415952537,2.0570182225471623,2.300422280020621
nearest_k60_no_price_coord_sequence_flat,extra_trees_small,44,3,entry_movement,val_eval,0.1,665.0,5981.0,19.154511278195486,10.217975254974084,1.8745897108011804,1.7596133608645401,1.8692867008194445,2.0163685963504134
nearest_k60_no_price_coord_sequence_flat,extra_trees_small,44,3,entry_movement,val_eval,0.2,1330.0,5316.0,17.41093233082707,9.536290443942812,1.825755248665482,1.7234378912312844,1.8178353489469203,1.9355299863097488
nearest_k60_no_price_coord_sequence_flat,extra_trees_small,44,3,entry_movement,low_n_disclosure,0.05,59.0,1103.0,118.14525423728824,35.33840435176792,3.3432537887460567,2.1012881533857253,2.9847334127717025,3.9667087968790047
nearest_k60_no_price_coord_sequence_flat,extra_trees_small,44,3,entry_movement,low_n_disclosure,0.1,117.0,1045.0,90.41726495726499,33.84689952153111,2.671360338330181,1.8766615105242541,2.6480675434968024,3.602928551940525
nearest_k60_no_price_coord_sequence_flat,extra_trees_small,44,3,entry_movement,low_n_disclosure,0.2,233.0,929.0,67.56974248927044,32.5135414424112,2.0782030960531217,1.675782583351449,2.0747147212043124,2.7308574709948754
nearest_k60_no_price_coord_sequence_flat,extra_trees_small,42,6,entry_movement,val_select,0.05,333.0,6315.0,15.836186186186197,9.102449722882026,1.7397718930956236,1.6123575725157948,1.743481287547656,1.9115976279554583
nearest_k60_no_price_coord_sequence_flat,extra_trees_small,42,6,entry_movement,val_select,0.1,665.0,5983.0,15.410601503759406,8.776093932809626,1.755974995452877,1.6712192552520297,1.754504847451022,1.83806080139326
nearest_k60_no_price_coord_sequence_flat,extra_trees_small,42,6,entry_movement,val_select,0.2,1330.0,5318.0,14.701646616541355,8.123773975178638,1.8097065060476492,1.727035838538236,1.7953390963328562,1.8583336175195573
nearest_k60_no_price_coord_sequence_flat,extra_trees_small,42,6,entry_movement,val_eval,0.05,333.0,6313.0,34.142012012012025,15.427137652463173,2.213113850485462,1.9915315683933452,2.209559606497138,2.5144251472266124
nearest_k60_no_price_coord_sequence_flat,extra_trees_small,42,6,entry_movement,val_eval,0.1,665.0,5981.0,28.63267669172934,15.000849356294937,1.9087370329276696,1.7755388888431605,1.8981804182317248,2.06959166749989
nearest_k60_no_price_coord_sequence_flat,extra_trees_small,42,6,entry_movement,val_eval,0.2,1330.0,5316.0,24.081135338345874,14.434330323551544,1.6683236976400821,1.5663499166793489,1.654777863375284,1.78523045589507
nearest_k60_no_price_coord_sequence_flat,extra_trees_small,42,6,entry_movement,low_n_disclosure,0.05,59.0,1103.0,161.1128813559323,51.79923844061651,3.1103330127263304,1.6933739111215254,2.9408871382860697,3.968204433344149
nearest_k60_no_price_coord_sequence_flat,extra_trees_small,42,6,entry_movement,low_n_disclosure,0.1,117.0,1045.0,118.2405982905984,50.532124401913876,2.339909506874405,1.5184370764361008,2.2870632008602145,3.5504544152636295
nearest_k60_no_price_coord_sequence_flat,extra_trees_small,42,6,entry_movement,low_n_disclosure,0.2,233.0,929.0,90.9621888412018,48.91930032292788,1.8594335618199536,1.3976069973949101,1.8480490921930002,2.6240158762159225
nearest_k60_no_price_coord_sequence_flat,extra_trees_small,43,6,entry_movement,val_select,0.05,333.0,6315.0,16.36423423423424,9.07460490894695,1.8032999120545958,1.629040862637832,1.7669803930281642,1.9374071746342054
nearest_k60_no_price_coord_sequence_flat,extra_trees_small,43,6,entry_movement,val_select,0.1,665.0,5983.0,15.24254135338346,8.794773524987463,1.7331363121604872,1.646869974845971,1.7287046408796016,1.8224885153981294
nearest_k60_no_price_coord_sequence_flat,extra_trees_small,43,6,entry_movement,val_select,0.2,1330.0,5318.0,14.652165413533838,8.136148928168483,1.8008723221383027,1.7310511804142736,1.7936310022136341,1.8678421443678626
nearest_k60_no_price_coord_sequence_flat,extra_trees_small,43,6,entry_movement,val_eval,0.05,333.0,6313.0,34.65792792792795,15.399923966418504,2.2505259119138494,1.9658775478476462,2.2092235744710464,2.534029049139247
nearest_k60_no_price_coord_sequence_flat,extra_trees_small,43,6,entry_movement,val_eval,0.1,665.0,5981.0,28.426330827067673,15.023792008025417,1.8920876175524048,1.7586727799963153,1.8873396683174253,2.068148574338068
nearest_k60_no_price_coord_sequence_flat,extra_trees_small,43,6,entry_movement,val_eval,0.2,1330.0,5316.0,24.08053383458648,14.434480812641086,1.6682646329404383,1.5726962115639922,1.6543197501298985,1.7831397694559512
nearest_k60_no_price_coord_sequence_flat,extra_trees_small,43,6,entry_movement,low_n_disclosure,0.05,59.0,1103.0,157.09898305084752,52.01394378966456,3.0203243900544976,1.765780694544329,2.946895807888475,3.8899096191460805
nearest_k60_no_price_coord_sequence_flat,extra_trees_small,43,6,entry_movement,low_n_disclosure,0.1,117.0,1045.0,121.20769230769243,50.19992344497608,2.414499544815993,1.5307856026897977,2.327212332789715,3.4707478063076938
nearest_k60_no_price_coord_sequence_flat,extra_trees_small,43,6,entry_movement,low_n_disclosure,0.2,233.0,929.0,88.47785407725328,49.54238966630786,1.7859020259861251,1.3586391171253547,1.7807230909237473,2.4737279549234192
nearest_k60_no_price_coord_sequence_flat,extra_trees_small,44,6,entry_movement,val_select,0.05,333.0,6315.0,16.54291291291292,9.065182897862233,1.8248846271832089,1.664637237731873,1.7928485736120807,1.9635333692211865
nearest_k60_no_price_coord_sequence_flat,extra_trees_small,44,6,entry_movement,val_select,0.1,665.0,5983.0,15.419714285714287,8.775081063011866,1.7572161641572104,1.6590560725044743,1.7516687955690944,1.8498282479335306
nearest_k60_no_price_coord_sequence_flat,extra_trees_small,44,6,entry_movement,val_select,0.2,1330.0,5318.0,14.681864661654137,8.12872132380594,1.8061714846413206,1.7366201321133656,1.7993294902340433,1.867161281260595
nearest_k60_no_price_coord_sequence_flat,extra_trees_small,44,6,entry_movement,val_eval,0.05,333.0,6313.0,36.013393393393414,15.328425471249805,2.349451576806803,2.072812587045506,2.3302291905467554,2.6477040394906832
nearest_k60_no_price_coord_sequence_flat,extra_trees_small,44,6,entry_movement,val_eval,0.1,665.0,5981.0,29.125699248120313,14.946032436047487,1.948724477398677,1.7673513923500654,1.9124880570066147,2.161445262689131
nearest_k60_no_price_coord_sequence_flat,extra_trees_small,44,6,entry_movement,val_eval,0.2,1330.0,5316.0,24.05167669172933,14.441700526711816,1.6654324500942672,1.564003921919529,1.6566574676911343,1.7942484838148502
nearest_k60_no_price_coord_sequence_flat,extra_trees_small,44,6,entry_movement,low_n_disclosure,0.05,59.0,1103.0,160.28220338983058,51.84367180417045,3.0916445115088673,1.7095128881938642,2.946203806599777,3.8608176729653962
nearest_k60_no_price_coord_sequence_flat,extra_trees_small,44,6,entry_movement,low_n_disclosure,0.1,117.0,1045.0,120.76880341880347,50.24906220095694,2.403404125948117,1.5635927072247773,2.2923765741198494,3.47067470011989
nearest_k60_no_price_coord_sequence_flat,extra_trees_small,44,6,entry_movement,low_n_disclosure,0.2,233.0,929.0,88.39575107296145,49.562981700753504,1.7835034947386461,1.342791839681616,1.7887790035871047,2.5758675251857523
nearest_k60_no_price_coord_sequence_flat,extra_trees_small,42,12,entry_movement,val_select,0.05,333.0,6315.0,19.794864864864874,13.419977830562154,1.4750296248466812,1.328661735977575,1.4674855094827224,1.6160010046486228
nearest_k60_no_price_coord_sequence_flat,extra_trees_small,42,12,entry_movement,val_select,0.1,665.0,5983.0,19.131218045112785,13.13999498579308,1.4559532226456247,1.3542538749366422,1.4441217929450447,1.534826705822882
nearest_k60_no_price_coord_sequence_flat,extra_trees_small,42,12,entry_movement,val_select,0.2,1330.0,5318.0,18.079112781954887,12.653935690109064,1.428734365710931,1.3686086616437827,1.4302318818134654,1.4829878893315371
nearest_k60_no_price_coord_sequence_flat,extra_trees_small,42,12,entry_movement,val_eval,0.05,333.0,6313.0,50.61708708708709,22.153470616188823,2.2848378009944077,1.9440981063890879,2.2536227117233754,2.571085689284843
nearest_k60_no_price_coord_sequence_flat,extra_trees_small,42,12,entry_movement,val_eval,0.1,665.0,5981.0,41.40457142857144,21.59777796355125,1.917075520382071,1.7046540294273638,1.908379379326862,2.1281147349873097
nearest_k60_no_price_coord_sequence_flat,extra_trees_small,42,12,entry_movement,val_eval,0.2,1330.0,5316.0,34.455000000000005,20.85876598946577,1.6518235075555618,1.4961287897120334,1.6344376997119698,1.7994224861039025
nearest_k60_no_price_coord_sequence_flat,extra_trees_small,42,12,entry_movement,low_n_disclosure,0.05,59.0,1103.0,217.48610169491522,76.6306890299184,2.838107088010178,1.7183648630168598,2.6215384326456546,3.5391537253875676
nearest_k60_no_price_coord_sequence_flat,extra_trees_small,42,12,entry_movement,low_n_disclosure,0.1,117.0,1045.0,183.1777777777778,72.65409569377991,2.5212312675369257,1.629876410849976,2.379960913049718,3.237203392761071
nearest_k60_no_price_coord_sequence_flat,extra_trees_small,42,12,entry_movement,low_n_disclosure,0.2,233.0,929.0,136.90630901287557,70.45872981700751,1.9430709206430907,1.4122596471090563,1.9278568443866866,2.681463605233844
nearest_k60_no_price_coord_sequence_flat,extra_trees_small,43,12,entry_movement,val_select,0.05,333.0,6315.0,20.6573873873874,13.374495645288995,1.544535804209089,1.39801030265561,1.5486193732834277,1.730890072204107
nearest_k60_no_price_coord_sequence_flat,extra_trees_small,43,12,entry_movement,val_select,0.1,665.0,5983.0,19.37288721804512,13.113133879324755,1.4773651665823382,1.3736427683948986,1.468559703937899,1.5710616924475722
nearest_k60_no_price_coord_sequence_flat,extra_trees_small,43,12,entry_movement,val_select,0.2,1330.0,5318.0,18.12557142857143,12.642316660398645,1.4337223086136401,1.3715636782607403,1.4334158047435022,1.4859476533596434
nearest_k60_no_price_coord_sequence_flat,extra_trees_small,43,12,entry_movement,val_eval,0.05,333.0,6313.0,53.10879879879881,22.022037066370984,2.4116206252281374,2.0338345280504315,2.3690685897505044,2.6772493039799516
nearest_k60_no_price_coord_sequence_flat,extra_trees_small,43,12,entry_movement,val_eval,0.1,665.0,5981.0,43.440105263157896,21.371456278214353,2.03262261109646,1.7487277287061143,2.010070385825964,2.287463252216305
nearest_k60_no_price_coord_sequence_flat,extra_trees_small,43,12,entry_movement,val_eval,0.2,1330.0,5316.0,35.22677443609024,20.665677200902937,1.7046029555978495,1.5487718480607142,1.6933401351312778,1.8556333562069718
nearest_k60_no_price_coord_sequence_flat,extra_trees_small,43,12,entry_movement,low_n_disclosure,0.05,59.0,1103.0,226.9213559322034,76.12599274705347,2.980865637919534,1.7357421721705348,2.887828076106092,3.7506584443528945
nearest_k60_no_price_coord_sequence_flat,extra_trees_small,43,12,entry_movement,low_n_disclosure,0.1,117.0,1045.0,178.9554700854701,73.12683253588514,2.447192964328822,1.564300064802169,2.3676468858441524,3.3581328234124577
nearest_k60_no_price_coord_sequence_flat,extra_trees_small,43,12,entry_movement,low_n_disclosure,0.2,233.0,929.0,135.39257510729615,70.83838536060279,1.9112882714375867,1.412514196961592,1.8756501948704765,2.45683329344354
nearest_k60_no_price_coord_sequence_flat,extra_trees_small,44,12,entry_movement,val_select,0.05,333.0,6315.0,20.271741741741746,13.39483135391924,1.513400296436757,1.3376759742601443,1.5043520018454577,1.6647420730162958
nearest_k60_no_price_coord_sequence_flat,extra_trees_small,44,12,entry_movement,val_select,0.1,665.0,5983.0,19.517353383458655,13.09707671736587,1.4902068457444337,1.385148254288708,1.4823590025830375,1.5733936256517314
nearest_k60_no_price_coord_sequence_flat,extra_trees_small,44,12,entry_movement,val_select,0.2,1330.0,5318.0,18.389233082706767,12.57637645731478,1.4622044072170775,1.3969757647571674,1.461040000559974,1.5180056020730361
nearest_k60_no_price_coord_sequence_flat,extra_trees_small,44,12,entry_movement,val_eval,0.05,333.0,6313.0,52.58210210210211,22.049819420243946,2.384695361896092,2.0006124715774503,2.3528198463811614,2.68094127573039
nearest_k60_no_price_coord_sequence_flat,extra_trees_small,44,12,entry_movement,val_eval,0.1,665.0,5981.0,43.1641052631579,21.402143454271865,2.0168122578648706,1.7809755755584906,1.9985657699336392,2.2219295009819153
nearest_k60_no_price_coord_sequence_flat,extra_trees_small,44,12,entry_movement,val_eval,0.2,1330.0,5316.0,35.09299248120301,20.69914785553048,1.695383439266884,1.5401756801805586,1.6853796810523558,1.8418112451271944
nearest_k60_no_price_coord_sequence_flat,extra_trees_small,44,12,entry_movement,low_n_disclosure,0.05,59.0,1103.0,234.80322033898304,75.70438803263825,3.101580059503987,1.7393356417721009,2.9107995915978275,3.8383197501929067
nearest_k60_no_price_coord_sequence_flat,extra_trees_small,44,12,entry_movement,low_n_disclosure,0.1,117.0,1045.0,179.03564102564104,73.11785645933013,2.448589847887908,1.5718620632880396,2.368404538948486,3.429874890732324
nearest_k60_no_price_coord_sequence_flat,extra_trees_small,44,12,entry_movement,low_n_disclosure,0.2,233.0,929.0,134.49738197424895,71.06290635091493,1.8926524241787828,1.3574022320461723,1.8912964288914338,2.501133480837946
nearest_k60_no_price_coord_sequence_flat,extra_trees_small,42,24,entry_movement,val_select,0.05,333.0,6315.0,25.807627627627635,19.78617735550277,1.3043261042260006,1.170734595929082,1.2844886297988658,1.448035915399612
nearest_k60_no_price_coord_sequence_flat,extra_trees_small,42,24,entry_movement,val_select,0.1,665.0,5983.0,24.74254135338347,19.570426207588167,1.2642821924741672,1.1611408248847046,1.245267121527772,1.3685608622319685
nearest_k60_no_price_coord_sequence_flat,extra_trees_small,42,24,entry_movement,val_select,0.2,1330.0,5318.0,22.888037593984965,19.387468973298233,1.180558309365083,1.1066275500077487,1.1700647490871874,1.2509514441699041
nearest_k60_no_price_coord_sequence_flat,extra_trees_small,42,24,entry_movement,val_eval,0.05,333.0,6313.0,80.5324924924925,31.929143038175198,2.52222530357943,2.0266481421247198,2.4676827181750944,2.8764850087297718
nearest_k60_no_price_coord_sequence_flat,extra_trees_small,42,24,entry_movement,val_eval,0.1,665.0,5981.0,68.15418045112783,30.607502089951517,2.2267148835220674,1.8761836172465483,2.1789601006747317,2.5039550127027543
nearest_k60_no_price_coord_sequence_flat,extra_trees_small,42,24,entry_movement,val_eval,0.2,1330.0,5316.0,57.52724060150377,28.56936982693755,2.0135985130222354,1.7572976106900062,1.9805255832375472,2.26440559045392
nearest_k60_no_price_coord_sequence_flat,extra_trees_small,42,24,entry_movement,low_n_disclosure,0.05,59.0,1103.0,258.4305084745762,113.88266545784224,2.269269931781176,1.5715710426086982,2.1988632950550437,3.0408768194127433
nearest_k60_no_price_coord_sequence_flat,extra_trees_small,42,24,entry_movement,low_n_disclosure,0.1,117.0,1045.0,235.67111111111103,108.4080956937799,2.1739253844732285,1.4255345416274567,2.1061008054314847,2.878511942958012
nearest_k60_no_price_coord_sequence_flat,extra_trees_small,42,24,entry_movement,low_n_disclosure,0.2,233.0,929.0,188.57532188841196,104.32931108719052,1.8075008827654868,1.2109258108717529,1.741954233004927,2.435966200763435
nearest_k60_no_price_coord_sequence_flat,extra_trees_small,43,24,entry_movement,val_select,0.05,333.0,6315.0,24.774804804804813,19.840639746635,1.2486898165169626,1.0955351616579305,1.2381357494077077,1.3707365056273215
nearest_k60_no_price_coord_sequence_flat,extra_trees_small,43,24,entry_movement,val_select,0.1,665.0,5983.0,24.033654135338352,19.64921778372054,1.223135414339513,1.1096485710142865,1.2106204807395586,1.3286014255181682
nearest_k60_no_price_coord_sequence_flat,extra_trees_small,43,24,entry_movement,val_select,0.2,1330.0,5318.0,23.08509022556392,19.338187288454307,1.1937566784941973,1.1051572613727143,1.1808749442487612,1.2734299053830223
nearest_k60_no_price_coord_sequence_flat,extra_trees_small,43,24,entry_movement,val_eval,0.05,333.0,6313.0,81.78657657657658,31.862992238238558,2.5668203401947,2.030033559154308,2.4690289437821225,2.9076837537101494
nearest_k60_no_price_coord_sequence_flat,extra_trees_small,43,24,entry_movement,val_eval,0.1,665.0,5981.0,68.41926315789475,30.57802875773282,2.237530211642316,1.8673451829724608,2.182738838806223,2.543482287949173
nearest_k60_no_price_coord_sequence_flat,extra_trees_small,43,24,entry_movement,val_eval,0.2,1330.0,5316.0,58.628300751879706,28.293897667419117,2.0721182157731186,1.8403144896270305,2.04789861194197,2.282353379549861
nearest_k60_no_price_coord_sequence_flat,extra_trees_small,43,24,entry_movement,low_n_disclosure,0.05,59.0,1103.0,301.4806779661016,111.57989120580234,2.701926616956803,1.8001028731558109,2.5983433671479195,3.5469207214541396
nearest_k60_no_price_coord_sequence_flat,extra_trees_small,43,24,entry_movement,low_n_disclosure,0.1,117.0,1045.0,249.76358974358965,106.83027751196171,2.337947589021509,1.5666729752777504,2.2521341381251587,3.1583354955433363
nearest_k60_no_price_coord_sequence_flat,extra_trees_small,43,24,entry_movement,low_n_disclosure,0.2,233.0,929.0,201.85253218884114,100.99928955866523,1.9985539806356314,1.4149148602205044,1.9133454133417056,2.6573195602948587
nearest_k60_no_price_coord_sequence_flat,extra_trees_small,44,24,entry_movement,val_select,0.05,333.0,6315.0,25.020930930930945,19.827661124307205,1.261920444073819,1.0948365426754652,1.251784249651076,1.3785319013036135
nearest_k60_no_price_coord_sequence_flat,extra_trees_small,44,24,entry_movement,val_select,0.1,665.0,5983.0,24.35395488721805,19.613616914591343,1.241686069085003,1.1205369926108864,1.2271139447971962,1.3172020552223036
nearest_k60_no_price_coord_sequence_flat,extra_trees_small,44,24,entry_movement,val_select,0.2,1330.0,5318.0,23.000669172932337,19.359300488905607,1.1880940215847944,1.1042847356617878,1.1750284218187357,1.2592783883472387
nearest_k60_no_price_coord_sequence_flat,extra_trees_small,44,24,entry_movement,val_eval,0.05,333.0,6313.0,78.54285285285285,32.03409314113734,2.451851922475376,1.986870827258537,2.383337823798218,2.7344146868062107
nearest_k60_no_price_coord_sequence_flat,extra_trees_small,44,24,entry_movement,val_eval,0.1,665.0,5981.0,66.68906766917293,30.770401270690524,2.1673122518780965,1.775332670809476,2.1172690801532448,2.465776647301676
nearest_k60_no_price_coord_sequence_flat,extra_trees_small,44,24,entry_movement,val_eval,0.2,1330.0,5316.0,55.646954887218065,29.039794958615502,1.9162309846374714,1.6791110669644873,1.888705863612326,2.141694651797806
nearest_k60_no_price_coord_sequence_flat,extra_trees_small,44,24,entry_movement,low_n_disclosure,0.05,59.0,1103.0,257.1879661016948,113.94912964641883,2.2570419528410826,1.5852015380451654,2.2421220638106467,3.070187309498148
nearest_k60_no_price_coord_sequence_flat,extra_trees_small,44,24,entry_movement,low_n_disclosure,0.1,117.0,1045.0,240.82615384615374,107.83092822966505,2.2333680865032264,1.4722580426257474,2.154063098933479,2.8312994880631552
nearest_k60_no_price_coord_sequence_flat,extra_trees_small,44,24,entry_movement,low_n_disclosure,0.2,233.0,929.0,193.5492274678111,103.08181916038751,1.877627199871814,1.3126095271685654,1.7783647672617522,2.4686209022399628
