profile,model_key,seed,horizon,target_family,resume_key,requested_threads,effective_threads,model_thread_settings,started_at,deterministic,status,selection_eligible,post_entry_diagnostic_only,feature_contract_verdict,available_at_decision_time,val_select_spearman,val_select_top10_lift,val_select_top10_lift_ci_p05,val_eval_spearman,val_eval_top10_lift,val_eval_top10_lift_ci_p05,low_n_disclosure_spearman,low_n_disclosure_top10_lift,low_n_disclosure_top10_lift_ci_p05,yearly_check_pass,selected_by,finished_at,elapsed_sec,skip_reason
atr_only,ridge_regression,42,3,entry_movement,atr_only/ridge_regression/42/3/entry_movement,24,24,"{'requested_threads': 24, 'n_jobs': None, 'thread_control': 'single_thread_or_external_blas'}",2026-07-07T12:15:44.917952+00:00,True,completed,True,False,PASS,True,0.2585593410157584,1.4163045645841161,1.293878087059452,0.6243944098432692,2.595167060913469,2.334048173253374,0.38840704335935894,1.3533772151231092,0.9256961836093068,True,val_select_seed_median,2026-07-07T12:15:45.796805+00:00,0.8788619041442871,
atr_only,ridge_regression,42,6,entry_movement,atr_only/ridge_regression/42/6/entry_movement,24,24,"{'requested_threads': 24, 'n_jobs': None, 'thread_control': 'single_thread_or_external_blas'}",2026-07-07T12:15:45.811598+00:00,True,completed,True,False,PASS,True,0.2371963012327018,1.372454116724661,1.2477900690979464,0.6335465899171084,2.594564939129685,2.3147925951341466,0.3800750687728355,1.3710772100179534,0.8708321890856496,True,val_select_seed_median,2026-07-07T12:15:46.684033+00:00,0.8724427223205566,
atr_only,ridge_regression,42,12,entry_movement,atr_only/ridge_regression/42/12/entry_movement,24,24,"{'requested_threads': 24, 'n_jobs': None, 'thread_control': 'single_thread_or_external_blas'}",2026-07-07T12:15:46.690178+00:00,True,completed,True,False,PASS,True,0.22205068383507934,1.3536418097346257,1.2390225342841126,0.6546397819716088,2.5119299658844647,2.2227662107160446,0.31371782753453875,1.2534438066923788,0.8120694763416518,True,val_select_seed_median,2026-07-07T12:15:47.570023+00:00,0.879852294921875,
atr_only,ridge_regression,42,24,entry_movement,atr_only/ridge_regression/42/24/entry_movement,24,24,"{'requested_threads': 24, 'n_jobs': None, 'thread_control': 'single_thread_or_external_blas'}",2026-07-07T12:15:47.576704+00:00,True,completed,True,False,PASS,True,0.21136658598280242,1.3565177632666225,1.2379659382748527,0.6592741285686962,2.4806366903217345,2.1460072529305014,0.33127515179149186,1.1801291922694837,0.7914140562012134,True,val_select_seed_median,2026-07-07T12:15:48.457506+00:00,0.8808095455169678,
atr_only,hist_gradient_boosting,42,3,entry_movement,atr_only/hist_gradient_boosting/42/3/entry_movement,24,24,"{'requested_threads': 24, 'n_jobs': None, 'thread_control': 'not_supported_by_estimator'}",2026-07-07T12:15:48.464710+00:00,False,completed,True,False,PASS,True,0.25051447590979004,1.4139795994709812,1.2962852518765176,0.5818130118300074,1.8833839862551371,1.7077505256519265,,0.5959321889514037,0.6881004995124399,True,val_select_seed_median,2026-07-07T12:15:49.583158+00:00,1.1184589862823486,
atr_only,hist_gradient_boosting,43,3,entry_movement,atr_only/hist_gradient_boosting/43/3/entry_movement,24,24,"{'requested_threads': 24, 'n_jobs': None, 'thread_control': 'not_supported_by_estimator'}",2026-07-07T12:15:49.591071+00:00,False,completed,True,False,PASS,True,0.24910309986208112,1.3832107991332798,1.2699751471489997,0.5546772842093768,1.1561775500517901,1.045886212523371,,0.5959321889514037,0.6881004995124399,True,val_select_seed_median,2026-07-07T12:15:50.714405+00:00,1.1233456134796143,
atr_only,hist_gradient_boosting,44,3,entry_movement,atr_only/hist_gradient_boosting/44/3/entry_movement,24,24,"{'requested_threads': 24, 'n_jobs': None, 'thread_control': 'not_supported_by_estimator'}",2026-07-07T12:15:50.723024+00:00,False,completed,True,False,PASS,True,0.24966137716886552,1.3909651497467594,1.2677113976210228,0.5303570812853754,1.2440592891579967,1.1031549855724074,,0.5959321889514037,0.6881004995124399,True,val_select_seed_median,2026-07-07T12:15:51.846414+00:00,1.1234006881713867,
atr_only,hist_gradient_boosting,42,6,entry_movement,atr_only/hist_gradient_boosting/42/6/entry_movement,24,24,"{'requested_threads': 24, 'n_jobs': None, 'thread_control': 'not_supported_by_estimator'}",2026-07-07T12:15:51.855284+00:00,False,completed,True,False,PASS,True,0.21364781356242207,1.3883078510569915,1.2436312172774804,0.5706220223676295,1.314301470868991,1.1242683389820265,,0.58345336106506,0.6864713448702786,True,val_select_seed_median,2026-07-07T12:15:53.063873+00:00,1.2086012363433838,
atr_only,hist_gradient_boosting,43,6,entry_movement,atr_only/hist_gradient_boosting/43/6/entry_movement,24,24,"{'requested_threads': 24, 'n_jobs': None, 'thread_control': 'not_supported_by_estimator'}",2026-07-07T12:15:53.073624+00:00,False,completed,True,False,PASS,True,0.210948124053303,1.3871904768044572,1.249087145532693,0.5556964150486589,1.1497170072520289,1.0418655458654826,,0.58345336106506,0.6864713448702786,True,val_select_seed_median,2026-07-07T12:15:54.343146+00:00,1.2695322036743164,
atr_only,hist_gradient_boosting,44,6,entry_movement,atr_only/hist_gradient_boosting/44/6/entry_movement,24,24,"{'requested_threads': 24, 'n_jobs': None, 'thread_control': 'not_supported_by_estimator'}",2026-07-07T12:15:54.353200+00:00,False,completed,True,False,PASS,True,0.21319878691107078,1.3873031583483684,1.2545816153462983,0.5346386504777517,1.2175396694863583,1.0619349353033198,,0.58345336106506,0.6864713448702786,True,val_select_seed_median,2026-07-07T12:15:55.512991+00:00,1.1598010063171387,
atr_only,hist_gradient_boosting,42,12,entry_movement,atr_only/hist_gradient_boosting/42/12/entry_movement,24,24,"{'requested_threads': 24, 'n_jobs': None, 'thread_control': 'not_supported_by_estimator'}",2026-07-07T12:15:55.523239+00:00,False,completed,True,False,PASS,True,0.19695289014588374,1.3498350730666657,1.1896313733820967,0.58124988890396,1.2183486899278868,1.060382872875981,,0.6012019727883935,0.643374100884221,True,val_select_seed_median,2026-07-07T12:15:56.836390+00:00,1.3131601810455322,
atr_only,hist_gradient_boosting,43,12,entry_movement,atr_only/hist_gradient_boosting/43/12/entry_movement,24,24,"{'requested_threads': 24, 'n_jobs': None, 'thread_control': 'not_supported_by_estimator'}",2026-07-07T12:15:56.847742+00:00,False,completed,True,False,PASS,True,0.19415760772225155,1.3243458557715737,1.1535570537432824,0.5602196137211106,1.1116698453721165,0.9945333178112072,,0.6012019727883935,0.643374100884221,True,val_select_seed_median,2026-07-07T12:15:58.286573+00:00,1.4388391971588135,
atr_only,hist_gradient_boosting,44,12,entry_movement,atr_only/hist_gradient_boosting/44/12/entry_movement,24,24,"{'requested_threads': 24, 'n_jobs': None, 'thread_control': 'not_supported_by_estimator'}",2026-07-07T12:15:58.298391+00:00,False,completed,True,False,PASS,True,0.1928707018368129,1.3599138462017801,1.195123944943821,0.5063603083275192,1.1656236677573644,1.0375377284986385,,0.6012019727883935,0.643374100884221,True,val_select_seed_median,2026-07-07T12:15:59.437522+00:00,1.1391394138336182,
atr_only,hist_gradient_boosting,42,24,entry_movement,atr_only/hist_gradient_boosting/42/24/entry_movement,24,24,"{'requested_threads': 24, 'n_jobs': None, 'thread_control': 'not_supported_by_estimator'}",2026-07-07T12:15:59.449185+00:00,False,completed,True,False,PASS,True,0.17638122953811658,1.334277979096128,1.2352339490718591,0.5375103256465031,1.1411784086712793,1.010510659619807,,0.6050045843055917,0.6376381484297182,True,val_select_seed_median,2026-07-07T12:16:00.857342+00:00,1.408165693283081,
atr_only,hist_gradient_boosting,43,24,entry_movement,atr_only/hist_gradient_boosting/43/24/entry_movement,24,24,"{'requested_threads': 24, 'n_jobs': None, 'thread_control': 'not_supported_by_estimator'}",2026-07-07T12:16:00.870051+00:00,False,completed,True,False,PASS,True,0.18115683244757932,1.3419706441176384,1.2366047966333287,0.5557222896325796,1.1473446492511665,0.9997886867218109,,0.6050045843055917,0.6376381484297182,True,val_select_seed_median,2026-07-07T12:16:02.279696+00:00,1.409653902053833,
atr_only,hist_gradient_boosting,44,24,entry_movement,atr_only/hist_gradient_boosting/44/24/entry_movement,24,24,"{'requested_threads': 24, 'n_jobs': None, 'thread_control': 'not_supported_by_estimator'}",2026-07-07T12:16:02.292781+00:00,False,completed,True,False,PASS,True,0.17340768129251266,1.3497041768576195,1.216471978814285,0.4405665624577933,1.1437519758835981,1.0096488466182256,,0.6050045843055917,0.6376381484297182,True,val_select_seed_median,2026-07-07T12:16:03.716199+00:00,1.4234263896942139,
atr_only,extra_trees_small,42,3,entry_movement,atr_only/extra_trees_small/42/3/entry_movement,24,24,"{'requested_threads': 24, 'n_jobs': 24, 'thread_control': 'n_jobs'}",2026-07-07T12:16:03.729494+00:00,False,completed,True,False,PASS,True,0.25569018947404387,1.421057202508409,1.2928770277478991,0.5950265039776688,1.5373156017640273,1.3769808180700107,,0.5959321889514037,0.6881004995124399,True,val_select_seed_median,2026-07-07T12:16:04.709881+00:00,0.9803950786590576,
atr_only,extra_trees_small,43,3,entry_movement,atr_only/extra_trees_small/43/3/entry_movement,24,24,"{'requested_threads': 24, 'n_jobs': 24, 'thread_control': 'n_jobs'}",2026-07-07T12:16:04.723888+00:00,False,completed,True,False,PASS,True,0.2579207866153214,1.4105906490764057,1.2909118843313108,0.5949810918797427,1.6200625529074404,1.3780726612516814,,0.5959321889514037,0.6881004995124399,True,val_select_seed_median,2026-07-07T12:16:05.703697+00:00,0.9798171520233154,
atr_only,extra_trees_small,44,3,entry_movement,atr_only/extra_trees_small/44/3/entry_movement,24,24,"{'requested_threads': 24, 'n_jobs': 24, 'thread_control': 'n_jobs'}",2026-07-07T12:16:05.717913+00:00,False,completed,True,False,PASS,True,0.25685972614705094,1.4126953451951556,1.2970971168124734,0.5979158583342002,1.6620435306965489,1.5240708865096626,,0.5959321889514037,0.6881004995124399,True,val_select_seed_median,2026-07-07T12:16:06.701032+00:00,0.9831266403198242,
atr_only,extra_trees_small,42,6,entry_movement,atr_only/extra_trees_small/42/6/entry_movement,24,24,"{'requested_threads': 24, 'n_jobs': 24, 'thread_control': 'n_jobs'}",2026-07-07T12:16:06.715917+00:00,False,completed,True,False,PASS,True,0.22770950291293338,1.3896700358040093,1.2512691486105334,0.600743991754659,1.4495512644304067,1.3241001371409291,,0.58345336106506,0.6864713448702786,True,val_select_seed_median,2026-07-07T12:16:07.711785+00:00,0.9958758354187012,
atr_only,extra_trees_small,43,6,entry_movement,atr_only/extra_trees_small/43/6/entry_movement,24,24,"{'requested_threads': 24, 'n_jobs': 24, 'thread_control': 'n_jobs'}",2026-07-07T12:16:07.727266+00:00,False,completed,True,False,PASS,True,0.2330894995092863,1.3958492477024729,1.2498498657521786,0.5882385880178423,1.374568627284225,1.2144151717633207,,0.58345336106506,0.6864713448702786,True,val_select_seed_median,2026-07-07T12:16:08.727100+00:00,0.9998421669006348,
atr_only,extra_trees_small,44,6,entry_movement,atr_only/extra_trees_small/44/6/entry_movement,24,24,"{'requested_threads': 24, 'n_jobs': 24, 'thread_control': 'n_jobs'}",2026-07-07T12:16:08.743221+00:00,False,completed,True,False,PASS,True,0.2318990657401059,1.391294425717257,1.2396452496092205,0.5924124913249383,1.3372046635688801,1.2306133204255814,,0.58345336106506,0.6864713448702786,True,val_select_seed_median,2026-07-07T12:16:09.708153+00:00,0.964940071105957,
atr_only,extra_trees_small,42,12,entry_movement,atr_only/extra_trees_small/42/12/entry_movement,24,24,"{'requested_threads': 24, 'n_jobs': 24, 'thread_control': 'n_jobs'}",2026-07-07T12:16:09.724509+00:00,False,completed,True,False,PASS,True,0.21375009149349866,1.3645902022428735,1.248218251209789,0.5838833084321108,1.2919749892747925,1.1608187488768864,,0.6012019727883935,0.643374100884221,True,val_select_seed_median,2026-07-07T12:16:10.720295+00:00,0.9957950115203857,
atr_only,extra_trees_small,43,12,entry_movement,atr_only/extra_trees_small/43/12/entry_movement,24,24,"{'requested_threads': 24, 'n_jobs': 24, 'thread_control': 'n_jobs'}",2026-07-07T12:16:10.737002+00:00,False,completed,True,False,PASS,True,0.21526111436384635,1.3687281367243995,1.247448130196365,0.5819493000456394,1.2804541086397117,1.130546845917028,,0.6012019727883935,0.643374100884221,True,val_select_seed_median,2026-07-07T12:16:11.712253+00:00,0.9752590656280518,
atr_only,extra_trees_small,44,12,entry_movement,atr_only/extra_trees_small/44/12/entry_movement,24,24,"{'requested_threads': 24, 'n_jobs': 24, 'thread_control': 'n_jobs'}",2026-07-07T12:16:11.729228+00:00,False,completed,True,False,PASS,True,0.21520224541283312,1.3761221646692847,1.2496255894879444,0.5955049980802702,1.3473188870153798,1.1800652130202254,,0.6012019727883935,0.643374100884221,True,val_select_seed_median,2026-07-07T12:16:12.701897+00:00,0.9726762771606445,
atr_only,extra_trees_small,42,24,entry_movement,atr_only/extra_trees_small/42/24/entry_movement,24,24,"{'requested_threads': 24, 'n_jobs': 24, 'thread_control': 'n_jobs'}",2026-07-07T12:16:12.719423+00:00,False,completed,True,False,PASS,True,0.20307862753875133,1.360405577957314,1.2387996018010572,0.5466241346174089,1.122231840017169,1.004194178535244,,0.6050045843055917,0.6376381484297182,True,val_select_seed_median,2026-07-07T12:16:13.700526+00:00,0.9811108112335205,
atr_only,extra_trees_small,43,24,entry_movement,atr_only/extra_trees_small/43/24/entry_movement,24,24,"{'requested_threads': 24, 'n_jobs': 24, 'thread_control': 'n_jobs'}",2026-07-07T12:16:13.718450+00:00,False,completed,True,False,PASS,True,0.2042132758815267,1.3806647126251996,1.2466317172980181,0.5302573109449332,1.1177658427732926,1.0059260674319839,,0.6050045843055917,0.6376381484297182,True,val_select_seed_median,2026-07-07T12:16:14.691522+00:00,0.9730801582336426,
atr_only,extra_trees_small,44,24,entry_movement,atr_only/extra_trees_small/44/24/entry_movement,24,24,"{'requested_threads': 24, 'n_jobs': 24, 'thread_control': 'n_jobs'}",2026-07-07T12:16:14.710362+00:00,False,completed,True,False,PASS,True,0.20407113231420165,1.3584461328974022,1.2425483966027706,0.5657838373011506,1.1487572900283967,1.0265514971593377,,0.6050045843055917,0.6376381484297182,True,val_select_seed_median,2026-07-07T12:16:15.696137+00:00,0.9857821464538574,
time_only_clean,ridge_regression,42,3,entry_movement,time_only_clean/ridge_regression/42/3/entry_movement,24,24,"{'requested_threads': 24, 'n_jobs': None, 'thread_control': 'single_thread_or_external_blas'}",2026-07-07T12:16:15.715420+00:00,True,completed,True,False,PASS,True,0.4360142927087511,1.9533987735405551,1.8467266532554114,0.23371517883261533,1.524222652605762,1.4406060286057651,0.11504596902188803,1.52344068068865,1.2489041515348962,True,val_select_seed_median,2026-07-07T12:16:16.601993+00:00,0.8865809440612793,
time_only_clean,ridge_regression,42,6,entry_movement,time_only_clean/ridge_regression/42/6/entry_movement,24,24,"{'requested_threads': 24, 'n_jobs': None, 'thread_control': 'single_thread_or_external_blas'}",2026-07-07T12:16:16.621384+00:00,True,completed,True,False,PASS,True,0.4700237936991008,1.6769380112076315,1.5995605509848065,0.24374288166045108,1.4190797005966205,1.3311236543028973,0.09936348009633648,1.225142146461026,1.0083946122136518,True,val_select_seed_median,2026-07-07T12:16:17.492958+00:00,0.87158203125,
time_only_clean,ridge_regression,42,12,entry_movement,time_only_clean/ridge_regression/42/12/entry_movement,24,24,"{'requested_threads': 24, 'n_jobs': None, 'thread_control': 'single_thread_or_external_blas'}",2026-07-07T12:16:17.513157+00:00,True,completed,True,False,PASS,True,0.40570108765308366,1.435153047877381,1.3826747989938744,0.20468026652580368,1.1672101323464608,1.0634816369755122,0.05048978206270146,1.2021057731686386,0.9673147750651012,True,val_select_seed_median,2026-07-07T12:16:18.386941+00:00,0.8737924098968506,
time_only_clean,ridge_regression,42,24,entry_movement,time_only_clean/ridge_regression/42/24/entry_movement,24,24,"{'requested_threads': 24, 'n_jobs': None, 'thread_control': 'single_thread_or_external_blas'}",2026-07-07T12:16:18.407399+00:00,True,completed,True,False,PASS,True,0.15035276647780718,1.0848071735749027,1.03028811637031,0.07009790386549938,1.0238333482287367,0.9497056355367812,0.028542742204886395,1.1164474630869277,0.9152210859268645,False,val_select_seed_median,2026-07-07T12:16:19.278719+00:00,0.8713271617889404,
time_only_clean,hist_gradient_boosting,42,3,entry_movement,time_only_clean/hist_gradient_boosting/42/3/entry_movement,24,24,"{'requested_threads': 24, 'n_jobs': None, 'thread_control': 'not_supported_by_estimator'}",2026-07-07T12:16:19.299686+00:00,False,completed,True,False,PASS,True,0.49981092495850665,2.0402641656326197,1.929744947208403,0.30438604667779945,1.5890908629926959,1.5169146640308537,0.2065137668677371,1.594138033948108,1.2821366107707517,True,val_select_seed_median,2026-07-07T12:16:20.405951+00:00,1.1062734127044678,
time_only_clean,hist_gradient_boosting,43,3,entry_movement,time_only_clean/hist_gradient_boosting/43/3/entry_movement,24,24,"{'requested_threads': 24, 'n_jobs': None, 'thread_control': 'not_supported_by_estimator'}",2026-07-07T12:16:20.428059+00:00,False,completed,True,False,PASS,True,0.49367679487272487,2.035181998719838,1.9378387307003118,0.2986162317817641,1.6114127261514397,1.5406148826293096,0.20529711530804498,1.4552558678585354,1.2489495634213459,True,val_select_seed_median,2026-07-07T12:16:21.557746+00:00,1.129695177078247,
time_only_clean,hist_gradient_boosting,44,3,entry_movement,time_only_clean/hist_gradient_boosting/44/3/entry_movement,24,24,"{'requested_threads': 24, 'n_jobs': None, 'thread_control': 'not_supported_by_estimator'}",2026-07-07T12:16:21.579993+00:00,False,completed,True,False,PASS,True,0.4956752532093579,2.1031580583168097,1.9811791290537153,0.3008812417458711,1.6138161118824002,1.5555136884231497,0.20665169067177194,1.4614531269493851,1.2691449779713582,True,val_select_seed_median,2026-07-07T12:16:22.652430+00:00,1.0724446773529053,
time_only_clean,hist_gradient_boosting,42,6,entry_movement,time_only_clean/hist_gradient_boosting/42/6/entry_movement,24,24,"{'requested_threads': 24, 'n_jobs': None, 'thread_control': 'not_supported_by_estimator'}",2026-07-07T12:16:22.674897+00:00,False,completed,True,False,PASS,True,0.4977824985747693,1.7173150377642026,1.6442078947984466,0.28125603823101075,1.4426128409968155,1.3693568617436738,0.15282079255901437,1.2214622026931503,1.0391535788727262,True,val_select_seed_median,2026-07-07T12:16:23.794225+00:00,1.1193385124206543,
time_only_clean,hist_gradient_boosting,43,6,entry_movement,time_only_clean/hist_gradient_boosting/43/6/entry_movement,24,24,"{'requested_threads': 24, 'n_jobs': None, 'thread_control': 'not_supported_by_estimator'}",2026-07-07T12:16:23.816393+00:00,False,completed,True,False,PASS,True,0.4965414583464476,1.6955836564961533,1.629531284797295,0.28030258728959434,1.4501801560685945,1.3781563575347409,0.15313165279471336,1.1991332038943783,1.0305621190647325,True,val_select_seed_median,2026-07-07T12:16:25.002974+00:00,1.1865904331207275,
time_only_clean,hist_gradient_boosting,44,6,entry_movement,time_only_clean/hist_gradient_boosting/44/6/entry_movement,24,24,"{'requested_threads': 24, 'n_jobs': None, 'thread_control': 'not_supported_by_estimator'}",2026-07-07T12:16:25.026707+00:00,False,completed,True,False,PASS,True,0.4966334017573605,1.7110503542791065,1.6488799141234058,0.2785362181516089,1.4473117319758386,1.368415135522641,0.15069222607196794,1.181049872195093,1.0407072448485555,True,val_select_seed_median,2026-07-07T12:16:26.116791+00:00,1.0900940895080566,
time_only_clean,hist_gradient_boosting,42,12,entry_movement,time_only_clean/hist_gradient_boosting/42/12/entry_movement,24,24,"{'requested_threads': 24, 'n_jobs': None, 'thread_control': 'not_supported_by_estimator'}",2026-07-07T12:16:26.141330+00:00,False,completed,True,False,PASS,True,0.4149212458094089,1.422448403172151,1.3519996036487605,0.22475771902790942,1.2054883612423644,1.1159223651720471,0.11783377156135079,1.1819803128778807,1.0378048392869235,True,val_select_seed_median,2026-07-07T12:16:27.224487+00:00,1.0831663608551025,
time_only_clean,hist_gradient_boosting,43,12,entry_movement,time_only_clean/hist_gradient_boosting/43/12/entry_movement,24,24,"{'requested_threads': 24, 'n_jobs': None, 'thread_control': 'not_supported_by_estimator'}",2026-07-07T12:16:27.248994+00:00,False,completed,True,False,PASS,True,0.4138322927132761,1.3889725999071711,1.3282950883830533,0.22249821209302698,1.1858783471211078,1.0998999188210883,0.11415288361216701,1.2551990009519298,1.0635558133354486,True,val_select_seed_median,2026-07-07T12:16:28.370837+00:00,1.1218512058258057,
time_only_clean,hist_gradient_boosting,44,12,entry_movement,time_only_clean/hist_gradient_boosting/44/12/entry_movement,24,24,"{'requested_threads': 24, 'n_jobs': None, 'thread_control': 'not_supported_by_estimator'}",2026-07-07T12:16:28.395444+00:00,False,completed,True,False,PASS,True,0.4156369941796166,1.3908946391905521,1.3341949270868017,0.2250426223210276,1.1980457927439145,1.1056829982283265,0.11259131628237266,1.2539257984354208,1.0648359486760535,True,val_select_seed_median,2026-07-07T12:16:29.468919+00:00,1.0734829902648926,
time_only_clean,hist_gradient_boosting,42,24,entry_movement,time_only_clean/hist_gradient_boosting/42/24/entry_movement,24,24,"{'requested_threads': 24, 'n_jobs': None, 'thread_control': 'not_supported_by_estimator'}",2026-07-07T12:16:29.493733+00:00,False,completed,True,False,PASS,True,0.1503482844366341,1.15477493171828,1.1007844938446485,0.07413443206758016,1.0841800494536995,1.0154808627462923,0.06081460559185966,1.0738521104748833,0.9041297792947938,True,val_select_seed_median,2026-07-07T12:16:30.610961+00:00,1.1172375679016113,
time_only_clean,hist_gradient_boosting,43,24,entry_movement,time_only_clean/hist_gradient_boosting/43/24/entry_movement,24,24,"{'requested_threads': 24, 'n_jobs': None, 'thread_control': 'not_supported_by_estimator'}",2026-07-07T12:16:30.636647+00:00,False,completed,True,False,PASS,True,0.14971942159030777,1.1530399920625152,1.1020783587951701,0.07054232184534523,1.079079191760544,1.012026387368256,0.05912414752338669,1.0101267608294389,0.8338681732578553,True,val_select_seed_median,2026-07-07T12:16:31.695871+00:00,1.0592341423034668,
time_only_clean,hist_gradient_boosting,44,24,entry_movement,time_only_clean/hist_gradient_boosting/44/24/entry_movement,24,24,"{'requested_threads': 24, 'n_jobs': None, 'thread_control': 'not_supported_by_estimator'}",2026-07-07T12:16:31.722385+00:00,False,completed,True,False,PASS,True,0.15744048684057754,1.1694938552644245,1.1132736191670027,0.07755337455386178,1.0980120698076012,1.0402850012248162,0.052590924294636784,0.9565259558555371,0.8288547869821966,True,val_select_seed_median,2026-07-07T12:16:32.711029+00:00,0.9886527061462402,
time_only_clean,extra_trees_small,42,3,entry_movement,time_only_clean/extra_trees_small/42/3/entry_movement,24,24,"{'requested_threads': 24, 'n_jobs': 24, 'thread_control': 'n_jobs'}",2026-07-07T12:16:32.737981+00:00,False,completed,True,False,PASS,True,0.49632450560540303,2.0589089962462404,1.950446799478036,0.29868598523868706,1.6139414768935125,1.531350405756599,0.2039436575835055,1.520194913135872,1.2904097871467413,True,val_select_seed_median,2026-07-07T12:16:33.687165+00:00,0.9491934776306152,
time_only_clean,extra_trees_small,43,3,entry_movement,time_only_clean/extra_trees_small/43/3/entry_movement,24,24,"{'requested_threads': 24, 'n_jobs': 24, 'thread_control': 'n_jobs'}",2026-07-07T12:16:33.714814+00:00,False,completed,True,False,PASS,True,0.4962331594184674,2.041445993168547,1.9265187077540031,0.29883138096325235,1.6210718268773552,1.5408366829255058,0.1988283159819674,1.4401593418123424,1.241005009203186,True,val_select_seed_median,2026-07-07T12:16:34.673472+00:00,0.9586658477783203,
time_only_clean,extra_trees_small,44,3,entry_movement,time_only_clean/extra_trees_small/44/3/entry_movement,24,24,"{'requested_threads': 24, 'n_jobs': 24, 'thread_control': 'n_jobs'}",2026-07-07T12:16:34.700929+00:00,False,completed,True,False,PASS,True,0.4960883407631844,2.023235658267066,1.929502882126269,0.2967274896166803,1.6097975313743669,1.542271555925186,0.19878993516378102,1.4401593418123424,1.2516986410026079,True,val_select_seed_median,2026-07-07T12:16:35.656766+00:00,0.9558460712432861,
time_only_clean,extra_trees_small,42,6,entry_movement,time_only_clean/extra_trees_small/42/6/entry_movement,24,24,"{'requested_threads': 24, 'n_jobs': 24, 'thread_control': 'n_jobs'}",2026-07-07T12:16:35.684843+00:00,False,completed,True,False,PASS,True,0.4973368350903528,1.6959036094963054,1.6262495569774555,0.27757158327248616,1.4597924359561203,1.372584167876075,0.14979965695790776,1.1684233908896842,1.0257887528467213,True,val_select_seed_median,2026-07-07T12:16:36.635077+00:00,0.9502434730529785,
time_only_clean,extra_trees_small,43,6,entry_movement,time_only_clean/extra_trees_small/43/6/entry_movement,24,24,"{'requested_threads': 24, 'n_jobs': 24, 'thread_control': 'n_jobs'}",2026-07-07T12:16:36.663996+00:00,False,completed,True,False,PASS,True,0.49651744035911866,1.691810465998101,1.6230372371658646,0.27817800844590246,1.4636145775407878,1.3741733547742043,0.15374934752694508,1.1790537572693847,1.0232906951466803,True,val_select_seed_median,2026-07-07T12:16:37.616465+00:00,0.9524779319763184,
time_only_clean,extra_trees_small,44,6,entry_movement,time_only_clean/extra_trees_small/44/6/entry_movement,24,24,"{'requested_threads': 24, 'n_jobs': 24, 'thread_control': 'n_jobs'}",2026-07-07T12:16:37.645418+00:00,False,completed,True,False,PASS,True,0.4974644140652664,1.6953730649707117,1.6240708544040536,0.2781364504899918,1.453670542775104,1.3748411536054208,0.1521580580158805,1.1794659711661528,1.0193101954201245,True,val_select_seed_median,2026-07-07T12:16:38.587709+00:00,0.9422998428344727,
time_only_clean,extra_trees_small,42,12,entry_movement,time_only_clean/extra_trees_small/42/12/entry_movement,24,24,"{'requested_threads': 24, 'n_jobs': 24, 'thread_control': 'n_jobs'}",2026-07-07T12:16:38.617142+00:00,False,completed,True,False,PASS,True,0.41590020052671084,1.3950049902921604,1.3359728568186375,0.22468804305495024,1.1918255671604197,1.1110564398997829,0.10966745157100066,1.2248578487112405,1.0578293462341437,True,val_select_seed_median,2026-07-07T12:16:39.564458+00:00,0.9473237991333008,
time_only_clean,extra_trees_small,43,12,entry_movement,time_only_clean/extra_trees_small/43/12/entry_movement,24,24,"{'requested_threads': 24, 'n_jobs': 24, 'thread_control': 'n_jobs'}",2026-07-07T12:16:39.594286+00:00,False,completed,True,False,PASS,True,0.41663429299246185,1.3937304204654801,1.3310610525326452,0.2241444176390641,1.2066583582134003,1.1143571537676145,0.1098066221850416,1.2644263947180057,1.0774502580942609,True,val_select_seed_median,2026-07-07T12:16:40.538418+00:00,0.9441413879394531,
time_only_clean,extra_trees_small,44,12,entry_movement,time_only_clean/extra_trees_small/44/12/entry_movement,24,24,"{'requested_threads': 24, 'n_jobs': 24, 'thread_control': 'n_jobs'}",2026-07-07T12:16:40.569471+00:00,False,completed,True,False,PASS,True,0.4169899766538465,1.3952678270780263,1.3439241134882118,0.2246744904130393,1.1986892404756264,1.113031038284022,0.10731364743777114,1.2336833173188484,1.051257155402241,True,val_select_seed_median,2026-07-07T12:16:41.514025+00:00,0.9445626735687256,
time_only_clean,extra_trees_small,42,24,entry_movement,time_only_clean/extra_trees_small/42/24/entry_movement,24,24,"{'requested_threads': 24, 'n_jobs': 24, 'thread_control': 'n_jobs'}",2026-07-07T12:16:41.545258+00:00,False,completed,True,False,PASS,True,0.15645237482333219,1.1603096026561392,1.1066280986021741,0.07529500940639963,1.0738655565436084,1.0124680574657456,0.05698209217035031,0.9914063952618151,0.8847831393093784,True,val_select_seed_median,2026-07-07T12:16:42.478393+00:00,0.9331438541412354,
time_only_clean,extra_trees_small,43,24,entry_movement,time_only_clean/extra_trees_small/43/24/entry_movement,24,24,"{'requested_threads': 24, 'n_jobs': 24, 'thread_control': 'n_jobs'}",2026-07-07T12:16:42.508832+00:00,False,completed,True,False,PASS,True,0.15643481667636477,1.150078329505368,1.101675316165837,0.07429970374798459,1.0822915221500495,1.0129776622431599,0.059619794154121324,1.0660260154484626,0.913776223759445,True,val_select_seed_median,2026-07-07T12:16:43.398206+00:00,0.8893828392028809,
time_only_clean,extra_trees_small,44,24,entry_movement,time_only_clean/extra_trees_small/44/24/entry_movement,24,24,"{'requested_threads': 24, 'n_jobs': 24, 'thread_control': 'n_jobs'}",2026-07-07T12:16:43.428817+00:00,False,completed,True,False,PASS,True,0.15686252301047907,1.1499009417919044,1.1004120844939633,0.07404498468940307,1.0845974007102355,1.012813398270261,0.057930690296344366,1.0635717041096473,0.9130897990010081,True,val_select_seed_median,2026-07-07T12:16:44.309225+00:00,0.8804190158843994,
time_plus_atr,ridge_regression,42,3,entry_movement,time_plus_atr/ridge_regression/42/3/entry_movement,24,24,"{'requested_threads': 24, 'n_jobs': None, 'thread_control': 'single_thread_or_external_blas'}",2026-07-07T12:16:44.340642+00:00,True,completed,True,False,PASS,True,0.5021846321003138,1.791957898723174,1.6729106030459457,0.6781759939212618,2.6508128993693236,2.400774348696177,0.40336021751015755,1.3127770535345746,0.9624663877301601,True,val_select_seed_median,2026-07-07T12:16:45.160109+00:00,0.819476842880249,
time_plus_atr,ridge_regression,42,6,entry_movement,time_plus_atr/ridge_regression/42/6/entry_movement,24,24,"{'requested_threads': 24, 'n_jobs': None, 'thread_control': 'single_thread_or_external_blas'}",2026-07-07T12:16:45.201057+00:00,True,completed,True,False,PASS,True,0.5152959639102825,1.677270975479024,1.5676047752742197,0.6904655030804018,2.6605402724536042,2.3941778088148102,0.3912419171354509,1.3225201774336215,0.9283592220703619,True,val_select_seed_median,2026-07-07T12:16:46.004772+00:00,0.8037257194519043,
time_plus_atr,ridge_regression,42,12,entry_movement,time_plus_atr/ridge_regression/42/12/entry_movement,24,24,"{'requested_threads': 24, 'n_jobs': None, 'thread_control': 'single_thread_or_external_blas'}",2026-07-07T12:16:46.037209+00:00,True,completed,True,False,PASS,True,0.4377597817036549,1.4980299154812067,1.3994690409572916,0.6959711672464022,2.558490537235666,2.268405507699503,0.3161514621004897,1.240819718681283,0.8425806868447974,True,val_select_seed_median,2026-07-07T12:16:46.839967+00:00,0.8027682304382324,
time_plus_atr,ridge_regression,42,24,entry_movement,time_plus_atr/ridge_regression/42/24/entry_movement,24,24,"{'requested_threads': 24, 'n_jobs': None, 'thread_control': 'single_thread_or_external_blas'}",2026-07-07T12:16:46.871517+00:00,True,completed,True,False,PASS,True,0.24370577776296856,1.370585186779996,1.2459504229211615,0.6649698767281079,2.4903938836405426,2.1425754495592697,0.3295512894384837,1.1624188366018944,0.7808156150542351,True,val_select_seed_median,2026-07-07T12:16:47.678984+00:00,0.8074769973754883,
time_plus_atr,hist_gradient_boosting,42,3,entry_movement,time_plus_atr/hist_gradient_boosting/42/3/entry_movement,24,24,"{'requested_threads': 24, 'n_jobs': None, 'thread_control': 'not_supported_by_estimator'}",2026-07-07T12:16:47.712159+00:00,False,completed,True,False,PASS,True,0.5716089134848206,2.0504201618416467,1.9408297726077974,0.6225714497535209,1.9617209172975818,1.8184373615048994,0.0944036595719243,1.017106595834375,0.8528463239175231,True,val_select_seed_median,2026-07-07T12:16:48.991448+00:00,1.2793004512786865,
time_plus_atr,hist_gradient_boosting,43,3,entry_movement,time_plus_atr/hist_gradient_boosting/43/3/entry_movement,24,24,"{'requested_threads': 24, 'n_jobs': None, 'thread_control': 'not_supported_by_estimator'}",2026-07-07T12:16:49.027478+00:00,False,completed,True,False,PASS,True,0.5668025817400609,1.9730381267314179,1.8642759143080914,0.6162941478642923,1.9770244621482178,1.8471276994117876,0.10210892097926684,1.0362346342038922,0.8812833306418465,True,val_select_seed_median,2026-07-07T12:16:50.313240+00:00,1.285771131515503,
time_plus_atr,hist_gradient_boosting,44,3,entry_movement,time_plus_atr/hist_gradient_boosting/44/3/entry_movement,24,24,"{'requested_threads': 24, 'n_jobs': None, 'thread_control': 'not_supported_by_estimator'}",2026-07-07T12:16:50.349278+00:00,False,completed,True,False,PASS,True,0.5689695757431249,2.032228066487464,1.927106456407415,0.6283708711949012,1.9993095290333676,1.8297603860072753,0.07270398625015764,1.0564961167719908,0.8540638418203542,True,val_select_seed_median,2026-07-07T12:16:51.513234+00:00,1.1639633178710938,
time_plus_atr,hist_gradient_boosting,42,6,entry_movement,time_plus_atr/hist_gradient_boosting/42/6/entry_movement,24,24,"{'requested_threads': 24, 'n_jobs': None, 'thread_control': 'not_supported_by_estimator'}",2026-07-07T12:16:51.548496+00:00,False,completed,True,False,PASS,True,0.5483385355117988,1.7438487535862905,1.6150920456253592,0.6128078536478694,1.838959266353648,1.6953140013286294,0.04804737796485805,0.9482333721369997,0.7633566740957695,True,val_select_seed_median,2026-07-07T12:16:52.911030+00:00,1.3625426292419434,
time_plus_atr,hist_gradient_boosting,43,6,entry_movement,time_plus_atr/hist_gradient_boosting/43/6/entry_movement,24,24,"{'requested_threads': 24, 'n_jobs': None, 'thread_control': 'not_supported_by_estimator'}",2026-07-07T12:16:52.947185+00:00,False,completed,True,False,PASS,True,0.54586581184494,1.7200686950207411,1.6029356197260791,0.6211524413522894,1.8809751221295283,1.7363414198109994,0.038895981736660167,0.9466936852914017,0.7804590317299024,True,val_select_seed_median,2026-07-07T12:16:54.319617+00:00,1.3724403381347656,
time_plus_atr,hist_gradient_boosting,44,6,entry_movement,time_plus_atr/hist_gradient_boosting/44/6/entry_movement,24,24,"{'requested_threads': 24, 'n_jobs': None, 'thread_control': 'not_supported_by_estimator'}",2026-07-07T12:16:54.356217+00:00,False,completed,True,False,PASS,True,0.5526046127956693,1.7436791639802283,1.63480608448301,0.6386387414030552,1.8375833986394141,1.7076583753048176,0.058424710172078904,0.9899771882913988,0.7936779995544059,True,val_select_seed_median,2026-07-07T12:16:55.502985+00:00,1.1467773914337158,
time_plus_atr,hist_gradient_boosting,42,12,entry_movement,time_plus_atr/hist_gradient_boosting/42/12/entry_movement,24,24,"{'requested_threads': 24, 'n_jobs': None, 'thread_control': 'not_supported_by_estimator'}",2026-07-07T12:16:55.540143+00:00,False,completed,True,False,PASS,True,0.465264292173163,1.4977658758348735,1.3680940903380872,0.5934079253093861,1.7255335462652235,1.5932031209704662,-0.003961265395994073,0.9984111261816125,0.7723404655533317,True,val_select_seed_median,2026-07-07T12:16:56.853836+00:00,1.3137006759643555,
time_plus_atr,hist_gradient_boosting,43,12,entry_movement,time_plus_atr/hist_gradient_boosting/43/12/entry_movement,24,24,"{'requested_threads': 24, 'n_jobs': None, 'thread_control': 'not_supported_by_estimator'}",2026-07-07T12:16:56.891464+00:00,False,completed,True,False,PASS,True,0.4632890044472099,1.509703813746891,1.3810499015151891,0.6011432634114128,1.8079426638507523,1.6558450515939516,0.00936605595515082,0.9796291937681153,0.7760441809835941,True,val_select_seed_median,2026-07-07T12:16:58.254716+00:00,1.3632607460021973,
time_plus_atr,hist_gradient_boosting,44,12,entry_movement,time_plus_atr/hist_gradient_boosting/44/12/entry_movement,24,24,"{'requested_threads': 24, 'n_jobs': None, 'thread_control': 'not_supported_by_estimator'}",2026-07-07T12:16:58.293078+00:00,False,completed,True,False,PASS,True,0.4658655850357744,1.5097118736727009,1.3970038745372149,0.564214890703279,1.6748703889782635,1.528611048387603,-0.0050423217963811925,0.9722407537008921,0.7553412762799054,True,val_select_seed_median,2026-07-07T12:16:59.641136+00:00,1.3480665683746338,
time_plus_atr,hist_gradient_boosting,42,24,entry_movement,time_plus_atr/hist_gradient_boosting/42/24/entry_movement,24,24,"{'requested_threads': 24, 'n_jobs': None, 'thread_control': 'not_supported_by_estimator'}",2026-07-07T12:16:59.679549+00:00,False,completed,True,False,PASS,True,0.24572658600293804,1.331442238119886,1.2172893293210867,0.5204709325445263,1.5740943773798437,1.3795262690786954,-0.020127327133084585,1.068579301232192,0.7902819866951715,True,val_select_seed_median,2026-07-07T12:17:00.924773+00:00,1.2452330589294434,
time_plus_atr,hist_gradient_boosting,43,24,entry_movement,time_plus_atr/hist_gradient_boosting/43/24/entry_movement,24,24,"{'requested_threads': 24, 'n_jobs': None, 'thread_control': 'not_supported_by_estimator'}",2026-07-07T12:17:00.965433+00:00,False,completed,True,False,PASS,True,0.2474282722897156,1.3459935582239515,1.2355680098491761,0.526455462372472,1.7157788551561712,1.512228297592706,-0.03671203885121366,0.9672593327187786,0.7600732700700021,True,val_select_seed_median,2026-07-07T12:17:02.370764+00:00,1.4053401947021484,
time_plus_atr,hist_gradient_boosting,44,24,entry_movement,time_plus_atr/hist_gradient_boosting/44/24/entry_movement,24,24,"{'requested_threads': 24, 'n_jobs': None, 'thread_control': 'not_supported_by_estimator'}",2026-07-07T12:17:02.411784+00:00,False,completed,True,False,PASS,True,0.2518399220288584,1.3240303113933076,1.220682504966955,0.47599046972260417,1.4088902723578474,1.2278874452901891,-0.04691320303067037,1.0767756250856604,0.7807282294604349,True,val_select_seed_median,2026-07-07T12:17:03.752563+00:00,1.3407871723175049,
time_plus_atr,extra_trees_small,42,3,entry_movement,time_plus_atr/extra_trees_small/42/3/entry_movement,24,24,"{'requested_threads': 24, 'n_jobs': 24, 'thread_control': 'n_jobs'}",2026-07-07T12:17:03.793088+00:00,False,completed,True,False,PASS,True,0.5606460707439599,2.079646240034467,1.9640188500988691,0.6871447725016602,2.149956546683108,2.017790866012231,0.12384376197214819,1.5444657297677236,1.270318157131473,True,val_select_seed_median,2026-07-07T12:17:04.727452+00:00,0.9343717098236084,
time_plus_atr,extra_trees_small,43,3,entry_movement,time_plus_atr/extra_trees_small/43/3/entry_movement,24,24,"{'requested_threads': 24, 'n_jobs': 24, 'thread_control': 'n_jobs'}",2026-07-07T12:17:04.767924+00:00,False,completed,True,False,PASS,True,0.5688628390982534,2.0397946989870515,1.900103063475505,0.6826901189632697,2.1312463785603746,1.9876728591163055,0.12696124737122133,1.340084051323528,1.1670840403438179,True,val_select_seed_median,2026-07-07T12:17:05.711478+00:00,0.9435632228851318,
time_plus_atr,extra_trees_small,44,3,entry_movement,time_plus_atr/extra_trees_small/44/3/entry_movement,24,24,"{'requested_threads': 24, 'n_jobs': 24, 'thread_control': 'n_jobs'}",2026-07-07T12:17:05.752081+00:00,False,completed,True,False,PASS,True,0.5660659789698417,2.051969017675631,1.9356046303695125,0.6878587523312752,2.146760317323713,2.001839537201676,0.10817783710172342,1.2010764250995074,1.0379395545741963,True,val_select_seed_median,2026-07-07T12:17:06.688049+00:00,0.9359769821166992,
time_plus_atr,extra_trees_small,42,6,entry_movement,time_plus_atr/extra_trees_small/42/6/entry_movement,24,24,"{'requested_threads': 24, 'n_jobs': 24, 'thread_control': 'n_jobs'}",2026-07-07T12:17:06.729599+00:00,False,completed,True,False,PASS,True,0.5623787028089468,1.7794911130995075,1.658388324360705,0.6831957871531453,2.1555412436576273,1.9829852671959798,0.09284739166586232,1.1345392469934403,0.9978840048378558,True,val_select_seed_median,2026-07-07T12:17:07.659288+00:00,0.9296963214874268,
time_plus_atr,extra_trees_small,43,6,entry_movement,time_plus_atr/extra_trees_small/43/6/entry_movement,24,24,"{'requested_threads': 24, 'n_jobs': 24, 'thread_control': 'n_jobs'}",2026-07-07T12:17:07.701553+00:00,False,completed,True,False,PASS,True,0.5601078515786201,1.791273355869883,1.6778958248569429,0.6880808292032532,2.2044313770837567,2.0459203789378595,0.09352055510888924,1.1085614754677244,0.9609383285509887,True,val_select_seed_median,2026-07-07T12:17:08.582404+00:00,0.8808608055114746,
time_plus_atr,extra_trees_small,44,6,entry_movement,time_plus_atr/extra_trees_small/44/6/entry_movement,24,24,"{'requested_threads': 24, 'n_jobs': 24, 'thread_control': 'n_jobs'}",2026-07-07T12:17:08.625053+00:00,False,completed,True,False,PASS,True,0.5600655185080592,1.795366715893713,1.6915401786295339,0.6898638449718693,2.199339018745972,2.0415891924595546,0.09095188942910179,1.1407636555006504,0.9851171960386069,True,val_select_seed_median,2026-07-07T12:17:09.506689+00:00,0.8816454410552979,
time_plus_atr,extra_trees_small,42,12,entry_movement,time_plus_atr/extra_trees_small/42/12/entry_movement,24,24,"{'requested_threads': 24, 'n_jobs': 24, 'thread_control': 'n_jobs'}",2026-07-07T12:17:09.548166+00:00,False,completed,True,False,PASS,True,0.477500482112121,1.5663925466604645,1.4326646657733035,0.685825060292859,2.1641049632654625,1.9251237061344175,0.03130906477212653,0.9726288099602766,0.8442029784451893,True,val_select_seed_median,2026-07-07T12:17:10.421093+00:00,0.8729369640350342,
time_plus_atr,extra_trees_small,43,12,entry_movement,time_plus_atr/extra_trees_small/43/12/entry_movement,24,24,"{'requested_threads': 24, 'n_jobs': 24, 'thread_control': 'n_jobs'}",2026-07-07T12:17:10.462443+00:00,False,completed,True,False,PASS,True,0.4724241754794333,1.564217711173275,1.4321698194964851,0.6903701150504954,2.158887724000941,1.9606253976516272,0.049495506291129705,0.9362593187373756,0.8135263554999175,True,val_select_seed_median,2026-07-07T12:17:11.336613+00:00,0.8741810321807861,
time_plus_atr,extra_trees_small,44,12,entry_movement,time_plus_atr/extra_trees_small/44/12/entry_movement,24,24,"{'requested_threads': 24, 'n_jobs': 24, 'thread_control': 'n_jobs'}",2026-07-07T12:17:11.378897+00:00,False,completed,True,False,PASS,True,0.4788622701131346,1.5495535183954128,1.4309326737749328,0.6927164236405917,2.2558329058960456,1.9984680426008974,0.04491254771811266,0.9342630393637397,0.8209040359072226,True,val_select_seed_median,2026-07-07T12:17:12.249697+00:00,0.8708117008209229,
time_plus_atr,extra_trees_small,42,24,entry_movement,time_plus_atr/extra_trees_small/42/24/entry_movement,24,24,"{'requested_threads': 24, 'n_jobs': 24, 'thread_control': 'n_jobs'}",2026-07-07T12:17:12.293402+00:00,False,completed,True,False,PASS,True,0.2864949724124677,1.390592322936685,1.2573023325905983,0.6577038914390342,2.0236443130210073,1.8261564463040314,0.03375280394451428,1.0917167160150736,0.8691875493953147,True,val_select_seed_median,2026-07-07T12:17:13.168562+00:00,0.8751707077026367,
time_plus_atr,extra_trees_small,43,24,entry_movement,time_plus_atr/extra_trees_small/43/24/entry_movement,24,24,"{'requested_threads': 24, 'n_jobs': 24, 'thread_control': 'n_jobs'}",2026-07-07T12:17:13.212282+00:00,False,completed,True,False,PASS,True,0.28161999835981316,1.4041474449955915,1.2714005926444862,0.6493093563306215,1.9670219027451226,1.7960857756932374,-0.1025542194218057,0.856599627519375,0.7552314561037105,True,val_select_seed_median,2026-07-07T12:17:14.078909+00:00,0.8666369915008545,
time_plus_atr,extra_trees_small,44,24,entry_movement,time_plus_atr/extra_trees_small/44/24/entry_movement,24,24,"{'requested_threads': 24, 'n_jobs': 24, 'thread_control': 'n_jobs'}",2026-07-07T12:17:14.122154+00:00,False,completed,True,False,PASS,True,0.2814617225663253,1.3745614657084568,1.2449217906079197,0.6572473998260409,2.1506737844738635,1.8807281280445869,-0.05787849223542899,1.0357469774897028,0.8157548015915557,True,val_select_seed_median,2026-07-07T12:17:14.989779+00:00,0.8676347732543945,
distance_to_level_pre_entry_only,ridge_regression,42,3,entry_movement,distance_to_level_pre_entry_only/ridge_regression/42/3/entry_movement,24,24,"{'requested_threads': 24, 'n_jobs': None, 'thread_control': 'single_thread_or_external_blas'}",2026-07-07T12:17:15.035183+00:00,True,skipped,False,False,SKIPPED,False,,,,,,,,,,,,2026-07-07T12:17:15.035832+00:00,0.0006563663482666016,SKIPPED_NO_DECISION_PRICE
distance_to_level_pre_entry_only,ridge_regression,42,6,entry_movement,distance_to_level_pre_entry_only/ridge_regression/42/6/entry_movement,24,24,"{'requested_threads': 24, 'n_jobs': None, 'thread_control': 'single_thread_or_external_blas'}",2026-07-07T12:17:15.078639+00:00,True,skipped,False,False,SKIPPED,False,,,,,,,,,,,,2026-07-07T12:17:15.078836+00:00,0.0002014636993408203,SKIPPED_NO_DECISION_PRICE
distance_to_level_pre_entry_only,ridge_regression,42,12,entry_movement,distance_to_level_pre_entry_only/ridge_regression/42/12/entry_movement,24,24,"{'requested_threads': 24, 'n_jobs': None, 'thread_control': 'single_thread_or_external_blas'}",2026-07-07T12:17:15.121149+00:00,True,skipped,False,False,SKIPPED,False,,,,,,,,,,,,2026-07-07T12:17:15.121337+00:00,0.00019311904907226562,SKIPPED_NO_DECISION_PRICE
distance_to_level_pre_entry_only,ridge_regression,42,24,entry_movement,distance_to_level_pre_entry_only/ridge_regression/42/24/entry_movement,24,24,"{'requested_threads': 24, 'n_jobs': None, 'thread_control': 'single_thread_or_external_blas'}",2026-07-07T12:17:15.163115+00:00,True,skipped,False,False,SKIPPED,False,,,,,,,,,,,,2026-07-07T12:17:15.163299+00:00,0.0001888275146484375,SKIPPED_NO_DECISION_PRICE
distance_to_level_pre_entry_only,hist_gradient_boosting,42,3,entry_movement,distance_to_level_pre_entry_only/hist_gradient_boosting/42/3/entry_movement,24,24,"{'requested_threads': 24, 'n_jobs': None, 'thread_control': 'not_supported_by_estimator'}",2026-07-07T12:17:15.206044+00:00,False,skipped,False,False,SKIPPED,False,,,,,,,,,,,,2026-07-07T12:17:15.206226+00:00,0.00018644332885742188,SKIPPED_NO_DECISION_PRICE
distance_to_level_pre_entry_only,hist_gradient_boosting,43,3,entry_movement,distance_to_level_pre_entry_only/hist_gradient_boosting/43/3/entry_movement,24,24,"{'requested_threads': 24, 'n_jobs': None, 'thread_control': 'not_supported_by_estimator'}",2026-07-07T12:17:15.248909+00:00,False,skipped,False,False,SKIPPED,False,,,,,,,,,,,,2026-07-07T12:17:15.249090+00:00,0.00018596649169921875,SKIPPED_NO_DECISION_PRICE
distance_to_level_pre_entry_only,hist_gradient_boosting,44,3,entry_movement,distance_to_level_pre_entry_only/hist_gradient_boosting/44/3/entry_movement,24,24,"{'requested_threads': 24, 'n_jobs': None, 'thread_control': 'not_supported_by_estimator'}",2026-07-07T12:17:15.292493+00:00,False,skipped,False,False,SKIPPED,False,,,,,,,,,,,,2026-07-07T12:17:15.292717+00:00,0.00022864341735839844,SKIPPED_NO_DECISION_PRICE
distance_to_level_pre_entry_only,hist_gradient_boosting,42,6,entry_movement,distance_to_level_pre_entry_only/hist_gradient_boosting/42/6/entry_movement,24,24,"{'requested_threads': 24, 'n_jobs': None, 'thread_control': 'not_supported_by_estimator'}",2026-07-07T12:17:15.336189+00:00,False,skipped,False,False,SKIPPED,False,,,,,,,,,,,,2026-07-07T12:17:15.336387+00:00,0.00020360946655273438,SKIPPED_NO_DECISION_PRICE
distance_to_level_pre_entry_only,hist_gradient_boosting,43,6,entry_movement,distance_to_level_pre_entry_only/hist_gradient_boosting/43/6/entry_movement,24,24,"{'requested_threads': 24, 'n_jobs': None, 'thread_control': 'not_supported_by_estimator'}",2026-07-07T12:17:15.378920+00:00,False,skipped,False,False,SKIPPED,False,,,,,,,,,,,,2026-07-07T12:17:15.379101+00:00,0.00018548965454101562,SKIPPED_NO_DECISION_PRICE
distance_to_level_pre_entry_only,hist_gradient_boosting,44,6,entry_movement,distance_to_level_pre_entry_only/hist_gradient_boosting/44/6/entry_movement,24,24,"{'requested_threads': 24, 'n_jobs': None, 'thread_control': 'not_supported_by_estimator'}",2026-07-07T12:17:15.421047+00:00,False,skipped,False,False,SKIPPED,False,,,,,,,,,,,,2026-07-07T12:17:15.421211+00:00,0.0001678466796875,SKIPPED_NO_DECISION_PRICE
distance_to_level_pre_entry_only,hist_gradient_boosting,42,12,entry_movement,distance_to_level_pre_entry_only/hist_gradient_boosting/42/12/entry_movement,24,24,"{'requested_threads': 24, 'n_jobs': None, 'thread_control': 'not_supported_by_estimator'}",2026-07-07T12:17:15.462713+00:00,False,skipped,False,False,SKIPPED,False,,,,,,,,,,,,2026-07-07T12:17:15.462897+00:00,0.00018858909606933594,SKIPPED_NO_DECISION_PRICE
distance_to_level_pre_entry_only,hist_gradient_boosting,43,12,entry_movement,distance_to_level_pre_entry_only/hist_gradient_boosting/43/12/entry_movement,24,24,"{'requested_threads': 24, 'n_jobs': None, 'thread_control': 'not_supported_by_estimator'}",2026-07-07T12:17:15.503924+00:00,False,skipped,False,False,SKIPPED,False,,,,,,,,,,,,2026-07-07T12:17:15.504101+00:00,0.0001819133758544922,SKIPPED_NO_DECISION_PRICE
distance_to_level_pre_entry_only,hist_gradient_boosting,44,12,entry_movement,distance_to_level_pre_entry_only/hist_gradient_boosting/44/12/entry_movement,24,24,"{'requested_threads': 24, 'n_jobs': None, 'thread_control': 'not_supported_by_estimator'}",2026-07-07T12:17:15.546569+00:00,False,skipped,False,False,SKIPPED,False,,,,,,,,,,,,2026-07-07T12:17:15.546742+00:00,0.0001780986785888672,SKIPPED_NO_DECISION_PRICE
distance_to_level_pre_entry_only,hist_gradient_boosting,42,24,entry_movement,distance_to_level_pre_entry_only/hist_gradient_boosting/42/24/entry_movement,24,24,"{'requested_threads': 24, 'n_jobs': None, 'thread_control': 'not_supported_by_estimator'}",2026-07-07T12:17:15.589730+00:00,False,skipped,False,False,SKIPPED,False,,,,,,,,,,,,2026-07-07T12:17:15.589896+00:00,0.00017118453979492188,SKIPPED_NO_DECISION_PRICE
distance_to_level_pre_entry_only,hist_gradient_boosting,43,24,entry_movement,distance_to_level_pre_entry_only/hist_gradient_boosting/43/24/entry_movement,24,24,"{'requested_threads': 24, 'n_jobs': None, 'thread_control': 'not_supported_by_estimator'}",2026-07-07T12:17:15.632282+00:00,False,skipped,False,False,SKIPPED,False,,,,,,,,,,,,2026-07-07T12:17:15.632447+00:00,0.0001697540283203125,SKIPPED_NO_DECISION_PRICE
distance_to_level_pre_entry_only,hist_gradient_boosting,44,24,entry_movement,distance_to_level_pre_entry_only/hist_gradient_boosting/44/24/entry_movement,24,24,"{'requested_threads': 24, 'n_jobs': None, 'thread_control': 'not_supported_by_estimator'}",2026-07-07T12:17:15.674715+00:00,False,skipped,False,False,SKIPPED,False,,,,,,,,,,,,2026-07-07T12:17:15.674888+00:00,0.0001780986785888672,SKIPPED_NO_DECISION_PRICE
distance_to_level_pre_entry_only,extra_trees_small,42,3,entry_movement,distance_to_level_pre_entry_only/extra_trees_small/42/3/entry_movement,24,24,"{'requested_threads': 24, 'n_jobs': 24, 'thread_control': 'n_jobs'}",2026-07-07T12:17:15.718616+00:00,False,skipped,False,False,SKIPPED,False,,,,,,,,,,,,2026-07-07T12:17:15.718796+00:00,0.00018548965454101562,SKIPPED_NO_DECISION_PRICE
distance_to_level_pre_entry_only,extra_trees_small,43,3,entry_movement,distance_to_level_pre_entry_only/extra_trees_small/43/3/entry_movement,24,24,"{'requested_threads': 24, 'n_jobs': 24, 'thread_control': 'n_jobs'}",2026-07-07T12:17:15.762002+00:00,False,skipped,False,False,SKIPPED,False,,,,,,,,,,,,2026-07-07T12:17:15.762178+00:00,0.00018072128295898438,SKIPPED_NO_DECISION_PRICE
distance_to_level_pre_entry_only,extra_trees_small,44,3,entry_movement,distance_to_level_pre_entry_only/extra_trees_small/44/3/entry_movement,24,24,"{'requested_threads': 24, 'n_jobs': 24, 'thread_control': 'n_jobs'}",2026-07-07T12:17:15.804775+00:00,False,skipped,False,False,SKIPPED,False,,,,,,,,,,,,2026-07-07T12:17:15.804939+00:00,0.00016880035400390625,SKIPPED_NO_DECISION_PRICE
distance_to_level_pre_entry_only,extra_trees_small,42,6,entry_movement,distance_to_level_pre_entry_only/extra_trees_small/42/6/entry_movement,24,24,"{'requested_threads': 24, 'n_jobs': 24, 'thread_control': 'n_jobs'}",2026-07-07T12:17:15.847309+00:00,False,skipped,False,False,SKIPPED,False,,,,,,,,,,,,2026-07-07T12:17:15.847490+00:00,0.00018596649169921875,SKIPPED_NO_DECISION_PRICE
distance_to_level_pre_entry_only,extra_trees_small,43,6,entry_movement,distance_to_level_pre_entry_only/extra_trees_small/43/6/entry_movement,24,24,"{'requested_threads': 24, 'n_jobs': 24, 'thread_control': 'n_jobs'}",2026-07-07T12:17:15.889718+00:00,False,skipped,False,False,SKIPPED,False,,,,,,,,,,,,2026-07-07T12:17:15.889888+00:00,0.00017499923706054688,SKIPPED_NO_DECISION_PRICE
distance_to_level_pre_entry_only,extra_trees_small,44,6,entry_movement,distance_to_level_pre_entry_only/extra_trees_small/44/6/entry_movement,24,24,"{'requested_threads': 24, 'n_jobs': 24, 'thread_control': 'n_jobs'}",2026-07-07T12:17:15.931795+00:00,False,skipped,False,False,SKIPPED,False,,,,,,,,,,,,2026-07-07T12:17:15.931965+00:00,0.00017523765563964844,SKIPPED_NO_DECISION_PRICE
distance_to_level_pre_entry_only,extra_trees_small,42,12,entry_movement,distance_to_level_pre_entry_only/extra_trees_small/42/12/entry_movement,24,24,"{'requested_threads': 24, 'n_jobs': 24, 'thread_control': 'n_jobs'}",2026-07-07T12:17:15.973705+00:00,False,skipped,False,False,SKIPPED,False,,,,,,,,,,,,2026-07-07T12:17:15.973872+00:00,0.0001723766326904297,SKIPPED_NO_DECISION_PRICE
distance_to_level_pre_entry_only,extra_trees_small,43,12,entry_movement,distance_to_level_pre_entry_only/extra_trees_small/43/12/entry_movement,24,24,"{'requested_threads': 24, 'n_jobs': 24, 'thread_control': 'n_jobs'}",2026-07-07T12:17:16.016778+00:00,False,skipped,False,False,SKIPPED,False,,,,,,,,,,,,2026-07-07T12:17:16.016986+00:00,0.0002148151397705078,SKIPPED_NO_DECISION_PRICE
distance_to_level_pre_entry_only,extra_trees_small,44,12,entry_movement,distance_to_level_pre_entry_only/extra_trees_small/44/12/entry_movement,24,24,"{'requested_threads': 24, 'n_jobs': 24, 'thread_control': 'n_jobs'}",2026-07-07T12:17:16.062261+00:00,False,skipped,False,False,SKIPPED,False,,,,,,,,,,,,2026-07-07T12:17:16.062476+00:00,0.00022125244140625,SKIPPED_NO_DECISION_PRICE
distance_to_level_pre_entry_only,extra_trees_small,42,24,entry_movement,distance_to_level_pre_entry_only/extra_trees_small/42/24/entry_movement,24,24,"{'requested_threads': 24, 'n_jobs': 24, 'thread_control': 'n_jobs'}",2026-07-07T12:17:16.106375+00:00,False,skipped,False,False,SKIPPED,False,,,,,,,,,,,,2026-07-07T12:17:16.106554+00:00,0.0001842975616455078,SKIPPED_NO_DECISION_PRICE
distance_to_level_pre_entry_only,extra_trees_small,43,24,entry_movement,distance_to_level_pre_entry_only/extra_trees_small/43/24/entry_movement,24,24,"{'requested_threads': 24, 'n_jobs': 24, 'thread_control': 'n_jobs'}",2026-07-07T12:17:16.150230+00:00,False,skipped,False,False,SKIPPED,False,,,,,,,,,,,,2026-07-07T12:17:16.150411+00:00,0.00018668174743652344,SKIPPED_NO_DECISION_PRICE
distance_to_level_pre_entry_only,extra_trees_small,44,24,entry_movement,distance_to_level_pre_entry_only/extra_trees_small/44/24/entry_movement,24,24,"{'requested_threads': 24, 'n_jobs': 24, 'thread_control': 'n_jobs'}",2026-07-07T12:17:16.194672+00:00,False,skipped,False,False,SKIPPED,False,,,,,,,,,,,,2026-07-07T12:17:16.194843+00:00,0.00017571449279785156,SKIPPED_NO_DECISION_PRICE
fractal_density_only,ridge_regression,42,3,entry_movement,fractal_density_only/ridge_regression/42/3/entry_movement,24,24,"{'requested_threads': 24, 'n_jobs': None, 'thread_control': 'single_thread_or_external_blas'}",2026-07-07T12:17:16.239426+00:00,True,completed,True,False,PASS,True,0.0716324096337178,1.2237445557496207,1.1302635411520923,0.10840188890915581,1.1908584028103357,1.048888052965998,0.0355759329143622,1.9007034023182305,1.2192832526792206,True,val_select_seed_median,2026-07-07T12:18:05.379144+00:00,49.13972759246826,
fractal_density_only,ridge_regression,42,6,entry_movement,fractal_density_only/ridge_regression/42/6/entry_movement,24,24,"{'requested_threads': 24, 'n_jobs': None, 'thread_control': 'single_thread_or_external_blas'}",2026-07-07T12:18:05.427385+00:00,True,completed,True,False,PASS,True,0.08085837954137713,1.177862735934864,1.0857863855279979,0.10798739437282798,1.2037366161346432,1.0487056989028412,0.019356655519642583,1.9253304896571823,1.2986075828376697,False,val_select_seed_median,2026-07-07T12:18:06.279726+00:00,0.8523478507995605,
fractal_density_only,ridge_regression,42,12,entry_movement,fractal_density_only/ridge_regression/42/12/entry_movement,24,24,"{'requested_threads': 24, 'n_jobs': None, 'thread_control': 'single_thread_or_external_blas'}",2026-07-07T12:18:06.327834+00:00,True,completed,True,False,PASS,True,0.08599506305049498,1.1413317215421375,1.033415717288155,0.12213852102559879,1.2229813739431281,1.027600112420269,0.08312921212061714,2.140267698335271,1.4026890727507604,False,val_select_seed_median,2026-07-07T12:18:07.177064+00:00,0.8492379188537598,
fractal_density_only,ridge_regression,42,24,entry_movement,fractal_density_only/ridge_regression/42/24/entry_movement,24,24,"{'requested_threads': 24, 'n_jobs': None, 'thread_control': 'single_thread_or_external_blas'}",2026-07-07T12:18:07.226373+00:00,True,completed,True,False,PASS,True,0.058589843991972805,1.1025623278585823,1.0085724006102332,0.15134973527892506,1.2351827761746161,1.0041807789342865,0.10261054482790831,2.275595821386556,1.4344676991630543,True,val_select_seed_median,2026-07-07T12:18:08.075183+00:00,0.8488171100616455,
fractal_density_only,hist_gradient_boosting,42,3,entry_movement,fractal_density_only/hist_gradient_boosting/42/3/entry_movement,24,24,"{'requested_threads': 24, 'n_jobs': None, 'thread_control': 'not_supported_by_estimator'}",2026-07-07T12:18:08.124785+00:00,False,completed,True,False,PASS,True,0.03524802813242429,1.0971704535425215,1.0182517537705136,0.13359407221734884,1.2044226249766528,1.1355448802715535,0.047929453463183926,1.0274903151135464,0.791502052608242,True,val_select_seed_median,2026-07-07T12:18:09.134770+00:00,1.0099923610687256,
fractal_density_only,hist_gradient_boosting,43,3,entry_movement,fractal_density_only/hist_gradient_boosting/43/3/entry_movement,24,24,"{'requested_threads': 24, 'n_jobs': None, 'thread_control': 'not_supported_by_estimator'}",2026-07-07T12:18:09.186568+00:00,False,completed,True,False,PASS,True,0.03686442746050298,1.0859500829308502,1.0182715450893889,0.14355932868920543,1.1645696319489949,1.098859913205237,0.04996282811551415,1.0367164409939624,0.8102263591473997,True,val_select_seed_median,2026-07-07T12:18:10.238686+00:00,1.0521273612976074,
fractal_density_only,hist_gradient_boosting,44,3,entry_movement,fractal_density_only/hist_gradient_boosting/44/3/entry_movement,24,24,"{'requested_threads': 24, 'n_jobs': None, 'thread_control': 'not_supported_by_estimator'}",2026-07-07T12:18:10.290338+00:00,False,completed,True,False,PASS,True,0.036115637660348365,1.0975177357335322,1.0291844983260994,0.14024166987653394,1.1712796053519043,1.1024293612036566,0.05016973224507473,1.1131905297141962,0.878400481034496,True,val_select_seed_median,2026-07-07T12:18:11.294166+00:00,1.0038352012634277,
fractal_density_only,hist_gradient_boosting,42,6,entry_movement,fractal_density_only/hist_gradient_boosting/42/6/entry_movement,24,24,"{'requested_threads': 24, 'n_jobs': None, 'thread_control': 'not_supported_by_estimator'}",2026-07-07T12:18:11.346726+00:00,False,completed,True,False,PASS,True,0.04241411297605971,1.118649898943039,1.0521657555573847,0.12884183525076717,1.1827016427357313,1.1078989178686516,0.044321650486002784,1.0607976064275746,0.8544006686124681,True,val_select_seed_median,2026-07-07T12:18:12.498096+00:00,1.1513798236846924,
fractal_density_only,hist_gradient_boosting,43,6,entry_movement,fractal_density_only/hist_gradient_boosting/43/6/entry_movement,24,24,"{'requested_threads': 24, 'n_jobs': None, 'thread_control': 'not_supported_by_estimator'}",2026-07-07T12:18:12.554878+00:00,False,completed,True,False,PASS,True,0.041672611358400814,1.100288095428675,1.0347256108161702,0.13150539852280127,1.1654660540302244,1.0952216382297175,0.05424077807622538,1.0692159122333844,0.874971774377283,True,val_select_seed_median,2026-07-07T12:18:13.628840+00:00,1.0739731788635254,
fractal_density_only,hist_gradient_boosting,44,6,entry_movement,fractal_density_only/hist_gradient_boosting/44/6/entry_movement,24,24,"{'requested_threads': 24, 'n_jobs': None, 'thread_control': 'not_supported_by_estimator'}",2026-07-07T12:18:13.682721+00:00,False,completed,True,False,PASS,True,0.04380216240184995,1.0995784812594975,1.030272737696175,0.13124368348213958,1.165987326900541,1.0983843729689875,0.052442673992624804,1.0691503780555753,0.8364259879497867,True,val_select_seed_median,2026-07-07T12:18:14.608622+00:00,0.9259128570556641,
fractal_density_only,hist_gradient_boosting,42,12,entry_movement,fractal_density_only/hist_gradient_boosting/42/12/entry_movement,24,24,"{'requested_threads': 24, 'n_jobs': None, 'thread_control': 'not_supported_by_estimator'}",2026-07-07T12:18:14.660643+00:00,False,completed,True,False,PASS,True,0.025153138035832665,1.1048569670472133,1.0367659943176035,0.1355702846256585,1.2214729584204538,1.143599340840259,0.021736099889926908,1.009282157034293,0.8370463686839784,True,val_select_seed_median,2026-07-07T12:18:15.840552+00:00,1.179919719696045,
fractal_density_only,hist_gradient_boosting,43,12,entry_movement,fractal_density_only/hist_gradient_boosting/43/12/entry_movement,24,24,"{'requested_threads': 24, 'n_jobs': None, 'thread_control': 'not_supported_by_estimator'}",2026-07-07T12:18:15.893424+00:00,False,completed,True,False,PASS,True,0.020188227017674313,1.1011379276513902,1.032256706678311,0.13112462227579166,1.1802781020436413,1.110474902761207,0.027169102247807206,1.0744265399689237,0.8577737994793663,True,val_select_seed_median,2026-07-07T12:18:16.956352+00:00,1.0629394054412842,
fractal_density_only,hist_gradient_boosting,44,12,entry_movement,fractal_density_only/hist_gradient_boosting/44/12/entry_movement,24,24,"{'requested_threads': 24, 'n_jobs': None, 'thread_control': 'not_supported_by_estimator'}",2026-07-07T12:18:17.012451+00:00,False,completed,True,False,PASS,True,0.0267493931717451,1.0793826731626106,1.0175055212616964,0.1300755009548094,1.203028921237042,1.1159264896562193,0.04277458380639306,1.0304565987202545,0.8465512487822611,True,val_select_seed_median,2026-07-07T12:18:18.031726+00:00,1.0192863941192627,
fractal_density_only,hist_gradient_boosting,42,24,entry_movement,fractal_density_only/hist_gradient_boosting/42/24/entry_movement,24,24,"{'requested_threads': 24, 'n_jobs': None, 'thread_control': 'not_supported_by_estimator'}",2026-07-07T12:18:18.086408+00:00,False,completed,True,False,PASS,True,0.00513136158888714,1.0511411904972359,0.9970162925486796,0.14388164082896715,1.2087238766974204,1.139377452285882,0.060563234514790204,1.079909574092961,0.8513350300726127,True,val_select_seed_median,2026-07-07T12:18:19.411375+00:00,1.3249762058258057,
fractal_density_only,hist_gradient_boosting,43,24,entry_movement,fractal_density_only/hist_gradient_boosting/43/24/entry_movement,24,24,"{'requested_threads': 24, 'n_jobs': None, 'thread_control': 'not_supported_by_estimator'}",2026-07-07T12:18:19.469926+00:00,False,completed,True,False,PASS,True,0.00032344788406726,1.0715918391974095,1.0272587245658098,0.13474206835995398,1.1848901237388438,1.1234959541642624,0.08438506874866575,1.0514520730017571,0.851285531219594,False,val_select_seed_median,2026-07-07T12:18:20.581366+00:00,1.1114513874053955,
fractal_density_only,hist_gradient_boosting,44,24,entry_movement,fractal_density_only/hist_gradient_boosting/44/24/entry_movement,24,24,"{'requested_threads': 24, 'n_jobs': None, 'thread_control': 'not_supported_by_estimator'}",2026-07-07T12:18:20.640216+00:00,False,completed,True,False,PASS,True,-0.006928301267610993,1.0490912020100611,0.9996736254223665,0.13336588264166394,1.1845022523683642,1.1266936457372236,0.0823591531928277,1.0882984531293567,0.8711070008555871,False,val_select_seed_median,2026-07-07T12:18:21.898498+00:00,1.2582910060882568,
fractal_density_only,extra_trees_small,42,3,entry_movement,fractal_density_only/extra_trees_small/42/3/entry_movement,24,24,"{'requested_threads': 24, 'n_jobs': 24, 'thread_control': 'n_jobs'}",2026-07-07T12:18:21.957528+00:00,False,completed,True,False,PASS,True,0.06713968956272974,1.2513127499027543,1.148875099667138,0.11099946005151354,1.2188285197801803,1.0675977875506253,0.010846769688392797,1.9276980887432251,1.2519744455941058,True,val_select_seed_median,2026-07-07T12:18:22.884458+00:00,0.9269380569458008,
fractal_density_only,extra_trees_small,43,3,entry_movement,fractal_density_only/extra_trees_small/43/3/entry_movement,24,24,"{'requested_threads': 24, 'n_jobs': 24, 'thread_control': 'n_jobs'}",2026-07-07T12:18:22.943908+00:00,False,completed,True,False,PASS,True,0.06541952376912105,1.2296362033212094,1.1401801527228748,0.11087969714968075,1.2301723104497484,1.0622379866064307,0.02673442357435516,1.9476100444940967,1.2155195377389152,True,val_select_seed_median,2026-07-07T12:18:23.874928+00:00,0.9310288429260254,
fractal_density_only,extra_trees_small,44,3,entry_movement,fractal_density_only/extra_trees_small/44/3/entry_movement,24,24,"{'requested_threads': 24, 'n_jobs': 24, 'thread_control': 'n_jobs'}",2026-07-07T12:18:23.935439+00:00,False,completed,True,False,PASS,True,0.07026871838843843,1.2405248256594148,1.1316681998497238,0.11391626690622206,1.2155178540688638,1.0677911203282173,0.03471456923654577,1.9412085012369975,1.2389907024474163,True,val_select_seed_median,2026-07-07T12:18:24.863850+00:00,0.9284186363220215,
fractal_density_only,extra_trees_small,42,6,entry_movement,fractal_density_only/extra_trees_small/42/6/entry_movement,24,24,"{'requested_threads': 24, 'n_jobs': 24, 'thread_control': 'n_jobs'}",2026-07-07T12:18:24.924264+00:00,False,completed,True,False,PASS,True,0.07730276304409307,1.225624156031222,1.1247299925891465,0.12335882449266858,1.205402795146484,1.052507987932374,0.028451215547872975,1.9969410216130639,1.3628767336307728,False,val_select_seed_median,2026-07-07T12:18:25.853800+00:00,0.9295451641082764,
fractal_density_only,extra_trees_small,43,6,entry_movement,fractal_density_only/extra_trees_small/43/6/entry_movement,24,24,"{'requested_threads': 24, 'n_jobs': 24, 'thread_control': 'n_jobs'}",2026-07-07T12:18:25.915845+00:00,False,completed,True,False,PASS,True,0.07820534354094485,1.2142816771321694,1.1018514562585824,0.12753859600682746,1.1955327564498281,1.042176475947351,0.02965346483160247,1.9880450131457164,1.3266643340135633,False,val_select_seed_median,2026-07-07T12:18:26.846002+00:00,0.9301655292510986,
fractal_density_only,extra_trees_small,44,6,entry_movement,fractal_density_only/extra_trees_small/44/6/entry_movement,24,24,"{'requested_threads': 24, 'n_jobs': 24, 'thread_control': 'n_jobs'}",2026-07-07T12:18:26.908551+00:00,False,completed,True,False,PASS,True,0.08352097545747601,1.213273443838352,1.0948249678666029,0.11508966145244315,1.204192714406195,1.0285255864791858,0.0174217346601867,1.984766549572956,1.3537781618804812,False,val_select_seed_median,2026-07-07T12:18:27.835412+00:00,0.9268698692321777,
fractal_density_only,extra_trees_small,42,12,entry_movement,fractal_density_only/extra_trees_small/42/12/entry_movement,24,24,"{'requested_threads': 24, 'n_jobs': 24, 'thread_control': 'n_jobs'}",2026-07-07T12:18:27.898263+00:00,False,completed,True,False,PASS,True,0.06391266926459979,1.1441229705090923,1.0408792890591727,0.13938730110414754,1.2346928397232906,1.0539138281286482,0.05316469939898195,2.2039239747571897,1.3878437227679208,True,val_select_seed_median,2026-07-07T12:18:28.835959+00:00,0.9377045631408691,
fractal_density_only,extra_trees_small,43,12,entry_movement,fractal_density_only/extra_trees_small/43/12/entry_movement,24,24,"{'requested_threads': 24, 'n_jobs': 24, 'thread_control': 'n_jobs'}",2026-07-07T12:18:28.899684+00:00,False,completed,True,False,PASS,True,0.0569731244596282,1.1478349211312786,1.0434332840772786,0.1317055930747076,1.2282172604725303,1.0450163201425147,0.050469368305392635,2.2125239543902997,1.4552543639923141,True,val_select_seed_median,2026-07-07T12:18:29.831689+00:00,0.932013988494873,
fractal_density_only,extra_trees_small,44,12,entry_movement,fractal_density_only/extra_trees_small/44/12/entry_movement,24,24,"{'requested_threads': 24, 'n_jobs': 24, 'thread_control': 'n_jobs'}",2026-07-07T12:18:29.896138+00:00,False,completed,True,False,PASS,True,0.06639355173995248,1.1779498845188134,1.0755658161130155,0.1558571805291962,1.224106496117942,1.0568210786107919,0.050462633809331504,2.061735424193776,1.3401057757419157,True,val_select_seed_median,2026-07-07T12:18:30.825335+00:00,0.9292066097259521,
fractal_density_only,extra_trees_small,42,24,entry_movement,fractal_density_only/extra_trees_small/42/24/entry_movement,24,24,"{'requested_threads': 24, 'n_jobs': 24, 'thread_control': 'n_jobs'}",2026-07-07T12:18:30.890197+00:00,False,completed,True,False,PASS,True,0.01194354542418652,1.039117857865521,0.9513766269342181,0.143925224775435,1.2316166914125337,1.0030168973042632,0.03859678850429714,2.3172640700926586,1.4461552908997766,True,val_select_seed_median,2026-07-07T12:18:31.821638+00:00,0.931450605392456,
fractal_density_only,extra_trees_small,43,24,entry_movement,fractal_density_only/extra_trees_small/43/24/entry_movement,24,24,"{'requested_threads': 24, 'n_jobs': 24, 'thread_control': 'n_jobs'}",2026-07-07T12:18:31.887311+00:00,False,completed,True,False,PASS,True,0.023140841352234643,1.0430049798448682,0.953986208308972,0.16057372584024734,1.2289276054197997,1.0061688401891609,0.04998410641437547,2.3454560364773056,1.4347194966027492,True,val_select_seed_median,2026-07-07T12:18:32.827592+00:00,0.9402902126312256,
fractal_density_only,extra_trees_small,44,24,entry_movement,fractal_density_only/extra_trees_small/44/24/entry_movement,24,24,"{'requested_threads': 24, 'n_jobs': 24, 'thread_control': 'n_jobs'}",2026-07-07T12:18:32.894122+00:00,False,completed,True,False,PASS,True,0.01536596775513839,1.0395873394888708,0.9506928104407623,0.1540617547538611,1.240179883429148,1.0236518726665207,0.03693030102119546,2.347232332865134,1.4847043363270438,True,val_select_seed_median,2026-07-07T12:18:33.830478+00:00,0.9363648891448975,
simple_combined,ridge_regression,42,3,entry_movement,simple_combined/ridge_regression/42/3/entry_movement,24,24,"{'requested_threads': 24, 'n_jobs': None, 'thread_control': 'single_thread_or_external_blas'}",2026-07-07T12:18:33.897345+00:00,True,completed,True,False,PASS,True,0.5150176273968243,1.7808428594299173,1.680786271378109,0.6903478963133685,2.6721203237721416,2.412233147167341,0.4149228423497108,1.3085236046414586,0.966376019280943,True,val_select_seed_median,2026-07-07T12:19:20.319445+00:00,46.42211055755615,
simple_combined,ridge_regression,42,6,entry_movement,simple_combined/ridge_regression/42/6/entry_movement,24,24,"{'requested_threads': 24, 'n_jobs': None, 'thread_control': 'single_thread_or_external_blas'}",2026-07-07T12:19:20.387478+00:00,True,completed,True,False,PASS,True,0.5289115768431338,1.713975535093781,1.5912337183163152,0.7030544085788534,2.7090815407104536,2.415741158960714,0.4050904036819962,1.3199981293620553,0.9621700675507762,True,val_select_seed_median,2026-07-07T12:19:21.255863+00:00,0.8683936595916748,
simple_combined,ridge_regression,42,12,entry_movement,simple_combined/ridge_regression/42/12/entry_movement,24,24,"{'requested_threads': 24, 'n_jobs': None, 'thread_control': 'single_thread_or_external_blas'}",2026-07-07T12:19:21.323539+00:00,True,completed,True,False,PASS,True,0.4486028900265998,1.5802690172116334,1.4454252466841457,0.7088949928429041,2.590572960882727,2.2814931040015725,0.3303065745004652,1.2377111025507277,0.8678939947811706,True,val_select_seed_median,2026-07-07T12:19:22.196240+00:00,0.8727109432220459,
simple_combined,ridge_regression,42,24,entry_movement,simple_combined/ridge_regression/42/24/entry_movement,24,24,"{'requested_threads': 24, 'n_jobs': None, 'thread_control': 'single_thread_or_external_blas'}",2026-07-07T12:19:22.265011+00:00,True,completed,True,False,PASS,True,0.25117330938203775,1.4045625514974702,1.2817933772858088,0.677999097883194,2.5994723664634356,2.156301644704448,0.3404707044759749,1.1624188366018944,0.8001830816557673,True,val_select_seed_median,2026-07-07T12:19:23.129636+00:00,0.8646335601806641,
simple_combined,hist_gradient_boosting,42,3,entry_movement,simple_combined/hist_gradient_boosting/42/3/entry_movement,24,24,"{'requested_threads': 24, 'n_jobs': None, 'thread_control': 'not_supported_by_estimator'}",2026-07-07T12:19:23.197509+00:00,False,completed,True,False,PASS,True,0.5708532099362701,2.0132916452694225,1.9051075049219295,0.6521004884422357,2.0724184088643964,1.8947004449562719,0.18225253987931045,1.6588491214332381,1.2833331805976707,True,val_select_seed_median,2026-07-07T12:19:24.392249+00:00,1.1947522163391113,
simple_combined,hist_gradient_boosting,43,3,entry_movement,simple_combined/hist_gradient_boosting/43/3/entry_movement,24,24,"{'requested_threads': 24, 'n_jobs': None, 'thread_control': 'not_supported_by_estimator'}",2026-07-07T12:19:24.462982+00:00,False,completed,True,False,PASS,True,0.5686878000457389,2.0130882444952896,1.900057819771145,0.6533932009425655,2.0861714080057943,1.912441842655827,0.18625454640780395,1.6599205317752783,1.1891619308860022,True,val_select_seed_median,2026-07-07T12:19:25.625260+00:00,1.1622896194458008,
simple_combined,hist_gradient_boosting,44,3,entry_movement,simple_combined/hist_gradient_boosting/44/3/entry_movement,24,24,"{'requested_threads': 24, 'n_jobs': None, 'thread_control': 'not_supported_by_estimator'}",2026-07-07T12:19:25.694259+00:00,False,completed,True,False,PASS,True,0.5694252691390925,1.971388310220172,1.8669907845996727,0.6493995244332957,2.0978040860539595,1.920286846130879,0.18430413236005358,1.4730520551429815,1.0619418576629458,True,val_select_seed_median,2026-07-07T12:19:26.902262+00:00,1.2080128192901611,
simple_combined,hist_gradient_boosting,42,6,entry_movement,simple_combined/hist_gradient_boosting/42/6/entry_movement,24,24,"{'requested_threads': 24, 'n_jobs': None, 'thread_control': 'not_supported_by_estimator'}",2026-07-07T12:19:26.971928+00:00,False,completed,True,False,PASS,True,0.5507521063684389,1.7731925657261391,1.6659143916790924,0.6494025167164161,1.9916138247795543,1.8089902513088214,0.1543885334032694,1.3764835806996842,0.9438766736881653,True,val_select_seed_median,2026-07-07T12:19:28.304770+00:00,1.3328540325164795,
simple_combined,hist_gradient_boosting,43,6,entry_movement,simple_combined/hist_gradient_boosting/43/6/entry_movement,24,24,"{'requested_threads': 24, 'n_jobs': None, 'thread_control': 'not_supported_by_estimator'}",2026-07-07T12:19:28.374432+00:00,False,completed,True,False,PASS,True,0.5518659273741625,1.7742178389579288,1.6557579936686448,0.655284173783041,2.010156071125442,1.847030047540155,0.1666871044432004,1.695358499745592,1.1682682844564571,True,val_select_seed_median,2026-07-07T12:19:29.535419+00:00,1.1609995365142822,
simple_combined,hist_gradient_boosting,44,6,entry_movement,simple_combined/hist_gradient_boosting/44/6/entry_movement,24,24,"{'requested_threads': 24, 'n_jobs': None, 'thread_control': 'not_supported_by_estimator'}",2026-07-07T12:19:29.606435+00:00,False,completed,True,False,PASS,True,0.5532857776640608,1.7457534287345184,1.6229185256315124,0.6484905445357473,2.0175191084469937,1.8148040113585624,0.16611226063365914,1.4821534790585944,1.0562607647352864,True,val_select_seed_median,2026-07-07T12:19:30.792031+00:00,1.1856062412261963,
simple_combined,hist_gradient_boosting,42,12,entry_movement,simple_combined/hist_gradient_boosting/42/12/entry_movement,24,24,"{'requested_threads': 24, 'n_jobs': None, 'thread_control': 'not_supported_by_estimator'}",2026-07-07T12:19:30.862129+00:00,False,completed,True,False,PASS,True,0.4536382509882723,1.4802550409471316,1.3749908132755149,0.6407079256155767,1.9606229845171328,1.757499344712158,0.20652365562520095,1.9511996474419557,1.2309428052465954,True,val_select_seed_median,2026-07-07T12:19:32.189283+00:00,1.3271639347076416,
simple_combined,hist_gradient_boosting,43,12,entry_movement,simple_combined/hist_gradient_boosting/43/12/entry_movement,24,24,"{'requested_threads': 24, 'n_jobs': None, 'thread_control': 'not_supported_by_estimator'}",2026-07-07T12:19:32.263795+00:00,False,completed,True,False,PASS,True,0.4574272847902446,1.4906110397136778,1.3860165748227904,0.6475342809783303,1.9824858709182998,1.7501987030988824,0.17378396309906624,1.9986565679340442,1.1979637195095036,True,val_select_seed_median,2026-07-07T12:19:33.586962+00:00,1.3231768608093262,
simple_combined,hist_gradient_boosting,44,12,entry_movement,simple_combined/hist_gradient_boosting/44/12/entry_movement,24,24,"{'requested_threads': 24, 'n_jobs': None, 'thread_control': 'not_supported_by_estimator'}",2026-07-07T12:19:33.659357+00:00,False,completed,True,False,PASS,True,0.4518780073989985,1.471210137962149,1.3399846362375976,0.6353912780356815,1.9011085821801248,1.7007262777082326,0.22182030448473533,2.017825194245267,1.2826753373689266,True,val_select_seed_median,2026-07-07T12:19:34.983622+00:00,1.324277639389038,
simple_combined,hist_gradient_boosting,42,24,entry_movement,simple_combined/hist_gradient_boosting/42/24/entry_movement,24,24,"{'requested_threads': 24, 'n_jobs': None, 'thread_control': 'not_supported_by_estimator'}",2026-07-07T12:19:35.058497+00:00,False,completed,True,False,PASS,True,0.23657913082131796,1.2854715229555889,1.1749767022056772,0.5865521701716057,1.8509789018369762,1.5919969514696388,0.1639853063551082,1.937142170353879,1.2847579058159238,True,val_select_seed_median,2026-07-07T12:19:36.374662+00:00,1.3161756992340088,
simple_combined,hist_gradient_boosting,43,24,entry_movement,simple_combined/hist_gradient_boosting/43/24/entry_movement,24,24,"{'requested_threads': 24, 'n_jobs': None, 'thread_control': 'not_supported_by_estimator'}",2026-07-07T12:19:36.449321+00:00,False,completed,True,False,PASS,True,0.2386869708932184,1.2953861512550147,1.1828306571008018,0.5915920167043107,1.7240835335835158,1.4999216777285471,0.09982852250596806,1.9188363010791476,1.2612542822419226,True,val_select_seed_median,2026-07-07T12:19:37.767907+00:00,1.3185982704162598,
simple_combined,hist_gradient_boosting,44,24,entry_movement,simple_combined/hist_gradient_boosting/44/24/entry_movement,24,24,"{'requested_threads': 24, 'n_jobs': None, 'thread_control': 'not_supported_by_estimator'}",2026-07-07T12:19:37.843091+00:00,False,completed,True,False,PASS,True,0.23069900452332526,1.298106852557437,1.1821543778844827,0.5636135627788749,1.6111025548486642,1.4058208862797161,0.192229151694182,2.0376643438714592,1.286463143209492,True,val_select_seed_median,2026-07-07T12:19:39.164933+00:00,1.3218529224395752,
simple_combined,extra_trees_small,42,3,entry_movement,simple_combined/extra_trees_small/42/3/entry_movement,24,24,"{'requested_threads': 24, 'n_jobs': 24, 'thread_control': 'n_jobs'}",2026-07-07T12:19:39.242918+00:00,False,completed,True,False,PASS,True,0.567553569251672,2.076211956405413,1.967754975827259,0.6853601701028506,2.2875354873019402,2.1252965523161187,0.15421946747693913,1.5719804236630075,1.2332686342262245,True,val_select_seed_median,2026-07-07T12:19:40.143029+00:00,0.9001219272613525,
simple_combined,extra_trees_small,43,3,entry_movement,simple_combined/extra_trees_small/43/3/entry_movement,24,24,"{'requested_threads': 24, 'n_jobs': 24, 'thread_control': 'n_jobs'}",2026-07-07T12:19:40.220108+00:00,False,completed,True,False,PASS,True,0.5711422441674514,2.0794725453495286,1.937406341822588,0.6985111841996765,2.298744452526371,2.121313075239147,0.16916419940579366,1.5670148614278863,1.2994514153414054,True,val_select_seed_median,2026-07-07T12:19:41.117182+00:00,0.8970844745635986,
simple_combined,extra_trees_small,44,3,entry_movement,simple_combined/extra_trees_small/44/3/entry_movement,24,24,"{'requested_threads': 24, 'n_jobs': 24, 'thread_control': 'n_jobs'}",2026-07-07T12:19:41.191895+00:00,False,completed,True,False,PASS,True,0.5758294481808899,2.0756012114607802,1.9624908420204417,0.6934523802253563,2.2899158177226764,2.1132119013686745,0.16268052524899043,1.676253538892637,1.3175812444967379,True,val_select_seed_median,2026-07-07T12:19:42.092706+00:00,0.900822639465332,
simple_combined,extra_trees_small,42,6,entry_movement,simple_combined/extra_trees_small/42/6/entry_movement,24,24,"{'requested_threads': 24, 'n_jobs': 24, 'thread_control': 'n_jobs'}",2026-07-07T12:19:42.168604+00:00,False,completed,True,False,PASS,True,0.5661300059368961,1.8241489218201667,1.7014010501580907,0.6947446120989639,2.3286182087913785,2.1265277453000535,0.1671187827970858,1.3004625796217,1.0333063577833306,True,val_select_seed_median,2026-07-07T12:19:43.063856+00:00,0.8952629566192627,
simple_combined,extra_trees_small,43,6,entry_movement,simple_combined/extra_trees_small/43/6/entry_movement,24,24,"{'requested_threads': 24, 'n_jobs': 24, 'thread_control': 'n_jobs'}",2026-07-07T12:19:43.142215+00:00,False,completed,True,False,PASS,True,0.5705714199178854,1.8266133313636326,1.7076525086273049,0.7053348013107476,2.351110645682972,2.1409557648167197,0.1583686870721145,1.3068921809176002,1.024890593885897,True,val_select_seed_median,2026-07-07T12:19:44.043415+00:00,0.9012150764465332,
simple_combined,extra_trees_small,44,6,entry_movement,simple_combined/extra_trees_small/44/6/entry_movement,24,24,"{'requested_threads': 24, 'n_jobs': 24, 'thread_control': 'n_jobs'}",2026-07-07T12:19:44.120558+00:00,False,completed,True,False,PASS,True,0.5658472225255124,1.809673499511033,1.6884166263140408,0.6968995138008435,2.346120674972799,2.127143227984792,0.16834056110974607,1.4847194952045226,1.0261026403301137,True,val_select_seed_median,2026-07-07T12:19:45.028950+00:00,0.9084038734436035,
simple_combined,extra_trees_small,42,12,entry_movement,simple_combined/extra_trees_small/42/12/entry_movement,24,24,"{'requested_threads': 24, 'n_jobs': 24, 'thread_control': 'n_jobs'}",2026-07-07T12:19:45.116941+00:00,False,completed,True,False,PASS,True,0.4907088207387441,1.5870887027939264,1.455113584007259,0.7077493129079016,2.395710321669449,2.1146650108538925,0.16012191849913612,1.5049084580108603,1.1444381101169518,True,val_select_seed_median,2026-07-07T12:19:46.013394+00:00,0.89646315574646,
simple_combined,extra_trees_small,43,12,entry_movement,simple_combined/extra_trees_small/43/12/entry_movement,24,24,"{'requested_threads': 24, 'n_jobs': 24, 'thread_control': 'n_jobs'}",2026-07-07T12:19:46.093301+00:00,False,completed,True,False,PASS,True,0.48375982739406176,1.5922877001543083,1.4549200994885363,0.6985867559407972,2.286252307472538,2.0213039102678247,0.13576546285475835,1.3466954601357815,1.0617095925319522,True,val_select_seed_median,2026-07-07T12:19:46.999415+00:00,0.9061233997344971,
simple_combined,extra_trees_small,44,12,entry_movement,simple_combined/extra_trees_small/44/12/entry_movement,24,24,"{'requested_threads': 24, 'n_jobs': 24, 'thread_control': 'n_jobs'}",2026-07-07T12:19:47.085184+00:00,False,completed,True,False,PASS,True,0.48191491373145734,1.59515533353895,1.4623633826257003,0.7025664162120246,2.2492719884431827,1.9995661112103835,0.13155031878053983,1.435188808962601,1.168384930774834,True,val_select_seed_median,2026-07-07T12:19:48.035662+00:00,0.9504859447479248,
simple_combined,extra_trees_small,42,24,entry_movement,simple_combined/extra_trees_small/42/24/entry_movement,24,24,"{'requested_threads': 24, 'n_jobs': 24, 'thread_control': 'n_jobs'}",2026-07-07T12:19:48.119520+00:00,False,completed,True,False,PASS,True,0.2708149557470231,1.416689081274997,1.277371234097455,0.6673746739442438,2.148564521736807,1.822420619373115,0.07653828180261553,1.306229152345585,1.0306034612237884,True,val_select_seed_median,2026-07-07T12:19:49.084615+00:00,0.9651031494140625,
simple_combined,extra_trees_small,43,24,entry_movement,simple_combined/extra_trees_small/43/24/entry_movement,24,24,"{'requested_threads': 24, 'n_jobs': 24, 'thread_control': 'n_jobs'}",2026-07-07T12:19:49.167612+00:00,False,completed,True,False,PASS,True,0.26625273732198684,1.4172523246156816,1.2813404100890362,0.671275383475257,2.26062069235767,1.9347481088158185,0.10690579986213039,1.7522259616322735,1.3287362598074652,True,val_select_seed_median,2026-07-07T12:19:50.116224+00:00,0.9486196041107178,
simple_combined,extra_trees_small,44,24,entry_movement,simple_combined/extra_trees_small/44/24/entry_movement,24,24,"{'requested_threads': 24, 'n_jobs': 24, 'thread_control': 'n_jobs'}",2026-07-07T12:19:50.199562+00:00,False,completed,True,False,PASS,True,0.26980476842940343,1.43805549224988,1.30018451592886,0.6733051587838373,2.2827971152153053,1.9611743602460405,0.12459268007777066,1.6854623020374047,1.3097914816518037,True,val_select_seed_median,2026-07-07T12:19:51.158256+00:00,0.958702564239502,
distance_to_entry_open_post_entry_diagnostic_only,hist_gradient_boosting,42,3,entry_movement,distance_to_entry_open_post_entry_diagnostic_only/hist_gradient_boosting/42/3/entry_movement,24,24,"{'requested_threads': 24, 'n_jobs': None, 'thread_control': 'not_supported_by_estimator'}",2026-07-07T12:19:51.243801+00:00,False,completed,False,True,POST_ENTRY_DIAGNOSTIC_ONLY,False,0.17320856484739272,1.3712190582429278,1.290575850512358,0.135979390632951,1.2629803825117478,1.1934650618158045,0.10888829818374021,1.9337212623561377,1.302815875205559,True,val_select_seed_median,2026-07-07T12:19:52.790515+00:00,1.5467233657836914,
distance_to_entry_open_post_entry_diagnostic_only,hist_gradient_boosting,43,3,entry_movement,distance_to_entry_open_post_entry_diagnostic_only/hist_gradient_boosting/43/3/entry_movement,24,24,"{'requested_threads': 24, 'n_jobs': None, 'thread_control': 'not_supported_by_estimator'}",2026-07-07T12:19:52.877035+00:00,False,completed,False,True,POST_ENTRY_DIAGNOSTIC_ONLY,False,0.1736371498978229,1.3743088645453643,1.2974861774127115,0.14262029050954408,1.3099287175769043,1.2115077137584933,0.15951631961238488,2.061881442958846,1.3178892579163897,True,val_select_seed_median,2026-07-07T12:19:54.077638+00:00,1.2006101608276367,
distance_to_entry_open_post_entry_diagnostic_only,hist_gradient_boosting,44,3,entry_movement,distance_to_entry_open_post_entry_diagnostic_only/hist_gradient_boosting/44/3/entry_movement,24,24,"{'requested_threads': 24, 'n_jobs': None, 'thread_control': 'not_supported_by_estimator'}",2026-07-07T12:19:54.162552+00:00,False,completed,False,True,POST_ENTRY_DIAGNOSTIC_ONLY,False,0.1611665126059115,1.3766471769837125,1.2814139907828135,0.12892957840138833,1.2760737167636667,1.202746585931287,0.1372696910219964,1.9324815815205378,1.2499509976255934,True,val_select_seed_median,2026-07-07T12:19:55.450357+00:00,1.2878139019012451,
distance_to_entry_open_post_entry_diagnostic_only,hist_gradient_boosting,42,6,entry_movement,distance_to_entry_open_post_entry_diagnostic_only/hist_gradient_boosting/42/6/entry_movement,24,24,"{'requested_threads': 24, 'n_jobs': None, 'thread_control': 'not_supported_by_estimator'}",2026-07-07T12:19:55.537507+00:00,False,completed,False,True,POST_ENTRY_DIAGNOSTIC_ONLY,False,0.10324986417831576,1.1829370411626323,1.1154133281544458,0.0749553112591188,1.1137359736517896,1.0467456884998496,0.0919553022186269,1.6823527545856323,1.2135804885320411,True,val_select_seed_median,2026-07-07T12:19:56.734598+00:00,1.1970975399017334,
distance_to_entry_open_post_entry_diagnostic_only,hist_gradient_boosting,43,6,entry_movement,distance_to_entry_open_post_entry_diagnostic_only/hist_gradient_boosting/43/6/entry_movement,24,24,"{'requested_threads': 24, 'n_jobs': None, 'thread_control': 'not_supported_by_estimator'}",2026-07-07T12:19:56.820453+00:00,False,completed,False,True,POST_ENTRY_DIAGNOSTIC_ONLY,False,0.11740655883310128,1.2155930475843926,1.1413725462598858,0.08658665224262382,1.1369180587216314,1.0659003281353896,0.11988166275335911,1.8323097615652062,1.3274794057008863,True,val_select_seed_median,2026-07-07T12:19:57.933244+00:00,1.112800121307373,
distance_to_entry_open_post_entry_diagnostic_only,hist_gradient_boosting,44,6,entry_movement,distance_to_entry_open_post_entry_diagnostic_only/hist_gradient_boosting/44/6/entry_movement,24,24,"{'requested_threads': 24, 'n_jobs': None, 'thread_control': 'not_supported_by_estimator'}",2026-07-07T12:19:58.023323+00:00,False,completed,False,True,POST_ENTRY_DIAGNOSTIC_ONLY,False,0.09505440446355022,1.2138643256468051,1.1289195040752142,0.07529848511294561,1.102105996348527,1.0408163876814316,0.07383840699509352,1.7284604270052086,1.2151582028241605,True,val_select_seed_median,2026-07-07T12:19:59.169616+00:00,1.146303415298462,
distance_to_entry_open_post_entry_diagnostic_only,hist_gradient_boosting,42,12,entry_movement,distance_to_entry_open_post_entry_diagnostic_only/hist_gradient_boosting/42/12/entry_movement,24,24,"{'requested_threads': 24, 'n_jobs': None, 'thread_control': 'not_supported_by_estimator'}",2026-07-07T12:19:59.256257+00:00,False,completed,False,True,POST_ENTRY_DIAGNOSTIC_ONLY,False,-0.006207941479942708,1.011223892505897,0.9628150931686431,0.011239171339381895,1.0188245760720398,0.9805827006977712,0.02698746849390994,1.188053716913507,1.0137462050437926,False,val_select_seed_median,2026-07-07T12:20:00.491259+00:00,1.2350132465362549,
distance_to_entry_open_post_entry_diagnostic_only,hist_gradient_boosting,43,12,entry_movement,distance_to_entry_open_post_entry_diagnostic_only/hist_gradient_boosting/43/12/entry_movement,24,24,"{'requested_threads': 24, 'n_jobs': None, 'thread_control': 'not_supported_by_estimator'}",2026-07-07T12:20:00.575843+00:00,False,completed,False,True,POST_ENTRY_DIAGNOSTIC_ONLY,False,0.011731159525991191,1.0506140197859417,0.993827296169549,0.030207179998039877,1.0240220072539843,0.9701294879651914,0.057898485496280856,1.4045576144665415,1.0834602148692758,True,val_select_seed_median,2026-07-07T12:20:01.737984+00:00,1.1621532440185547,
distance_to_entry_open_post_entry_diagnostic_only,hist_gradient_boosting,44,12,entry_movement,distance_to_entry_open_post_entry_diagnostic_only/hist_gradient_boosting/44/12/entry_movement,24,24,"{'requested_threads': 24, 'n_jobs': None, 'thread_control': 'not_supported_by_estimator'}",2026-07-07T12:20:01.827661+00:00,False,completed,False,True,POST_ENTRY_DIAGNOSTIC_ONLY,False,-0.01515834285705419,1.0209135991215121,0.9743795174647372,0.0018405824837355196,1.014542867840721,0.9705270012228553,0.020826873943684567,1.2369190840013826,1.0181236832583596,False,val_select_seed_median,2026-07-07T12:20:03.125991+00:00,1.2983391284942627,
distance_to_entry_open_post_entry_diagnostic_only,hist_gradient_boosting,42,24,entry_movement,distance_to_entry_open_post_entry_diagnostic_only/hist_gradient_boosting/42/24/entry_movement,24,24,"{'requested_threads': 24, 'n_jobs': None, 'thread_control': 'not_supported_by_estimator'}",2026-07-07T12:20:03.214810+00:00,False,completed,False,True,POST_ENTRY_DIAGNOSTIC_ONLY,False,-0.01668199823220292,1.0374272495953532,1.0050208654291826,0.025109646954801057,1.0705698300459965,1.0278507895064541,0.05449047257522731,1.4632872670941868,1.1381279569875105,False,val_select_seed_median,2026-07-07T12:20:04.527327+00:00,1.3125255107879639,
distance_to_entry_open_post_entry_diagnostic_only,hist_gradient_boosting,43,24,entry_movement,distance_to_entry_open_post_entry_diagnostic_only/hist_gradient_boosting/43/24/entry_movement,24,24,"{'requested_threads': 24, 'n_jobs': None, 'thread_control': 'not_supported_by_estimator'}",2026-07-07T12:20:04.617888+00:00,False,completed,False,True,POST_ENTRY_DIAGNOSTIC_ONLY,False,0.01039737377624428,1.0301365881483122,0.9784824262953934,0.04501164664884663,1.0622043108272385,1.0155355011706821,0.10330034159938907,1.561478268443845,1.1829711463236745,True,val_select_seed_median,2026-07-07T12:20:05.788319+00:00,1.1704401969909668,
distance_to_entry_open_post_entry_diagnostic_only,hist_gradient_boosting,44,24,entry_movement,distance_to_entry_open_post_entry_diagnostic_only/hist_gradient_boosting/44/24/entry_movement,24,24,"{'requested_threads': 24, 'n_jobs': None, 'thread_control': 'not_supported_by_estimator'}",2026-07-07T12:20:05.879163+00:00,False,completed,False,True,POST_ENTRY_DIAGNOSTIC_ONLY,False,-0.006373338173706856,1.0231598475958799,0.985331015779619,0.018888264086106988,0.9985013349545994,0.9564095006916876,0.0751579687703681,1.3457259917687683,1.0349798741526317,False,val_select_seed_median,2026-07-07T12:20:07.177979+00:00,1.2988238334655762,
distance_to_entry_open_post_entry_diagnostic_only,extra_trees_small,42,3,entry_movement,distance_to_entry_open_post_entry_diagnostic_only/extra_trees_small/42/3/entry_movement,24,24,"{'requested_threads': 24, 'n_jobs': 24, 'thread_control': 'n_jobs'}",2026-07-07T12:20:07.268369+00:00,False,completed,False,True,POST_ENTRY_DIAGNOSTIC_ONLY,False,0.1968620243182334,1.4211141125384055,1.3163139018109427,0.1586976948158754,1.330532015542697,1.2334556263944387,0.12934012117077479,1.9295690135920929,1.2756840967760952,True,val_select_seed_median,2026-07-07T12:20:08.204595+00:00,0.9362335205078125,
distance_to_entry_open_post_entry_diagnostic_only,extra_trees_small,43,3,entry_movement,distance_to_entry_open_post_entry_diagnostic_only/extra_trees_small/43/3/entry_movement,24,24,"{'requested_threads': 24, 'n_jobs': 24, 'thread_control': 'n_jobs'}",2026-07-07T12:20:08.295815+00:00,False,completed,False,True,POST_ENTRY_DIAGNOSTIC_ONLY,False,0.20071971329135313,1.3894009087407304,1.3125234755673774,0.15999412444310107,1.3240477746162178,1.2287039580992376,0.14028055421552624,1.9177364351552568,1.2829996710987952,True,val_select_seed_median,2026-07-07T12:20:09.227787+00:00,0.9319794178009033,
distance_to_entry_open_post_entry_diagnostic_only,extra_trees_small,44,3,entry_movement,distance_to_entry_open_post_entry_diagnostic_only/extra_trees_small/44/3/entry_movement,24,24,"{'requested_threads': 24, 'n_jobs': 24, 'thread_control': 'n_jobs'}",2026-07-07T12:20:09.318564+00:00,False,completed,False,True,POST_ENTRY_DIAGNOSTIC_ONLY,False,0.20022484451555353,1.3937638553668432,1.3189058308954997,0.15969761649572528,1.3406426887305642,1.2334286446175013,0.13397119267171093,1.883757970484702,1.2364153123325818,True,val_select_seed_median,2026-07-07T12:20:10.245540+00:00,0.9269838333129883,
distance_to_entry_open_post_entry_diagnostic_only,extra_trees_small,42,6,entry_movement,distance_to_entry_open_post_entry_diagnostic_only/extra_trees_small/42/6/entry_movement,24,24,"{'requested_threads': 24, 'n_jobs': 24, 'thread_control': 'n_jobs'}",2026-07-07T12:20:10.336740+00:00,False,completed,False,True,POST_ENTRY_DIAGNOSTIC_ONLY,False,0.14392364303782973,1.2372905225896795,1.160158592393283,0.10569099308930532,1.1544147977229795,1.078093718990076,0.12583750267807478,1.9824826024539899,1.264794011444034,True,val_select_seed_median,2026-07-07T12:20:11.227938+00:00,0.8912067413330078,
distance_to_entry_open_post_entry_diagnostic_only,extra_trees_small,43,6,entry_movement,distance_to_entry_open_post_entry_diagnostic_only/extra_trees_small/43/6/entry_movement,24,24,"{'requested_threads': 24, 'n_jobs': 24, 'thread_control': 'n_jobs'}",2026-07-07T12:20:11.320561+00:00,False,completed,False,True,POST_ENTRY_DIAGNOSTIC_ONLY,False,0.1460478997742294,1.2238161773793022,1.1479348305646102,0.10550975271898101,1.1836249454152936,1.0961256758469013,0.1252017635039506,1.957635275419111,1.2710738381220077,True,val_select_seed_median,2026-07-07T12:20:12.178736+00:00,0.8581852912902832,
distance_to_entry_open_post_entry_diagnostic_only,extra_trees_small,44,6,entry_movement,distance_to_entry_open_post_entry_diagnostic_only/extra_trees_small/44/6/entry_movement,24,24,"{'requested_threads': 24, 'n_jobs': 24, 'thread_control': 'n_jobs'}",2026-07-07T12:20:12.267569+00:00,False,completed,False,True,POST_ENTRY_DIAGNOSTIC_ONLY,False,0.15083193640174947,1.2412266932067753,1.1676217096536055,0.1041695702024009,1.169954551430659,1.111093656992801,0.11512707513059499,1.9333609367704514,1.235760128948478,True,val_select_seed_median,2026-07-07T12:20:13.127816+00:00,0.8602578639984131,
distance_to_entry_open_post_entry_diagnostic_only,extra_trees_small,42,12,entry_movement,distance_to_entry_open_post_entry_diagnostic_only/extra_trees_small/42/12/entry_movement,24,24,"{'requested_threads': 24, 'n_jobs': 24, 'thread_control': 'n_jobs'}",2026-07-07T12:20:13.216670+00:00,False,completed,False,True,POST_ENTRY_DIAGNOSTIC_ONLY,False,0.02671642478177577,1.0249832020417986,0.9792032834968605,0.05379533769122551,1.0724913333591064,0.9973951243016516,0.0551343892149231,1.3097874446628572,0.9915158500063186,True,val_select_seed_median,2026-07-07T12:20:14.071070+00:00,0.8544120788574219,
distance_to_entry_open_post_entry_diagnostic_only,extra_trees_small,43,12,entry_movement,distance_to_entry_open_post_entry_diagnostic_only/extra_trees_small/43/12/entry_movement,24,24,"{'requested_threads': 24, 'n_jobs': 24, 'thread_control': 'n_jobs'}",2026-07-07T12:20:14.159894+00:00,False,completed,False,True,POST_ENTRY_DIAGNOSTIC_ONLY,False,0.009852555074297014,1.0726189445853127,1.0197937357118103,0.048968577457219865,1.1229051547170399,1.0466142349243939,0.08904711146672632,1.4723791919315452,1.057877725172983,False,val_select_seed_median,2026-07-07T12:20:15.030918+00:00,0.8710353374481201,
distance_to_entry_open_post_entry_diagnostic_only,extra_trees_small,44,12,entry_movement,distance_to_entry_open_post_entry_diagnostic_only/extra_trees_small/44/12/entry_movement,24,24,"{'requested_threads': 24, 'n_jobs': 24, 'thread_control': 'n_jobs'}",2026-07-07T12:20:15.120798+00:00,False,completed,False,True,POST_ENTRY_DIAGNOSTIC_ONLY,False,0.025254867708574193,1.0304728086125001,0.9771972551641921,0.042453563243744094,1.073111115584137,1.0000417081173607,0.07779557889618115,1.432800271123747,1.0698553081802367,True,val_select_seed_median,2026-07-07T12:20:15.992989+00:00,0.8722019195556641,
distance_to_entry_open_post_entry_diagnostic_only,extra_trees_small,42,24,entry_movement,distance_to_entry_open_post_entry_diagnostic_only/extra_trees_small/42/24/entry_movement,24,24,"{'requested_threads': 24, 'n_jobs': 24, 'thread_control': 'n_jobs'}",2026-07-07T12:20:16.081551+00:00,False,completed,False,True,POST_ENTRY_DIAGNOSTIC_ONLY,False,0.03491824783487723,1.0583597709688763,1.0128527344547293,0.06971230416359023,1.1969136480333518,1.1133487723855382,0.09570811278902128,1.6372382315893343,1.1605425375691012,True,val_select_seed_median,2026-07-07T12:20:16.951884+00:00,0.8703434467315674,
distance_to_entry_open_post_entry_diagnostic_only,extra_trees_small,43,24,entry_movement,distance_to_entry_open_post_entry_diagnostic_only/extra_trees_small/43/24/entry_movement,24,24,"{'requested_threads': 24, 'n_jobs': 24, 'thread_control': 'n_jobs'}",2026-07-07T12:20:17.043912+00:00,False,completed,False,True,POST_ENTRY_DIAGNOSTIC_ONLY,False,0.0350102571953169,1.0726145738122799,1.024314219561475,0.07787469034593723,1.1853320002264165,1.1168740821814864,0.13255717188959784,1.743394623965711,1.1751596644846896,True,val_select_seed_median,2026-07-07T12:20:17.915136+00:00,0.8712344169616699,
distance_to_entry_open_post_entry_diagnostic_only,extra_trees_small,44,24,entry_movement,distance_to_entry_open_post_entry_diagnostic_only/extra_trees_small/44/24/entry_movement,24,24,"{'requested_threads': 24, 'n_jobs': 24, 'thread_control': 'n_jobs'}",2026-07-07T12:20:18.014533+00:00,False,completed,False,True,POST_ENTRY_DIAGNOSTIC_ONLY,False,0.03826895667269432,1.086512093606158,1.033290987221771,0.0707593323517034,1.132654211616371,1.0713870972519448,0.09893418214030776,1.9037965767518108,1.3002691119701075,True,val_select_seed_median,2026-07-07T12:20:18.885183+00:00,0.8706603050231934,
nearest_k60_tabular,hist_gradient_boosting,42,3,entry_movement,nearest_k60_tabular/hist_gradient_boosting/42/3/entry_movement,24,24,"{'requested_threads': 24, 'n_jobs': None, 'thread_control': 'not_supported_by_estimator'}",2026-07-07T12:20:18.976599+00:00,False,completed,True,False,PASS,True,0.27528862776055957,1.4554843095029026,1.3120862370786444,0.6220848241028519,2.439200638107093,2.1899140435151074,0.28681864207119834,2.027103824906139,1.4113012508085325,True,val_select_seed_median,2026-07-07T12:22:18.093668+00:00,119.11707997322083,
nearest_k60_tabular,hist_gradient_boosting,43,3,entry_movement,nearest_k60_tabular/hist_gradient_boosting/43/3/entry_movement,24,24,"{'requested_threads': 24, 'n_jobs': None, 'thread_control': 'not_supported_by_estimator'}",2026-07-07T12:22:18.201918+00:00,False,completed,True,False,PASS,True,0.27128532660792676,1.4870554288628146,1.339948578297325,0.6121783427907368,2.237504122742873,1.9987602370519677,0.25905419570910154,2.065372233021105,1.4357431951619555,True,val_select_seed_median,2026-07-07T12:22:25.149509+00:00,6.947601556777954,
nearest_k60_tabular,hist_gradient_boosting,44,3,entry_movement,nearest_k60_tabular/hist_gradient_boosting/44/3/entry_movement,24,24,"{'requested_threads': 24, 'n_jobs': None, 'thread_control': 'not_supported_by_estimator'}",2026-07-07T12:22:25.266001+00:00,False,completed,True,False,PASS,True,0.2703438787532906,1.4709113753389071,1.3389434828953015,0.6159039659667808,2.465005986624482,2.2034385727460992,0.22751560639890492,1.61405021439696,1.2229033442183608,True,val_select_seed_median,2026-07-07T12:22:32.317350+00:00,7.051358699798584,
nearest_k60_tabular,hist_gradient_boosting,42,6,entry_movement,nearest_k60_tabular/hist_gradient_boosting/42/6/entry_movement,24,24,"{'requested_threads': 24, 'n_jobs': None, 'thread_control': 'not_supported_by_estimator'}",2026-07-07T12:22:32.438674+00:00,False,completed,True,False,PASS,True,0.26203095449818886,1.4026066071028056,1.2678326305931165,0.6266402651284431,2.3619012944958264,2.1173913450408626,0.25805380312088533,2.174307140961661,1.5199832583032256,True,val_select_seed_median,2026-07-07T12:22:40.218762+00:00,7.780099868774414,
nearest_k60_tabular,hist_gradient_boosting,43,6,entry_movement,nearest_k60_tabular/hist_gradient_boosting/43/6/entry_movement,24,24,"{'requested_threads': 24, 'n_jobs': None, 'thread_control': 'not_supported_by_estimator'}",2026-07-07T12:22:40.353426+00:00,False,completed,True,False,PASS,True,0.26732115659208305,1.463146167724168,1.32635429505508,0.6227828108739728,2.347733978016935,2.104670679465038,0.2320088797046156,2.1638665856703705,1.4981808021037097,True,val_select_seed_median,2026-07-07T12:22:49.749167+00:00,9.395752429962158,
nearest_k60_tabular,hist_gradient_boosting,44,6,entry_movement,nearest_k60_tabular/hist_gradient_boosting/44/6/entry_movement,24,24,"{'requested_threads': 24, 'n_jobs': None, 'thread_control': 'not_supported_by_estimator'}",2026-07-07T12:22:49.882722+00:00,False,completed,True,False,PASS,True,0.2674424916246128,1.453227835632132,1.302630370826152,0.6294821045795409,2.411417095304163,2.1455131142775934,0.19912143385423436,1.8241150084372868,1.3607815624102824,True,val_select_seed_median,2026-07-07T12:22:58.211192+00:00,8.328481435775757,
nearest_k60_tabular,hist_gradient_boosting,42,12,entry_movement,nearest_k60_tabular/hist_gradient_boosting/42/12/entry_movement,24,24,"{'requested_threads': 24, 'n_jobs': None, 'thread_control': 'not_supported_by_estimator'}",2026-07-07T12:22:58.360345+00:00,False,completed,True,False,PASS,True,0.2473138645049195,1.3951140659444166,1.2527412682248293,0.6480432422657675,2.2400623007850577,2.0220368551922987,0.2013176495433478,2.1142507382432245,1.456419454062096,True,val_select_seed_median,2026-07-07T12:23:07.360341+00:00,9.000006675720215,
nearest_k60_tabular,hist_gradient_boosting,43,12,entry_movement,nearest_k60_tabular/hist_gradient_boosting/43/12/entry_movement,24,24,"{'requested_threads': 24, 'n_jobs': None, 'thread_control': 'not_supported_by_estimator'}",2026-07-07T12:23:07.509208+00:00,False,completed,True,False,PASS,True,0.24682861860503474,1.4054774869421507,1.255824354232789,0.6547747745390954,2.3521669378604537,2.10805388590614,0.19669521024482844,1.8634907164868426,1.3065842970566233,True,val_select_seed_median,2026-07-07T12:23:16.604326+00:00,9.095128774642944,
nearest_k60_tabular,hist_gradient_boosting,44,12,entry_movement,nearest_k60_tabular/hist_gradient_boosting/44/12/entry_movement,24,24,"{'requested_threads': 24, 'n_jobs': None, 'thread_control': 'not_supported_by_estimator'}",2026-07-07T12:23:16.761432+00:00,False,completed,True,False,PASS,True,0.24990816364601232,1.3996144462723035,1.2491049438555106,0.6529503067444854,2.3079935855605886,2.0318599156766792,0.2641611281518497,2.3191607433356003,1.576561939129307,True,val_select_seed_median,2026-07-07T12:23:25.233938+00:00,8.472516059875488,
nearest_k60_tabular,hist_gradient_boosting,42,24,entry_movement,nearest_k60_tabular/hist_gradient_boosting/42/24/entry_movement,24,24,"{'requested_threads': 24, 'n_jobs': None, 'thread_control': 'not_supported_by_estimator'}",2026-07-07T12:23:25.398829+00:00,False,completed,True,False,PASS,True,0.20406911341993914,1.3279052956528452,1.1884560691248742,0.6356638215782607,2.1247092059560355,1.8525117260695216,0.2036854280183621,2.052927674261853,1.4271996676972867,True,val_select_seed_median,2026-07-07T12:23:34.044632+00:00,8.645813703536987,
nearest_k60_tabular,hist_gradient_boosting,43,24,entry_movement,nearest_k60_tabular/hist_gradient_boosting/43/24/entry_movement,24,24,"{'requested_threads': 24, 'n_jobs': None, 'thread_control': 'not_supported_by_estimator'}",2026-07-07T12:23:34.229527+00:00,False,completed,True,False,PASS,True,0.21252214005426184,1.3274004693754509,1.2007847226466635,0.6322657335809265,2.097519422650085,1.8144285189797646,0.30894552661776103,2.5750389166724923,1.6490349864951221,True,val_select_seed_median,2026-07-07T12:23:43.289939+00:00,9.060424566268921,
nearest_k60_tabular,hist_gradient_boosting,44,24,entry_movement,nearest_k60_tabular/hist_gradient_boosting/44/24/entry_movement,24,24,"{'requested_threads': 24, 'n_jobs': None, 'thread_control': 'not_supported_by_estimator'}",2026-07-07T12:23:43.472364+00:00,False,completed,True,False,PASS,True,0.2051047138041606,1.3146719371273783,1.182653955575509,0.6374359402270443,2.0994991630694266,1.8575333128019502,0.20423268475791145,2.1860316325667664,1.4987024248840901,True,val_select_seed_median,2026-07-07T12:23:52.409897+00:00,8.937544345855713,
nearest_k60_tabular,extra_trees_small,42,3,entry_movement,nearest_k60_tabular/extra_trees_small/42/3/entry_movement,24,24,"{'requested_threads': 24, 'n_jobs': 24, 'thread_control': 'n_jobs'}",2026-07-07T12:23:52.586428+00:00,False,completed,True,False,PASS,True,0.2817199435318039,1.4815629966575328,1.3564466857067075,0.6281812554996593,2.2429706891163335,2.0345970063800443,0.1946362448295088,1.9868491351414117,1.3769532379146414,True,val_select_seed_median,2026-07-07T12:23:59.465717+00:00,6.8792994022369385,
nearest_k60_tabular,extra_trees_small,43,3,entry_movement,nearest_k60_tabular/extra_trees_small/43/3/entry_movement,24,24,"{'requested_threads': 24, 'n_jobs': 24, 'thread_control': 'n_jobs'}",2026-07-07T12:23:59.662894+00:00,False,completed,True,False,PASS,True,0.2744984669022602,1.4997789385369622,1.3366103093482622,0.6304946101428395,2.401563123339342,2.1919780374936386,0.19899834905744587,1.8701624175705271,1.2724098799192292,True,val_select_seed_median,2026-07-07T12:24:06.414759+00:00,6.751875638961792,
nearest_k60_tabular,extra_trees_small,44,3,entry_movement,nearest_k60_tabular/extra_trees_small/44/3/entry_movement,24,24,"{'requested_threads': 24, 'n_jobs': 24, 'thread_control': 'n_jobs'}",2026-07-07T12:24:06.622781+00:00,False,completed,True,False,PASS,True,0.27932684808615704,1.5119948004240176,1.3700504975330747,0.6299561084286432,2.4094552811442256,2.1866673142103186,0.2170833683823445,1.9223073390660208,1.4288733544659569,True,val_select_seed_median,2026-07-07T12:24:13.619690+00:00,6.996919631958008,
nearest_k60_tabular,extra_trees_small,42,6,entry_movement,nearest_k60_tabular/extra_trees_small/42/6/entry_movement,24,24,"{'requested_threads': 24, 'n_jobs': 24, 'thread_control': 'n_jobs'}",2026-07-07T12:24:13.829995+00:00,False,completed,True,False,PASS,True,0.26642936150955304,1.4306118829236578,1.2831947989006622,0.6367487375136256,2.318831300398021,2.0745543449702577,0.1975798149306084,2.009466472006813,1.507259378428472,True,val_select_seed_median,2026-07-07T12:24:20.667491+00:00,6.837505578994751,
nearest_k60_tabular,extra_trees_small,43,6,entry_movement,nearest_k60_tabular/extra_trees_small/43/6/entry_movement,24,24,"{'requested_threads': 24, 'n_jobs': 24, 'thread_control': 'n_jobs'}",2026-07-07T12:24:20.871091+00:00,False,completed,True,False,PASS,True,0.26365089762683525,1.4424654142821796,1.2860667899678846,0.6357044181575394,2.279324771248324,2.0603004903578284,0.15519234321118175,1.973174553309533,1.3937539439633047,True,val_select_seed_median,2026-07-07T12:24:27.713614+00:00,6.842534303665161,
nearest_k60_tabular,extra_trees_small,44,6,entry_movement,nearest_k60_tabular/extra_trees_small/44/6/entry_movement,24,24,"{'requested_threads': 24, 'n_jobs': 24, 'thread_control': 'n_jobs'}",2026-07-07T12:24:27.934308+00:00,False,completed,True,False,PASS,True,0.2645836251043189,1.4492719521330606,1.2790952330715741,0.6356038301409377,2.235881062797162,2.0307033477779646,0.16902112975023628,2.0830957934969683,1.4505599579522124,True,val_select_seed_median,2026-07-07T12:24:34.932559+00:00,6.99826192855835,
nearest_k60_tabular,extra_trees_small,42,12,entry_movement,nearest_k60_tabular/extra_trees_small/42/12/entry_movement,24,24,"{'requested_threads': 24, 'n_jobs': 24, 'thread_control': 'n_jobs'}",2026-07-07T12:24:35.149239+00:00,False,completed,True,False,PASS,True,0.2503964252184161,1.4166110889259602,1.2740246486937714,0.6605192822628193,2.295808300593992,2.0421884624468944,0.22695542126428073,2.3530129778784175,1.6084763626030225,True,val_select_seed_median,2026-07-07T12:24:42.320502+00:00,7.171274185180664,
nearest_k60_tabular,extra_trees_small,43,12,entry_movement,nearest_k60_tabular/extra_trees_small/43/12/entry_movement,24,24,"{'requested_threads': 24, 'n_jobs': 24, 'thread_control': 'n_jobs'}",2026-07-07T12:24:42.553212+00:00,False,completed,True,False,PASS,True,0.2476893813213277,1.4029327338886242,1.2684110868042549,0.6578507589966347,2.1807640496574576,1.9658198117184797,0.15299533984133465,2.2597137179994866,1.5710762750030383,True,val_select_seed_median,2026-07-07T12:24:49.415323+00:00,6.8621227741241455,
nearest_k60_tabular,extra_trees_small,44,12,entry_movement,nearest_k60_tabular/extra_trees_small/44/12/entry_movement,24,24,"{'requested_threads': 24, 'n_jobs': 24, 'thread_control': 'n_jobs'}",2026-07-07T12:24:49.660491+00:00,False,completed,True,False,PASS,True,0.24802742600970787,1.4164171082674109,1.2690650471351492,0.658612796428668,2.2165693742493504,1.9853461763974882,0.17297096980800966,2.2920191212784906,1.4724238064057453,True,val_select_seed_median,2026-07-07T12:24:56.860509+00:00,7.200029134750366,
nearest_k60_tabular,extra_trees_small,42,24,entry_movement,nearest_k60_tabular/extra_trees_small/42/24/entry_movement,24,24,"{'requested_threads': 24, 'n_jobs': 24, 'thread_control': 'n_jobs'}",2026-07-07T12:24:57.103606+00:00,False,completed,True,False,PASS,True,0.22962432063629315,1.3595672553566485,1.212546861247927,0.6595576774449554,2.2414859396043476,1.9355719681161938,0.2180978584512017,2.170813782279849,1.477506709271257,True,val_select_seed_median,2026-07-07T12:25:04.100950+00:00,6.997355937957764,
nearest_k60_tabular,extra_trees_small,43,24,entry_movement,nearest_k60_tabular/extra_trees_small/43/24/entry_movement,24,24,"{'requested_threads': 24, 'n_jobs': 24, 'thread_control': 'n_jobs'}",2026-07-07T12:25:04.363748+00:00,False,completed,True,False,PASS,True,0.22652788170194546,1.3323639273769292,1.1929363018988008,0.659992599180035,2.21026320200094,1.91561021710078,0.1748415863303764,2.34200109022753,1.5280675527753396,True,val_select_seed_median,2026-07-07T12:25:11.475038+00:00,7.1113059520721436,
nearest_k60_tabular,extra_trees_small,44,24,entry_movement,nearest_k60_tabular/extra_trees_small/44/24/entry_movement,24,24,"{'requested_threads': 24, 'n_jobs': 24, 'thread_control': 'n_jobs'}",2026-07-07T12:25:11.738026+00:00,False,completed,True,False,PASS,True,0.2281393614236111,1.3568166536758914,1.2078603725998744,0.6612602134879724,2.270466102682829,1.9397565236543666,0.18052444111367635,2.1106649041185155,1.371562242297644,True,val_select_seed_median,2026-07-07T12:25:18.864711+00:00,7.1266984939575195,
nearest_k80_tabular,hist_gradient_boosting,42,3,entry_movement,nearest_k80_tabular/hist_gradient_boosting/42/3/entry_movement,24,24,"{'requested_threads': 24, 'n_jobs': None, 'thread_control': 'not_supported_by_estimator'}",2026-07-07T12:25:19.144117+00:00,False,completed,True,False,PASS,True,0.2711162150942785,1.4510235984169404,1.3085230028182722,0.6193099167057852,2.4778364852428876,2.181733667405581,0.291710067501766,1.9558760294609854,1.3757459040721152,True,val_select_seed_median,2026-07-07T12:27:40.349572+00:00,141.20546531677246,
nearest_k80_tabular,hist_gradient_boosting,43,3,entry_movement,nearest_k80_tabular/hist_gradient_boosting/43/3/entry_movement,24,24,"{'requested_threads': 24, 'n_jobs': None, 'thread_control': 'not_supported_by_estimator'}",2026-07-07T12:27:40.633358+00:00,False,completed,True,False,PASS,True,0.271250293039078,1.4537402277326323,1.3382102571967847,0.6200802860568196,2.398314746563996,2.169406966775692,0.2305270794251399,1.8637664751578338,1.246296642344689,True,val_select_seed_median,2026-07-07T12:27:49.607633+00:00,8.974286079406738,
nearest_k80_tabular,hist_gradient_boosting,44,3,entry_movement,nearest_k80_tabular/hist_gradient_boosting/44/3/entry_movement,24,24,"{'requested_threads': 24, 'n_jobs': None, 'thread_control': 'not_supported_by_estimator'}",2026-07-07T12:27:49.894382+00:00,False,completed,True,False,PASS,True,0.27238660629332734,1.465685517747202,1.3193807342258408,0.6172161730628143,2.4379137164010207,2.1684433589888283,0.2653999591341481,1.8490683708056168,1.3568648417849964,True,val_select_seed_median,2026-07-07T12:28:00.971396+00:00,11.077026128768921,
nearest_k80_tabular,hist_gradient_boosting,42,6,entry_movement,nearest_k80_tabular/hist_gradient_boosting/42/6/entry_movement,24,24,"{'requested_threads': 24, 'n_jobs': None, 'thread_control': 'not_supported_by_estimator'}",2026-07-07T12:28:01.271332+00:00,False,completed,True,False,PASS,True,0.25334449295679007,1.4225219273992473,1.2607691375706485,0.6176138780002115,2.1997681152867314,1.9684332064641734,0.2164443562020937,1.8860575061820295,1.3302356028035327,True,val_select_seed_median,2026-07-07T12:28:12.543599+00:00,11.272279977798462,
nearest_k80_tabular,hist_gradient_boosting,43,6,entry_movement,nearest_k80_tabular/hist_gradient_boosting/43/6/entry_movement,24,24,"{'requested_threads': 24, 'n_jobs': None, 'thread_control': 'not_supported_by_estimator'}",2026-07-07T12:28:12.846791+00:00,False,completed,True,False,PASS,True,0.2562270632388927,1.4351068073858684,1.2912659272873994,0.6278204489182593,2.439413439280766,2.1677288730967788,0.22944163023951933,1.7681147389830238,1.3529676689131516,True,val_select_seed_median,2026-07-07T12:28:24.600345+00:00,11.753565311431885,
nearest_k80_tabular,hist_gradient_boosting,44,6,entry_movement,nearest_k80_tabular/hist_gradient_boosting/44/6/entry_movement,24,24,"{'requested_threads': 24, 'n_jobs': None, 'thread_control': 'not_supported_by_estimator'}",2026-07-07T12:28:24.912332+00:00,False,completed,True,False,PASS,True,0.2613330370058047,1.4715050935220622,1.3140169173051532,0.6341749926307896,2.443049516358713,2.1741206499013446,0.18804326414668007,1.8854028406510692,1.3549655017205757,True,val_select_seed_median,2026-07-07T12:28:36.493174+00:00,11.58085298538208,
nearest_k80_tabular,hist_gradient_boosting,42,12,entry_movement,nearest_k80_tabular/hist_gradient_boosting/42/12/entry_movement,24,24,"{'requested_threads': 24, 'n_jobs': None, 'thread_control': 'not_supported_by_estimator'}",2026-07-07T12:28:36.818514+00:00,False,completed,True,False,PASS,True,0.23928308816672847,1.3675907250082802,1.2622926738183013,0.645281520697448,2.3775926744978895,2.099458957879482,0.1360783919974524,2.061973095190139,1.4334878828289264,True,val_select_seed_median,2026-07-07T12:28:48.841264+00:00,12.022761344909668,
nearest_k80_tabular,hist_gradient_boosting,43,12,entry_movement,nearest_k80_tabular/hist_gradient_boosting/43/12/entry_movement,24,24,"{'requested_threads': 24, 'n_jobs': None, 'thread_control': 'not_supported_by_estimator'}",2026-07-07T12:28:49.172738+00:00,False,completed,True,False,PASS,True,0.24273654022942837,1.3665489703389513,1.23950096864339,0.6372979162495921,2.3372119534819062,2.0597057629196263,0.1973413438574216,2.316608003810077,1.615224549742892,True,val_select_seed_median,2026-07-07T12:29:01.135632+00:00,11.962904691696167,
nearest_k80_tabular,hist_gradient_boosting,44,12,entry_movement,nearest_k80_tabular/hist_gradient_boosting/44/12/entry_movement,24,24,"{'requested_threads': 24, 'n_jobs': None, 'thread_control': 'not_supported_by_estimator'}",2026-07-07T12:29:01.478518+00:00,False,completed,True,False,PASS,True,0.2366086919098853,1.378349897122311,1.2608757377684987,0.6423834387268583,2.302240774428159,2.023262766812316,0.18903565003832828,2.315945994344116,1.5643468122633855,True,val_select_seed_median,2026-07-07T12:29:13.655540+00:00,12.177033424377441,
nearest_k80_tabular,hist_gradient_boosting,42,24,entry_movement,nearest_k80_tabular/hist_gradient_boosting/42/24/entry_movement,24,24,"{'requested_threads': 24, 'n_jobs': None, 'thread_control': 'not_supported_by_estimator'}",2026-07-07T12:29:14.006859+00:00,False,completed,True,False,PASS,True,0.1803425015721055,1.2751939362118234,1.1524385498376102,0.6163548699178973,2.192025221834266,1.8358860702079511,0.18589867766288537,2.0961880266842607,1.4398645741391662,True,val_select_seed_median,2026-07-07T12:29:26.752607+00:00,12.745759010314941,
nearest_k80_tabular,hist_gradient_boosting,43,24,entry_movement,nearest_k80_tabular/hist_gradient_boosting/43/24/entry_movement,24,24,"{'requested_threads': 24, 'n_jobs': None, 'thread_control': 'not_supported_by_estimator'}",2026-07-07T12:29:27.103590+00:00,False,completed,True,False,PASS,True,0.19464686405644072,1.277550751187704,1.1400883649148328,0.5987378420775452,1.9048961826277213,1.5941096877574619,0.1786549045333663,2.2099120277392528,1.3781399262594,True,val_select_seed_median,2026-07-07T12:29:40.147654+00:00,13.044076681137085,
nearest_k80_tabular,hist_gradient_boosting,44,24,entry_movement,nearest_k80_tabular/hist_gradient_boosting/44/24/entry_movement,24,24,"{'requested_threads': 24, 'n_jobs': None, 'thread_control': 'not_supported_by_estimator'}",2026-07-07T12:29:40.514270+00:00,False,completed,True,False,PASS,True,0.18134033858751336,1.2785463318169608,1.1454495945066596,0.612844691333813,2.174001352335432,1.806201926483324,0.18498216239629386,2.1127480442834012,1.4533101916046147,True,val_select_seed_median,2026-07-07T12:29:53.483790+00:00,12.969531774520874,
nearest_k80_tabular,extra_trees_small,42,3,entry_movement,nearest_k80_tabular/extra_trees_small/42/3/entry_movement,24,24,"{'requested_threads': 24, 'n_jobs': 24, 'thread_control': 'n_jobs'}",2026-07-07T12:29:53.858470+00:00,False,completed,True,False,PASS,True,0.27716919497634285,1.458512776337026,1.313311991243211,0.6310711884457519,2.4390805918732394,2.2050389038468574,0.27317250209570926,2.132350674418416,1.519991561682266,True,val_select_seed_median,2026-07-07T12:30:03.075949+00:00,9.21748948097229,
nearest_k80_tabular,extra_trees_small,43,3,entry_movement,nearest_k80_tabular/extra_trees_small/43/3/entry_movement,24,24,"{'requested_threads': 24, 'n_jobs': 24, 'thread_control': 'n_jobs'}",2026-07-07T12:30:03.464346+00:00,False,completed,True,False,PASS,True,0.27656612634234135,1.4777386884835275,1.3409456382336034,0.6317178637413978,2.496286395262336,2.239008617913143,0.16789068334257773,2.0129297394791537,1.4414750678366768,True,val_select_seed_median,2026-07-07T12:30:12.370938+00:00,8.90660285949707,
nearest_k80_tabular,extra_trees_small,44,3,entry_movement,nearest_k80_tabular/extra_trees_small/44/3/entry_movement,24,24,"{'requested_threads': 24, 'n_jobs': 24, 'thread_control': 'n_jobs'}",2026-07-07T12:30:12.759105+00:00,False,completed,True,False,PASS,True,0.2799781032591172,1.4959095730350707,1.3584116180160366,0.6315079681503063,2.4515000273546743,2.1982511592144487,0.1666890008949466,1.9220432523787643,1.322393652694124,True,val_select_seed_median,2026-07-07T12:30:21.710905+00:00,8.951811075210571,
nearest_k80_tabular,extra_trees_small,42,6,entry_movement,nearest_k80_tabular/extra_trees_small/42/6/entry_movement,24,24,"{'requested_threads': 24, 'n_jobs': 24, 'thread_control': 'n_jobs'}",2026-07-07T12:30:22.114414+00:00,False,completed,True,False,PASS,True,0.26151370490100917,1.4572467224732202,1.2996813549682384,0.6365454482823011,2.276486719027253,2.0223118484321505,0.2017671676023416,1.9901368883940476,1.358800503033717,True,val_select_seed_median,2026-07-07T12:30:31.204178+00:00,9.08977484703064,
nearest_k80_tabular,extra_trees_small,43,6,entry_movement,nearest_k80_tabular/extra_trees_small/43/6/entry_movement,24,24,"{'requested_threads': 24, 'n_jobs': 24, 'thread_control': 'n_jobs'}",2026-07-07T12:30:31.620461+00:00,False,completed,True,False,PASS,True,0.26187446932862796,1.431343753974821,1.2913869445150716,0.6365886078006361,2.2640693696460694,2.0095204117783325,0.1805982351957205,1.9019372301318294,1.2901920847545838,True,val_select_seed_median,2026-07-07T12:30:40.819626+00:00,9.199177026748657,
nearest_k80_tabular,extra_trees_small,44,6,entry_movement,nearest_k80_tabular/extra_trees_small/44/6/entry_movement,24,24,"{'requested_threads': 24, 'n_jobs': 24, 'thread_control': 'n_jobs'}",2026-07-07T12:30:41.254465+00:00,False,completed,True,False,PASS,True,0.26610385089202215,1.436926686647359,1.3008840366426608,0.636862855620305,2.3114192443516393,2.0482916029650178,0.16912943057118254,1.9267902281287477,1.3815946434327868,True,val_select_seed_median,2026-07-07T12:30:50.524096+00:00,9.269640922546387,
nearest_k80_tabular,extra_trees_small,42,12,entry_movement,nearest_k80_tabular/extra_trees_small/42/12/entry_movement,24,24,"{'requested_threads': 24, 'n_jobs': 24, 'thread_control': 'n_jobs'}",2026-07-07T12:30:50.965316+00:00,False,completed,True,False,PASS,True,0.2439446280745601,1.388585389836856,1.2510934797705475,0.6573102772171711,2.3184026479749686,2.049750320188199,0.20045510503946293,2.2622954551089545,1.532934383949754,True,val_select_seed_median,2026-07-07T12:31:00.130047+00:00,9.16474175453186,
nearest_k80_tabular,extra_trees_small,43,12,entry_movement,nearest_k80_tabular/extra_trees_small/43/12/entry_movement,24,24,"{'requested_threads': 24, 'n_jobs': 24, 'thread_control': 'n_jobs'}",2026-07-07T12:31:00.579321+00:00,False,completed,True,False,PASS,True,0.2542242405660675,1.4177909636750177,1.2868118019917545,0.656475265151049,2.2161164240000053,1.984720475682932,0.18882230320713944,2.0565050953648374,1.401047644027628,True,val_select_seed_median,2026-07-07T12:31:09.836770+00:00,9.257463216781616,
nearest_k80_tabular,extra_trees_small,44,12,entry_movement,nearest_k80_tabular/extra_trees_small/44/12/entry_movement,24,24,"{'requested_threads': 24, 'n_jobs': 24, 'thread_control': 'n_jobs'}",2026-07-07T12:31:10.301969+00:00,False,completed,True,False,PASS,True,0.25474258591414106,1.4332251879026459,1.301203789172138,0.6552196638485254,2.184614975313503,1.9625238368757414,0.1984549558561039,2.0971725507326746,1.4187612526009772,True,val_select_seed_median,2026-07-07T12:31:19.713748+00:00,9.411792278289795,
nearest_k80_tabular,extra_trees_small,42,24,entry_movement,nearest_k80_tabular/extra_trees_small/42/24/entry_movement,24,24,"{'requested_threads': 24, 'n_jobs': 24, 'thread_control': 'n_jobs'}",2026-07-07T12:31:20.179056+00:00,False,completed,True,False,PASS,True,0.2300962004890884,1.339640210363176,1.2047526538571371,0.6651598598126475,2.388054377986906,2.0479095519461294,0.2032478854007246,2.2797854160865887,1.4994170082895149,True,val_select_seed_median,2026-07-07T12:31:29.188106+00:00,9.009061574935913,
nearest_k80_tabular,extra_trees_small,43,24,entry_movement,nearest_k80_tabular/extra_trees_small/43/24/entry_movement,24,24,"{'requested_threads': 24, 'n_jobs': 24, 'thread_control': 'n_jobs'}",2026-07-07T12:31:29.658752+00:00,False,completed,True,False,PASS,True,0.2286739632940799,1.3278600455892224,1.1880888555091906,0.662120155205404,2.2229882180719,1.916753928237147,0.23040075176694377,2.389996299035277,1.5663916022466744,True,val_select_seed_median,2026-07-07T12:31:38.491090+00:00,8.832348823547363,
nearest_k80_tabular,extra_trees_small,44,24,entry_movement,nearest_k80_tabular/extra_trees_small/44/24/entry_movement,24,24,"{'requested_threads': 24, 'n_jobs': 24, 'thread_control': 'n_jobs'}",2026-07-07T12:31:38.974280+00:00,False,completed,True,False,PASS,True,0.22650184971114032,1.3204293360608144,1.1804475255439442,0.6627912485417573,2.3627442824097873,2.0396999675978447,0.22231962890420418,2.4574156718984406,1.5782994436014246,True,val_select_seed_median,2026-07-07T12:31:48.054608+00:00,9.080337047576904,
nearest_k60_no_price_coord_tabular,hist_gradient_boosting,42,3,entry_movement,nearest_k60_no_price_coord_tabular/hist_gradient_boosting/42/3/entry_movement,24,24,"{'requested_threads': 24, 'n_jobs': None, 'thread_control': 'not_supported_by_estimator'}",2026-07-07T12:31:48.554312+00:00,False,completed,True,False,PASS,True,0.27314795442840484,1.4529070542439622,1.313690017446357,0.6224983424619823,2.5343571799427287,2.26936327606542,0.27927509427934955,2.0453208671394885,1.3696567294682886,True,val_select_seed_median,2026-07-07T12:33:48.450519+00:00,119.89621829986572,
nearest_k60_no_price_coord_tabular,hist_gradient_boosting,43,3,entry_movement,nearest_k60_no_price_coord_tabular/hist_gradient_boosting/43/3/entry_movement,24,24,"{'requested_threads': 24, 'n_jobs': None, 'thread_control': 'not_supported_by_estimator'}",2026-07-07T12:33:48.948284+00:00,False,completed,True,False,PASS,True,0.27121462973366683,1.439922729455902,1.2990977099843377,0.6196982657330387,2.4478289163794873,2.16703903468992,0.24603028644103828,1.7738557884491306,1.4085156046012515,True,val_select_seed_median,2026-07-07T12:33:54.851739+00:00,5.903465747833252,
nearest_k60_no_price_coord_tabular,hist_gradient_boosting,44,3,entry_movement,nearest_k60_no_price_coord_tabular/hist_gradient_boosting/44/3/entry_movement,24,24,"{'requested_threads': 24, 'n_jobs': None, 'thread_control': 'not_supported_by_estimator'}",2026-07-07T12:33:55.344860+00:00,False,completed,True,False,PASS,True,0.2685391332457453,1.4428507464678144,1.3085273512784346,0.6182215603732368,2.503412716642061,2.257494325824989,0.2102596100874056,1.6687213992673056,1.2603529975763679,True,val_select_seed_median,2026-07-07T12:34:01.399367+00:00,6.054517984390259,
nearest_k60_no_price_coord_tabular,hist_gradient_boosting,42,6,entry_movement,nearest_k60_no_price_coord_tabular/hist_gradient_boosting/42/6/entry_movement,24,24,"{'requested_threads': 24, 'n_jobs': None, 'thread_control': 'not_supported_by_estimator'}",2026-07-07T12:34:01.921641+00:00,False,completed,True,False,PASS,True,0.2668260371444414,1.41808202684726,1.287816155316487,0.6335511248357686,2.5085625563633407,2.2910770024179348,0.21537576262782046,2.065595817531677,1.2908302844539006,True,val_select_seed_median,2026-07-07T12:34:08.068144+00:00,6.146514177322388,
nearest_k60_no_price_coord_tabular,hist_gradient_boosting,43,6,entry_movement,nearest_k60_no_price_coord_tabular/hist_gradient_boosting/43/6/entry_movement,24,24,"{'requested_threads': 24, 'n_jobs': None, 'thread_control': 'not_supported_by_estimator'}",2026-07-07T12:34:08.574444+00:00,False,completed,True,False,PASS,True,0.26422917063359985,1.392804608430986,1.279464559699158,0.6314227241204374,2.512265764110256,2.256179453220543,0.2636646402354256,1.9869573143173405,1.3775230677783494,True,val_select_seed_median,2026-07-07T12:34:15.605334+00:00,7.030900716781616,
nearest_k60_no_price_coord_tabular,hist_gradient_boosting,44,6,entry_movement,nearest_k60_no_price_coord_tabular/hist_gradient_boosting/44/6/entry_movement,24,24,"{'requested_threads': 24, 'n_jobs': None, 'thread_control': 'not_supported_by_estimator'}",2026-07-07T12:34:16.106697+00:00,False,completed,True,False,PASS,True,0.26688540070437217,1.4179110414423983,1.2994028070945123,0.6286857264989953,2.37008862367458,2.1559448011457656,0.2119817851132376,1.8918054489691685,1.2930157761757413,True,val_select_seed_median,2026-07-07T12:34:22.142736+00:00,6.036048889160156,
nearest_k60_no_price_coord_tabular,hist_gradient_boosting,42,12,entry_movement,nearest_k60_no_price_coord_tabular/hist_gradient_boosting/42/12/entry_movement,24,24,"{'requested_threads': 24, 'n_jobs': None, 'thread_control': 'not_supported_by_estimator'}",2026-07-07T12:34:22.657858+00:00,False,completed,True,False,PASS,True,0.24911280761910407,1.3824477027241744,1.25540135105792,0.6505753735166714,2.3432995581092264,2.084186877274699,0.17887718925171503,1.4801003873491905,1.0184318662891316,True,val_select_seed_median,2026-07-07T12:34:30.136246+00:00,7.478399276733398,
nearest_k60_no_price_coord_tabular,hist_gradient_boosting,43,12,entry_movement,nearest_k60_no_price_coord_tabular/hist_gradient_boosting/43/12/entry_movement,24,24,"{'requested_threads': 24, 'n_jobs': None, 'thread_control': 'not_supported_by_estimator'}",2026-07-07T12:34:30.658561+00:00,False,completed,True,False,PASS,True,0.2527799287150669,1.3853024839092363,1.2459179930600537,0.6539396885612017,2.3019030886766214,2.064220170515231,0.13415898946572616,1.632197360302949,1.175027595204677,True,val_select_seed_median,2026-07-07T12:34:38.236273+00:00,7.577721834182739,
nearest_k60_no_price_coord_tabular,hist_gradient_boosting,44,12,entry_movement,nearest_k60_no_price_coord_tabular/hist_gradient_boosting/44/12/entry_movement,24,24,"{'requested_threads': 24, 'n_jobs': None, 'thread_control': 'not_supported_by_estimator'}",2026-07-07T12:34:38.761386+00:00,False,completed,True,False,PASS,True,0.25830197622441126,1.3785005426084442,1.2563605840155532,0.6490450442812546,2.3223345005431884,2.0677987971698775,0.20516849298591774,1.9695952082190495,1.3783306523625463,True,val_select_seed_median,2026-07-07T12:34:46.242860+00:00,7.4814863204956055,
nearest_k60_no_price_coord_tabular,hist_gradient_boosting,42,24,entry_movement,nearest_k60_no_price_coord_tabular/hist_gradient_boosting/42/24/entry_movement,24,24,"{'requested_threads': 24, 'n_jobs': None, 'thread_control': 'not_supported_by_estimator'}",2026-07-07T12:34:46.777202+00:00,False,completed,True,False,PASS,True,0.22808383441273747,1.3407946221726597,1.2191062005382904,0.640983531529452,2.187680579293711,1.89800870262753,0.20378073655860224,1.9588828261071287,1.4059579426541613,True,val_select_seed_median,2026-07-07T12:34:54.389044+00:00,7.611853361129761,
nearest_k60_no_price_coord_tabular,hist_gradient_boosting,43,24,entry_movement,nearest_k60_no_price_coord_tabular/hist_gradient_boosting/43/24/entry_movement,24,24,"{'requested_threads': 24, 'n_jobs': None, 'thread_control': 'not_supported_by_estimator'}",2026-07-07T12:34:54.915180+00:00,False,completed,True,False,PASS,True,0.21373876775940898,1.3534522333414944,1.2335214958167195,0.6456459469999853,2.0065933142905483,1.8097764438136585,0.20473088166271125,1.77570593522826,1.3424551019573685,True,val_select_seed_median,2026-07-07T12:35:02.743083+00:00,7.827913999557495,
nearest_k60_no_price_coord_tabular,hist_gradient_boosting,44,24,entry_movement,nearest_k60_no_price_coord_tabular/hist_gradient_boosting/44/24/entry_movement,24,24,"{'requested_threads': 24, 'n_jobs': None, 'thread_control': 'not_supported_by_estimator'}",2026-07-07T12:35:03.277025+00:00,False,completed,True,False,PASS,True,0.22005609103294607,1.3656662692694699,1.240272043910522,0.6453142511305362,2.0643216607713994,1.8168536810178284,0.16000597574714068,1.7530316799194312,1.2798198286692106,True,val_select_seed_median,2026-07-07T12:35:11.179907+00:00,7.902895450592041,
nearest_k60_no_price_coord_tabular,extra_trees_small,42,3,entry_movement,nearest_k60_no_price_coord_tabular/extra_trees_small/42/3/entry_movement,24,24,"{'requested_threads': 24, 'n_jobs': 24, 'thread_control': 'n_jobs'}",2026-07-07T12:35:11.715987+00:00,False,completed,True,False,PASS,True,0.27637752076734634,1.4954275460455648,1.3487919746082835,0.6259255119054599,2.4196820194374484,2.227892520037207,0.1640040486356195,1.2638087583414763,1.0455921430487207,True,val_select_seed_median,2026-07-07T12:35:18.195836+00:00,6.479859352111816,
nearest_k60_no_price_coord_tabular,extra_trees_small,43,3,entry_movement,nearest_k60_no_price_coord_tabular/extra_trees_small/43/3/entry_movement,24,24,"{'requested_threads': 24, 'n_jobs': 24, 'thread_control': 'n_jobs'}",2026-07-07T12:35:18.738120+00:00,False,completed,True,False,PASS,True,0.27388993223907426,1.4614454995842345,1.3433977298374014,0.624677216414108,2.41326832398516,2.2159166778018218,0.09923876598133573,1.231131380776575,1.047949056603968,True,val_select_seed_median,2026-07-07T12:35:25.138385+00:00,6.400275707244873,
nearest_k60_no_price_coord_tabular,extra_trees_small,44,3,entry_movement,nearest_k60_no_price_coord_tabular/extra_trees_small/44/3/entry_movement,24,24,"{'requested_threads': 24, 'n_jobs': 24, 'thread_control': 'n_jobs'}",2026-07-07T12:35:25.686967+00:00,False,completed,True,False,PASS,True,0.27752913930801776,1.47454670978113,1.34188299564248,0.6276065372860351,2.5492088606098093,2.305406699629222,0.13234153451017605,1.4489320853290424,1.190756355515204,True,val_select_seed_median,2026-07-07T12:35:32.091654+00:00,6.40469765663147,
nearest_k60_no_price_coord_tabular,extra_trees_small,42,6,entry_movement,nearest_k60_no_price_coord_tabular/extra_trees_small/42/6/entry_movement,24,24,"{'requested_threads': 24, 'n_jobs': 24, 'thread_control': 'n_jobs'}",2026-07-07T12:35:32.641901+00:00,False,completed,True,False,PASS,True,0.2568684769474678,1.4193424969829778,1.2830417939238712,0.636683461807935,2.3763670553354137,2.164068563735192,0.19686768855098635,1.5419284544166623,1.1750218198787319,True,val_select_seed_median,2026-07-07T12:35:38.997758+00:00,6.355867147445679,
nearest_k60_no_price_coord_tabular,extra_trees_small,43,6,entry_movement,nearest_k60_no_price_coord_tabular/extra_trees_small/43/6/entry_movement,24,24,"{'requested_threads': 24, 'n_jobs': 24, 'thread_control': 'n_jobs'}",2026-07-07T12:35:39.536327+00:00,False,completed,True,False,PASS,True,0.26181413351435784,1.4169928113745467,1.2752278667494925,0.6388824421707152,2.408416455305272,2.1705441435991295,0.10929755440718494,1.576311213547099,1.2223092891176262,True,val_select_seed_median,2026-07-07T12:35:45.943078+00:00,6.40676212310791,
nearest_k60_no_price_coord_tabular,extra_trees_small,44,6,entry_movement,nearest_k60_no_price_coord_tabular/extra_trees_small/44/6/entry_movement,24,24,"{'requested_threads': 24, 'n_jobs': 24, 'thread_control': 'n_jobs'}",2026-07-07T12:35:46.493406+00:00,False,completed,True,False,PASS,True,0.25636478914062405,1.3947838035276443,1.2631922774218853,0.636799826495392,2.4143474667497213,2.18224804253269,0.07145452542893929,1.3671072311979102,1.1537429674003434,True,val_select_seed_median,2026-07-07T12:35:52.766407+00:00,6.273011684417725,
nearest_k60_no_price_coord_tabular,extra_trees_small,42,12,entry_movement,nearest_k60_no_price_coord_tabular/extra_trees_small/42/12/entry_movement,24,24,"{'requested_threads': 24, 'n_jobs': 24, 'thread_control': 'n_jobs'}",2026-07-07T12:35:53.320236+00:00,False,completed,True,False,PASS,True,0.24791439348044075,1.3989384174212967,1.2850817511113444,0.656888014287562,2.186411504269432,1.9696874922043037,0.0751685115434989,1.3562488831543291,1.1071211596326642,True,val_select_seed_median,2026-07-07T12:35:59.644485+00:00,6.32425856590271,
nearest_k60_no_price_coord_tabular,extra_trees_small,43,12,entry_movement,nearest_k60_no_price_coord_tabular/extra_trees_small/43/12/entry_movement,24,24,"{'requested_threads': 24, 'n_jobs': 24, 'thread_control': 'n_jobs'}",2026-07-07T12:36:00.205578+00:00,False,completed,True,False,PASS,True,0.2514169774006604,1.4119127200355783,1.281986330884875,0.6583580817958377,2.2793745370775165,2.049700066156295,0.10069407431989658,1.5228933215898566,1.1403621718600767,True,val_select_seed_median,2026-07-07T12:36:06.577722+00:00,6.372153997421265,
nearest_k60_no_price_coord_tabular,extra_trees_small,44,12,entry_movement,nearest_k60_no_price_coord_tabular/extra_trees_small/44/12/entry_movement,24,24,"{'requested_threads': 24, 'n_jobs': 24, 'thread_control': 'n_jobs'}",2026-07-07T12:36:07.148431+00:00,False,completed,True,False,PASS,True,0.2502487682904073,1.3888111494869957,1.2720117203623516,0.6559475545136372,2.2809166365534064,2.0614908229750113,0.14618773861555576,1.4034273750966502,1.0685647420781863,True,val_select_seed_median,2026-07-07T12:36:13.432483+00:00,6.284062623977661,
nearest_k60_no_price_coord_tabular,extra_trees_small,42,24,entry_movement,nearest_k60_no_price_coord_tabular/extra_trees_small/42/24/entry_movement,24,24,"{'requested_threads': 24, 'n_jobs': 24, 'thread_control': 'n_jobs'}",2026-07-07T12:36:13.981120+00:00,False,completed,True,False,PASS,True,0.24998779770724563,1.3801197599181576,1.2615421984760475,0.6607564216589944,2.1749146481373693,1.9414992274704705,0.05696317652648997,1.2021837141511298,0.9721157691207297,True,val_select_seed_median,2026-07-07T12:36:20.618534+00:00,6.637424945831299,
nearest_k60_no_price_coord_tabular,extra_trees_small,43,24,entry_movement,nearest_k60_no_price_coord_tabular/extra_trees_small/43/24/entry_movement,24,24,"{'requested_threads': 24, 'n_jobs': 24, 'thread_control': 'n_jobs'}",2026-07-07T12:36:21.191057+00:00,False,completed,True,False,PASS,True,0.24951543131566148,1.410557824814177,1.280951057500698,0.6577112851662871,2.098668843984458,1.84479118412268,0.022174842670045138,1.1576008253619212,0.8718995350736916,True,val_select_seed_median,2026-07-07T12:36:27.689032+00:00,6.497985124588013,
nearest_k60_no_price_coord_tabular,extra_trees_small,44,24,entry_movement,nearest_k60_no_price_coord_tabular/extra_trees_small/44/24/entry_movement,24,24,"{'requested_threads': 24, 'n_jobs': 24, 'thread_control': 'n_jobs'}",2026-07-07T12:36:28.301358+00:00,False,completed,True,False,PASS,True,0.24425666353369993,1.3826280924042103,1.2640475173008772,0.6575339551007947,2.1289207187337134,1.8632376926360914,0.00802482991330166,1.2100888011030342,0.9160553682430338,True,val_select_seed_median,2026-07-07T12:36:34.610431+00:00,6.309083700180054,
nearest_k80_no_price_coord_tabular,hist_gradient_boosting,42,3,entry_movement,nearest_k80_no_price_coord_tabular/hist_gradient_boosting/42/3/entry_movement,24,24,"{'requested_threads': 24, 'n_jobs': None, 'thread_control': 'not_supported_by_estimator'}",2026-07-07T12:36:35.194437+00:00,False,completed,True,False,PASS,True,0.26981925601997764,1.4567991992433627,1.3222109476975046,0.6241302248972885,2.5522106847870885,2.3002053548821584,0.23735864151046315,2.109950891562421,1.4019101049568712,True,val_select_seed_median,2026-07-07T12:38:59.841774+00:00,144.64734983444214,
nearest_k80_no_price_coord_tabular,hist_gradient_boosting,43,3,entry_movement,nearest_k80_no_price_coord_tabular/hist_gradient_boosting/43/3/entry_movement,24,24,"{'requested_threads': 24, 'n_jobs': None, 'thread_control': 'not_supported_by_estimator'}",2026-07-07T12:39:00.450313+00:00,False,completed,True,False,PASS,True,0.2624940135150361,1.41594068733255,1.2849954935472094,0.6219709650184204,2.412649290073371,2.208501693502105,0.27738767672100284,1.8076519653977523,1.3083708884610508,True,val_select_seed_median,2026-07-07T12:39:08.116707+00:00,7.666404724121094,
nearest_k80_no_price_coord_tabular,hist_gradient_boosting,44,3,entry_movement,nearest_k80_no_price_coord_tabular/hist_gradient_boosting/44/3/entry_movement,24,24,"{'requested_threads': 24, 'n_jobs': None, 'thread_control': 'not_supported_by_estimator'}",2026-07-07T12:39:08.717578+00:00,False,completed,True,False,PASS,True,0.2751411616359855,1.431154226637922,1.3012072079059323,0.6172291800261244,2.5642879148960143,2.2914628340836174,0.2503991437040942,1.692612244056983,1.3053928518270101,True,val_select_seed_median,2026-07-07T12:39:19.199305+00:00,10.48173975944519,
nearest_k80_no_price_coord_tabular,hist_gradient_boosting,42,6,entry_movement,nearest_k80_no_price_coord_tabular/hist_gradient_boosting/42/6/entry_movement,24,24,"{'requested_threads': 24, 'n_jobs': None, 'thread_control': 'not_supported_by_estimator'}",2026-07-07T12:39:19.801657+00:00,False,completed,True,False,PASS,True,0.2544703745145424,1.3899566559327627,1.2621711935077198,0.6325989027632282,2.4591723195105826,2.2182561411568584,0.19684813423874004,1.6948215698735904,1.259522876597766,True,val_select_seed_median,2026-07-07T12:39:29.235663+00:00,9.434016704559326,
nearest_k80_no_price_coord_tabular,hist_gradient_boosting,43,6,entry_movement,nearest_k80_no_price_coord_tabular/hist_gradient_boosting/43/6/entry_movement,24,24,"{'requested_threads': 24, 'n_jobs': None, 'thread_control': 'not_supported_by_estimator'}",2026-07-07T12:39:29.854590+00:00,False,completed,True,False,PASS,True,0.2634579472027583,1.3644484105392367,1.2382599145530186,0.6289758213961192,2.521438652538406,2.2558452659821135,0.24474286581360327,1.8794339033920235,1.2878372850397637,True,val_select_seed_median,2026-07-07T12:39:40.642437+00:00,10.787860870361328,
nearest_k80_no_price_coord_tabular,hist_gradient_boosting,44,6,entry_movement,nearest_k80_no_price_coord_tabular/hist_gradient_boosting/44/6/entry_movement,24,24,"{'requested_threads': 24, 'n_jobs': None, 'thread_control': 'not_supported_by_estimator'}",2026-07-07T12:39:41.278088+00:00,False,completed,True,False,PASS,True,0.2588923630209619,1.4038595020663391,1.282206181514737,0.6333445566189053,2.4421683574759037,2.2002106204995284,0.182523376454819,1.8008225600894,1.2067011281333335,True,val_select_seed_median,2026-07-07T12:39:52.449500+00:00,11.171424865722656,
nearest_k80_no_price_coord_tabular,hist_gradient_boosting,42,12,entry_movement,nearest_k80_no_price_coord_tabular/hist_gradient_boosting/42/12/entry_movement,24,24,"{'requested_threads': 24, 'n_jobs': None, 'thread_control': 'not_supported_by_estimator'}",2026-07-07T12:39:53.092640+00:00,False,completed,True,False,PASS,True,0.2393920294616018,1.3933533654113066,1.25866357436946,0.6451155272033132,2.329280270578514,2.081824649798352,0.16821778963596848,1.884658800686504,1.3148599770500946,True,val_select_seed_median,2026-07-07T12:40:04.489897+00:00,11.397268295288086,
nearest_k80_no_price_coord_tabular,hist_gradient_boosting,43,12,entry_movement,nearest_k80_no_price_coord_tabular/hist_gradient_boosting/43/12/entry_movement,24,24,"{'requested_threads': 24, 'n_jobs': None, 'thread_control': 'not_supported_by_estimator'}",2026-07-07T12:40:05.125059+00:00,False,completed,True,False,PASS,True,0.23545681179389022,1.3273581339265512,1.211900618254801,0.6460708651585582,2.348575785623965,2.1042934471501806,0.14805070152278046,1.571466515801565,1.1456427675957885,True,val_select_seed_median,2026-07-07T12:40:16.548182+00:00,11.423134088516235,
nearest_k80_no_price_coord_tabular,hist_gradient_boosting,44,12,entry_movement,nearest_k80_no_price_coord_tabular/hist_gradient_boosting/44/12/entry_movement,24,24,"{'requested_threads': 24, 'n_jobs': None, 'thread_control': 'not_supported_by_estimator'}",2026-07-07T12:40:17.197947+00:00,False,completed,True,False,PASS,True,0.24097837691699303,1.3269690193689776,1.2298246139394249,0.6443160254618014,2.402941853764552,2.1762861306025174,0.1939422417384748,1.6451598846460922,1.2722182454047777,True,val_select_seed_median,2026-07-07T12:40:28.269196+00:00,11.071261644363403,
nearest_k80_no_price_coord_tabular,hist_gradient_boosting,42,24,entry_movement,nearest_k80_no_price_coord_tabular/hist_gradient_boosting/42/24/entry_movement,24,24,"{'requested_threads': 24, 'n_jobs': None, 'thread_control': 'not_supported_by_estimator'}",2026-07-07T12:40:28.917651+00:00,False,completed,True,False,PASS,True,0.1898832227715465,1.276362985073557,1.1637507859481695,0.6436878273358074,2.347004156705827,2.047131313611229,0.19013573260515731,1.908131145270255,1.3406604373968365,True,val_select_seed_median,2026-07-07T12:40:40.610939+00:00,11.693299055099487,
nearest_k80_no_price_coord_tabular,hist_gradient_boosting,43,24,entry_movement,nearest_k80_no_price_coord_tabular/hist_gradient_boosting/43/24/entry_movement,24,24,"{'requested_threads': 24, 'n_jobs': None, 'thread_control': 'not_supported_by_estimator'}",2026-07-07T12:40:41.276952+00:00,False,completed,True,False,PASS,True,0.20069321556892167,1.3208191800653193,1.1897191410109722,0.6364345919583572,2.324425051749353,2.0132093421457453,0.1233787766256632,1.7743856762011332,1.2742003340121817,True,val_select_seed_median,2026-07-07T12:40:52.904174+00:00,11.627233266830444,
nearest_k80_no_price_coord_tabular,hist_gradient_boosting,44,24,entry_movement,nearest_k80_no_price_coord_tabular/hist_gradient_boosting/44/24/entry_movement,24,24,"{'requested_threads': 24, 'n_jobs': None, 'thread_control': 'not_supported_by_estimator'}",2026-07-07T12:40:53.572939+00:00,False,completed,True,False,PASS,True,0.18339999018117778,1.279654614465331,1.1566415193015236,0.6306193357408959,2.2737292778637967,1.9500404689136321,0.14048017711927596,1.8718784749200257,1.3119583020947438,True,val_select_seed_median,2026-07-07T12:41:05.105712+00:00,11.532784461975098,
nearest_k80_no_price_coord_tabular,extra_trees_small,42,3,entry_movement,nearest_k80_no_price_coord_tabular/extra_trees_small/42/3/entry_movement,24,24,"{'requested_threads': 24, 'n_jobs': 24, 'thread_control': 'n_jobs'}",2026-07-07T12:41:05.775829+00:00,False,completed,True,False,PASS,True,0.275094174157373,1.4646581883909378,1.340033782215747,0.629406017772265,2.496791291491896,2.3049102581670278,0.1009545525006939,1.6046906083703822,1.231169045549664,True,val_select_seed_median,2026-07-07T12:41:14.235393+00:00,8.459577322006226,
nearest_k80_no_price_coord_tabular,extra_trees_small,43,3,entry_movement,nearest_k80_no_price_coord_tabular/extra_trees_small/43/3/entry_movement,24,24,"{'requested_threads': 24, 'n_jobs': 24, 'thread_control': 'n_jobs'}",2026-07-07T12:41:14.921461+00:00,False,completed,True,False,PASS,True,0.27207222916620344,1.4618326387350578,1.3417585663435463,0.6262618539840216,2.5238660830359962,2.2843180718523626,0.1574170401756038,1.298810678803933,0.9646589163397519,True,val_select_seed_median,2026-07-07T12:41:23.718105+00:00,8.796653509140015,
nearest_k80_no_price_coord_tabular,extra_trees_small,44,3,entry_movement,nearest_k80_no_price_coord_tabular/extra_trees_small/44/3/entry_movement,24,24,"{'requested_threads': 24, 'n_jobs': 24, 'thread_control': 'n_jobs'}",2026-07-07T12:41:24.395494+00:00,False,completed,True,False,PASS,True,0.2757572228028825,1.4516103165506573,1.3324758013810127,0.624509413326758,2.3455750043808714,2.1142802084382977,0.15277120453962262,1.4791332436486475,1.1854692483808777,True,val_select_seed_median,2026-07-07T12:41:33.578476+00:00,9.182991743087769,
nearest_k80_no_price_coord_tabular,extra_trees_small,42,6,entry_movement,nearest_k80_no_price_coord_tabular/extra_trees_small/42/6/entry_movement,24,24,"{'requested_threads': 24, 'n_jobs': 24, 'thread_control': 'n_jobs'}",2026-07-07T12:41:34.272032+00:00,False,completed,True,False,PASS,True,0.25852651665330484,1.4103491150870024,1.283126275858097,0.6345245258887595,2.4891506582235534,2.2611738682858804,0.15528232542474782,1.35862313512348,1.0725721905602927,True,val_select_seed_median,2026-07-07T12:41:42.969612+00:00,8.697590351104736,
nearest_k80_no_price_coord_tabular,extra_trees_small,43,6,entry_movement,nearest_k80_no_price_coord_tabular/extra_trees_small/43/6/entry_movement,24,24,"{'requested_threads': 24, 'n_jobs': 24, 'thread_control': 'n_jobs'}",2026-07-07T12:41:43.650874+00:00,False,completed,True,False,PASS,True,0.25901069161886253,1.4174999309751435,1.2860661325763831,0.6355926898577258,2.4132698514743387,2.2194186303769707,0.15201506080847937,1.2874696635876246,1.0466118454557154,True,val_select_seed_median,2026-07-07T12:41:52.127481+00:00,8.476617336273193,
nearest_k80_no_price_coord_tabular,extra_trees_small,44,6,entry_movement,nearest_k80_no_price_coord_tabular/extra_trees_small/44/6/entry_movement,24,24,"{'requested_threads': 24, 'n_jobs': 24, 'thread_control': 'n_jobs'}",2026-07-07T12:41:52.829590+00:00,False,completed,True,False,PASS,True,0.2602955148423416,1.4018462049334803,1.2725944935033473,0.6332966785321343,2.3165003389941603,2.129128602672573,0.07980690117671617,1.416469855484806,1.1321250756331074,True,val_select_seed_median,2026-07-07T12:42:01.314281+00:00,8.48470139503479,
nearest_k80_no_price_coord_tabular,extra_trees_small,42,12,entry_movement,nearest_k80_no_price_coord_tabular/extra_trees_small/42/12/entry_movement,24,24,"{'requested_threads': 24, 'n_jobs': 24, 'thread_control': 'n_jobs'}",2026-07-07T12:42:02.010538+00:00,False,completed,True,False,PASS,True,0.24513742912475822,1.3910705990884908,1.2690848625029325,0.6526470026566402,2.4119046594512645,2.1392457078982265,0.1302336490320559,1.2638358190200156,1.0080081938046512,True,val_select_seed_median,2026-07-07T12:42:10.389252+00:00,8.378724575042725,
nearest_k80_no_price_coord_tabular,extra_trees_small,43,12,entry_movement,nearest_k80_no_price_coord_tabular/extra_trees_small/43/12/entry_movement,24,24,"{'requested_threads': 24, 'n_jobs': 24, 'thread_control': 'n_jobs'}",2026-07-07T12:42:11.080150+00:00,False,completed,True,False,PASS,True,0.24696607492717615,1.3969292631537333,1.2819285580893165,0.6527180171004109,2.2360504997242385,2.0193924736563,0.12044062181541214,1.2645495395665343,1.0058474019805033,True,val_select_seed_median,2026-07-07T12:42:19.521376+00:00,8.441237926483154,
nearest_k80_no_price_coord_tabular,extra_trees_small,44,12,entry_movement,nearest_k80_no_price_coord_tabular/extra_trees_small/44/12/entry_movement,24,24,"{'requested_threads': 24, 'n_jobs': 24, 'thread_control': 'n_jobs'}",2026-07-07T12:42:20.215882+00:00,False,completed,True,False,PASS,True,0.2503727011863239,1.4063031865078948,1.2746143797074334,0.6508016233141561,2.11009588407516,1.919753539758755,0.10992260754262989,1.3972191549555328,1.0314497615460527,True,val_select_seed_median,2026-07-07T12:42:28.742760+00:00,8.526890516281128,
nearest_k80_no_price_coord_tabular,extra_trees_small,42,24,entry_movement,nearest_k80_no_price_coord_tabular/extra_trees_small/42/24/entry_movement,24,24,"{'requested_threads': 24, 'n_jobs': 24, 'thread_control': 'n_jobs'}",2026-07-07T12:42:29.448838+00:00,False,completed,True,False,PASS,True,0.2383657466655446,1.3815476933478315,1.253571928803332,0.65091566384027,2.041758461581974,1.8299034497833637,0.10539638061586115,1.3356294717106008,1.0493075565041565,True,val_select_seed_median,2026-07-07T12:42:37.876941+00:00,8.428112983703613,
nearest_k80_no_price_coord_tabular,extra_trees_small,43,24,entry_movement,nearest_k80_no_price_coord_tabular/extra_trees_small/43/24/entry_movement,24,24,"{'requested_threads': 24, 'n_jobs': 24, 'thread_control': 'n_jobs'}",2026-07-07T12:42:38.579392+00:00,False,completed,True,False,PASS,True,0.23756996037108272,1.390783614654051,1.26091583365221,0.6555624343123136,2.1092812365123184,1.8994755678571051,0.09040298706905764,1.1838731011329697,0.876488897762716,True,val_select_seed_median,2026-07-07T12:42:47.133638+00:00,8.554255962371826,
nearest_k80_no_price_coord_tabular,extra_trees_small,44,24,entry_movement,nearest_k80_no_price_coord_tabular/extra_trees_small/44/24/entry_movement,24,24,"{'requested_threads': 24, 'n_jobs': 24, 'thread_control': 'n_jobs'}",2026-07-07T12:42:47.847178+00:00,False,completed,True,False,PASS,True,0.23577965610079388,1.3942406524863609,1.26797841815313,0.6568201799599536,2.100069555265482,1.876211440761194,0.1574699824472196,1.480756633231902,1.1479120160257317,True,val_select_seed_median,2026-07-07T12:42:56.273885+00:00,8.42672061920166,
nearest_k60_sequence_flat,hist_gradient_boosting,42,3,entry_movement,nearest_k60_sequence_flat/hist_gradient_boosting/42/3/entry_movement,24,24,"{'requested_threads': 24, 'n_jobs': None, 'thread_control': 'not_supported_by_estimator'}",2026-07-07T12:42:56.989355+00:00,False,completed,True,False,PASS,True,0.5428409639773043,2.0299451167055853,1.908555503450452,0.4796179553041658,2.0974447675186734,1.9160856048223425,0.4029432928317554,2.5903061727090777,1.8491125030058928,True,val_select_seed_median,2026-07-07T12:44:36.245262+00:00,99.25591731071472,
nearest_k60_sequence_flat,hist_gradient_boosting,43,3,entry_movement,nearest_k60_sequence_flat/hist_gradient_boosting/43/3/entry_movement,24,24,"{'requested_threads': 24, 'n_jobs': None, 'thread_control': 'not_supported_by_estimator'}",2026-07-07T12:44:36.982317+00:00,False,completed,True,False,PASS,True,0.5365298235961123,2.034591723797771,1.9053941295520127,0.49082774107479243,2.199982680360689,1.9915970935615241,0.4058895486039707,2.577936704617192,1.8077282320923995,True,val_select_seed_median,2026-07-07T12:45:05.354810+00:00,28.37250590324402,
nearest_k60_sequence_flat,hist_gradient_boosting,44,3,entry_movement,nearest_k60_sequence_flat/hist_gradient_boosting/44/3/entry_movement,24,24,"{'requested_threads': 24, 'n_jobs': None, 'thread_control': 'not_supported_by_estimator'}",2026-07-07T12:45:06.084014+00:00,False,completed,True,False,PASS,True,0.5422834505449404,1.9951169901490637,1.8783783259811029,0.47969200159059666,2.113189541045845,1.928771839729972,0.39169173669765345,2.618202416373404,1.7738552163045676,True,val_select_seed_median,2026-07-07T12:45:34.763645+00:00,28.679641723632812,
nearest_k60_sequence_flat,hist_gradient_boosting,42,6,entry_movement,nearest_k60_sequence_flat/hist_gradient_boosting/42/6/entry_movement,24,24,"{'requested_threads': 24, 'n_jobs': None, 'thread_control': 'not_supported_by_estimator'}",2026-07-07T12:45:35.502422+00:00,False,completed,True,False,PASS,True,0.5262184616274866,1.6899026182582448,1.5813433289327716,0.4584271901453187,2.1745738910069017,1.9273877468509626,0.33011010180397776,2.3602882100633145,1.462596377241991,True,val_select_seed_median,2026-07-07T12:46:04.294869+00:00,28.792458057403564,
nearest_k60_sequence_flat,hist_gradient_boosting,43,6,entry_movement,nearest_k60_sequence_flat/hist_gradient_boosting/43/6/entry_movement,24,24,"{'requested_threads': 24, 'n_jobs': None, 'thread_control': 'not_supported_by_estimator'}",2026-07-07T12:46:05.044508+00:00,False,completed,True,False,PASS,True,0.5291633183005722,1.6720246638395098,1.5726519342532932,0.4677451632934555,2.2199008385624737,1.9806936459633049,0.3186919511237173,2.326058606126108,1.4672295089018164,True,val_select_seed_median,2026-07-07T12:46:33.487775+00:00,28.443278312683105,
nearest_k60_sequence_flat,hist_gradient_boosting,44,6,entry_movement,nearest_k60_sequence_flat/hist_gradient_boosting/44/6/entry_movement,24,24,"{'requested_threads': 24, 'n_jobs': None, 'thread_control': 'not_supported_by_estimator'}",2026-07-07T12:46:34.252659+00:00,False,completed,True,False,PASS,True,0.5203963719569453,1.6683023278175044,1.5688707577727137,0.4626216580072793,2.069044777914023,1.8648901008103187,0.31908492697089214,2.4460283928825084,1.4707157753257412,True,val_select_seed_median,2026-07-07T12:47:03.161866+00:00,28.909218311309814,
nearest_k60_sequence_flat,hist_gradient_boosting,42,12,entry_movement,nearest_k60_sequence_flat/hist_gradient_boosting/42/12/entry_movement,24,24,"{'requested_threads': 24, 'n_jobs': None, 'thread_control': 'not_supported_by_estimator'}",2026-07-07T12:47:03.932084+00:00,False,completed,True,False,PASS,True,0.405378033107979,1.4224880363448602,1.3321760390632404,0.4605503565427358,2.1063870399326143,1.818037491981547,0.2622432782192092,2.524882934762706,1.5274632770379928,True,val_select_seed_median,2026-07-07T12:47:33.087516+00:00,29.15544295310974,
nearest_k60_sequence_flat,hist_gradient_boosting,43,12,entry_movement,nearest_k60_sequence_flat/hist_gradient_boosting/43/12/entry_movement,24,24,"{'requested_threads': 24, 'n_jobs': None, 'thread_control': 'not_supported_by_estimator'}",2026-07-07T12:47:33.866546+00:00,False,completed,True,False,PASS,True,0.4163687956429154,1.436653723251771,1.3451902616331783,0.4391049468668501,2.0558724690731225,1.7609653135981194,0.28283677658128276,2.406432807076237,1.3769560116788326,True,val_select_seed_median,2026-07-07T12:48:03.446870+00:00,29.58033514022827,
nearest_k60_sequence_flat,hist_gradient_boosting,44,12,entry_movement,nearest_k60_sequence_flat/hist_gradient_boosting/44/12/entry_movement,24,24,"{'requested_threads': 24, 'n_jobs': None, 'thread_control': 'not_supported_by_estimator'}",2026-07-07T12:48:04.251945+00:00,False,completed,True,False,PASS,True,0.39312547370109824,1.4670912601447834,1.3522733811257397,0.4362069672572774,2.202510227725277,1.8811337940976252,0.2935602381179237,2.333259491089808,1.3879481262566182,True,val_select_seed_median,2026-07-07T12:48:34.060372+00:00,29.808440923690796,
nearest_k60_sequence_flat,hist_gradient_boosting,42,24,entry_movement,nearest_k60_sequence_flat/hist_gradient_boosting/42/24/entry_movement,24,24,"{'requested_threads': 24, 'n_jobs': None, 'thread_control': 'not_supported_by_estimator'}",2026-07-07T12:48:34.867588+00:00,False,completed,True,False,PASS,True,0.14060915304395238,1.1764648799920516,1.0595680207026368,0.4096556289121071,2.078333149410963,1.7293233978100808,0.23820371925976067,1.7739793680052705,1.229724091314739,True,val_select_seed_median,2026-07-07T12:49:05.763754+00:00,30.896177768707275,
nearest_k60_sequence_flat,hist_gradient_boosting,43,24,entry_movement,nearest_k60_sequence_flat/hist_gradient_boosting/43/24/entry_movement,24,24,"{'requested_threads': 24, 'n_jobs': None, 'thread_control': 'not_supported_by_estimator'}",2026-07-07T12:49:06.576574+00:00,False,completed,True,False,PASS,True,0.16695099712396666,1.2816204046052255,1.1500947473284435,0.4011531058404708,2.091524014227262,1.743094927792355,0.22522572375814073,1.9259389123367143,1.2779779459704497,True,val_select_seed_median,2026-07-07T12:49:37.379470+00:00,30.802908420562744,
nearest_k60_sequence_flat,hist_gradient_boosting,44,24,entry_movement,nearest_k60_sequence_flat/hist_gradient_boosting/44/24/entry_movement,24,24,"{'requested_threads': 24, 'n_jobs': None, 'thread_control': 'not_supported_by_estimator'}",2026-07-07T12:49:38.185127+00:00,False,completed,True,False,PASS,True,0.17643083284856823,1.2665270387392975,1.1472131782857848,0.382317351638223,2.211670844273781,1.8948954476400113,0.19726831406563122,1.6904829935204602,1.1314184437446078,True,val_select_seed_median,2026-07-07T12:50:09.229502+00:00,31.044389009475708,
nearest_k60_sequence_flat,extra_trees_small,42,3,entry_movement,nearest_k60_sequence_flat/extra_trees_small/42/3/entry_movement,24,24,"{'requested_threads': 24, 'n_jobs': 24, 'thread_control': 'n_jobs'}",2026-07-07T12:50:10.042065+00:00,False,completed,True,False,PASS,True,0.5427788609119432,2.05135774376822,1.9581806012082166,0.42817759246184367,1.7849331112528466,1.6908968498502508,0.3709290914248884,2.653568213382613,1.82888158877719,True,val_select_seed_median,2026-07-07T12:50:23.741484+00:00,13.699429750442505,
nearest_k60_sequence_flat,extra_trees_small,43,3,entry_movement,nearest_k60_sequence_flat/extra_trees_small/43/3/entry_movement,24,24,"{'requested_threads': 24, 'n_jobs': 24, 'thread_control': 'n_jobs'}",2026-07-07T12:50:24.549206+00:00,False,completed,True,False,PASS,True,0.5462751099808312,2.026802824484717,1.934059533593038,0.4281061869065812,1.8372401148956048,1.7202910775637368,0.36813046640747965,2.747733474056175,1.88961315897866,True,val_select_seed_median,2026-07-07T12:50:38.002271+00:00,13.453076601028442,
nearest_k60_sequence_flat,extra_trees_small,44,3,entry_movement,nearest_k60_sequence_flat/extra_trees_small/44/3/entry_movement,24,24,"{'requested_threads': 24, 'n_jobs': 24, 'thread_control': 'n_jobs'}",2026-07-07T12:50:38.809523+00:00,False,completed,True,False,PASS,True,0.5430899436113188,2.0318039275149933,1.9353510517188683,0.4244276343404298,1.8092088126420074,1.6967345045255697,0.3714686196370753,2.8557288809601067,1.9815758785397206,True,val_select_seed_median,2026-07-07T12:50:52.085511+00:00,13.27599835395813,
nearest_k60_sequence_flat,extra_trees_small,42,6,entry_movement,nearest_k60_sequence_flat/extra_trees_small/42/6/entry_movement,24,24,"{'requested_threads': 24, 'n_jobs': 24, 'thread_control': 'n_jobs'}",2026-07-07T12:50:52.902721+00:00,False,completed,True,False,PASS,True,0.5237666351842379,1.7478448532024475,1.6678741808384536,0.38901107260908974,1.8229933863343906,1.6906979283712817,0.3404284232061384,2.474663186108581,1.6027950038343153,True,val_select_seed_median,2026-07-07T12:51:05.901101+00:00,12.998389482498169,
nearest_k60_sequence_flat,extra_trees_small,43,6,entry_movement,nearest_k60_sequence_flat/extra_trees_small/43/6/entry_movement,24,24,"{'requested_threads': 24, 'n_jobs': 24, 'thread_control': 'n_jobs'}",2026-07-07T12:51:06.723992+00:00,False,completed,True,False,PASS,True,0.5242778211509768,1.7665853686158561,1.6580184365632573,0.3921571977268779,1.8402286853118424,1.7186535397811147,0.3497981533869259,2.5451926796969784,1.6040969486513117,True,val_select_seed_median,2026-07-07T12:51:19.634578+00:00,12.910597324371338,
nearest_k60_sequence_flat,extra_trees_small,44,6,entry_movement,nearest_k60_sequence_flat/extra_trees_small/44/6/entry_movement,24,24,"{'requested_threads': 24, 'n_jobs': 24, 'thread_control': 'n_jobs'}",2026-07-07T12:51:20.461927+00:00,False,completed,True,False,PASS,True,0.5207294259853286,1.699130534806354,1.6093303618497228,0.39052790824313105,1.841834482445376,1.7148943194007757,0.33674003553212295,2.506545342923352,1.5505156224744174,True,val_select_seed_median,2026-07-07T12:51:33.379639+00:00,12.91772198677063,
nearest_k60_sequence_flat,extra_trees_small,42,12,entry_movement,nearest_k60_sequence_flat/extra_trees_small/42/12/entry_movement,24,24,"{'requested_threads': 24, 'n_jobs': 24, 'thread_control': 'n_jobs'}",2026-07-07T12:51:34.219061+00:00,False,completed,True,False,PASS,True,0.44419137421775584,1.5314635525911808,1.4319793646039298,0.3581980753286466,1.9360983685689397,1.733639805763275,0.32518414064939755,2.428991904770378,1.5962894368081162,True,val_select_seed_median,2026-07-07T12:51:46.972725+00:00,12.75367546081543,
nearest_k60_sequence_flat,extra_trees_small,43,12,entry_movement,nearest_k60_sequence_flat/extra_trees_small/43/12/entry_movement,24,24,"{'requested_threads': 24, 'n_jobs': 24, 'thread_control': 'n_jobs'}",2026-07-07T12:51:47.790271+00:00,False,completed,True,False,PASS,True,0.444827896874584,1.4817994536266788,1.385414540349918,0.3605286321333967,1.901943260270692,1.6785909958847522,0.33459085648201325,2.4260211686320297,1.6977217295350813,True,val_select_seed_median,2026-07-07T12:52:00.545685+00:00,12.755423307418823,
nearest_k60_sequence_flat,extra_trees_small,44,12,entry_movement,nearest_k60_sequence_flat/extra_trees_small/44/12/entry_movement,24,24,"{'requested_threads': 24, 'n_jobs': 24, 'thread_control': 'n_jobs'}",2026-07-07T12:52:01.383740+00:00,False,completed,True,False,PASS,True,0.44684939690710024,1.4804019810323352,1.371730423507762,0.35755806588462063,1.937397912292467,1.7092864844823545,0.3161529173550542,2.496671809709347,1.5950579857591045,True,val_select_seed_median,2026-07-07T12:52:14.138734+00:00,12.755004167556763,
nearest_k60_sequence_flat,extra_trees_small,42,24,entry_movement,nearest_k60_sequence_flat/extra_trees_small/42/24/entry_movement,24,24,"{'requested_threads': 24, 'n_jobs': 24, 'thread_control': 'n_jobs'}",2026-07-07T12:52:14.998000+00:00,False,completed,True,False,PASS,True,0.15779800906413285,1.1897213436583864,1.0629124900589324,0.399316078149636,2.2008497162351257,1.7926290007240184,0.2600347801201188,2.2621185079218824,1.5487391229233913,True,val_select_seed_median,2026-07-07T12:52:26.366089+00:00,11.368099212646484,
nearest_k60_sequence_flat,extra_trees_small,43,24,entry_movement,nearest_k60_sequence_flat/extra_trees_small/43/24/entry_movement,24,24,"{'requested_threads': 24, 'n_jobs': 24, 'thread_control': 'n_jobs'}",2026-07-07T12:52:27.217884+00:00,False,completed,True,False,PASS,True,0.19245582443719944,1.160447853542735,1.0621314086803866,0.40914413111168535,2.143463637844213,1.7536855775294815,0.289971834840733,2.2529136513733756,1.4757410261547863,True,val_select_seed_median,2026-07-07T12:52:38.080297+00:00,10.862423419952393,
nearest_k60_sequence_flat,extra_trees_small,44,24,entry_movement,nearest_k60_sequence_flat/extra_trees_small/44/24/entry_movement,24,24,"{'requested_threads': 24, 'n_jobs': 24, 'thread_control': 'n_jobs'}",2026-07-07T12:52:38.943501+00:00,False,completed,True,False,PASS,True,0.14722188486686308,1.179646248804228,1.0668200213089645,0.4344760790376138,2.2198559849614936,1.8385239568646492,0.2663126930191773,2.3088570442594363,1.496066171288473,True,val_select_seed_median,2026-07-07T12:52:50.168402+00:00,11.2249116897583,
nearest_k80_sequence_flat,hist_gradient_boosting,42,3,entry_movement,nearest_k80_sequence_flat/hist_gradient_boosting/42/3/entry_movement,24,24,"{'requested_threads': 24, 'n_jobs': None, 'thread_control': 'not_supported_by_estimator'}",2026-07-07T12:52:51.039393+00:00,False,completed,True,False,PASS,True,0.5472305180376047,2.0184331877505564,1.8986272610786308,0.5165065017207718,2.1504632519782247,1.942664918414573,0.47991548827977154,2.537111003227465,1.8547633643088772,True,val_select_seed_median,2026-07-07T12:54:31.020777+00:00,99.9813961982727,
nearest_k80_sequence_flat,hist_gradient_boosting,43,3,entry_movement,nearest_k80_sequence_flat/hist_gradient_boosting/43/3/entry_movement,24,24,"{'requested_threads': 24, 'n_jobs': None, 'thread_control': 'not_supported_by_estimator'}",2026-07-07T12:54:31.878341+00:00,False,completed,True,False,PASS,True,0.5438625605999218,2.0397372160198777,1.921130295172039,0.5088175329300106,2.2494588034703997,2.001720840873837,0.47202231121715005,2.472198139346361,1.7055352810916975,True,val_select_seed_median,2026-07-07T12:54:59.930712+00:00,28.052382230758667,
nearest_k80_sequence_flat,hist_gradient_boosting,44,3,entry_movement,nearest_k80_sequence_flat/hist_gradient_boosting/44/3/entry_movement,24,24,"{'requested_threads': 24, 'n_jobs': None, 'thread_control': 'not_supported_by_estimator'}",2026-07-07T12:55:00.787110+00:00,False,completed,True,False,PASS,True,0.5414164687654033,2.0569833755652547,1.9379178626503988,0.5289335710728253,2.257606650191974,2.048024536725756,0.495677230266514,2.465452569968021,1.736263408779658,True,val_select_seed_median,2026-07-07T12:55:28.576834+00:00,27.789734601974487,
nearest_k80_sequence_flat,hist_gradient_boosting,42,6,entry_movement,nearest_k80_sequence_flat/hist_gradient_boosting/42/6/entry_movement,24,24,"{'requested_threads': 24, 'n_jobs': None, 'thread_control': 'not_supported_by_estimator'}",2026-07-07T12:55:29.469041+00:00,False,completed,True,False,PASS,True,0.5158406153655016,1.6613563516046583,1.553327234964652,0.47948480991987563,2.112803666023044,1.8655751213250265,0.40052793418994226,2.1597603426178256,1.4218204477818153,True,val_select_seed_median,2026-07-07T12:55:57.218320+00:00,27.74929165840149,
nearest_k80_sequence_flat,hist_gradient_boosting,43,6,entry_movement,nearest_k80_sequence_flat/hist_gradient_boosting/43/6/entry_movement,24,24,"{'requested_threads': 24, 'n_jobs': None, 'thread_control': 'not_supported_by_estimator'}",2026-07-07T12:55:58.074729+00:00,False,completed,True,False,PASS,True,0.528772253742747,1.7320841846244441,1.60611288093237,0.48430727907105,2.021248977716474,1.808721377605677,0.39406319813544977,2.302199683476966,1.444733176213601,True,val_select_seed_median,2026-07-07T12:56:26.092031+00:00,28.017313718795776,
nearest_k80_sequence_flat,hist_gradient_boosting,44,6,entry_movement,nearest_k80_sequence_flat/hist_gradient_boosting/44/6/entry_movement,24,24,"{'requested_threads': 24, 'n_jobs': None, 'thread_control': 'not_supported_by_estimator'}",2026-07-07T12:56:27.007677+00:00,False,completed,True,False,PASS,True,0.5210084136115346,1.7547177338395001,1.6328405876168932,0.48820723383983494,2.16622137211227,1.9010067861274054,0.41221595031228525,2.1811207469875304,1.4232708732672208,True,val_select_seed_median,2026-07-07T12:56:54.879096+00:00,27.871432065963745,
nearest_k80_sequence_flat,hist_gradient_boosting,42,12,entry_movement,nearest_k80_sequence_flat/hist_gradient_boosting/42/12/entry_movement,24,24,"{'requested_threads': 24, 'n_jobs': None, 'thread_control': 'not_supported_by_estimator'}",2026-07-07T12:56:55.770796+00:00,False,completed,True,False,PASS,True,0.42038867702734317,1.421880360827451,1.3147126752334837,0.44717873934223973,2.0595666997895394,1.7744831482450458,0.3086759030403949,2.0406196300328707,1.3133858253553714,True,val_select_seed_median,2026-07-07T12:57:26.094512+00:00,30.323727130889893,
nearest_k80_sequence_flat,hist_gradient_boosting,43,12,entry_movement,nearest_k80_sequence_flat/hist_gradient_boosting/43/12/entry_movement,24,24,"{'requested_threads': 24, 'n_jobs': None, 'thread_control': 'not_supported_by_estimator'}",2026-07-07T12:57:27.021896+00:00,False,completed,True,False,PASS,True,0.42992173096893965,1.5223596806771875,1.4015173450251848,0.4737436919037607,2.1076250863205677,1.7865948289970626,0.33163691997719413,2.1625093845679433,1.27839080528372,True,val_select_seed_median,2026-07-07T12:57:56.994756+00:00,29.97287154197693,
nearest_k80_sequence_flat,hist_gradient_boosting,44,12,entry_movement,nearest_k80_sequence_flat/hist_gradient_boosting/44/12/entry_movement,24,24,"{'requested_threads': 24, 'n_jobs': None, 'thread_control': 'not_supported_by_estimator'}",2026-07-07T12:57:57.919872+00:00,False,completed,True,False,PASS,True,0.4258923514063307,1.406300552489085,1.2938994034262383,0.4505774122668857,2.138200229580832,1.8586877714152694,0.37435135297424266,2.3243119541224746,1.38000741511556,True,val_select_seed_median,2026-07-07T12:58:27.911397+00:00,29.99153733253479,
nearest_k80_sequence_flat,hist_gradient_boosting,42,24,entry_movement,nearest_k80_sequence_flat/hist_gradient_boosting/42/24/entry_movement,24,24,"{'requested_threads': 24, 'n_jobs': None, 'thread_control': 'not_supported_by_estimator'}",2026-07-07T12:58:28.862263+00:00,False,completed,True,False,PASS,True,0.16420510941889468,1.1058981183009853,0.9849846574860135,0.3996795500399214,1.9815717828027266,1.6984711989600436,0.18951891375078958,1.8374850182846674,1.1436695108180517,True,val_select_seed_median,2026-07-07T12:59:00.161019+00:00,31.298768997192383,
nearest_k80_sequence_flat,hist_gradient_boosting,43,24,entry_movement,nearest_k80_sequence_flat/hist_gradient_boosting/43/24/entry_movement,24,24,"{'requested_threads': 24, 'n_jobs': None, 'thread_control': 'not_supported_by_estimator'}",2026-07-07T12:59:01.111792+00:00,False,completed,True,False,PASS,True,0.14966675693936377,1.095242018535223,0.9693779515647113,0.3685758561432498,1.830374399451996,1.5691153309724006,0.21846170756481575,2.1871723685933113,1.2976367119974057,True,val_select_seed_median,2026-07-07T12:59:32.520835+00:00,31.40905451774597,
nearest_k80_sequence_flat,hist_gradient_boosting,44,24,entry_movement,nearest_k80_sequence_flat/hist_gradient_boosting/44/24/entry_movement,24,24,"{'requested_threads': 24, 'n_jobs': None, 'thread_control': 'not_supported_by_estimator'}",2026-07-07T12:59:33.496519+00:00,False,completed,True,False,PASS,True,0.15677680398537044,1.1299403839679365,0.9931720944449198,0.4166344052743013,1.9824509427670174,1.6984612492633928,0.18464043346790704,1.98745856236843,1.2077622124425809,True,val_select_seed_median,2026-07-07T13:00:04.493328+00:00,30.99682116508484,
nearest_k80_sequence_flat,extra_trees_small,42,3,entry_movement,nearest_k80_sequence_flat/extra_trees_small/42/3/entry_movement,24,24,"{'requested_threads': 24, 'n_jobs': 24, 'thread_control': 'n_jobs'}",2026-07-07T13:00:05.448103+00:00,False,completed,True,False,PASS,True,0.5459151661515211,1.975357541561695,1.8830213148280555,0.4542012570930615,1.9023021489056782,1.8016781361559269,0.3956522625249386,2.6099975645465494,1.7842156333713348,True,val_select_seed_median,2026-07-07T13:00:20.894504+00:00,15.446411609649658,
nearest_k80_sequence_flat,extra_trees_small,43,3,entry_movement,nearest_k80_sequence_flat/extra_trees_small/43/3/entry_movement,24,24,"{'requested_threads': 24, 'n_jobs': 24, 'thread_control': 'n_jobs'}",2026-07-07T13:00:21.846409+00:00,False,completed,True,False,PASS,True,0.547418446396407,2.034381154517669,1.9429258624243817,0.45803093965443925,1.9799227740071281,1.836045239564168,0.4101491435825374,2.6661074233237625,1.8704022812446068,True,val_select_seed_median,2026-07-07T13:00:37.413980+00:00,15.567580938339233,
nearest_k80_sequence_flat,extra_trees_small,44,3,entry_movement,nearest_k80_sequence_flat/extra_trees_small/44/3/entry_movement,24,24,"{'requested_threads': 24, 'n_jobs': 24, 'thread_control': 'n_jobs'}",2026-07-07T13:00:38.398302+00:00,False,completed,True,False,PASS,True,0.5490512118145597,2.037151102086888,1.9253378103301406,0.46206874672118514,1.9279522251178989,1.7874221628305424,0.42815662338654514,2.6476746720277387,1.7869812279542208,True,val_select_seed_median,2026-07-07T13:00:53.494800+00:00,15.096507787704468,
nearest_k80_sequence_flat,extra_trees_small,42,6,entry_movement,nearest_k80_sequence_flat/extra_trees_small/42/6/entry_movement,24,24,"{'requested_threads': 24, 'n_jobs': 24, 'thread_control': 'n_jobs'}",2026-07-07T13:00:54.490362+00:00,False,completed,True,False,PASS,True,0.5266113558645998,1.733715478152106,1.63081165844816,0.43146118507184555,2.0922064170627364,1.9037425648872501,0.3779634265132009,2.3754778169466193,1.484148810342965,True,val_select_seed_median,2026-07-07T13:01:09.363980+00:00,14.87362813949585,
nearest_k80_sequence_flat,extra_trees_small,43,6,entry_movement,nearest_k80_sequence_flat/extra_trees_small/43/6/entry_movement,24,24,"{'requested_threads': 24, 'n_jobs': 24, 'thread_control': 'n_jobs'}",2026-07-07T13:01:10.383841+00:00,False,completed,True,False,PASS,True,0.5273915453213892,1.7279816356119726,1.6192488050906266,0.43192364718755727,2.0014481085101705,1.8260159805058196,0.3630564460444864,2.3795626539600203,1.4705455009095016,True,val_select_seed_median,2026-07-07T13:01:25.309608+00:00,14.925777673721313,
nearest_k80_sequence_flat,extra_trees_small,44,6,entry_movement,nearest_k80_sequence_flat/extra_trees_small/44/6/entry_movement,24,24,"{'requested_threads': 24, 'n_jobs': 24, 'thread_control': 'n_jobs'}",2026-07-07T13:01:26.310424+00:00,False,completed,True,False,PASS,True,0.5307706231596357,1.7597403478100273,1.6579554960780274,0.43256918615052814,1.9750672186599547,1.8151593292868842,0.3804828084577636,2.3680784811156808,1.5739114800332825,True,val_select_seed_median,2026-07-07T13:01:41.014369+00:00,14.703958749771118,
nearest_k80_sequence_flat,extra_trees_small,42,12,entry_movement,nearest_k80_sequence_flat/extra_trees_small/42/12/entry_movement,24,24,"{'requested_threads': 24, 'n_jobs': 24, 'thread_control': 'n_jobs'}",2026-07-07T13:01:42.011691+00:00,False,completed,True,False,PASS,True,0.4505002454435238,1.4815682971532382,1.369707802634268,0.4008056591990735,2.2963020809151513,1.9692077530208867,0.32279996215328893,2.2186359205859647,1.4289173631796808,True,val_select_seed_median,2026-07-07T13:01:56.694921+00:00,14.683240413665771,
nearest_k80_sequence_flat,extra_trees_small,43,12,entry_movement,nearest_k80_sequence_flat/extra_trees_small/43/12/entry_movement,24,24,"{'requested_threads': 24, 'n_jobs': 24, 'thread_control': 'n_jobs'}",2026-07-07T13:01:57.707456+00:00,False,completed,True,False,PASS,True,0.44982358280484863,1.4562510639223971,1.3569810759561027,0.3993170715035178,2.2709446411287435,1.9494231008257557,0.31921064829416934,2.1738119862028698,1.4788510682643792,True,val_select_seed_median,2026-07-07T13:02:12.579666+00:00,14.87222695350647,
nearest_k80_sequence_flat,extra_trees_small,44,12,entry_movement,nearest_k80_sequence_flat/extra_trees_small/44/12/entry_movement,24,24,"{'requested_threads': 24, 'n_jobs': 24, 'thread_control': 'n_jobs'}",2026-07-07T13:02:13.640317+00:00,False,completed,True,False,PASS,True,0.4510989190008026,1.5102734122784707,1.375133856047807,0.39382630555759535,2.213960953785534,1.8975539999937645,0.3077544979422119,2.170703849988948,1.3886033498458534,True,val_select_seed_median,2026-07-07T13:02:28.307222+00:00,14.666916847229004,
nearest_k80_sequence_flat,extra_trees_small,42,24,entry_movement,nearest_k80_sequence_flat/extra_trees_small/42/24/entry_movement,24,24,"{'requested_threads': 24, 'n_jobs': 24, 'thread_control': 'n_jobs'}",2026-07-07T13:02:29.353960+00:00,False,completed,True,False,PASS,True,0.14714481348712743,1.2610170419741258,1.1445895644200748,0.4650367876087037,2.3117776163007924,1.9209053805389293,0.3175774534849899,2.0732878632613807,1.2625420112318115,True,val_select_seed_median,2026-07-07T13:02:42.048864+00:00,12.694918155670166,
nearest_k80_sequence_flat,extra_trees_small,43,24,entry_movement,nearest_k80_sequence_flat/extra_trees_small/43/24/entry_movement,24,24,"{'requested_threads': 24, 'n_jobs': 24, 'thread_control': 'n_jobs'}",2026-07-07T13:02:43.155639+00:00,False,completed,True,False,PASS,True,0.1584784564369686,1.315664103125795,1.1437821377784214,0.4095958807878962,2.3327258381777844,1.920437299136052,0.3421537636305694,1.6385257674179752,0.918601338658339,True,val_select_seed_median,2026-07-07T13:02:56.300299+00:00,13.144669771194458,
nearest_k80_sequence_flat,extra_trees_small,44,24,entry_movement,nearest_k80_sequence_flat/extra_trees_small/44/24/entry_movement,24,24,"{'requested_threads': 24, 'n_jobs': 24, 'thread_control': 'n_jobs'}",2026-07-07T13:02:57.355103+00:00,False,completed,True,False,PASS,True,0.1262431416366857,1.289887408364035,1.1327955131850227,0.45591888511952006,2.3302305783016997,1.9118441558874586,0.2998235997645412,1.9297548420116115,1.152956124079298,False,val_select_seed_median,2026-07-07T13:03:10.194855+00:00,12.839763164520264,
nearest_k60_no_time_sequence_flat,hist_gradient_boosting,42,3,entry_movement,nearest_k60_no_time_sequence_flat/hist_gradient_boosting/42/3/entry_movement,24,24,"{'requested_threads': 24, 'n_jobs': None, 'thread_control': 'not_supported_by_estimator'}",2026-07-07T13:03:11.319035+00:00,False,completed,True,False,PASS,True,0.421209958907293,1.5596974562638062,1.4406747757117078,0.4245648718392979,1.9959554532264132,1.7173481826854833,0.31459364687244995,2.5332534979191834,1.6595890329632936,True,val_select_seed_median,2026-07-07T13:04:47.264426+00:00,95.9454026222229,
nearest_k60_no_time_sequence_flat,hist_gradient_boosting,43,3,entry_movement,nearest_k60_no_time_sequence_flat/hist_gradient_boosting/43/3/entry_movement,24,24,"{'requested_threads': 24, 'n_jobs': None, 'thread_control': 'not_supported_by_estimator'}",2026-07-07T13:04:48.335806+00:00,False,completed,True,False,PASS,True,0.41034639775535187,1.5781452614587972,1.4492875041175974,0.43588252074597644,2.060441486839759,1.7691344912661804,0.30400195303209465,2.642906700954827,1.6428728277214657,True,val_select_seed_median,2026-07-07T13:05:12.916781+00:00,24.58098554611206,
nearest_k60_no_time_sequence_flat,hist_gradient_boosting,44,3,entry_movement,nearest_k60_no_time_sequence_flat/hist_gradient_boosting/44/3/entry_movement,24,24,"{'requested_threads': 24, 'n_jobs': None, 'thread_control': 'not_supported_by_estimator'}",2026-07-07T13:05:14.000558+00:00,False,completed,True,False,PASS,True,0.4220003133480915,1.6244430920934458,1.4895657210068738,0.4263549351852378,2.0190880997036498,1.7427079278701028,0.30068329908409847,2.5988264259968084,1.6100512745370477,True,val_select_seed_median,2026-07-07T13:05:38.516023+00:00,24.515480041503906,
nearest_k60_no_time_sequence_flat,hist_gradient_boosting,42,6,entry_movement,nearest_k60_no_time_sequence_flat/hist_gradient_boosting/42/6/entry_movement,24,24,"{'requested_threads': 24, 'n_jobs': None, 'thread_control': 'not_supported_by_estimator'}",2026-07-07T13:05:39.596486+00:00,False,completed,True,False,PASS,True,0.39719809431175707,1.4152259622724657,1.3105757080459726,0.4390752841321302,2.063736021345824,1.7673543011740358,0.2643760556981208,2.4590535139992578,1.5409328906749726,True,val_select_seed_median,2026-07-07T13:06:04.614971+00:00,25.018500328063965,
nearest_k60_no_time_sequence_flat,hist_gradient_boosting,43,6,entry_movement,nearest_k60_no_time_sequence_flat/hist_gradient_boosting/43/6/entry_movement,24,24,"{'requested_threads': 24, 'n_jobs': None, 'thread_control': 'not_supported_by_estimator'}",2026-07-07T13:06:05.701242+00:00,False,completed,True,False,PASS,True,0.3969866340224775,1.475893537663745,1.360796690836258,0.4157890226893175,2.1045432484332216,1.7876184167772573,0.26438578047556155,2.5516825701546684,1.5051369206455576,True,val_select_seed_median,2026-07-07T13:06:30.981417+00:00,25.28018617630005,
nearest_k60_no_time_sequence_flat,hist_gradient_boosting,44,6,entry_movement,nearest_k60_no_time_sequence_flat/hist_gradient_boosting/44/6/entry_movement,24,24,"{'requested_threads': 24, 'n_jobs': None, 'thread_control': 'not_supported_by_estimator'}",2026-07-07T13:06:32.086865+00:00,False,completed,True,False,PASS,True,0.39292993620652295,1.48283322741136,1.3518987806501699,0.43039110791408114,2.0333164212031396,1.7191918328473186,0.2938079512174382,2.4990635331367383,1.4627271436252722,True,val_select_seed_median,2026-07-07T13:06:56.864919+00:00,24.77806782722473,
nearest_k60_no_time_sequence_flat,hist_gradient_boosting,42,12,entry_movement,nearest_k60_no_time_sequence_flat/hist_gradient_boosting/42/12/entry_movement,24,24,"{'requested_threads': 24, 'n_jobs': None, 'thread_control': 'not_supported_by_estimator'}",2026-07-07T13:06:57.971721+00:00,False,completed,True,False,PASS,True,0.3122246456913882,1.3429832332274148,1.2144274057359936,0.4350881821265602,2.0673202165963054,1.767055175131079,0.23258085356682281,2.316606548758769,1.4440545930112483,True,val_select_seed_median,2026-07-07T13:07:23.431499+00:00,25.459789276123047,
nearest_k60_no_time_sequence_flat,hist_gradient_boosting,43,12,entry_movement,nearest_k60_no_time_sequence_flat/hist_gradient_boosting/43/12/entry_movement,24,24,"{'requested_threads': 24, 'n_jobs': None, 'thread_control': 'not_supported_by_estimator'}",2026-07-07T13:07:24.536552+00:00,False,completed,True,False,PASS,True,0.2966658076213941,1.3453958991725026,1.2297429474005823,0.4032519018566163,2.0706399065890446,1.7317602922220159,0.22817512803723172,2.4776190894732486,1.6088414785978655,True,val_select_seed_median,2026-07-07T13:07:49.444423+00:00,24.907881498336792,
nearest_k60_no_time_sequence_flat,hist_gradient_boosting,44,12,entry_movement,nearest_k60_no_time_sequence_flat/hist_gradient_boosting/44/12/entry_movement,24,24,"{'requested_threads': 24, 'n_jobs': None, 'thread_control': 'not_supported_by_estimator'}",2026-07-07T13:07:50.532877+00:00,False,completed,True,False,PASS,True,0.28401429122523064,1.3725684178712534,1.2529816982901263,0.4171341414112908,2.0546580633852485,1.7547851682802027,0.25408640064006366,2.3780510636045777,1.5095407591255838,True,val_select_seed_median,2026-07-07T13:08:15.809069+00:00,25.276203393936157,
nearest_k60_no_time_sequence_flat,hist_gradient_boosting,42,24,entry_movement,nearest_k60_no_time_sequence_flat/hist_gradient_boosting/42/24/entry_movement,24,24,"{'requested_threads': 24, 'n_jobs': None, 'thread_control': 'not_supported_by_estimator'}",2026-07-07T13:08:16.942393+00:00,False,completed,True,False,PASS,True,0.13378917442212496,1.1127447433269873,1.005841505377352,0.3935935936797958,2.1082814304688835,1.7543419610421727,0.25268299388595616,1.7901772062895764,1.1436297968140354,True,val_select_seed_median,2026-07-07T13:08:42.880789+00:00,25.938408851623535,
nearest_k60_no_time_sequence_flat,hist_gradient_boosting,43,24,entry_movement,nearest_k60_no_time_sequence_flat/hist_gradient_boosting/43/24/entry_movement,24,24,"{'requested_threads': 24, 'n_jobs': None, 'thread_control': 'not_supported_by_estimator'}",2026-07-07T13:08:43.985976+00:00,False,completed,True,False,PASS,True,0.15529715526682503,1.2767538984819151,1.1362155532654337,0.40610485378968103,2.1143929016353735,1.7975015988361258,0.22454557682740736,1.9879731680065384,1.2398140132227409,True,val_select_seed_median,2026-07-07T13:09:09.850426+00:00,25.864461183547974,
nearest_k60_no_time_sequence_flat,hist_gradient_boosting,44,24,entry_movement,nearest_k60_no_time_sequence_flat/hist_gradient_boosting/44/24/entry_movement,24,24,"{'requested_threads': 24, 'n_jobs': None, 'thread_control': 'not_supported_by_estimator'}",2026-07-07T13:09:10.976267+00:00,False,completed,True,False,PASS,True,0.14112321489100765,1.2447861401523528,1.1226047851496703,0.3867365944680477,2.1066776760303543,1.751787150925105,0.19087958323623044,1.5981132207013602,1.1071808470104123,True,val_select_seed_median,2026-07-07T13:09:37.170909+00:00,26.194653272628784,
nearest_k60_no_time_sequence_flat,extra_trees_small,42,3,entry_movement,nearest_k60_no_time_sequence_flat/extra_trees_small/42/3/entry_movement,24,24,"{'requested_threads': 24, 'n_jobs': 24, 'thread_control': 'n_jobs'}",2026-07-07T13:09:38.327838+00:00,False,completed,True,False,PASS,True,0.39241690845987987,1.598184885852712,1.4695628248641166,0.3945705669238263,2.0349919388673525,1.779962806574723,0.32688338706255193,2.92184822997816,1.9599796026658571,True,val_select_seed_median,2026-07-07T13:09:49.149651+00:00,10.821824312210083,
nearest_k60_no_time_sequence_flat,extra_trees_small,43,3,entry_movement,nearest_k60_no_time_sequence_flat/extra_trees_small/43/3/entry_movement,24,24,"{'requested_threads': 24, 'n_jobs': 24, 'thread_control': 'n_jobs'}",2026-07-07T13:09:50.300605+00:00,False,completed,True,False,PASS,True,0.3935173941565358,1.6034880014368234,1.478118779829296,0.40215660514137835,2.047671762426836,1.7678182933897388,0.3561692505865358,2.81320475597329,1.943214605423281,True,val_select_seed_median,2026-07-07T13:10:01.508047+00:00,11.207452535629272,
nearest_k60_no_time_sequence_flat,extra_trees_small,44,3,entry_movement,nearest_k60_no_time_sequence_flat/extra_trees_small/44/3/entry_movement,24,24,"{'requested_threads': 24, 'n_jobs': 24, 'thread_control': 'n_jobs'}",2026-07-07T13:10:02.636125+00:00,False,completed,True,False,PASS,True,0.38827837430331613,1.616903426226287,1.4807324456372655,0.39746169189900205,2.063812955213395,1.7704854865035904,0.349408120995001,2.8070469898046055,1.8962189501382603,True,val_select_seed_median,2026-07-07T13:10:13.601516+00:00,10.965404748916626,
nearest_k60_no_time_sequence_flat,extra_trees_small,42,6,entry_movement,nearest_k60_no_time_sequence_flat/extra_trees_small/42/6/entry_movement,24,24,"{'requested_threads': 24, 'n_jobs': 24, 'thread_control': 'n_jobs'}",2026-07-07T13:10:14.754644+00:00,False,completed,True,False,PASS,True,0.38152246561773734,1.5041392047517241,1.350058346569187,0.38665160779227914,2.1094841599710135,1.7978141480461762,0.3530048512566751,2.914124479467661,1.8773598885212122,True,val_select_seed_median,2026-07-07T13:10:26.355682+00:00,11.601051330566406,
nearest_k60_no_time_sequence_flat,extra_trees_small,43,6,entry_movement,nearest_k60_no_time_sequence_flat/extra_trees_small/43/6/entry_movement,24,24,"{'requested_threads': 24, 'n_jobs': 24, 'thread_control': 'n_jobs'}",2026-07-07T13:10:27.507662+00:00,False,completed,True,False,PASS,True,0.39159617604536734,1.4748426946484876,1.3565316541818844,0.39831413865559184,2.142290791570237,1.8099940631373401,0.3473566944004737,2.908356044045524,1.8986743784535651,True,val_select_seed_median,2026-07-07T13:10:38.885515+00:00,11.377865076065063,
nearest_k60_no_time_sequence_flat,extra_trees_small,44,6,entry_movement,nearest_k60_no_time_sequence_flat/extra_trees_small/44/6/entry_movement,24,24,"{'requested_threads': 24, 'n_jobs': 24, 'thread_control': 'n_jobs'}",2026-07-07T13:10:40.031388+00:00,False,completed,True,False,PASS,True,0.3868109208722769,1.461774330506913,1.3326481305903322,0.3949939564162307,2.1095055860423892,1.8051721226904538,0.3601419315779871,2.8770179590884704,1.8267553550570237,True,val_select_seed_median,2026-07-07T13:10:50.801798+00:00,10.770421028137207,
nearest_k60_no_time_sequence_flat,extra_trees_small,42,12,entry_movement,nearest_k60_no_time_sequence_flat/extra_trees_small/42/12/entry_movement,24,24,"{'requested_threads': 24, 'n_jobs': 24, 'thread_control': 'n_jobs'}",2026-07-07T13:10:51.977080+00:00,False,completed,True,False,PASS,True,0.2935771254892263,1.3952481138579016,1.2659650784623422,0.39067207638437085,2.1276188848127684,1.785330436465202,0.28806051532569477,2.488118262332879,1.6498065844840621,True,val_select_seed_median,2026-07-07T13:11:02.456525+00:00,10.479454278945923,
nearest_k60_no_time_sequence_flat,extra_trees_small,43,12,entry_movement,nearest_k60_no_time_sequence_flat/extra_trees_small/43/12/entry_movement,24,24,"{'requested_threads': 24, 'n_jobs': 24, 'thread_control': 'n_jobs'}",2026-07-07T13:11:03.641108+00:00,False,completed,True,False,PASS,True,0.2932606581725107,1.3566451252891822,1.2369145909869168,0.3901956922733858,2.122290161717989,1.7903847439510356,0.25236006390475624,2.549948987819456,1.7298483978839698,True,val_select_seed_median,2026-07-07T13:11:13.795242+00:00,10.154144525527954,
nearest_k60_no_time_sequence_flat,extra_trees_small,44,12,entry_movement,nearest_k60_no_time_sequence_flat/extra_trees_small/44/12/entry_movement,24,24,"{'requested_threads': 24, 'n_jobs': 24, 'thread_control': 'n_jobs'}",2026-07-07T13:11:14.977623+00:00,False,completed,True,False,PASS,True,0.2979835546290168,1.3570990996323593,1.2322399274125133,0.3974426123060726,2.2064927561524845,1.8574044493158053,0.3301985440001208,2.518418657345009,1.7703593189935432,True,val_select_seed_median,2026-07-07T13:11:25.206025+00:00,10.22841191291809,
nearest_k60_no_time_sequence_flat,extra_trees_small,42,24,entry_movement,nearest_k60_no_time_sequence_flat/extra_trees_small/42/24/entry_movement,24,24,"{'requested_threads': 24, 'n_jobs': 24, 'thread_control': 'n_jobs'}",2026-07-07T13:11:26.404913+00:00,False,completed,True,False,PASS,True,0.16318884480194895,1.2285342880210048,1.1072950776665917,0.39503466628115275,2.17890478148001,1.768301948103306,0.28046525032336594,2.4673765615901555,1.5678131972167653,True,val_select_seed_median,2026-07-07T13:11:35.976939+00:00,9.572039127349854,
nearest_k60_no_time_sequence_flat,extra_trees_small,43,24,entry_movement,nearest_k60_no_time_sequence_flat/extra_trees_small/43/24/entry_movement,24,24,"{'requested_threads': 24, 'n_jobs': 24, 'thread_control': 'n_jobs'}",2026-07-07T13:11:37.152561+00:00,False,completed,True,False,PASS,True,0.17796385712158863,1.2617089716874017,1.1479107173030187,0.4006701157477777,2.164547443992565,1.771562216736225,0.27847489906948736,2.0194637265107183,1.4768986347466548,True,val_select_seed_median,2026-07-07T13:11:47.198673+00:00,10.04612135887146,
nearest_k60_no_time_sequence_flat,extra_trees_small,44,24,entry_movement,nearest_k60_no_time_sequence_flat/extra_trees_small/44/24/entry_movement,24,24,"{'requested_threads': 24, 'n_jobs': 24, 'thread_control': 'n_jobs'}",2026-07-07T13:11:48.416990+00:00,False,completed,True,False,PASS,True,0.1689712803650653,1.2159640086696104,1.1025388476238405,0.4241960857817669,2.16931092095215,1.7864725151603946,0.2813050080128077,2.4217399109553694,1.5399279078775494,True,val_select_seed_median,2026-07-07T13:11:58.262351+00:00,9.845374345779419,
nearest_k60_no_price_coord_sequence_flat,hist_gradient_boosting,42,3,entry_movement,nearest_k60_no_price_coord_sequence_flat/hist_gradient_boosting/42/3/entry_movement,24,24,"{'requested_threads': 24, 'n_jobs': None, 'thread_control': 'not_supported_by_estimator'}",2026-07-07T13:11:59.494849+00:00,False,completed,True,False,PASS,True,0.5416613739685614,2.0130310393816013,1.8871600572065954,0.48439783876574566,2.120888055907723,1.9421735534101066,0.37296951697737135,2.453665426929543,1.7190442328043591,True,val_select_seed_median,2026-07-07T13:13:34.501094+00:00,95.00625562667847,
nearest_k60_no_price_coord_sequence_flat,hist_gradient_boosting,43,3,entry_movement,nearest_k60_no_price_coord_sequence_flat/hist_gradient_boosting/43/3/entry_movement,24,24,"{'requested_threads': 24, 'n_jobs': None, 'thread_control': 'not_supported_by_estimator'}",2026-07-07T13:13:35.720857+00:00,False,completed,True,False,PASS,True,0.5217488124996438,1.9978957758546863,1.860387079085668,0.48052004275457677,2.2216116126916674,2.0108279228458685,0.4059414956657159,2.478758175386256,1.7728262403343087,True,val_select_seed_median,2026-07-07T13:14:01.235464+00:00,25.514618635177612,
nearest_k60_no_price_coord_sequence_flat,hist_gradient_boosting,44,3,entry_movement,nearest_k60_no_price_coord_sequence_flat/hist_gradient_boosting/44/3/entry_movement,24,24,"{'requested_threads': 24, 'n_jobs': None, 'thread_control': 'not_supported_by_estimator'}",2026-07-07T13:14:02.430030+00:00,False,completed,True,False,PASS,True,0.5236447999100384,1.984720897977803,1.8736527902154256,0.48677259101341186,2.2150345259448234,2.013195884416121,0.38944459032568435,2.394327703697113,1.7182810473793348,True,val_select_seed_median,2026-07-07T13:14:28.127728+00:00,25.697710514068604,
nearest_k60_no_price_coord_sequence_flat,hist_gradient_boosting,42,6,entry_movement,nearest_k60_no_price_coord_sequence_flat/hist_gradient_boosting/42/6/entry_movement,24,24,"{'requested_threads': 24, 'n_jobs': None, 'thread_control': 'not_supported_by_estimator'}",2026-07-07T13:14:29.337221+00:00,False,completed,True,False,PASS,True,0.5230171998867001,1.6934943077741504,1.5996958750067005,0.46694852091615907,2.1882311146877793,1.9425867511828558,0.3064361961463181,2.2442734463390552,1.3689490935396038,True,val_select_seed_median,2026-07-07T13:14:55.044076+00:00,25.706867456436157,
nearest_k60_no_price_coord_sequence_flat,hist_gradient_boosting,43,6,entry_movement,nearest_k60_no_price_coord_sequence_flat/hist_gradient_boosting/43/6/entry_movement,24,24,"{'requested_threads': 24, 'n_jobs': None, 'thread_control': 'not_supported_by_estimator'}",2026-07-07T13:14:56.247829+00:00,False,completed,True,False,PASS,True,0.5004149190956372,1.6703818401429409,1.5637661819415514,0.4638894516226954,2.1441623987509955,1.9184804643445081,0.3217893864299223,2.3241404589294787,1.373012786484846,True,val_select_seed_median,2026-07-07T13:15:21.767734+00:00,25.519917249679565,
nearest_k60_no_price_coord_sequence_flat,hist_gradient_boosting,44,6,entry_movement,nearest_k60_no_price_coord_sequence_flat/hist_gradient_boosting/44/6/entry_movement,24,24,"{'requested_threads': 24, 'n_jobs': None, 'thread_control': 'not_supported_by_estimator'}",2026-07-07T13:15:22.968638+00:00,False,completed,True,False,PASS,True,0.5098608226078667,1.6727545220656426,1.5605026491256484,0.46112620058672704,2.1840552059068146,1.9486439175861652,0.2936148553023407,2.1563903679230663,1.2794610749673778,True,val_select_seed_median,2026-07-07T13:15:48.572741+00:00,25.60411238670349,
nearest_k60_no_price_coord_sequence_flat,hist_gradient_boosting,42,12,entry_movement,nearest_k60_no_price_coord_sequence_flat/hist_gradient_boosting/42/12/entry_movement,24,24,"{'requested_threads': 24, 'n_jobs': None, 'thread_control': 'not_supported_by_estimator'}",2026-07-07T13:15:49.795388+00:00,False,completed,True,False,PASS,True,0.37195932500982515,1.3991172803146195,1.2892010384292476,0.43623290479911886,2.141523896882696,1.849129692909916,0.2600128931499319,2.303712133713208,1.4185521604109739,True,val_select_seed_median,2026-07-07T13:16:16.691853+00:00,26.89647674560547,
nearest_k60_no_price_coord_sequence_flat,hist_gradient_boosting,43,12,entry_movement,nearest_k60_no_price_coord_sequence_flat/hist_gradient_boosting/43/12/entry_movement,24,24,"{'requested_threads': 24, 'n_jobs': None, 'thread_control': 'not_supported_by_estimator'}",2026-07-07T13:16:17.889277+00:00,False,completed,True,False,PASS,True,0.41279063728667587,1.4411212173238164,1.3404615228582422,0.45881050264448414,2.1576567470474317,1.8531579199308974,0.261094343423407,2.3114173214541216,1.4440939231565977,True,val_select_seed_median,2026-07-07T13:16:43.972527+00:00,26.08326005935669,
nearest_k60_no_price_coord_sequence_flat,hist_gradient_boosting,44,12,entry_movement,nearest_k60_no_price_coord_sequence_flat/hist_gradient_boosting/44/12/entry_movement,24,24,"{'requested_threads': 24, 'n_jobs': None, 'thread_control': 'not_supported_by_estimator'}",2026-07-07T13:16:45.169751+00:00,False,completed,True,False,PASS,True,0.4001411087131966,1.5068191547334624,1.3740122225087181,0.4321334735221076,2.074156278106292,1.8319941885597217,0.2610739148906099,2.1715019871707377,1.2942858098048644,True,val_select_seed_median,2026-07-07T13:17:11.440434+00:00,26.27069592475891,
nearest_k60_no_price_coord_sequence_flat,hist_gradient_boosting,42,24,entry_movement,nearest_k60_no_price_coord_sequence_flat/hist_gradient_boosting/42/24/entry_movement,24,24,"{'requested_threads': 24, 'n_jobs': None, 'thread_control': 'not_supported_by_estimator'}",2026-07-07T13:17:12.666738+00:00,False,completed,True,False,PASS,True,0.1460820257984725,1.2258728447914145,1.1246527159950364,0.4225715991320564,2.0480444099156783,1.77848365828908,0.19304556212543061,1.6644621067091048,1.1615764439030707,True,val_select_seed_median,2026-07-07T13:17:39.866229+00:00,27.19950294494629,
nearest_k60_no_price_coord_sequence_flat,hist_gradient_boosting,43,24,entry_movement,nearest_k60_no_price_coord_sequence_flat/hist_gradient_boosting/43/24/entry_movement,24,24,"{'requested_threads': 24, 'n_jobs': None, 'thread_control': 'not_supported_by_estimator'}",2026-07-07T13:17:41.064829+00:00,False,completed,True,False,PASS,True,0.17846978150293477,1.2730778529447517,1.14472481904264,0.38342978991260296,2.099207398980997,1.7972854047756361,0.21200476794748296,1.785718236105475,1.2684295439745197,True,val_select_seed_median,2026-07-07T13:18:08.106003+00:00,27.04118847846985,
nearest_k60_no_price_coord_sequence_flat,hist_gradient_boosting,44,24,entry_movement,nearest_k60_no_price_coord_sequence_flat/hist_gradient_boosting/44/24/entry_movement,24,24,"{'requested_threads': 24, 'n_jobs': None, 'thread_control': 'not_supported_by_estimator'}",2026-07-07T13:18:09.301255+00:00,False,completed,True,False,PASS,True,0.18740617866873405,1.3008378187613634,1.1751435838063182,0.409931569208539,2.052663173385944,1.7713634227041664,0.1657204426489677,1.5150020064763254,1.0226744634823048,True,val_select_seed_median,2026-07-07T13:18:36.723148+00:00,27.421905040740967,
nearest_k60_no_price_coord_sequence_flat,extra_trees_small,42,3,entry_movement,nearest_k60_no_price_coord_sequence_flat/extra_trees_small/42/3/entry_movement,24,24,"{'requested_threads': 24, 'n_jobs': 24, 'thread_control': 'n_jobs'}",2026-07-07T13:18:37.948277+00:00,False,completed,True,False,PASS,True,0.5467630697956531,2.0472310149811546,1.9530133866647368,0.4341282354319368,1.8925654121339068,1.7665466186111887,0.3743347157960775,2.7537825715842983,1.899070978738497,True,val_select_seed_median,2026-07-07T13:18:50.505571+00:00,12.557305812835693,
nearest_k60_no_price_coord_sequence_flat,extra_trees_small,43,3,entry_movement,nearest_k60_no_price_coord_sequence_flat/extra_trees_small/43/3/entry_movement,24,24,"{'requested_threads': 24, 'n_jobs': 24, 'thread_control': 'n_jobs'}",2026-07-07T13:18:51.730462+00:00,False,completed,True,False,PASS,True,0.5443768730035192,2.0312172025663418,1.9364225748646997,0.4363872719081835,1.8539495332835867,1.743441732877379,0.3646382074525342,2.608527380699487,1.8507375485930146,True,val_select_seed_median,2026-07-07T13:19:04.220225+00:00,12.48977279663086,
nearest_k60_no_price_coord_sequence_flat,extra_trees_small,44,3,entry_movement,nearest_k60_no_price_coord_sequence_flat/extra_trees_small/44/3/entry_movement,24,24,"{'requested_threads': 24, 'n_jobs': 24, 'thread_control': 'n_jobs'}",2026-07-07T13:19:05.406741+00:00,False,completed,True,False,PASS,True,0.544603120294259,2.053681584828711,1.950002573941025,0.4391820726129325,1.8745897108011804,1.7596133608645401,0.37031688954637293,2.671360338330181,1.8766615105242541,True,val_select_seed_median,2026-07-07T13:19:17.898581+00:00,12.49185061454773,
nearest_k60_no_price_coord_sequence_flat,extra_trees_small,42,6,entry_movement,nearest_k60_no_price_coord_sequence_flat/extra_trees_small/42/6/entry_movement,24,24,"{'requested_threads': 24, 'n_jobs': 24, 'thread_control': 'n_jobs'}",2026-07-07T13:19:19.092097+00:00,False,completed,True,False,PASS,True,0.524973480763513,1.755974995452877,1.6712192552520297,0.40565163734995524,1.9087370329276696,1.7755388888431605,0.3375606379646566,2.339909506874405,1.5184370764361008,True,val_select_seed_median,2026-07-07T13:19:31.080646+00:00,11.98856258392334,
nearest_k60_no_price_coord_sequence_flat,extra_trees_small,43,6,entry_movement,nearest_k60_no_price_coord_sequence_flat/extra_trees_small/43/6/entry_movement,24,24,"{'requested_threads': 24, 'n_jobs': 24, 'thread_control': 'n_jobs'}",2026-07-07T13:19:32.292260+00:00,False,completed,True,False,PASS,True,0.5305743875407756,1.7331363121604872,1.646869974845971,0.4013012683019402,1.8920876175524048,1.7586727799963153,0.3363471272384234,2.414499544815993,1.5307856026897977,True,val_select_seed_median,2026-07-07T13:19:44.239692+00:00,11.947442770004272,
nearest_k60_no_price_coord_sequence_flat,extra_trees_small,44,6,entry_movement,nearest_k60_no_price_coord_sequence_flat/extra_trees_small/44/6/entry_movement,24,24,"{'requested_threads': 24, 'n_jobs': 24, 'thread_control': 'n_jobs'}",2026-07-07T13:19:45.468745+00:00,False,completed,True,False,PASS,True,0.524792517136177,1.7572161641572104,1.6590560725044743,0.39292215246245776,1.948724477398677,1.7673513923500654,0.3337754385011541,2.403404125948117,1.5635927072247773,True,val_select_seed_median,2026-07-07T13:19:57.398576+00:00,11.92984127998352,
nearest_k60_no_price_coord_sequence_flat,extra_trees_small,42,12,entry_movement,nearest_k60_no_price_coord_sequence_flat/extra_trees_small/42/12/entry_movement,24,24,"{'requested_threads': 24, 'n_jobs': 24, 'thread_control': 'n_jobs'}",2026-07-07T13:19:58.603855+00:00,False,completed,True,False,PASS,True,0.4479776077698394,1.4559532226456247,1.3542538749366422,0.36426552234712256,1.917075520382071,1.7046540294273638,0.319442313710252,2.5212312675369257,1.629876410849976,True,val_select_seed_median,2026-07-07T13:20:10.490797+00:00,11.886951684951782,
nearest_k60_no_price_coord_sequence_flat,extra_trees_small,43,12,entry_movement,nearest_k60_no_price_coord_sequence_flat/extra_trees_small/43/12/entry_movement,24,24,"{'requested_threads': 24, 'n_jobs': 24, 'thread_control': 'n_jobs'}",2026-07-07T13:20:11.675749+00:00,False,completed,True,False,PASS,True,0.44501611522916124,1.4773651665823382,1.3736427683948986,0.37048882368818986,2.03262261109646,1.7487277287061143,0.319313694666357,2.447192964328822,1.564300064802169,True,val_select_seed_median,2026-07-07T13:20:23.536395+00:00,11.860656023025513,
nearest_k60_no_price_coord_sequence_flat,extra_trees_small,44,12,entry_movement,nearest_k60_no_price_coord_sequence_flat/extra_trees_small/44/12/entry_movement,24,24,"{'requested_threads': 24, 'n_jobs': 24, 'thread_control': 'n_jobs'}",2026-07-07T13:20:24.763200+00:00,False,completed,True,False,PASS,True,0.4525587395504506,1.4902068457444337,1.385148254288708,0.3632754102528735,2.0168122578648706,1.7809755755584906,0.31002287059083794,2.448589847887908,1.5718620632880396,True,val_select_seed_median,2026-07-07T13:20:36.584282+00:00,11.82109522819519,
nearest_k60_no_price_coord_sequence_flat,extra_trees_small,42,24,entry_movement,nearest_k60_no_price_coord_sequence_flat/extra_trees_small/42/24/entry_movement,24,24,"{'requested_threads': 24, 'n_jobs': 24, 'thread_control': 'n_jobs'}",2026-07-07T13:20:37.807290+00:00,False,completed,True,False,PASS,True,0.18475168636729358,1.2642821924741672,1.1611408248847046,0.4362474533646192,2.2267148835220674,1.8761836172465483,0.19928985812612462,2.1739253844732285,1.4255345416274567,True,val_select_seed_median,2026-07-07T13:20:48.690754+00:00,10.883473634719849,
nearest_k60_no_price_coord_sequence_flat,extra_trees_small,43,24,entry_movement,nearest_k60_no_price_coord_sequence_flat/extra_trees_small/43/24/entry_movement,24,24,"{'requested_threads': 24, 'n_jobs': 24, 'thread_control': 'n_jobs'}",2026-07-07T13:20:49.905975+00:00,False,completed,True,False,PASS,True,0.19745771640861948,1.223135414339513,1.1096485710142865,0.4535447305410007,2.237530211642316,1.8673451829724608,0.26113058246066106,2.337947589021509,1.5666729752777504,True,val_select_seed_median,2026-07-07T13:21:00.439424+00:00,10.533462285995483,
nearest_k60_no_price_coord_sequence_flat,extra_trees_small,44,24,entry_movement,nearest_k60_no_price_coord_sequence_flat/extra_trees_small/44/24/entry_movement,24,24,"{'requested_threads': 24, 'n_jobs': 24, 'thread_control': 'n_jobs'}",2026-07-07T13:21:01.659669+00:00,False,completed,True,False,PASS,True,0.18862726358179394,1.241686069085003,1.1205369926108864,0.4373586829240134,2.1673122518780965,1.775332670809476,0.20602988621560878,2.2333680865032264,1.4722580426257474,True,val_select_seed_median,2026-07-07T13:21:12.173039+00:00,10.513380527496338,
