profile,model_key,seed,target_family,split,year,horizon,spearman,top10_lift,top_n,rest_n
atr_only,ridge_regression,42,entry_movement,val_select,2021,3,0.25041410900046673,1.3387032931659015,269,2417
atr_only,ridge_regression,42,entry_movement,val_select,2022,3,0.27576288651261227,1.6169096406468126,252,2267
atr_only,ridge_regression,42,entry_movement,val_select,2023,3,0.18514958022939357,1.2538947701236112,145,1298
atr_only,ridge_regression,42,entry_movement,val_eval,2023,3,0.24621063121577383,1.335102038120114,124,1112
atr_only,ridge_regression,42,entry_movement,val_eval,2024,3,0.3029150672122527,1.3518807705474514,273,2450
atr_only,ridge_regression,42,entry_movement,val_eval,2025,3,0.5388335190151736,1.7773336033664386,269,2418
atr_only,ridge_regression,42,entry_movement,val_select,2021,6,0.20932938207241372,1.2578767260420467,269,2417
atr_only,ridge_regression,42,entry_movement,val_select,2022,6,0.26192625553330623,1.5545472173106287,252,2267
atr_only,ridge_regression,42,entry_movement,val_select,2023,6,0.17612242957468766,1.2593132731191714,145,1298
atr_only,ridge_regression,42,entry_movement,val_eval,2023,6,0.2450051204561871,1.342431597527058,124,1112
atr_only,ridge_regression,42,entry_movement,val_eval,2024,6,0.312673039487321,1.353878688589377,273,2450
atr_only,ridge_regression,42,entry_movement,val_eval,2025,6,0.56224591890623,1.7958000905410456,269,2418
atr_only,ridge_regression,42,entry_movement,val_select,2021,12,0.18133323945877586,1.2109806720000897,269,2417
atr_only,ridge_regression,42,entry_movement,val_select,2022,12,0.24926481975474718,1.5050243763412166,252,2267
atr_only,ridge_regression,42,entry_movement,val_select,2023,12,0.17382038147857096,1.2861884231020784,145,1298
atr_only,ridge_regression,42,entry_movement,val_eval,2023,12,0.2534681983031562,1.2917451570527427,124,1112
atr_only,ridge_regression,42,entry_movement,val_eval,2024,12,0.33462391684140114,1.2777593640364568,273,2450
atr_only,ridge_regression,42,entry_movement,val_eval,2025,12,0.5700995772996245,1.729244069559448,269,2418
atr_only,ridge_regression,42,entry_movement,val_select,2021,24,0.14028589361906563,1.1564914347077218,269,2417
atr_only,ridge_regression,42,entry_movement,val_select,2022,24,0.24507085276754736,1.5386188057977561,252,2267
atr_only,ridge_regression,42,entry_movement,val_select,2023,24,0.18087327651097757,1.3100638103464692,145,1298
atr_only,ridge_regression,42,entry_movement,val_eval,2023,24,0.3137535770615598,1.2851562294514545,124,1112
atr_only,ridge_regression,42,entry_movement,val_eval,2024,24,0.31379288492997853,1.1715249865032944,273,2450
atr_only,ridge_regression,42,entry_movement,val_eval,2025,24,0.5631339998682774,1.6512048129738148,269,2418
atr_only,hist_gradient_boosting,42,entry_movement,val_select,2021,3,0.2473384825821948,1.329783295709571,269,2417
atr_only,hist_gradient_boosting,42,entry_movement,val_select,2022,3,0.26681721671417635,1.5910800861471612,252,2267
atr_only,hist_gradient_boosting,42,entry_movement,val_select,2023,3,0.1858100206818741,1.1611691014530396,145,1298
atr_only,hist_gradient_boosting,42,entry_movement,val_eval,2023,3,0.25091200743012937,1.2697960452091481,124,1112
atr_only,hist_gradient_boosting,42,entry_movement,val_eval,2024,3,0.2623652834009108,1.2256004500863662,273,2450
atr_only,hist_gradient_boosting,42,entry_movement,val_eval,2025,3,0.42431398485098926,0.9196498418512871,269,2418
atr_only,hist_gradient_boosting,43,entry_movement,val_select,2021,3,0.245675986223428,1.3181137898715212,269,2417
atr_only,hist_gradient_boosting,43,entry_movement,val_select,2022,3,0.26421508229498947,1.573801900669569,252,2267
atr_only,hist_gradient_boosting,43,entry_movement,val_select,2023,3,0.18329026277010177,1.1177480950340737,145,1298
atr_only,hist_gradient_boosting,43,entry_movement,val_eval,2023,3,0.2545022750211792,1.2469153916497224,124,1112
atr_only,hist_gradient_boosting,43,entry_movement,val_eval,2024,3,0.26572171121449384,1.2907350330433656,273,2450
atr_only,hist_gradient_boosting,43,entry_movement,val_eval,2025,3,0.2679118109347978,0.8746703046405313,269,2418
atr_only,hist_gradient_boosting,44,entry_movement,val_select,2021,3,0.2450404935436217,1.296193438221885,269,2417
atr_only,hist_gradient_boosting,44,entry_movement,val_select,2022,3,0.26554951770651175,1.5514214468437433,252,2267
atr_only,hist_gradient_boosting,44,entry_movement,val_select,2023,3,0.18652266894932693,1.1873751838028879,145,1298
atr_only,hist_gradient_boosting,44,entry_movement,val_eval,2023,3,0.25444595230073164,1.2698310558721193,124,1112
atr_only,hist_gradient_boosting,44,entry_movement,val_eval,2024,3,0.26598105533364924,1.2436296521453911,273,2450
atr_only,hist_gradient_boosting,44,entry_movement,val_eval,2025,3,0.24509653497328038,0.8688172952676386,269,2418
atr_only,hist_gradient_boosting,42,entry_movement,val_select,2021,6,0.1871802054539023,1.2162666188935518,269,2417
atr_only,hist_gradient_boosting,42,entry_movement,val_select,2022,6,0.2491002323163401,1.6473417796948184,252,2267
atr_only,hist_gradient_boosting,42,entry_movement,val_select,2023,6,0.15360835347661458,1.1798645886997732,145,1298
atr_only,hist_gradient_boosting,42,entry_movement,val_eval,2023,6,0.251806765117958,1.1885646733117141,124,1112
atr_only,hist_gradient_boosting,42,entry_movement,val_eval,2024,6,0.28236156138854585,1.2293844515660035,273,2450
atr_only,hist_gradient_boosting,42,entry_movement,val_eval,2025,6,0.33536562966358574,0.8420661600705293,269,2418
atr_only,hist_gradient_boosting,43,entry_movement,val_select,2021,6,0.18133254200137294,1.249980367272316,269,2417
atr_only,hist_gradient_boosting,43,entry_movement,val_select,2022,6,0.24944542056783528,1.6484740409947525,252,2267
atr_only,hist_gradient_boosting,43,entry_movement,val_select,2023,6,0.1574984879569541,1.1831835682466882,145,1298
atr_only,hist_gradient_boosting,43,entry_movement,val_eval,2023,6,0.2443117859340693,1.0823186702939795,124,1112
atr_only,hist_gradient_boosting,43,entry_movement,val_eval,2024,6,0.27236253426582974,1.2491906227874152,273,2450
atr_only,hist_gradient_boosting,43,entry_movement,val_eval,2025,6,0.30111552487468635,0.8661237775077736,269,2418
atr_only,hist_gradient_boosting,44,entry_movement,val_select,2021,6,0.18818517436901822,1.2436875687950888,269,2417
atr_only,hist_gradient_boosting,44,entry_movement,val_select,2022,6,0.24549703138431758,1.6543227911281295,252,2267
atr_only,hist_gradient_boosting,44,entry_movement,val_select,2023,6,0.16021949458789914,1.1509098996674358,145,1298
atr_only,hist_gradient_boosting,44,entry_movement,val_eval,2023,6,0.25349474157031887,1.140187184404647,124,1112
atr_only,hist_gradient_boosting,44,entry_movement,val_eval,2024,6,0.2802788548497969,1.2355813539881069,273,2450
atr_only,hist_gradient_boosting,44,entry_movement,val_eval,2025,6,0.19897519906109112,0.8966479113637671,269,2418
atr_only,hist_gradient_boosting,42,entry_movement,val_select,2021,12,0.17793548768295453,1.2198040823051672,269,2417
atr_only,hist_gradient_boosting,42,entry_movement,val_select,2022,12,0.21839204259502898,1.6149004268901053,252,2267
atr_only,hist_gradient_boosting,42,entry_movement,val_select,2023,12,0.13703647607919486,1.1424565516161578,145,1298
atr_only,hist_gradient_boosting,42,entry_movement,val_eval,2023,12,0.2621169341423609,1.0483943446381705,124,1112
atr_only,hist_gradient_boosting,42,entry_movement,val_eval,2024,12,0.28954552236097525,1.1832991229027465,273,2450
atr_only,hist_gradient_boosting,42,entry_movement,val_eval,2025,12,0.31337670391810385,0.7531246392916273,269,2418
atr_only,hist_gradient_boosting,43,entry_movement,val_select,2021,12,0.175047827637316,1.2227175278956262,269,2417
atr_only,hist_gradient_boosting,43,entry_movement,val_select,2022,12,0.21756664560137517,1.5463788712564333,252,2267
atr_only,hist_gradient_boosting,43,entry_movement,val_select,2023,12,0.13191008925993147,1.0562683702495521,145,1298
atr_only,hist_gradient_boosting,43,entry_movement,val_eval,2023,12,0.2614405085393837,1.099292842862521,124,1112
atr_only,hist_gradient_boosting,43,entry_movement,val_eval,2024,12,0.2811638457399192,1.1800674033212768,273,2450
atr_only,hist_gradient_boosting,43,entry_movement,val_eval,2025,12,0.24141357604067828,0.8456234028512987,269,2418
atr_only,hist_gradient_boosting,44,entry_movement,val_select,2021,12,0.17055267204773245,1.2131776139845618,269,2417
atr_only,hist_gradient_boosting,44,entry_movement,val_select,2022,12,0.221009325416434,1.630999021298259,252,2267
atr_only,hist_gradient_boosting,44,entry_movement,val_select,2023,12,0.13055992274857123,1.1403168078872135,145,1298
atr_only,hist_gradient_boosting,44,entry_movement,val_eval,2023,12,0.25908780397811504,1.0977260276418683,124,1112
atr_only,hist_gradient_boosting,44,entry_movement,val_eval,2024,12,0.2914639942396724,1.1789266068165443,273,2450
atr_only,hist_gradient_boosting,44,entry_movement,val_eval,2025,12,0.059176023477915195,0.773005899878509,269,2418
atr_only,hist_gradient_boosting,42,entry_movement,val_select,2021,24,0.13733262626431203,1.144297266821008,269,2417
atr_only,hist_gradient_boosting,42,entry_movement,val_select,2022,24,0.17603045316600288,1.5946060169935359,252,2267
atr_only,hist_gradient_boosting,42,entry_movement,val_select,2023,24,0.17117328687697145,1.2195675064050726,145,1298
atr_only,hist_gradient_boosting,42,entry_movement,val_eval,2023,24,0.32216429618882053,0.9789618856177558,124,1112
atr_only,hist_gradient_boosting,42,entry_movement,val_eval,2024,24,0.26058609689137074,1.1276066120499066,273,2450
atr_only,hist_gradient_boosting,42,entry_movement,val_eval,2025,24,0.15940305702206717,0.7866764591937199,269,2418
atr_only,hist_gradient_boosting,43,entry_movement,val_select,2021,24,0.13424646519217992,1.1353109078872952,269,2417
atr_only,hist_gradient_boosting,43,entry_movement,val_select,2022,24,0.1862523296621296,1.5236550498179557,252,2267
atr_only,hist_gradient_boosting,43,entry_movement,val_select,2023,24,0.18058422052119255,1.3190560011301873,145,1298
atr_only,hist_gradient_boosting,43,entry_movement,val_eval,2023,24,0.3161169580297013,0.9739897640536124,124,1112
atr_only,hist_gradient_boosting,43,entry_movement,val_eval,2024,24,0.2718014768820007,1.125978936411517,273,2450
atr_only,hist_gradient_boosting,43,entry_movement,val_eval,2025,24,0.19557457131120315,0.8645716034597102,269,2418
atr_only,hist_gradient_boosting,44,entry_movement,val_select,2021,24,0.13653109939366764,1.1353109078872952,269,2417
atr_only,hist_gradient_boosting,44,entry_movement,val_select,2022,24,0.17617622977246267,1.5277882617834346,252,2267
atr_only,hist_gradient_boosting,44,entry_movement,val_select,2023,24,0.16386735645102363,1.2926174984635532,145,1298
atr_only,hist_gradient_boosting,44,entry_movement,val_eval,2023,24,0.3141426830246045,0.9743396793202029,124,1112
atr_only,hist_gradient_boosting,44,entry_movement,val_eval,2024,24,0.2644664714181388,1.1128934288953287,273,2450
atr_only,hist_gradient_boosting,44,entry_movement,val_eval,2025,24,-0.08856282594671602,0.7746200373442049,269,2418
atr_only,extra_trees_small,42,entry_movement,val_select,2021,3,0.2495197555457337,1.3409283585507066,269,2417
atr_only,extra_trees_small,42,entry_movement,val_select,2022,3,0.2732287150978639,1.6508827240839985,252,2267
atr_only,extra_trees_small,42,entry_movement,val_select,2023,3,0.18787587343497325,1.0896588727022194,145,1298
atr_only,extra_trees_small,42,entry_movement,val_eval,2023,3,0.2531306953244211,1.2563521689684825,124,1112
atr_only,extra_trees_small,42,entry_movement,val_eval,2024,3,0.28631974281509864,1.2894938694933944,273,2450
atr_only,extra_trees_small,42,entry_movement,val_eval,2025,3,0.37453115526247105,1.0173967463560787,269,2418
atr_only,extra_trees_small,43,entry_movement,val_select,2021,3,0.25028082451990724,1.3236816950453036,269,2417
atr_only,extra_trees_small,43,entry_movement,val_select,2022,3,0.2755740970292986,1.6527669025453364,252,2267
atr_only,extra_trees_small,43,entry_movement,val_select,2023,3,0.19204462948949033,1.0896588727022194,145,1298
atr_only,extra_trees_small,43,entry_movement,val_eval,2023,3,0.2436205957331221,1.2470896657363035,124,1112
atr_only,extra_trees_small,43,entry_movement,val_eval,2024,3,0.28762019709677866,1.2208057449806844,273,2450
atr_only,extra_trees_small,43,entry_movement,val_eval,2025,3,0.3799141114927635,0.938426012466813,269,2418
atr_only,extra_trees_small,44,entry_movement,val_select,2021,3,0.25044827552559357,1.3409283585507066,269,2417
atr_only,extra_trees_small,44,entry_movement,val_select,2022,3,0.2746501274908627,1.656386996285411,252,2267
atr_only,extra_trees_small,44,entry_movement,val_select,2023,3,0.19008350195254806,1.0896588727022194,145,1298
atr_only,extra_trees_small,44,entry_movement,val_eval,2023,3,0.252782722802606,1.2563521689684825,124,1112
atr_only,extra_trees_small,44,entry_movement,val_eval,2024,3,0.28487783257169963,1.273816995807854,273,2450
atr_only,extra_trees_small,44,entry_movement,val_eval,2025,3,0.421024415810676,0.950447152596735,269,2418
atr_only,extra_trees_small,42,entry_movement,val_select,2021,6,0.20305427454804884,1.2628278819478291,269,2417
atr_only,extra_trees_small,42,entry_movement,val_select,2022,6,0.257667083832527,1.6259455986077478,252,2267
atr_only,extra_trees_small,42,entry_movement,val_select,2023,6,0.16664975174018945,1.1914210871570974,145,1298
atr_only,extra_trees_small,42,entry_movement,val_eval,2023,6,0.25793596840286703,1.4063805158514884,124,1112
atr_only,extra_trees_small,42,entry_movement,val_eval,2024,6,0.3055870179844847,1.2823711864744758,273,2450
atr_only,extra_trees_small,42,entry_movement,val_eval,2025,6,0.37202245844643217,0.987266286858067,269,2418
atr_only,extra_trees_small,43,entry_movement,val_select,2021,6,0.20342308137808768,1.2465708073014166,269,2417
atr_only,extra_trees_small,43,entry_movement,val_select,2022,6,0.26603704508586384,1.6470358044748163,252,2267
atr_only,extra_trees_small,43,entry_movement,val_select,2023,6,0.17769874981141845,1.234491088092646,145,1298
atr_only,extra_trees_small,43,entry_movement,val_eval,2023,6,0.2495716459759853,1.273585519776326,124,1112
atr_only,extra_trees_small,43,entry_movement,val_eval,2024,6,0.30449794152465914,1.2454868640659849,273,2450
atr_only,extra_trees_small,43,entry_movement,val_eval,2025,6,0.3287875762374039,1.0327233711247408,269,2418
atr_only,extra_trees_small,44,entry_movement,val_select,2021,6,0.20759741113236846,1.234723032004575,269,2417
atr_only,extra_trees_small,44,entry_movement,val_select,2022,6,0.26078174908852975,1.609767467982125,252,2267
atr_only,extra_trees_small,44,entry_movement,val_select,2023,6,0.1702412645298518,1.1179310852223832,145,1298
atr_only,extra_trees_small,44,entry_movement,val_eval,2023,6,0.2583397234047873,1.3976313764228494,124,1112
atr_only,extra_trees_small,44,entry_movement,val_eval,2024,6,0.3007860544944274,1.2742262748863582,273,2450
atr_only,extra_trees_small,44,entry_movement,val_eval,2025,6,0.37469957443073737,1.0033872608761871,269,2418
atr_only,extra_trees_small,42,entry_movement,val_select,2021,12,0.1814851264986646,1.210023752755093,269,2417
atr_only,extra_trees_small,42,entry_movement,val_select,2022,12,0.23953530015872251,1.5711859115233004,252,2267
atr_only,extra_trees_small,42,entry_movement,val_select,2023,12,0.15943408426188677,1.1914346755185634,145,1298
atr_only,extra_trees_small,42,entry_movement,val_eval,2023,12,0.2657762449412437,1.2517183565799346,124,1112
atr_only,extra_trees_small,42,entry_movement,val_eval,2024,12,0.3162762595821332,1.2015008364478958,273,2450
atr_only,extra_trees_small,42,entry_movement,val_eval,2025,12,0.20530664032629764,0.8427045274511415,269,2418
atr_only,extra_trees_small,43,entry_movement,val_select,2021,12,0.1791779486817536,1.210023752755093,269,2417
atr_only,extra_trees_small,43,entry_movement,val_select,2022,12,0.24330417133599447,1.609624275089066,252,2267
atr_only,extra_trees_small,43,entry_movement,val_select,2023,12,0.16070271946624354,1.1941948786006196,145,1298
atr_only,extra_trees_small,43,entry_movement,val_eval,2023,12,0.2511826247937639,1.2517183565799344,124,1112
atr_only,extra_trees_small,43,entry_movement,val_eval,2024,12,0.3164772337427025,1.1977558808435795,273,2450
atr_only,extra_trees_small,43,entry_movement,val_eval,2025,12,0.1985523401704422,0.8721248097868001,269,2418
atr_only,extra_trees_small,44,entry_movement,val_select,2021,12,0.18107706372006582,1.2155750556207647,269,2417
atr_only,extra_trees_small,44,entry_movement,val_select,2022,12,0.23962124684517472,1.6135188196902386,252,2267
atr_only,extra_trees_small,44,entry_movement,val_select,2023,12,0.161121787095281,1.1904540011988132,145,1298
atr_only,extra_trees_small,44,entry_movement,val_eval,2023,12,0.2653495924545361,1.2459701009791122,124,1112
atr_only,extra_trees_small,44,entry_movement,val_eval,2024,12,0.3142348611375058,1.27255099782705,273,2450
atr_only,extra_trees_small,44,entry_movement,val_eval,2025,12,0.29292719389355354,0.9141090878870337,269,2418
atr_only,extra_trees_small,42,entry_movement,val_select,2021,24,0.14277318282667176,1.134273581474545,269,2417
atr_only,extra_trees_small,42,entry_movement,val_select,2022,24,0.2140042017967797,1.6209083126367034,252,2267
atr_only,extra_trees_small,42,entry_movement,val_select,2023,24,0.19480061547599498,1.2523788952852772,145,1298
atr_only,extra_trees_small,42,entry_movement,val_eval,2023,24,0.3325200204429689,0.9661560870079978,124,1112
atr_only,extra_trees_small,42,entry_movement,val_eval,2024,24,0.30083223914822926,1.1856316820210697,273,2450
atr_only,extra_trees_small,42,entry_movement,val_eval,2025,24,0.040929535344837446,0.8097168179724428,269,2418
atr_only,extra_trees_small,43,entry_movement,val_select,2021,24,0.1425112504845386,1.1547749263943692,269,2417
atr_only,extra_trees_small,43,entry_movement,val_select,2022,24,0.21858268767729555,1.603778574926837,252,2267
atr_only,extra_trees_small,43,entry_movement,val_select,2023,24,0.19762984767868877,1.3074098615949017,145,1298
atr_only,extra_trees_small,43,entry_movement,val_eval,2023,24,0.3333063198546326,0.9684603176879375,124,1112
atr_only,extra_trees_small,43,entry_movement,val_eval,2024,24,0.29987681737010746,1.162155964097819,273,2450
atr_only,extra_trees_small,43,entry_movement,val_eval,2025,24,0.011580500026324013,0.864804987703296,269,2418
atr_only,extra_trees_small,44,entry_movement,val_select,2021,24,0.14615421149634877,1.1727607047458204,269,2417
atr_only,extra_trees_small,44,entry_movement,val_select,2022,24,0.21453110595917108,1.60438668447864,252,2267
atr_only,extra_trees_small,44,entry_movement,val_select,2023,24,0.19388575418835083,1.2523788952852772,145,1298
atr_only,extra_trees_small,44,entry_movement,val_eval,2023,24,0.3325200204429689,0.9661560870079978,124,1112
atr_only,extra_trees_small,44,entry_movement,val_eval,2024,24,0.30210324580448855,1.1526085986675159,273,2450
atr_only,extra_trees_small,44,entry_movement,val_eval,2025,24,0.09345725936028777,0.880470993695312,269,2418
time_only_clean,ridge_regression,42,entry_movement,val_select,2021,3,0.4072238009673732,1.9555938737446454,269,2417
time_only_clean,ridge_regression,42,entry_movement,val_select,2022,3,0.4541964919275708,1.8038777945794775,252,2267
time_only_clean,ridge_regression,42,entry_movement,val_select,2023,3,0.45945446538627366,2.1284081192600146,145,1298
time_only_clean,ridge_regression,42,entry_movement,val_eval,2023,3,0.42372342118161854,1.8127410328630595,124,1112
time_only_clean,ridge_regression,42,entry_movement,val_eval,2024,3,0.35148484530643864,1.829157915120461,273,2450
time_only_clean,ridge_regression,42,entry_movement,val_eval,2025,3,0.12400247599193782,1.2988813716602876,269,2418
time_only_clean,ridge_regression,42,entry_movement,val_select,2021,6,0.45659019633183445,1.7451063885650169,269,2417
time_only_clean,ridge_regression,42,entry_movement,val_select,2022,6,0.4599294805941181,1.5060373978395878,252,2267
time_only_clean,ridge_regression,42,entry_movement,val_select,2023,6,0.5081022970184136,1.8517294130076418,145,1298
time_only_clean,ridge_regression,42,entry_movement,val_eval,2023,6,0.4638924979222358,1.5597513324870687,124,1112
time_only_clean,ridge_regression,42,entry_movement,val_eval,2024,6,0.3569757091906101,1.6437125409837399,273,2450
time_only_clean,ridge_regression,42,entry_movement,val_eval,2025,6,0.14372268781452818,1.249311656385018,269,2418
time_only_clean,ridge_regression,42,entry_movement,val_select,2021,12,0.43792306690691685,1.4892080475867022,269,2417
time_only_clean,ridge_regression,42,entry_movement,val_select,2022,12,0.3539780756174173,1.3334238109731027,252,2267
time_only_clean,ridge_regression,42,entry_movement,val_select,2023,12,0.4392251095753519,1.5747493833944353,145,1298
time_only_clean,ridge_regression,42,entry_movement,val_eval,2023,12,0.41242626013396033,1.3058512252260586,124,1112
time_only_clean,ridge_regression,42,entry_movement,val_eval,2024,12,0.3238620017961879,1.335488688435106,273,2450
time_only_clean,ridge_regression,42,entry_movement,val_eval,2025,12,0.10109157885444638,1.078380290576243,269,2418
time_only_clean,ridge_regression,42,entry_movement,val_select,2021,24,0.1773637138306236,1.146468314806468,269,2417
time_only_clean,ridge_regression,42,entry_movement,val_select,2022,24,0.1194346220952271,1.0389090877474065,252,2267
time_only_clean,ridge_regression,42,entry_movement,val_select,2023,24,0.15027033779448468,1.0854281547119424,145,1298
time_only_clean,ridge_regression,42,entry_movement,val_eval,2023,24,-0.0005296291611283357,1.0470901690122516,124,1112
time_only_clean,ridge_regression,42,entry_movement,val_eval,2024,24,0.17350455395376385,1.1165841527143747,273,2450
time_only_clean,ridge_regression,42,entry_movement,val_eval,2025,24,0.033936929703034836,1.0236536188573473,269,2418
time_only_clean,hist_gradient_boosting,42,entry_movement,val_select,2021,3,0.49547386240856034,2.0579372018191346,269,2417
time_only_clean,hist_gradient_boosting,42,entry_movement,val_select,2022,3,0.4881171061963884,1.910157219022576,252,2267
time_only_clean,hist_gradient_boosting,42,entry_movement,val_select,2023,3,0.5291491567071142,2.280534378250148,145,1298
time_only_clean,hist_gradient_boosting,42,entry_movement,val_eval,2023,3,0.5178992864458819,1.9467917853493286,124,1112
time_only_clean,hist_gradient_boosting,42,entry_movement,val_eval,2024,3,0.4256939477246498,1.881642743269271,273,2450
time_only_clean,hist_gradient_boosting,42,entry_movement,val_eval,2025,3,0.2094357609588344,1.3640733261539133,269,2418
time_only_clean,hist_gradient_boosting,43,entry_movement,val_select,2021,3,0.4867465446465749,2.0325088381692815,269,2417
time_only_clean,hist_gradient_boosting,43,entry_movement,val_select,2022,3,0.4839350564504712,1.9032942335792176,252,2267
time_only_clean,hist_gradient_boosting,43,entry_movement,val_select,2023,3,0.5238236974907687,2.280534378250148,145,1298
time_only_clean,hist_gradient_boosting,43,entry_movement,val_eval,2023,3,0.5096551532416358,1.909374809902117,124,1112
time_only_clean,hist_gradient_boosting,43,entry_movement,val_eval,2024,3,0.4169174701100846,1.8973182967583497,273,2450
time_only_clean,hist_gradient_boosting,43,entry_movement,val_eval,2025,3,0.20529559777891052,1.4182242008111559,269,2418
time_only_clean,hist_gradient_boosting,44,entry_movement,val_select,2021,3,0.4902125216931266,2.0982464905437777,269,2417
time_only_clean,hist_gradient_boosting,44,entry_movement,val_select,2022,3,0.48565180152683707,1.9421697102597921,252,2267
time_only_clean,hist_gradient_boosting,44,entry_movement,val_select,2023,3,0.5237638249882972,2.2378185443978222,145,1298
time_only_clean,hist_gradient_boosting,44,entry_movement,val_eval,2023,3,0.5140921493814012,1.948562908054555,124,1112
time_only_clean,hist_gradient_boosting,44,entry_movement,val_eval,2024,3,0.42071122815087353,1.9108363252137137,273,2450
time_only_clean,hist_gradient_boosting,44,entry_movement,val_eval,2025,3,0.20664566022769604,1.4100413407087047,269,2418
time_only_clean,hist_gradient_boosting,42,entry_movement,val_select,2021,6,0.5010047413975557,1.7910929402141802,269,2417
time_only_clean,hist_gradient_boosting,42,entry_movement,val_select,2022,6,0.46949281492584755,1.5704415866229438,252,2267
time_only_clean,hist_gradient_boosting,42,entry_movement,val_select,2023,6,0.5392055179338915,1.843791622308858,145,1298
time_only_clean,hist_gradient_boosting,42,entry_movement,val_eval,2023,6,0.4964042092527576,1.5707185203343315,124,1112
time_only_clean,hist_gradient_boosting,42,entry_movement,val_eval,2024,6,0.39518173377654586,1.6301848290029302,273,2450
time_only_clean,hist_gradient_boosting,42,entry_movement,val_eval,2025,6,0.18898490414984087,1.2657256325327584,269,2418
time_only_clean,hist_gradient_boosting,43,entry_movement,val_select,2021,6,0.49938410871147004,1.7836279455318762,269,2417
time_only_clean,hist_gradient_boosting,43,entry_movement,val_select,2022,6,0.46910292945947946,1.5267483784896212,252,2267
time_only_clean,hist_gradient_boosting,43,entry_movement,val_select,2023,6,0.5369601010264222,1.8350799825644266,145,1298
time_only_clean,hist_gradient_boosting,43,entry_movement,val_eval,2023,6,0.4976545951757813,1.6096744014442763,124,1112
time_only_clean,hist_gradient_boosting,43,entry_movement,val_eval,2024,6,0.3942088499694294,1.62680828512819,273,2450
time_only_clean,hist_gradient_boosting,43,entry_movement,val_eval,2025,6,0.187631197856025,1.278611904563674,269,2418
time_only_clean,hist_gradient_boosting,44,entry_movement,val_select,2021,6,0.49957607122450276,1.8127281494928866,269,2417
time_only_clean,hist_gradient_boosting,44,entry_movement,val_select,2022,6,0.4704347859346584,1.583687410265495,252,2267
time_only_clean,hist_gradient_boosting,44,entry_movement,val_select,2023,6,0.534651714551401,1.843791622308858,145,1298
time_only_clean,hist_gradient_boosting,44,entry_movement,val_eval,2023,6,0.4978553901455725,1.6481458244990805,124,1112
time_only_clean,hist_gradient_boosting,44,entry_movement,val_eval,2024,6,0.3924331733779373,1.6348003495971226,273,2450
time_only_clean,hist_gradient_boosting,44,entry_movement,val_eval,2025,6,0.18549728397999266,1.260980869348767,269,2418
time_only_clean,hist_gradient_boosting,42,entry_movement,val_select,2021,12,0.44452902560033397,1.4996475849477633,269,2417
time_only_clean,hist_gradient_boosting,42,entry_movement,val_select,2022,12,0.3555472336480838,1.2578536416830273,252,2267
time_only_clean,hist_gradient_boosting,42,entry_movement,val_select,2023,12,0.4601705309453917,1.5421116458166577,145,1298
time_only_clean,hist_gradient_boosting,42,entry_movement,val_eval,2023,12,0.43506688968548096,1.352530874428405,124,1112
time_only_clean,hist_gradient_boosting,42,entry_movement,val_eval,2024,12,0.33115341054241115,1.3428369025985922,273,2450
time_only_clean,hist_gradient_boosting,42,entry_movement,val_eval,2025,12,0.13417271783220144,1.076278790819968,269,2418
time_only_clean,hist_gradient_boosting,43,entry_movement,val_select,2021,12,0.44182666780092017,1.4599593017840777,269,2417
time_only_clean,hist_gradient_boosting,43,entry_movement,val_select,2022,12,0.3582823598348609,1.2497357041490866,252,2267
time_only_clean,hist_gradient_boosting,43,entry_movement,val_select,2023,12,0.45593208303367233,1.5286008361692,145,1298
time_only_clean,hist_gradient_boosting,43,entry_movement,val_eval,2023,12,0.430142032913506,1.3676101552737177,124,1112
time_only_clean,hist_gradient_boosting,43,entry_movement,val_eval,2024,12,0.3310804649767561,1.326235969831505,273,2450
time_only_clean,hist_gradient_boosting,43,entry_movement,val_eval,2025,12,0.13235340964650863,1.070351023930545,269,2418
time_only_clean,hist_gradient_boosting,44,entry_movement,val_select,2021,12,0.44217921253483006,1.4767457944077056,269,2417
time_only_clean,hist_gradient_boosting,44,entry_movement,val_select,2022,12,0.3609751029476332,1.2429463674686676,252,2267
time_only_clean,hist_gradient_boosting,44,entry_movement,val_select,2023,12,0.45961332779938985,1.5397991311504537,145,1298
time_only_clean,hist_gradient_boosting,44,entry_movement,val_eval,2023,12,0.434136115512246,1.3889391222526377,124,1112
time_only_clean,hist_gradient_boosting,44,entry_movement,val_eval,2024,12,0.33303911514408024,1.321863280326158,273,2450
time_only_clean,hist_gradient_boosting,44,entry_movement,val_eval,2025,12,0.13329154434950397,1.071916377348483,269,2418
time_only_clean,hist_gradient_boosting,42,entry_movement,val_select,2021,24,0.16873261437123788,1.1995234732188984,269,2417
time_only_clean,hist_gradient_boosting,42,entry_movement,val_select,2022,24,0.11852981233825849,1.1443936906662957,252,2267
time_only_clean,hist_gradient_boosting,42,entry_movement,val_select,2023,24,0.16515831419388927,1.1039282050632429,145,1298
time_only_clean,hist_gradient_boosting,42,entry_movement,val_eval,2023,24,0.05834228794141629,1.1479101380646861,124,1112
time_only_clean,hist_gradient_boosting,42,entry_movement,val_eval,2024,24,0.15830234206303484,1.125037415672347,273,2450
time_only_clean,hist_gradient_boosting,42,entry_movement,val_eval,2025,24,0.0282867916720622,1.019212504059394,269,2418
time_only_clean,hist_gradient_boosting,43,entry_movement,val_select,2021,24,0.17236946862465397,1.1959235271101423,269,2417
time_only_clean,hist_gradient_boosting,43,entry_movement,val_select,2022,24,0.1218672092830882,1.1180476527224779,252,2267
time_only_clean,hist_gradient_boosting,43,entry_movement,val_select,2023,24,0.1501498547539622,1.1219125707965472,145,1298
time_only_clean,hist_gradient_boosting,43,entry_movement,val_eval,2023,24,0.053753241101533324,1.1021904089887644,124,1112
time_only_clean,hist_gradient_boosting,43,entry_movement,val_eval,2024,24,0.15756715386993886,1.1406280403306865,273,2450
time_only_clean,hist_gradient_boosting,43,entry_movement,val_eval,2025,24,0.027436363581681868,1.0053679678779903,269,2418
time_only_clean,hist_gradient_boosting,44,entry_movement,val_select,2021,24,0.1765591679802382,1.1951979483476134,269,2417
time_only_clean,hist_gradient_boosting,44,entry_movement,val_select,2022,24,0.1296110319225041,1.1513853187211573,252,2267
time_only_clean,hist_gradient_boosting,44,entry_movement,val_select,2023,24,0.16366001569246338,1.1475595162796322,145,1298
time_only_clean,hist_gradient_boosting,44,entry_movement,val_eval,2023,24,0.06039892583026301,1.1135450514122887,124,1112
time_only_clean,hist_gradient_boosting,44,entry_movement,val_eval,2024,24,0.1650210918394904,1.1572063319179282,273,2450
time_only_clean,hist_gradient_boosting,44,entry_movement,val_eval,2025,24,0.03429821636440946,1.0320107974255865,269,2418
time_only_clean,extra_trees_small,42,entry_movement,val_select,2021,3,0.4906512914107861,2.039595869161488,269,2417
time_only_clean,extra_trees_small,42,entry_movement,val_select,2022,3,0.4871206447364344,1.914332753563682,252,2267
time_only_clean,extra_trees_small,42,entry_movement,val_select,2023,3,0.5236323239488109,2.280534378250148,145,1298
time_only_clean,extra_trees_small,42,entry_movement,val_eval,2023,3,0.5124705853574244,1.8932147273735118,124,1112
time_only_clean,extra_trees_small,42,entry_movement,val_eval,2024,3,0.4196586372445715,1.8933937403406784,273,2450
time_only_clean,extra_trees_small,42,entry_movement,val_eval,2025,3,0.20489567221501187,1.4009861404643242,269,2418
time_only_clean,extra_trees_small,43,entry_movement,val_select,2021,3,0.48967383834643086,2.0478238956438832,269,2417
time_only_clean,extra_trees_small,43,entry_movement,val_select,2022,3,0.48769386795246444,1.8762571507435513,252,2267
time_only_clean,extra_trees_small,43,entry_movement,val_select,2023,3,0.5240103923887671,2.280534378250148,145,1298
time_only_clean,extra_trees_small,43,entry_movement,val_eval,2023,3,0.513723464097576,1.942933126879837,124,1112
time_only_clean,extra_trees_small,43,entry_movement,val_eval,2024,3,0.42027045348418535,1.9058045624192281,273,2450
time_only_clean,extra_trees_small,43,entry_movement,val_eval,2025,3,0.20211467386312001,1.4142007860149335,269,2418
time_only_clean,extra_trees_small,44,entry_movement,val_select,2021,3,0.48994298644352025,2.023727552807746,269,2417
time_only_clean,extra_trees_small,44,entry_movement,val_select,2022,3,0.4877962527701683,1.879897677693139,252,2267
time_only_clean,extra_trees_small,44,entry_movement,val_select,2023,3,0.5229929225893191,2.280534378250148,145,1298
time_only_clean,extra_trees_small,44,entry_movement,val_eval,2023,3,0.5129717521066071,1.9385208946985848,124,1112
time_only_clean,extra_trees_small,44,entry_movement,val_eval,2024,3,0.41787830361729483,1.905667397689615,273,2450
time_only_clean,extra_trees_small,44,entry_movement,val_eval,2025,3,0.20107520435279366,1.428642708610604,269,2418
time_only_clean,extra_trees_small,42,entry_movement,val_select,2021,6,0.500433136782922,1.7653456270896302,269,2417
time_only_clean,extra_trees_small,42,entry_movement,val_select,2022,6,0.4707852808006062,1.558587788843134,252,2267
time_only_clean,extra_trees_small,42,entry_movement,val_select,2023,6,0.5354862911630639,1.8257366335422707,145,1298
time_only_clean,extra_trees_small,42,entry_movement,val_eval,2023,6,0.49430815979149667,1.6200261132715903,124,1112
time_only_clean,extra_trees_small,42,entry_movement,val_eval,2024,6,0.3920749599704526,1.630294850317896,273,2450
time_only_clean,extra_trees_small,42,entry_movement,val_eval,2025,6,0.187107519149464,1.2900091771581965,269,2418
time_only_clean,extra_trees_small,43,entry_movement,val_select,2021,6,0.4990940672682317,1.7912114301461224,269,2417
time_only_clean,extra_trees_small,43,entry_movement,val_select,2022,6,0.46999734477186905,1.5488025041253828,252,2267
time_only_clean,extra_trees_small,43,entry_movement,val_select,2023,6,0.5355928919777418,1.8206286486989431,145,1298
time_only_clean,extra_trees_small,43,entry_movement,val_eval,2023,6,0.49568812169123494,1.636494132472161,124,1112
time_only_clean,extra_trees_small,43,entry_movement,val_eval,2024,6,0.3917126254891437,1.6329800780150436,273,2450
time_only_clean,extra_trees_small,43,entry_movement,val_eval,2025,6,0.18705471447338026,1.3040452352957914,269,2418
time_only_clean,extra_trees_small,44,entry_movement,val_select,2021,6,0.5002752036042697,1.7697749277455517,269,2417
time_only_clean,extra_trees_small,44,entry_movement,val_select,2022,6,0.47076353764162393,1.5327235892781101,252,2267
time_only_clean,extra_trees_small,44,entry_movement,val_select,2023,6,0.5364576983508339,1.8206286486989427,145,1298
time_only_clean,extra_trees_small,44,entry_movement,val_eval,2023,6,0.4958197147512222,1.6250170405603919,124,1112
time_only_clean,extra_trees_small,44,entry_movement,val_eval,2024,6,0.39168927950851495,1.6318427254361056,273,2450
time_only_clean,extra_trees_small,44,entry_movement,val_eval,2025,6,0.18705782346899896,1.2840644451564778,269,2418
time_only_clean,extra_trees_small,42,entry_movement,val_select,2021,12,0.44308603592758244,1.473472285424917,269,2417
time_only_clean,extra_trees_small,42,entry_movement,val_select,2022,12,0.35997001216408747,1.235050389114997,252,2267
time_only_clean,extra_trees_small,42,entry_movement,val_select,2023,12,0.4599256648864469,1.5518947685993214,145,1298
time_only_clean,extra_trees_small,42,entry_movement,val_eval,2023,12,0.43157965609514093,1.3961174425647842,124,1112
time_only_clean,extra_trees_small,42,entry_movement,val_eval,2024,12,0.33573256844238575,1.3322237901396679,273,2450
time_only_clean,extra_trees_small,42,entry_movement,val_eval,2025,12,0.133490624491827,1.0931643364656427,269,2418
time_only_clean,extra_trees_small,43,entry_movement,val_select,2021,12,0.44447306214057813,1.4693099156331806,269,2417
time_only_clean,extra_trees_small,43,entry_movement,val_select,2022,12,0.3598628219806595,1.2303075976492115,252,2267
time_only_clean,extra_trees_small,43,entry_movement,val_select,2023,12,0.46093296348847557,1.5317074308504381,145,1298
time_only_clean,extra_trees_small,43,entry_movement,val_eval,2023,12,0.43056135216914715,1.3755737677003579,124,1112
time_only_clean,extra_trees_small,43,entry_movement,val_eval,2024,12,0.33487889173996477,1.3204596656962542,273,2450
time_only_clean,extra_trees_small,43,entry_movement,val_eval,2025,12,0.13290488194196012,1.081288222292461,269,2418
time_only_clean,extra_trees_small,44,entry_movement,val_select,2021,12,0.4447905905834637,1.4790692700328647,269,2417
time_only_clean,extra_trees_small,44,entry_movement,val_select,2022,12,0.3609604348786856,1.255988675349312,252,2267
time_only_clean,extra_trees_small,44,entry_movement,val_select,2023,12,0.4600159024148313,1.5469118834952293,145,1298
time_only_clean,extra_trees_small,44,entry_movement,val_eval,2023,12,0.43088144502127806,1.3842597697456827,124,1112
time_only_clean,extra_trees_small,44,entry_movement,val_eval,2024,12,0.3353285163214304,1.3364239416811747,273,2450
time_only_clean,extra_trees_small,44,entry_movement,val_eval,2025,12,0.13317622407243798,1.0773605328206965,269,2418
time_only_clean,extra_trees_small,42,entry_movement,val_select,2021,24,0.17906312120041137,1.1859920869891116,269,2417
time_only_clean,extra_trees_small,42,entry_movement,val_select,2022,24,0.12401972198155006,1.1327833286972282,252,2267
time_only_clean,extra_trees_small,42,entry_movement,val_select,2023,24,0.16529973230340334,1.1344704540719388,145,1298
time_only_clean,extra_trees_small,42,entry_movement,val_eval,2023,24,0.05181019755947246,1.1155321387842827,124,1112
time_only_clean,extra_trees_small,42,entry_movement,val_eval,2024,24,0.16563618802016916,1.1289270312980266,273,2450
time_only_clean,extra_trees_small,42,entry_movement,val_eval,2025,24,0.0337521278834897,1.0157600125126507,269,2418
time_only_clean,extra_trees_small,43,entry_movement,val_select,2021,24,0.1800333953652139,1.1666042965362062,269,2417
time_only_clean,extra_trees_small,43,entry_movement,val_select,2022,24,0.11992471681234995,1.1327833286972282,252,2267
time_only_clean,extra_trees_small,43,entry_movement,val_select,2023,24,0.17016941306292818,1.127427546600212,145,1298
time_only_clean,extra_trees_small,43,entry_movement,val_eval,2023,24,0.05223816476713124,1.1156364694721639,124,1112
time_only_clean,extra_trees_small,43,entry_movement,val_eval,2024,24,0.16513450047533068,1.1308384038495853,273,2450
time_only_clean,extra_trees_small,43,entry_movement,val_eval,2025,24,0.0321413784347691,1.0213482656542276,269,2418
time_only_clean,extra_trees_small,44,entry_movement,val_select,2021,24,0.18115611187513178,1.1659662979438112,269,2417
time_only_clean,extra_trees_small,44,entry_movement,val_select,2022,24,0.12091474455408784,1.1327833286972282,252,2267
time_only_clean,extra_trees_small,44,entry_movement,val_select,2023,24,0.1686725749839014,1.1253309183966393,145,1298
time_only_clean,extra_trees_small,44,entry_movement,val_eval,2023,24,0.05241804337859966,1.1227412487668487,124,1112
time_only_clean,extra_trees_small,44,entry_movement,val_eval,2024,24,0.16689951248812776,1.1294389632285062,273,2450
time_only_clean,extra_trees_small,44,entry_movement,val_eval,2025,24,0.0323635837706984,1.021001931351995,269,2418
time_plus_atr,ridge_regression,42,entry_movement,val_select,2021,3,0.4907364102268769,1.6769471214129876,269,2417
time_plus_atr,ridge_regression,42,entry_movement,val_select,2022,3,0.5231182906025047,1.7869532272342985,252,2267
time_plus_atr,ridge_regression,42,entry_movement,val_select,2023,3,0.47348692720511326,1.8289050126157524,145,1298
time_plus_atr,ridge_regression,42,entry_movement,val_eval,2023,3,0.4742734020936857,1.8251396746153352,124,1112
time_plus_atr,ridge_regression,42,entry_movement,val_eval,2024,3,0.45045458581079045,1.528087423500948,273,2450
time_plus_atr,ridge_regression,42,entry_movement,val_eval,2025,3,0.5631113418483411,1.8018425113584748,269,2418
time_plus_atr,ridge_regression,42,entry_movement,val_select,2021,6,0.5092035860988754,1.6034365625889455,269,2417
time_plus_atr,ridge_regression,42,entry_movement,val_select,2022,6,0.516495205169468,1.6875206944308172,252,2267
time_plus_atr,ridge_regression,42,entry_movement,val_select,2023,6,0.5066543682901135,1.6709261779499922,145,1298
time_plus_atr,ridge_regression,42,entry_movement,val_eval,2023,6,0.5028787668100416,1.694695139890437,124,1112
time_plus_atr,ridge_regression,42,entry_movement,val_eval,2024,6,0.4654374728197913,1.5058016523359083,273,2450
time_plus_atr,ridge_regression,42,entry_movement,val_eval,2025,6,0.5941994756258767,1.835554718957547,269,2418
time_plus_atr,ridge_regression,42,entry_movement,val_select,2021,12,0.45242781813113414,1.4864349245424064,269,2417
time_plus_atr,ridge_regression,42,entry_movement,val_select,2022,12,0.4200565229630815,1.5722441939954694,252,2267
time_plus_atr,ridge_regression,42,entry_movement,val_select,2023,12,0.42668976082303167,1.50857356792153,145,1298
time_plus_atr,ridge_regression,42,entry_movement,val_eval,2023,12,0.4520069855303563,1.451976994818563,124,1112
time_plus_atr,ridge_regression,42,entry_movement,val_eval,2024,12,0.4543693575476423,1.3857497210916552,273,2450
time_plus_atr,ridge_regression,42,entry_movement,val_eval,2025,12,0.5940565285356222,1.7753732146409948,269,2418
time_plus_atr,ridge_regression,42,entry_movement,val_select,2021,24,0.18805097580862074,1.253194543451108,269,2417
time_plus_atr,ridge_regression,42,entry_movement,val_select,2022,24,0.27079138005091546,1.5652918321981215,252,2267
time_plus_atr,ridge_regression,42,entry_movement,val_select,2023,24,0.23632421648695887,1.240046472449004,145,1298
time_plus_atr,ridge_regression,42,entry_movement,val_eval,2023,24,0.30340341571453927,1.3004046204060837,124,1112
time_plus_atr,ridge_regression,42,entry_movement,val_eval,2024,24,0.342120424707311,1.229280302427964,273,2450
time_plus_atr,ridge_regression,42,entry_movement,val_eval,2025,24,0.5672090375447744,1.6622948262681208,269,2418
time_plus_atr,hist_gradient_boosting,42,entry_movement,val_select,2021,3,0.5686318778312046,1.9433465487980235,269,2417
time_plus_atr,hist_gradient_boosting,42,entry_movement,val_select,2022,3,0.5715404767908908,2.0334377439566893,252,2267
time_plus_atr,hist_gradient_boosting,42,entry_movement,val_select,2023,3,0.5691008260662606,2.2242623074496954,145,1298
time_plus_atr,hist_gradient_boosting,42,entry_movement,val_eval,2023,3,0.5667192171752822,2.0141182432008606,124,1112
time_plus_atr,hist_gradient_boosting,42,entry_movement,val_eval,2024,3,0.47485716510102816,1.7845947295267555,273,2450
time_plus_atr,hist_gradient_boosting,42,entry_movement,val_eval,2025,3,0.34982077374929593,1.3162749654104322,269,2418
time_plus_atr,hist_gradient_boosting,43,entry_movement,val_select,2021,3,0.5651958564859126,1.8999246562279966,269,2417
time_plus_atr,hist_gradient_boosting,43,entry_movement,val_select,2022,3,0.5662005991738007,1.9335972845754068,252,2267
time_plus_atr,hist_gradient_boosting,43,entry_movement,val_select,2023,3,0.5632734976873838,2.1496379082947192,145,1298
time_plus_atr,hist_gradient_boosting,43,entry_movement,val_eval,2023,3,0.5660665641836237,1.959221669333507,124,1112
time_plus_atr,hist_gradient_boosting,43,entry_movement,val_eval,2024,3,0.47575103316226786,1.7599773521192001,273,2450
time_plus_atr,hist_gradient_boosting,43,entry_movement,val_eval,2025,3,0.32754279456332835,1.4530925562133359,269,2418
time_plus_atr,hist_gradient_boosting,44,entry_movement,val_select,2021,3,0.5672671906307635,1.9651917963633683,269,2417
time_plus_atr,hist_gradient_boosting,44,entry_movement,val_select,2022,3,0.5687242149210626,1.9949036707203247,252,2267
time_plus_atr,hist_gradient_boosting,44,entry_movement,val_select,2023,3,0.5618167776276806,2.233794071913957,145,1298
time_plus_atr,hist_gradient_boosting,44,entry_movement,val_eval,2023,3,0.5676431656097725,1.9746389019328956,124,1112
time_plus_atr,hist_gradient_boosting,44,entry_movement,val_eval,2024,3,0.478519504777616,1.8326358472399087,273,2450
time_plus_atr,hist_gradient_boosting,44,entry_movement,val_eval,2025,3,0.35104308460791483,1.3303466903057308,269,2418
time_plus_atr,hist_gradient_boosting,42,entry_movement,val_select,2021,6,0.5431257736976415,1.5476665103339633,269,2417
time_plus_atr,hist_gradient_boosting,42,entry_movement,val_select,2022,6,0.5444836465055548,1.7925371750287709,252,2267
time_plus_atr,hist_gradient_boosting,42,entry_movement,val_select,2023,6,0.552422564554269,1.9091398708480356,145,1298
time_plus_atr,hist_gradient_boosting,42,entry_movement,val_eval,2023,6,0.5491590818527559,1.8069785754481775,124,1112
time_plus_atr,hist_gradient_boosting,42,entry_movement,val_eval,2024,6,0.4663731058493275,1.5611014077814003,273,2450
time_plus_atr,hist_gradient_boosting,42,entry_movement,val_eval,2025,6,0.3308763567182992,1.3627473136441315,269,2418
time_plus_atr,hist_gradient_boosting,43,entry_movement,val_select,2021,6,0.540238840958872,1.5682568956317655,269,2417
time_plus_atr,hist_gradient_boosting,43,entry_movement,val_select,2022,6,0.5458412121248911,1.7712844858437409,252,2267
time_plus_atr,hist_gradient_boosting,43,entry_movement,val_select,2023,6,0.5453324640612608,1.7573671193511866,145,1298
time_plus_atr,hist_gradient_boosting,43,entry_movement,val_eval,2023,6,0.5475128343293691,1.7152988342994318,124,1112
time_plus_atr,hist_gradient_boosting,43,entry_movement,val_eval,2024,6,0.4649050186144358,1.6581816682995478,273,2450
time_plus_atr,hist_gradient_boosting,43,entry_movement,val_eval,2025,6,0.35892011202871354,1.3309801230870788,269,2418
time_plus_atr,hist_gradient_boosting,44,entry_movement,val_select,2021,6,0.5482364595601776,1.6278804042995842,269,2417
time_plus_atr,hist_gradient_boosting,44,entry_movement,val_select,2022,6,0.5442925356220263,1.7782618536209644,252,2267
time_plus_atr,hist_gradient_boosting,44,entry_movement,val_select,2023,6,0.5620403641692762,1.8688859305894046,145,1298
time_plus_atr,hist_gradient_boosting,44,entry_movement,val_eval,2023,6,0.5491306710822196,1.7686763919878947,124,1112
time_plus_atr,hist_gradient_boosting,44,entry_movement,val_eval,2024,6,0.48537360361039755,1.5544742650394991,273,2450
time_plus_atr,hist_gradient_boosting,44,entry_movement,val_eval,2025,6,0.37099596629715104,1.3978479358788238,269,2418
time_plus_atr,hist_gradient_boosting,42,entry_movement,val_select,2021,12,0.46141780751265266,1.4223669021492769,269,2417
time_plus_atr,hist_gradient_boosting,42,entry_movement,val_select,2022,12,0.44916568748260416,1.5084344755649643,252,2267
time_plus_atr,hist_gradient_boosting,42,entry_movement,val_select,2023,12,0.4946850225610673,1.6303931432921073,145,1298
time_plus_atr,hist_gradient_boosting,42,entry_movement,val_eval,2023,12,0.4958341618745055,1.4306267014656726,124,1112
time_plus_atr,hist_gradient_boosting,42,entry_movement,val_eval,2024,12,0.4228136306482519,1.4072798016728627,273,2450
time_plus_atr,hist_gradient_boosting,42,entry_movement,val_eval,2025,12,0.26802640959115365,1.38303757455839,269,2418
time_plus_atr,hist_gradient_boosting,43,entry_movement,val_select,2021,12,0.4582854304531461,1.458073058851872,269,2417
time_plus_atr,hist_gradient_boosting,43,entry_movement,val_select,2022,12,0.4478173203842254,1.538652909965974,252,2267
time_plus_atr,hist_gradient_boosting,43,entry_movement,val_select,2023,12,0.4910980579198407,1.533335429864141,145,1298
time_plus_atr,hist_gradient_boosting,43,entry_movement,val_eval,2023,12,0.48768911825864275,1.4924158239318905,124,1112
time_plus_atr,hist_gradient_boosting,43,entry_movement,val_eval,2024,12,0.4244704550493856,1.4299077121383197,273,2450
time_plus_atr,hist_gradient_boosting,43,entry_movement,val_eval,2025,12,0.28043163164819446,1.428138065177875,269,2418
time_plus_atr,hist_gradient_boosting,44,entry_movement,val_select,2021,12,0.46328780451522056,1.4796783032881906,269,2417
time_plus_atr,hist_gradient_boosting,44,entry_movement,val_select,2022,12,0.45268739467364216,1.5211828141353896,252,2267
time_plus_atr,hist_gradient_boosting,44,entry_movement,val_select,2023,12,0.48846027934898273,1.483054538672585,145,1298
time_plus_atr,hist_gradient_boosting,44,entry_movement,val_eval,2023,12,0.4968217328746265,1.4862854652275697,124,1112
time_plus_atr,hist_gradient_boosting,44,entry_movement,val_eval,2024,12,0.4156571409660736,1.3932469789661404,273,2450
time_plus_atr,hist_gradient_boosting,44,entry_movement,val_eval,2025,12,0.1951123486977208,1.1635852562232218,269,2418
time_plus_atr,hist_gradient_boosting,42,entry_movement,val_select,2021,24,0.17101046960485344,1.2860346680170525,269,2417
time_plus_atr,hist_gradient_boosting,42,entry_movement,val_select,2022,24,0.26427459531320735,1.392895821252382,252,2267
time_plus_atr,hist_gradient_boosting,42,entry_movement,val_select,2023,24,0.33119485356494216,1.2990348957789117,145,1298
time_plus_atr,hist_gradient_boosting,42,entry_movement,val_eval,2023,24,0.32652264167007666,1.2055938428705981,124,1112
time_plus_atr,hist_gradient_boosting,42,entry_movement,val_eval,2024,24,0.29882192110719646,1.1725733936309917,273,2450
time_plus_atr,hist_gradient_boosting,42,entry_movement,val_eval,2025,24,0.15233491421937048,1.2222576934196407,269,2418
time_plus_atr,hist_gradient_boosting,43,entry_movement,val_select,2021,24,0.1843044676245644,1.2933166775761746,269,2417
time_plus_atr,hist_gradient_boosting,43,entry_movement,val_select,2022,24,0.26031941854734847,1.43519932644758,252,2267
time_plus_atr,hist_gradient_boosting,43,entry_movement,val_select,2023,24,0.32345396333387794,1.2896065109495436,145,1298
time_plus_atr,hist_gradient_boosting,43,entry_movement,val_eval,2023,24,0.32402412257436625,1.1196078567552454,124,1112
time_plus_atr,hist_gradient_boosting,43,entry_movement,val_eval,2024,24,0.2918002318000536,1.1889849285363931,273,2450
time_plus_atr,hist_gradient_boosting,43,entry_movement,val_eval,2025,24,0.17330852115625767,1.203251316074701,269,2418
time_plus_atr,hist_gradient_boosting,44,entry_movement,val_select,2021,24,0.18695206949531376,1.2665375708351534,269,2417
time_plus_atr,hist_gradient_boosting,44,entry_movement,val_select,2022,24,0.26257851291945533,1.381094500287556,252,2267
time_plus_atr,hist_gradient_boosting,44,entry_movement,val_select,2023,24,0.3360153861967833,1.2843172268279863,145,1298
time_plus_atr,hist_gradient_boosting,44,entry_movement,val_eval,2023,24,0.32867941671907464,1.255872698860485,124,1112
time_plus_atr,hist_gradient_boosting,44,entry_movement,val_eval,2024,24,0.3143564758607829,1.187858461057132,273,2450
time_plus_atr,hist_gradient_boosting,44,entry_movement,val_eval,2025,24,0.0363927637272196,0.9960154715424012,269,2418
time_plus_atr,extra_trees_small,42,entry_movement,val_select,2021,3,0.5576160970779177,2.0432559087364566,269,2417
time_plus_atr,extra_trees_small,42,entry_movement,val_select,2022,3,0.5637627747632477,2.017938726085891,252,2267
time_plus_atr,extra_trees_small,42,entry_movement,val_select,2023,3,0.5496695702919624,2.3029506256298227,145,1298
time_plus_atr,extra_trees_small,42,entry_movement,val_eval,2023,3,0.5563600975177962,2.0519766202283254,124,1112
time_plus_atr,extra_trees_small,42,entry_movement,val_eval,2024,3,0.5299953332542837,1.8673968496130344,273,2450
time_plus_atr,extra_trees_small,42,entry_movement,val_eval,2025,3,0.4605177504154064,1.6890872626189979,269,2418
time_plus_atr,extra_trees_small,43,entry_movement,val_select,2021,3,0.5624986804912814,1.9182705986267512,269,2417
time_plus_atr,extra_trees_small,43,entry_movement,val_select,2022,3,0.5724857714197308,1.948582083820843,252,2267
time_plus_atr,extra_trees_small,43,entry_movement,val_select,2023,3,0.5636037035332286,2.1691798875598494,145,1298
time_plus_atr,extra_trees_small,43,entry_movement,val_eval,2023,3,0.5619056625684652,2.0811589043640146,124,1112
time_plus_atr,extra_trees_small,43,entry_movement,val_eval,2024,3,0.5252704233595126,1.8686341385685492,273,2450
time_plus_atr,extra_trees_small,43,entry_movement,val_eval,2025,3,0.4485441579077689,1.5919507081996698,269,2418
time_plus_atr,extra_trees_small,44,entry_movement,val_select,2021,3,0.5610226705085816,2.0149685892562195,269,2417
time_plus_atr,extra_trees_small,44,entry_movement,val_select,2022,3,0.5728854634542422,1.9926086614333272,252,2267
time_plus_atr,extra_trees_small,44,entry_movement,val_select,2023,3,0.5535711149534319,2.230142003005549,145,1298
time_plus_atr,extra_trees_small,44,entry_movement,val_eval,2023,3,0.5570439805896296,2.0361183747851834,124,1112
time_plus_atr,extra_trees_small,44,entry_movement,val_eval,2024,3,0.5179730764228574,1.8914439248535522,273,2450
time_plus_atr,extra_trees_small,44,entry_movement,val_eval,2025,3,0.46927011231407745,1.671115882277498,269,2418
time_plus_atr,extra_trees_small,42,entry_movement,val_select,2021,6,0.5635992705396519,1.7316185605633927,269,2417
time_plus_atr,extra_trees_small,42,entry_movement,val_select,2022,6,0.5526860322891318,1.7392143703117013,252,2267
time_plus_atr,extra_trees_small,42,entry_movement,val_select,2023,6,0.5609126046840932,1.894779180238473,145,1298
time_plus_atr,extra_trees_small,42,entry_movement,val_eval,2023,6,0.552871063555372,1.8342282324207502,124,1112
time_plus_atr,extra_trees_small,42,entry_movement,val_eval,2024,6,0.507840519420022,1.624943126259387,273,2450
time_plus_atr,extra_trees_small,42,entry_movement,val_eval,2025,6,0.4673435356710969,1.5818074334713168,269,2418
time_plus_atr,extra_trees_small,43,entry_movement,val_select,2021,6,0.559393634013642,1.7305906328100717,269,2417
time_plus_atr,extra_trees_small,43,entry_movement,val_select,2022,6,0.5494097966697227,1.7711226931195692,252,2267
time_plus_atr,extra_trees_small,43,entry_movement,val_select,2023,6,0.5641572051047522,1.9365725798600415,145,1298
time_plus_atr,extra_trees_small,43,entry_movement,val_eval,2023,6,0.5582016555024654,1.8514087363532519,124,1112
time_plus_atr,extra_trees_small,43,entry_movement,val_eval,2024,6,0.5097907196377011,1.678108847283266,273,2450
time_plus_atr,extra_trees_small,43,entry_movement,val_eval,2025,6,0.4910964940499304,1.613839288044457,269,2418
time_plus_atr,extra_trees_small,44,entry_movement,val_select,2021,6,0.5570067677852105,1.7331794703832426,269,2417
time_plus_atr,extra_trees_small,44,entry_movement,val_select,2022,6,0.5499282381517158,1.7303913888003981,252,2267
time_plus_atr,extra_trees_small,44,entry_movement,val_select,2023,6,0.5674565970290338,1.9336734492813472,145,1298
time_plus_atr,extra_trees_small,44,entry_movement,val_eval,2023,6,0.5558095463855537,1.7705907767127864,124,1112
time_plus_atr,extra_trees_small,44,entry_movement,val_eval,2024,6,0.5040810439295182,1.622159434460736,273,2450
time_plus_atr,extra_trees_small,44,entry_movement,val_eval,2025,6,0.500881226419023,1.60197989032379,269,2418
time_plus_atr,extra_trees_small,42,entry_movement,val_select,2021,12,0.489742129933614,1.516061448563219,269,2417
time_plus_atr,extra_trees_small,42,entry_movement,val_select,2022,12,0.4525601872048861,1.5583853575877529,252,2267
time_plus_atr,extra_trees_small,42,entry_movement,val_select,2023,12,0.4863005171317214,1.6616536328481197,145,1298
time_plus_atr,extra_trees_small,42,entry_movement,val_eval,2023,12,0.5024304173153452,1.5458595375384483,124,1112
time_plus_atr,extra_trees_small,42,entry_movement,val_eval,2024,12,0.47667495332328985,1.4384155881042597,273,2450
time_plus_atr,extra_trees_small,42,entry_movement,val_eval,2025,12,0.4741564990928178,1.4735389444714515,269,2418
time_plus_atr,extra_trees_small,43,entry_movement,val_select,2021,12,0.48642560006794067,1.485740997089188,269,2417
time_plus_atr,extra_trees_small,43,entry_movement,val_select,2022,12,0.44243035929085156,1.5388218696513287,252,2267
time_plus_atr,extra_trees_small,43,entry_movement,val_select,2023,12,0.4843318153252354,1.6456495142815917,145,1298
time_plus_atr,extra_trees_small,43,entry_movement,val_eval,2023,12,0.4950232348952005,1.5498350710057842,124,1112
time_plus_atr,extra_trees_small,43,entry_movement,val_eval,2024,12,0.47716944421982177,1.4158209610245034,273,2450
time_plus_atr,extra_trees_small,43,entry_movement,val_eval,2025,12,0.49484877799574395,1.432936523709608,269,2418
time_plus_atr,extra_trees_small,44,entry_movement,val_select,2021,12,0.4933421886588244,1.4792722732412318,269,2417
time_plus_atr,extra_trees_small,44,entry_movement,val_select,2022,12,0.44918126355132465,1.508578468169733,252,2267
time_plus_atr,extra_trees_small,44,entry_movement,val_select,2023,12,0.4892774929473599,1.7031111405552426,145,1298
time_plus_atr,extra_trees_small,44,entry_movement,val_eval,2023,12,0.5006676804643551,1.501524669444875,124,1112
time_plus_atr,extra_trees_small,44,entry_movement,val_eval,2024,12,0.47469810712803023,1.374502509649108,273,2450
time_plus_atr,extra_trees_small,44,entry_movement,val_eval,2025,12,0.5184625366913782,1.5194356592397051,269,2418
time_plus_atr,extra_trees_small,42,entry_movement,val_select,2021,24,0.24329888398546248,1.3265244391377524,269,2417
time_plus_atr,extra_trees_small,42,entry_movement,val_select,2022,24,0.30234516152802554,1.5170781004048595,252,2267
time_plus_atr,extra_trees_small,42,entry_movement,val_select,2023,24,0.3032861347265985,1.2431981707450375,145,1298
time_plus_atr,extra_trees_small,42,entry_movement,val_eval,2023,24,0.30666599433303016,1.2599446081436496,124,1112
time_plus_atr,extra_trees_small,42,entry_movement,val_eval,2024,24,0.3790728097333575,1.2628271027909068,273,2450
time_plus_atr,extra_trees_small,42,entry_movement,val_eval,2025,24,0.4652952511385377,1.3427802376244335,269,2418
time_plus_atr,extra_trees_small,43,entry_movement,val_select,2021,24,0.24890982308461906,1.4400411873854875,269,2417
time_plus_atr,extra_trees_small,43,entry_movement,val_select,2022,24,0.28817800133050464,1.5352390474268722,252,2267
time_plus_atr,extra_trees_small,43,entry_movement,val_select,2023,24,0.2884817381581032,1.2250976714264734,145,1298
time_plus_atr,extra_trees_small,43,entry_movement,val_eval,2023,24,0.28766471744408195,1.2978411491014104,124,1112
time_plus_atr,extra_trees_small,43,entry_movement,val_eval,2024,24,0.3703469247148336,1.2695865191442566,273,2450
time_plus_atr,extra_trees_small,43,entry_movement,val_eval,2025,24,0.42479733054033536,1.259104863566485,269,2418
time_plus_atr,extra_trees_small,44,entry_movement,val_select,2021,24,0.23395158336503524,1.4202421920843593,269,2417
time_plus_atr,extra_trees_small,44,entry_movement,val_select,2022,24,0.2932523826994598,1.5061215611621528,252,2267
time_plus_atr,extra_trees_small,44,entry_movement,val_select,2023,24,0.3012541595405609,1.1818474422437528,145,1298
time_plus_atr,extra_trees_small,44,entry_movement,val_eval,2023,24,0.2921690029466848,1.2623280986368446,124,1112
time_plus_atr,extra_trees_small,44,entry_movement,val_eval,2024,24,0.38148708302828005,1.2450870430725478,273,2450
time_plus_atr,extra_trees_small,44,entry_movement,val_eval,2025,24,0.46316697459275913,1.4562639482367399,269,2418
fractal_density_only,ridge_regression,42,entry_movement,val_select,2021,3,0.08833419312994308,1.2772382198089844,269,2417
fractal_density_only,ridge_regression,42,entry_movement,val_select,2022,3,0.04763997884753659,1.1487207814800822,252,2267
fractal_density_only,ridge_regression,42,entry_movement,val_select,2023,3,0.09765014683053296,1.3044036085626844,145,1298
fractal_density_only,ridge_regression,42,entry_movement,val_eval,2023,3,0.041818678093012665,1.5208069969421998,124,1112
fractal_density_only,ridge_regression,42,entry_movement,val_eval,2024,3,0.19333030972831974,1.133785294547737,273,2450
fractal_density_only,ridge_regression,42,entry_movement,val_eval,2025,3,0.008306091610924283,1.053021971600047,269,2418
fractal_density_only,ridge_regression,42,entry_movement,val_select,2021,6,0.08467673286152821,1.20451777338019,269,2417
fractal_density_only,ridge_regression,42,entry_movement,val_select,2022,6,0.05722746386322982,1.2067542100488544,252,2267
fractal_density_only,ridge_regression,42,entry_movement,val_select,2023,6,0.1330085812128477,1.1761160237586572,145,1298
fractal_density_only,ridge_regression,42,entry_movement,val_eval,2023,6,0.02614420836921085,1.4140466462822128,124,1112
fractal_density_only,ridge_regression,42,entry_movement,val_eval,2024,6,0.23173365361439965,1.1215884101291391,273,2450
fractal_density_only,ridge_regression,42,entry_movement,val_eval,2025,6,-0.003175540126951521,1.088219505239602,269,2418
fractal_density_only,ridge_regression,42,entry_movement,val_select,2021,12,0.08751069866249923,1.1464381687501712,269,2417
fractal_density_only,ridge_regression,42,entry_movement,val_select,2022,12,0.07316390890739535,1.2318349529755077,252,2267
fractal_density_only,ridge_regression,42,entry_movement,val_select,2023,12,0.13287181490245,1.1000945413337757,145,1298
fractal_density_only,ridge_regression,42,entry_movement,val_eval,2023,12,0.03934289677459065,1.4268065988796774,124,1112
fractal_density_only,ridge_regression,42,entry_movement,val_eval,2024,12,0.26689550449416927,1.080487918066114,273,2450
fractal_density_only,ridge_regression,42,entry_movement,val_eval,2025,12,0.010239428365478155,1.1609557236944927,269,2418
fractal_density_only,ridge_regression,42,entry_movement,val_select,2021,24,0.04995147394437918,1.0779295100515156,269,2417
fractal_density_only,ridge_regression,42,entry_movement,val_select,2022,24,0.06378173691554066,1.093365880517685,252,2267
fractal_density_only,ridge_regression,42,entry_movement,val_select,2023,24,0.09269884667375747,1.1707080292770105,145,1298
fractal_density_only,ridge_regression,42,entry_movement,val_eval,2023,24,0.008820148650095562,1.1712266643411027,124,1112
fractal_density_only,ridge_regression,42,entry_movement,val_eval,2024,24,0.2760087165145748,1.0437530410218891,273,2450
fractal_density_only,ridge_regression,42,entry_movement,val_eval,2025,24,0.06572425617843917,1.1960401574941355,269,2418
fractal_density_only,hist_gradient_boosting,42,entry_movement,val_select,2021,3,0.05137290853093652,1.075796503486659,269,2417
fractal_density_only,hist_gradient_boosting,42,entry_movement,val_select,2022,3,0.008417687063137488,1.0914263901809413,252,2267
fractal_density_only,hist_gradient_boosting,42,entry_movement,val_select,2023,3,0.05519155832472351,1.0482550237081183,145,1298
fractal_density_only,hist_gradient_boosting,42,entry_movement,val_eval,2023,3,0.07112295285796126,1.2401407414638712,124,1112
fractal_density_only,hist_gradient_boosting,42,entry_movement,val_eval,2024,3,0.1109561929666748,1.1551704817995645,273,2450
fractal_density_only,hist_gradient_boosting,42,entry_movement,val_eval,2025,3,0.03931930759978328,1.0174497940729992,269,2418
fractal_density_only,hist_gradient_boosting,43,entry_movement,val_select,2021,3,0.058107478967183754,1.0996857578247405,269,2417
fractal_density_only,hist_gradient_boosting,43,entry_movement,val_select,2022,3,0.009666927780301156,1.0864768868614043,252,2267
fractal_density_only,hist_gradient_boosting,43,entry_movement,val_select,2023,3,0.04409664118835573,1.0913875002799218,145,1298
fractal_density_only,hist_gradient_boosting,43,entry_movement,val_eval,2023,3,0.07369661403284311,1.1456325693298874,124,1112
fractal_density_only,hist_gradient_boosting,43,entry_movement,val_eval,2024,3,0.11642653690524149,1.130589738861204,273,2450
fractal_density_only,hist_gradient_boosting,43,entry_movement,val_eval,2025,3,0.04016285521800743,1.0123269710369267,269,2418
fractal_density_only,hist_gradient_boosting,44,entry_movement,val_select,2021,3,0.047684496934316443,1.0911738406502465,269,2417
fractal_density_only,hist_gradient_boosting,44,entry_movement,val_select,2022,3,0.00989486525148621,1.0880117232656403,252,2267
fractal_density_only,hist_gradient_boosting,44,entry_movement,val_select,2023,3,0.05737923045773911,1.072013291091784,145,1298
fractal_density_only,hist_gradient_boosting,44,entry_movement,val_eval,2023,3,0.057164945164938974,1.2704787963326272,124,1112
fractal_density_only,hist_gradient_boosting,44,entry_movement,val_eval,2024,3,0.12861185352216165,1.1331440487932614,273,2450
fractal_density_only,hist_gradient_boosting,44,entry_movement,val_eval,2025,3,0.042173757644705705,0.9911517104171013,269,2418
fractal_density_only,hist_gradient_boosting,42,entry_movement,val_select,2021,6,0.05757654150536219,1.086491533596157,269,2417
fractal_density_only,hist_gradient_boosting,42,entry_movement,val_select,2022,6,0.02213685698812712,1.1579238865220576,252,2267
fractal_density_only,hist_gradient_boosting,42,entry_movement,val_select,2023,6,0.05225377002661277,1.0354281478325909,145,1298
fractal_density_only,hist_gradient_boosting,42,entry_movement,val_eval,2023,6,0.06776147180216778,1.3015853248492948,124,1112
fractal_density_only,hist_gradient_boosting,42,entry_movement,val_eval,2024,6,0.10584492451596011,1.0917673872879972,273,2450
fractal_density_only,hist_gradient_boosting,42,entry_movement,val_eval,2025,6,0.04093649980496757,1.030079703945176,269,2418
fractal_density_only,hist_gradient_boosting,43,entry_movement,val_select,2021,6,0.06173505233237991,1.062171336315164,269,2417
fractal_density_only,hist_gradient_boosting,43,entry_movement,val_select,2022,6,0.01770069509417958,1.1068286208025355,252,2267
fractal_density_only,hist_gradient_boosting,43,entry_movement,val_select,2023,6,0.04874613168115842,1.089625078201916,145,1298
fractal_density_only,hist_gradient_boosting,43,entry_movement,val_eval,2023,6,0.05928556697738152,1.2998578397024494,124,1112
fractal_density_only,hist_gradient_boosting,43,entry_movement,val_eval,2024,6,0.10928443768115566,1.0477151817490258,273,2450
fractal_density_only,hist_gradient_boosting,43,entry_movement,val_eval,2025,6,0.036470971719139794,1.0057119815274946,269,2418
fractal_density_only,hist_gradient_boosting,44,entry_movement,val_select,2021,6,0.05265340004712954,1.0994079998728103,269,2417
fractal_density_only,hist_gradient_boosting,44,entry_movement,val_select,2022,6,0.03639183321814936,1.1261365284349927,252,2267
fractal_density_only,hist_gradient_boosting,44,entry_movement,val_select,2023,6,0.037482631405768185,1.0280746835146566,145,1298
fractal_density_only,hist_gradient_boosting,44,entry_movement,val_eval,2023,6,0.06235906424618606,1.1639943141574542,124,1112
fractal_density_only,hist_gradient_boosting,44,entry_movement,val_eval,2024,6,0.11853895643685777,1.032729120272039,273,2450
fractal_density_only,hist_gradient_boosting,44,entry_movement,val_eval,2025,6,0.0424943966211097,1.0195051509846416,269,2418
fractal_density_only,hist_gradient_boosting,42,entry_movement,val_select,2021,12,0.024887498389945178,1.0245722131627568,269,2417
fractal_density_only,hist_gradient_boosting,42,entry_movement,val_select,2022,12,0.008186070090887683,1.174991762281312,252,2267
fractal_density_only,hist_gradient_boosting,42,entry_movement,val_select,2023,12,0.056060740413055705,1.102908699365756,145,1298
fractal_density_only,hist_gradient_boosting,42,entry_movement,val_eval,2023,12,0.12340754834650797,1.2346436064993576,124,1112
fractal_density_only,hist_gradient_boosting,42,entry_movement,val_eval,2024,12,0.08325656122085943,1.1369929613460672,273,2450
fractal_density_only,hist_gradient_boosting,42,entry_movement,val_eval,2025,12,0.06102024571978397,1.0368696110594335,269,2418
fractal_density_only,hist_gradient_boosting,43,entry_movement,val_select,2021,12,0.022555506989065728,1.0311353492862494,269,2417
fractal_density_only,hist_gradient_boosting,43,entry_movement,val_select,2022,12,0.0018966001940714757,1.1579820417676667,252,2267
fractal_density_only,hist_gradient_boosting,43,entry_movement,val_select,2023,12,0.055838129203428254,1.0498154684221546,145,1298
fractal_density_only,hist_gradient_boosting,43,entry_movement,val_eval,2023,12,0.1050312061579415,1.2092486418126893,124,1112
fractal_density_only,hist_gradient_boosting,43,entry_movement,val_eval,2024,12,0.07243077638933294,1.1088814770592603,273,2450
fractal_density_only,hist_gradient_boosting,43,entry_movement,val_eval,2025,12,0.06288858443766045,1.0073688172854964,269,2418
fractal_density_only,hist_gradient_boosting,44,entry_movement,val_select,2021,12,0.018257527010046865,0.9957873842273257,269,2417
fractal_density_only,hist_gradient_boosting,44,entry_movement,val_select,2022,12,0.018922061918667656,1.130357518470528,252,2267
fractal_density_only,hist_gradient_boosting,44,entry_movement,val_select,2023,12,0.05698262637655132,1.0259792065795184,145,1298
fractal_density_only,hist_gradient_boosting,44,entry_movement,val_eval,2023,12,0.11974573596376022,1.209579992884066,124,1112
fractal_density_only,hist_gradient_boosting,44,entry_movement,val_eval,2024,12,0.08715815251382797,1.1243583263578771,273,2450
fractal_density_only,hist_gradient_boosting,44,entry_movement,val_eval,2025,12,0.04730636903694216,1.0347321914675924,269,2418
fractal_density_only,hist_gradient_boosting,42,entry_movement,val_select,2021,24,-0.013028881947448627,0.9707813923759198,269,2417
fractal_density_only,hist_gradient_boosting,42,entry_movement,val_select,2022,24,0.014421201464257578,1.1073023757959937,252,2267
fractal_density_only,hist_gradient_boosting,42,entry_movement,val_select,2023,24,0.018765430765539323,1.0324469854682718,145,1298
fractal_density_only,hist_gradient_boosting,42,entry_movement,val_eval,2023,24,0.11808330583828403,1.2128951312939522,124,1112
fractal_density_only,hist_gradient_boosting,42,entry_movement,val_eval,2024,24,0.10091955072013903,1.0981559308286433,273,2450
fractal_density_only,hist_gradient_boosting,42,entry_movement,val_eval,2025,24,0.06493257274872635,1.0326109483133186,269,2418
fractal_density_only,hist_gradient_boosting,43,entry_movement,val_select,2021,24,-0.023379721278981008,0.9715360575400821,269,2417
fractal_density_only,hist_gradient_boosting,43,entry_movement,val_select,2022,24,0.013297985873313116,1.128869990131869,252,2267
fractal_density_only,hist_gradient_boosting,43,entry_movement,val_select,2023,24,0.020167241668171933,1.0402991670617,145,1298
fractal_density_only,hist_gradient_boosting,43,entry_movement,val_eval,2023,24,0.11332329292177112,1.273218231102619,124,1112
fractal_density_only,hist_gradient_boosting,43,entry_movement,val_eval,2024,24,0.07369145515124055,1.056857798883973,273,2450
fractal_density_only,hist_gradient_boosting,43,entry_movement,val_eval,2025,24,0.07205203736613386,1.0559877296489595,269,2418
fractal_density_only,hist_gradient_boosting,44,entry_movement,val_select,2021,24,-0.0273119057902215,0.94831971216065,269,2417
fractal_density_only,hist_gradient_boosting,44,entry_movement,val_select,2022,24,-0.0028171615368716087,1.1223898270813495,252,2267
fractal_density_only,hist_gradient_boosting,44,entry_movement,val_select,2023,24,0.017020499408733347,1.040024873449508,145,1298
fractal_density_only,hist_gradient_boosting,44,entry_movement,val_eval,2023,24,0.12090009145296306,1.2460094956369236,124,1112
fractal_density_only,hist_gradient_boosting,44,entry_movement,val_eval,2024,24,0.08827457662256706,1.057394963355322,273,2450
fractal_density_only,hist_gradient_boosting,44,entry_movement,val_eval,2025,24,0.06128892184031244,1.0536181443060884,269,2418
fractal_density_only,extra_trees_small,42,entry_movement,val_select,2021,3,0.06813295311797604,1.2888443499559639,269,2417
fractal_density_only,extra_trees_small,42,entry_movement,val_select,2022,3,0.05075837033261866,1.2440027329368661,252,2267
fractal_density_only,extra_trees_small,42,entry_movement,val_select,2023,3,0.10328661001516803,1.258982415192457,145,1298
fractal_density_only,extra_trees_small,42,entry_movement,val_eval,2023,3,0.04044594041981251,1.5188045906717687,124,1112
fractal_density_only,extra_trees_small,42,entry_movement,val_eval,2024,3,0.17915329859729304,1.1466817188524687,273,2450
fractal_density_only,extra_trees_small,42,entry_movement,val_eval,2025,3,0.024459868627793098,1.0713064878088965,269,2418
fractal_density_only,extra_trees_small,43,entry_movement,val_select,2021,3,0.06683533291172772,1.2367792636998052,269,2417
fractal_density_only,extra_trees_small,43,entry_movement,val_select,2022,3,0.04834175195660795,1.185376186134056,252,2267
fractal_density_only,extra_trees_small,43,entry_movement,val_select,2023,3,0.10248442013695566,1.2620275719677148,145,1298
fractal_density_only,extra_trees_small,43,entry_movement,val_eval,2023,3,0.0510371443913568,1.4776406295981073,124,1112
fractal_density_only,extra_trees_small,43,entry_movement,val_eval,2024,3,0.18265701340285911,1.1522881513357501,273,2450
fractal_density_only,extra_trees_small,43,entry_movement,val_eval,2025,3,0.013240753420920327,1.0825691896451837,269,2418
fractal_density_only,extra_trees_small,44,entry_movement,val_select,2021,3,0.08128194508600779,1.2629446223056628,269,2417
fractal_density_only,extra_trees_small,44,entry_movement,val_select,2022,3,0.04965873178261002,1.2203897336208698,252,2267
fractal_density_only,extra_trees_small,44,entry_movement,val_select,2023,3,0.09489046392743368,1.2115190578814405,145,1298
fractal_density_only,extra_trees_small,44,entry_movement,val_eval,2023,3,0.04743668648052987,1.5332979418412134,124,1112
fractal_density_only,extra_trees_small,44,entry_movement,val_eval,2024,3,0.17778847496628628,1.1220879696540107,273,2450
fractal_density_only,extra_trees_small,44,entry_movement,val_eval,2025,3,0.015157074572549297,1.0922030998436292,269,2418
fractal_density_only,extra_trees_small,42,entry_movement,val_select,2021,6,0.07710124278415659,1.217376854683673,269,2417
fractal_density_only,extra_trees_small,42,entry_movement,val_select,2022,6,0.05701955324720198,1.2961096840408872,252,2267
fractal_density_only,extra_trees_small,42,entry_movement,val_select,2023,6,0.1278488329140751,1.1877946030994644,145,1298
fractal_density_only,extra_trees_small,42,entry_movement,val_eval,2023,6,0.039896719421510615,1.3890157184639078,124,1112
fractal_density_only,extra_trees_small,42,entry_movement,val_eval,2024,6,0.2210247588019684,1.1158610819651882,273,2450
fractal_density_only,extra_trees_small,42,entry_movement,val_eval,2025,6,0.01222712678206028,1.115543760728611,269,2418
fractal_density_only,extra_trees_small,43,entry_movement,val_select,2021,6,0.07622922374310094,1.1887618598093614,269,2417
fractal_density_only,extra_trees_small,43,entry_movement,val_select,2022,6,0.054251519429002304,1.24996096887594,252,2267
fractal_density_only,extra_trees_small,43,entry_movement,val_select,2023,6,0.14231547750201162,1.17107613474795,145,1298
fractal_density_only,extra_trees_small,43,entry_movement,val_eval,2023,6,0.03233812145079564,1.3974172969079557,124,1112
fractal_density_only,extra_trees_small,43,entry_movement,val_eval,2024,6,0.22396996984757844,1.0985360304303196,273,2450
fractal_density_only,extra_trees_small,43,entry_movement,val_eval,2025,6,0.010133280346587318,1.1128104752794636,269,2418
fractal_density_only,extra_trees_small,44,entry_movement,val_select,2021,6,0.08205228991689742,1.1838963841345866,269,2417
fractal_density_only,extra_trees_small,44,entry_movement,val_select,2022,6,0.0550613124382683,1.2742820290479528,252,2267
fractal_density_only,extra_trees_small,44,entry_movement,val_select,2023,6,0.15843910898064842,1.1737542232973344,145,1298
fractal_density_only,extra_trees_small,44,entry_movement,val_eval,2023,6,0.03336899844292316,1.4003557156885373,124,1112
fractal_density_only,extra_trees_small,44,entry_movement,val_eval,2024,6,0.22132537724516116,1.1004389725851358,273,2450
fractal_density_only,extra_trees_small,44,entry_movement,val_eval,2025,6,0.0145418332845818,1.1168713368447267,269,2418
fractal_density_only,extra_trees_small,42,entry_movement,val_select,2021,12,0.07307191982211371,1.1334587292538332,269,2417
fractal_density_only,extra_trees_small,42,entry_movement,val_select,2022,12,0.03212144339958934,1.2326670661192316,252,2267
fractal_density_only,extra_trees_small,42,entry_movement,val_select,2023,12,0.12134833047637351,1.0711140982037244,145,1298
fractal_density_only,extra_trees_small,42,entry_movement,val_eval,2023,12,0.056733662843151296,1.4183448689845235,124,1112
fractal_density_only,extra_trees_small,42,entry_movement,val_eval,2024,12,0.2455185803829787,1.071345031592801,273,2450
fractal_density_only,extra_trees_small,42,entry_movement,val_eval,2025,12,0.027111904067195405,1.1509932366979347,269,2418
fractal_density_only,extra_trees_small,43,entry_movement,val_select,2021,12,0.059682192584366196,1.128692781070334,269,2417
fractal_density_only,extra_trees_small,43,entry_movement,val_select,2022,12,0.018209886572132197,1.2127368855236054,252,2267
fractal_density_only,extra_trees_small,43,entry_movement,val_select,2023,12,0.14189255416235125,1.1634245622508974,145,1298
fractal_density_only,extra_trees_small,43,entry_movement,val_eval,2023,12,0.04608743161409132,1.4226027926225315,124,1112
fractal_density_only,extra_trees_small,43,entry_movement,val_eval,2024,12,0.24320706152068358,1.09398208167083,273,2450
fractal_density_only,extra_trees_small,43,entry_movement,val_eval,2025,12,0.01849662077373372,1.1707365311460887,269,2418
fractal_density_only,extra_trees_small,44,entry_movement,val_select,2021,12,0.06424573234088918,1.15422671204619,269,2417
fractal_density_only,extra_trees_small,44,entry_movement,val_select,2022,12,0.045206234514709044,1.2243585134543415,252,2267
fractal_density_only,extra_trees_small,44,entry_movement,val_select,2023,12,0.126450123521936,1.2094473742476946,145,1298
fractal_density_only,extra_trees_small,44,entry_movement,val_eval,2023,12,0.09454867541513563,1.3415740696082905,124,1112
fractal_density_only,extra_trees_small,44,entry_movement,val_eval,2024,12,0.24359925950310385,1.0948945101468333,273,2450
fractal_density_only,extra_trees_small,44,entry_movement,val_eval,2025,12,0.03444127640002902,1.1734631219018186,269,2418
fractal_density_only,extra_trees_small,42,entry_movement,val_select,2021,24,-0.00874169293464383,1.0063747632200606,269,2417
fractal_density_only,extra_trees_small,42,entry_movement,val_select,2022,24,0.02473457730636871,1.0671769416629524,252,2267
fractal_density_only,extra_trees_small,42,entry_movement,val_select,2023,24,0.04206371407174269,1.0646153153300681,145,1298
fractal_density_only,extra_trees_small,42,entry_movement,val_eval,2023,24,0.014079000432317605,1.379627702379052,124,1112
fractal_density_only,extra_trees_small,42,entry_movement,val_eval,2024,24,0.25201143044847124,1.062528016116095,273,2450
fractal_density_only,extra_trees_small,42,entry_movement,val_eval,2025,24,0.06826818420862163,1.190503421729582,269,2418
fractal_density_only,extra_trees_small,43,entry_movement,val_select,2021,24,-0.004575204307597658,1.0338433070226392,269,2417
fractal_density_only,extra_trees_small,43,entry_movement,val_select,2022,24,0.034263888165581236,1.1197672012391875,252,2267
fractal_density_only,extra_trees_small,43,entry_movement,val_select,2023,24,0.07439654970772334,1.024256109555724,145,1298
fractal_density_only,extra_trees_small,43,entry_movement,val_eval,2023,24,0.044941286087718926,1.4113828220030746,124,1112
fractal_density_only,extra_trees_small,43,entry_movement,val_eval,2024,24,0.2691882593220393,1.0545998605598557,273,2450
fractal_density_only,extra_trees_small,43,entry_movement,val_eval,2025,24,0.05873470293606863,1.2275469936861918,269,2418
fractal_density_only,extra_trees_small,44,entry_movement,val_select,2021,24,-0.009023447343391056,0.9970536497571776,269,2417
fractal_density_only,extra_trees_small,44,entry_movement,val_select,2022,24,0.019754690936348508,1.0795214334369005,252,2267
fractal_density_only,extra_trees_small,44,entry_movement,val_select,2023,24,0.07068263969821705,1.0572195322272153,145,1298
fractal_density_only,extra_trees_small,44,entry_movement,val_eval,2023,24,0.012304433842319778,1.326909172419962,124,1112
fractal_density_only,extra_trees_small,44,entry_movement,val_eval,2024,24,0.271496431715519,1.0608933573424506,273,2450
fractal_density_only,extra_trees_small,44,entry_movement,val_eval,2025,24,0.06843780825525492,1.2251398860268292,269,2418
simple_combined,ridge_regression,42,entry_movement,val_select,2021,3,0.5012217263587745,1.736653015186052,269,2417
simple_combined,ridge_regression,42,entry_movement,val_select,2022,3,0.5382104600497006,1.858824294247429,252,2267
simple_combined,ridge_regression,42,entry_movement,val_select,2023,3,0.4895345966412184,1.7735063911221818,145,1298
simple_combined,ridge_regression,42,entry_movement,val_eval,2023,3,0.5074221519070173,1.9499165128156615,124,1112
simple_combined,ridge_regression,42,entry_movement,val_eval,2024,3,0.4756109055135875,1.6562257916295486,273,2450
simple_combined,ridge_regression,42,entry_movement,val_eval,2025,3,0.5735473468587924,1.8607153853258664,269,2418
simple_combined,ridge_regression,42,entry_movement,val_select,2021,6,0.5181442356699466,1.6472180266941843,269,2417
simple_combined,ridge_regression,42,entry_movement,val_select,2022,6,0.5335064636982376,1.8340278472827645,252,2267
simple_combined,ridge_regression,42,entry_movement,val_select,2023,6,0.5235667631872502,1.712408816764423,145,1298
simple_combined,ridge_regression,42,entry_movement,val_eval,2023,6,0.535917752030799,1.8723369581900127,124,1112
simple_combined,ridge_regression,42,entry_movement,val_eval,2024,6,0.49371277021275184,1.5908887534795038,273,2450
simple_combined,ridge_regression,42,entry_movement,val_eval,2025,6,0.6042164204875597,1.8398778934545346,269,2418
simple_combined,ridge_regression,42,entry_movement,val_select,2021,12,0.45900108799335654,1.5094848114695785,269,2417
simple_combined,ridge_regression,42,entry_movement,val_select,2022,12,0.43469977216986544,1.637459171149023,252,2267
simple_combined,ridge_regression,42,entry_movement,val_select,2023,12,0.43749154644373434,1.5626189438805635,145,1298
simple_combined,ridge_regression,42,entry_movement,val_eval,2023,12,0.4744101033847393,1.6202213100394234,124,1112
simple_combined,ridge_regression,42,entry_movement,val_eval,2024,12,0.4845196227235619,1.4009459579989765,273,2450
simple_combined,ridge_regression,42,entry_movement,val_eval,2025,12,0.6046651302597664,1.8284508601775276,269,2418
simple_combined,ridge_regression,42,entry_movement,val_select,2021,24,0.19964264178427796,1.2857669570590653,269,2417
simple_combined,ridge_regression,42,entry_movement,val_select,2022,24,0.28001485646538193,1.6198051098516641,252,2267
simple_combined,ridge_regression,42,entry_movement,val_select,2023,24,0.2497590019077995,1.2881036272850728,145,1298
simple_combined,ridge_regression,42,entry_movement,val_eval,2023,24,0.326206724615163,1.3742470547940882,124,1112
simple_combined,ridge_regression,42,entry_movement,val_eval,2024,24,0.3646178039686341,1.28864633578163,273,2450
simple_combined,ridge_regression,42,entry_movement,val_eval,2025,24,0.5776142670867126,1.7683627132608617,269,2418
simple_combined,hist_gradient_boosting,42,entry_movement,val_select,2021,3,0.5593426154048259,1.8800625028635496,269,2417
simple_combined,hist_gradient_boosting,42,entry_movement,val_select,2022,3,0.574694053185104,2.013049543999686,252,2267
simple_combined,hist_gradient_boosting,42,entry_movement,val_select,2023,3,0.5810275927738187,2.0998330573330515,145,1298
simple_combined,hist_gradient_boosting,42,entry_movement,val_eval,2023,3,0.6014190710282162,2.175548256212926,124,1112
simple_combined,hist_gradient_boosting,42,entry_movement,val_eval,2024,3,0.5043978234629545,1.6670507393699217,273,2450
simple_combined,hist_gradient_boosting,42,entry_movement,val_eval,2025,3,0.3682193963242032,1.5070609439362521,269,2418
simple_combined,hist_gradient_boosting,43,entry_movement,val_select,2021,3,0.560395846367937,1.915012218146429,269,2417
simple_combined,hist_gradient_boosting,43,entry_movement,val_select,2022,3,0.570418630725662,2.062178048753076,252,2267
simple_combined,hist_gradient_boosting,43,entry_movement,val_select,2023,3,0.5763773469863686,2.1061173254187358,145,1298
simple_combined,hist_gradient_boosting,43,entry_movement,val_eval,2023,3,0.6040999444246117,2.183393422073368,124,1112
simple_combined,hist_gradient_boosting,43,entry_movement,val_eval,2024,3,0.5053101750350766,1.6825015508894965,273,2450
simple_combined,hist_gradient_boosting,43,entry_movement,val_eval,2025,3,0.38192670877161916,1.4995648404775264,269,2418
simple_combined,hist_gradient_boosting,44,entry_movement,val_select,2021,3,0.5620497442833307,1.8487309161517016,269,2417
simple_combined,hist_gradient_boosting,44,entry_movement,val_select,2022,3,0.5708143054643304,2.026523351936729,252,2267
simple_combined,hist_gradient_boosting,44,entry_movement,val_select,2023,3,0.5749213824544117,2.032015982452258,145,1298
simple_combined,hist_gradient_boosting,44,entry_movement,val_eval,2023,3,0.6024304068111875,2.126220192182338,124,1112
simple_combined,hist_gradient_boosting,44,entry_movement,val_eval,2024,3,0.49829654531163337,1.5911644717705533,273,2450
simple_combined,hist_gradient_boosting,44,entry_movement,val_eval,2025,3,0.3815626672034281,1.5151912719251948,269,2418
simple_combined,hist_gradient_boosting,42,entry_movement,val_select,2021,6,0.5370033279918867,1.69647765868436,269,2417
simple_combined,hist_gradient_boosting,42,entry_movement,val_select,2022,6,0.5420718064732735,1.836113928999975,252,2267
simple_combined,hist_gradient_boosting,42,entry_movement,val_select,2023,6,0.5821257550469137,1.798455044151753,145,1298
simple_combined,hist_gradient_boosting,42,entry_movement,val_eval,2023,6,0.5914255244968989,1.7518719133831828,124,1112
simple_combined,hist_gradient_boosting,42,entry_movement,val_eval,2024,6,0.5047075503829577,1.5133683198061876,273,2450
simple_combined,hist_gradient_boosting,42,entry_movement,val_eval,2025,6,0.38252970158554433,1.3227708260216509,269,2418
simple_combined,hist_gradient_boosting,43,entry_movement,val_select,2021,6,0.5429980664567148,1.6953982637340133,269,2417
simple_combined,hist_gradient_boosting,43,entry_movement,val_select,2022,6,0.5427428913781757,1.8399449050946965,252,2267
simple_combined,hist_gradient_boosting,43,entry_movement,val_select,2023,6,0.5741458933414023,1.7856762333362068,145,1298
simple_combined,hist_gradient_boosting,43,entry_movement,val_eval,2023,6,0.5909294275686502,1.9573546656496343,124,1112
simple_combined,hist_gradient_boosting,43,entry_movement,val_eval,2024,6,0.5082345585386646,1.5306465612681726,273,2450
simple_combined,hist_gradient_boosting,43,entry_movement,val_eval,2025,6,0.3982618935253029,1.3236326102277371,269,2418
simple_combined,hist_gradient_boosting,44,entry_movement,val_select,2021,6,0.5462928436808373,1.6743250717493745,269,2417
simple_combined,hist_gradient_boosting,44,entry_movement,val_select,2022,6,0.5443452053896057,1.8264718727241034,252,2267
simple_combined,hist_gradient_boosting,44,entry_movement,val_select,2023,6,0.5722099524569082,1.7547811015505745,145,1298
simple_combined,hist_gradient_boosting,44,entry_movement,val_eval,2023,6,0.5909451270547492,1.8923800706575062,124,1112
simple_combined,hist_gradient_boosting,44,entry_movement,val_eval,2024,6,0.5029382685751345,1.5937653024891274,273,2450
simple_combined,hist_gradient_boosting,44,entry_movement,val_eval,2025,6,0.3791994307544193,1.3491109929643479,269,2418
simple_combined,hist_gradient_boosting,42,entry_movement,val_select,2021,12,0.4511832270927701,1.442611367190114,269,2417
simple_combined,hist_gradient_boosting,42,entry_movement,val_select,2022,12,0.42805848151594666,1.5177644341661527,252,2267
simple_combined,hist_gradient_boosting,42,entry_movement,val_select,2023,12,0.49945649824760413,1.5603509459673157,145,1298
simple_combined,hist_gradient_boosting,42,entry_movement,val_eval,2023,12,0.5129316467901176,1.7341849002224066,124,1112
simple_combined,hist_gradient_boosting,42,entry_movement,val_eval,2024,12,0.44861980450123484,1.3287727359855739,273,2450
simple_combined,hist_gradient_boosting,42,entry_movement,val_eval,2025,12,0.3748064679485594,1.4747130385425138,269,2418
simple_combined,hist_gradient_boosting,43,entry_movement,val_select,2021,12,0.4513362301031339,1.441290790654334,269,2417
simple_combined,hist_gradient_boosting,43,entry_movement,val_select,2022,12,0.43757062256198975,1.5363018295344182,252,2267
simple_combined,hist_gradient_boosting,43,entry_movement,val_select,2023,12,0.49723796922084185,1.5275716281235454,145,1298
simple_combined,hist_gradient_boosting,43,entry_movement,val_eval,2023,12,0.5075918371993826,1.6661291929488684,124,1112
simple_combined,hist_gradient_boosting,43,entry_movement,val_eval,2024,12,0.463401975588216,1.374440013229266,273,2450
simple_combined,hist_gradient_boosting,43,entry_movement,val_eval,2025,12,0.3842099424128552,1.4308464556038476,269,2418
simple_combined,hist_gradient_boosting,44,entry_movement,val_select,2021,12,0.44776840637787585,1.3770172047890294,269,2417
simple_combined,hist_gradient_boosting,44,entry_movement,val_select,2022,12,0.43025430699107814,1.5256420712187018,252,2267
simple_combined,hist_gradient_boosting,44,entry_movement,val_select,2023,12,0.4919065784839649,1.4587744680331105,145,1298
simple_combined,hist_gradient_boosting,44,entry_movement,val_eval,2023,12,0.5003053558560964,1.623988383879039,124,1112
simple_combined,hist_gradient_boosting,44,entry_movement,val_eval,2024,12,0.4572695858506864,1.3584609296699492,273,2450
simple_combined,hist_gradient_boosting,44,entry_movement,val_eval,2025,12,0.36227861614712675,1.4916857502752376,269,2418
simple_combined,hist_gradient_boosting,42,entry_movement,val_select,2021,24,0.16750546342233816,1.2358302837397162,269,2417
simple_combined,hist_gradient_boosting,42,entry_movement,val_select,2022,24,0.26467760800072027,1.3000300659837811,252,2267
simple_combined,hist_gradient_boosting,42,entry_movement,val_select,2023,24,0.3132922847026798,1.3341094813963574,145,1298
simple_combined,hist_gradient_boosting,42,entry_movement,val_eval,2023,24,0.3286972816695872,1.3193077542875893,124,1112
simple_combined,hist_gradient_boosting,42,entry_movement,val_eval,2024,24,0.3201061240125355,1.1598614382965384,273,2450
simple_combined,hist_gradient_boosting,42,entry_movement,val_eval,2025,24,0.28773283369786146,1.3160633123580294,269,2418
simple_combined,hist_gradient_boosting,43,entry_movement,val_select,2021,24,0.16804969954847393,1.1985500798315287,269,2417
simple_combined,hist_gradient_boosting,43,entry_movement,val_select,2022,24,0.26720800924175786,1.3902154929088006,252,2267
simple_combined,hist_gradient_boosting,43,entry_movement,val_select,2023,24,0.31550780710454396,1.3232091483692898,145,1298
simple_combined,hist_gradient_boosting,43,entry_movement,val_eval,2023,24,0.31067919106864,1.3610333515785102,124,1112
simple_combined,hist_gradient_boosting,43,entry_movement,val_eval,2024,24,0.31131118337220914,1.155572261702668,273,2450
simple_combined,hist_gradient_boosting,43,entry_movement,val_eval,2025,24,0.3072514471089456,1.340422882859531,269,2418
simple_combined,hist_gradient_boosting,44,entry_movement,val_select,2021,24,0.16326008490978366,1.1797473017181053,269,2417
simple_combined,hist_gradient_boosting,44,entry_movement,val_select,2022,24,0.25856416584187986,1.3993411106904514,252,2267
simple_combined,hist_gradient_boosting,44,entry_movement,val_select,2023,24,0.29933367870163824,1.3436869224942805,145,1298
simple_combined,hist_gradient_boosting,44,entry_movement,val_eval,2023,24,0.31264426257980915,1.461572593375223,124,1112
simple_combined,hist_gradient_boosting,44,entry_movement,val_eval,2024,24,0.3283390482959621,1.2059183359414367,273,2450
simple_combined,hist_gradient_boosting,44,entry_movement,val_eval,2025,24,0.2251090253724947,1.2239492931357214,269,2418
simple_combined,extra_trees_small,42,entry_movement,val_select,2021,3,0.5547765939660801,1.95342573844568,269,2417
simple_combined,extra_trees_small,42,entry_movement,val_select,2022,3,0.5743994450173366,2.040917295686033,252,2267
simple_combined,extra_trees_small,42,entry_movement,val_select,2023,3,0.5723599985616311,2.2458761834867684,145,1298
simple_combined,extra_trees_small,42,entry_movement,val_eval,2023,3,0.583731595329604,2.1659746980140477,124,1112
simple_combined,extra_trees_small,42,entry_movement,val_eval,2024,3,0.5336626521541542,1.9024621570930247,273,2450
simple_combined,extra_trees_small,42,entry_movement,val_eval,2025,3,0.4474898749835112,1.7118232073262338,269,2418
simple_combined,extra_trees_small,43,entry_movement,val_select,2021,3,0.5647200350288197,1.9426884248836371,269,2417
simple_combined,extra_trees_small,43,entry_movement,val_select,2022,3,0.5761298763029098,2.027537027488856,252,2267
simple_combined,extra_trees_small,43,entry_movement,val_select,2023,3,0.567891935643763,2.1862678177309895,145,1298
simple_combined,extra_trees_small,43,entry_movement,val_eval,2023,3,0.5948698402846513,2.145143926675111,124,1112
simple_combined,extra_trees_small,43,entry_movement,val_eval,2024,3,0.5413798260636086,1.9422525038530551,273,2450
simple_combined,extra_trees_small,43,entry_movement,val_eval,2025,3,0.473501415836241,1.6991100590062074,269,2418
simple_combined,extra_trees_small,44,entry_movement,val_select,2021,3,0.569622031102142,1.9680091700687958,269,2417
simple_combined,extra_trees_small,44,entry_movement,val_select,2022,3,0.5794722007427207,2.0505314682705396,252,2267
simple_combined,extra_trees_small,44,entry_movement,val_select,2023,3,0.573428255920875,2.167864229820875,145,1298
simple_combined,extra_trees_small,44,entry_movement,val_eval,2023,3,0.5897845988865097,2.087238449936568,124,1112
simple_combined,extra_trees_small,44,entry_movement,val_eval,2024,3,0.5428558550136091,1.899607027663404,273,2450
simple_combined,extra_trees_small,44,entry_movement,val_eval,2025,3,0.46549505158657445,1.6865277143801864,269,2418
simple_combined,extra_trees_small,42,entry_movement,val_select,2021,6,0.5612555886081516,1.653492345975243,269,2417
simple_combined,extra_trees_small,42,entry_movement,val_select,2022,6,0.5575175714447951,1.7896979387119702,252,2267
simple_combined,extra_trees_small,42,entry_movement,val_select,2023,6,0.5753598810447025,1.8948819556261913,145,1298
simple_combined,extra_trees_small,42,entry_movement,val_eval,2023,6,0.5894346944628863,1.8453738149502834,124,1112
simple_combined,extra_trees_small,42,entry_movement,val_eval,2024,6,0.5267928940960324,1.6946686563626039,273,2450
simple_combined,extra_trees_small,42,entry_movement,val_eval,2025,6,0.4865612849060465,1.7210098379508056,269,2418
simple_combined,extra_trees_small,43,entry_movement,val_select,2021,6,0.5677863256373177,1.6762383381084502,269,2417
simple_combined,extra_trees_small,43,entry_movement,val_select,2022,6,0.5577235175497458,1.854071561771779,252,2267
simple_combined,extra_trees_small,43,entry_movement,val_select,2023,6,0.5812650497603593,1.899695893581209,145,1298
simple_combined,extra_trees_small,43,entry_movement,val_eval,2023,6,0.5958210648810615,1.9264190440104105,124,1112
simple_combined,extra_trees_small,43,entry_movement,val_eval,2024,6,0.5340882161752672,1.661113425869295,273,2450
simple_combined,extra_trees_small,43,entry_movement,val_eval,2025,6,0.5087431397815315,1.683795151336811,269,2418
simple_combined,extra_trees_small,44,entry_movement,val_select,2021,6,0.5571895081064442,1.6658685508036277,269,2417
simple_combined,extra_trees_small,44,entry_movement,val_select,2022,6,0.5583136642701224,1.8702918564697408,252,2267
simple_combined,extra_trees_small,44,entry_movement,val_select,2023,6,0.5792865515822663,1.8491346855562734,145,1298
simple_combined,extra_trees_small,44,entry_movement,val_eval,2023,6,0.5859915378461945,1.9391778290849162,124,1112
simple_combined,extra_trees_small,44,entry_movement,val_eval,2024,6,0.5311635523674587,1.658790013358352,273,2450
simple_combined,extra_trees_small,44,entry_movement,val_eval,2025,6,0.4850063153157359,1.667931488113095,269,2418
simple_combined,extra_trees_small,42,entry_movement,val_select,2021,12,0.5049815048865786,1.5530747154287845,269,2417
simple_combined,extra_trees_small,42,entry_movement,val_select,2022,12,0.45966787804093817,1.6147010335087846,252,2267
simple_combined,extra_trees_small,42,entry_movement,val_select,2023,12,0.5053221642143462,1.6480694438355605,145,1298
simple_combined,extra_trees_small,42,entry_movement,val_eval,2023,12,0.5268869190869844,1.7645426682012146,124,1112
simple_combined,extra_trees_small,42,entry_movement,val_eval,2024,12,0.49639640273581287,1.3979509546965105,273,2450
simple_combined,extra_trees_small,42,entry_movement,val_eval,2025,12,0.540031129886621,1.6571793419927952,269,2418
simple_combined,extra_trees_small,43,entry_movement,val_select,2021,12,0.4988796391219988,1.5568209465031082,269,2417
simple_combined,extra_trees_small,43,entry_movement,val_select,2022,12,0.4567935864059063,1.659687159684429,252,2267
simple_combined,extra_trees_small,43,entry_movement,val_select,2023,12,0.48880527454092165,1.5635835860024707,145,1298
simple_combined,extra_trees_small,43,entry_movement,val_eval,2023,12,0.5280983373422629,1.6308289242963714,124,1112
simple_combined,extra_trees_small,43,entry_movement,val_eval,2024,12,0.49489327870107425,1.368482284056702,273,2450
simple_combined,extra_trees_small,43,entry_movement,val_eval,2025,12,0.4889307889826374,1.4828796839751706,269,2418
simple_combined,extra_trees_small,44,entry_movement,val_select,2021,12,0.4915571506068171,1.5385446876659612,269,2417
simple_combined,extra_trees_small,44,entry_movement,val_select,2022,12,0.4576517309315863,1.6208752085264344,252,2267
simple_combined,extra_trees_small,44,entry_movement,val_select,2023,12,0.49300434510467156,1.6192474706801858,145,1298
simple_combined,extra_trees_small,44,entry_movement,val_eval,2023,12,0.5206585273021029,1.6459693236299107,124,1112
simple_combined,extra_trees_small,44,entry_movement,val_eval,2024,12,0.5069036740215594,1.3577684520819544,273,2450
simple_combined,extra_trees_small,44,entry_movement,val_eval,2025,12,0.49964631610309745,1.6256933641121194,269,2418
simple_combined,extra_trees_small,42,entry_movement,val_select,2021,24,0.22103314428572648,1.3114243146999622,269,2417
simple_combined,extra_trees_small,42,entry_movement,val_select,2022,24,0.29575563591265186,1.5754531083409018,252,2267
simple_combined,extra_trees_small,42,entry_movement,val_select,2023,24,0.2798354472372687,1.3586943392530468,145,1298
simple_combined,extra_trees_small,42,entry_movement,val_eval,2023,24,0.33455874174184064,1.4379196925784654,124,1112
simple_combined,extra_trees_small,42,entry_movement,val_eval,2024,24,0.38693922314314305,1.138541475396581,273,2450
simple_combined,extra_trees_small,42,entry_movement,val_eval,2025,24,0.4700372982108729,1.4098791905583008,269,2418
simple_combined,extra_trees_small,43,entry_movement,val_select,2021,24,0.2058928918930822,1.2982673120869939,269,2417
simple_combined,extra_trees_small,43,entry_movement,val_select,2022,24,0.2973941642933226,1.5839559010809445,252,2267
simple_combined,extra_trees_small,43,entry_movement,val_select,2023,24,0.2881407276132718,1.331384193445565,145,1298
simple_combined,extra_trees_small,43,entry_movement,val_eval,2023,24,0.3304402663914744,1.3517530187484406,124,1112
simple_combined,extra_trees_small,43,entry_movement,val_eval,2024,24,0.3754211699114504,1.176496547766388,273,2450
simple_combined,extra_trees_small,43,entry_movement,val_eval,2025,24,0.5011531299200604,1.5480171290477964,269,2418
simple_combined,extra_trees_small,44,entry_movement,val_select,2021,24,0.20966331640606622,1.2935894048679586,269,2417
simple_combined,extra_trees_small,44,entry_movement,val_select,2022,24,0.2961488027075153,1.5961309068847853,252,2267
simple_combined,extra_trees_small,44,entry_movement,val_select,2023,24,0.285595831171604,1.3927287880097168,145,1298
simple_combined,extra_trees_small,44,entry_movement,val_eval,2023,24,0.32510647995306036,1.3885180217894018,124,1112
simple_combined,extra_trees_small,44,entry_movement,val_eval,2024,24,0.39243302033369093,1.1652406721030006,273,2450
simple_combined,extra_trees_small,44,entry_movement,val_eval,2025,24,0.5058397860436982,1.585122599202702,269,2418
distance_to_entry_open_post_entry_diagnostic_only,hist_gradient_boosting,42,entry_movement,val_select,2021,3,0.17871511363834292,1.3375727693462935,269,2417
distance_to_entry_open_post_entry_diagnostic_only,hist_gradient_boosting,42,entry_movement,val_select,2022,3,0.15369378142311466,1.3656217984877732,252,2267
distance_to_entry_open_post_entry_diagnostic_only,hist_gradient_boosting,42,entry_movement,val_select,2023,3,0.19913614710948563,1.441783558325335,145,1298
distance_to_entry_open_post_entry_diagnostic_only,hist_gradient_boosting,42,entry_movement,val_eval,2023,3,0.17330484394606707,1.531327585849936,124,1112
distance_to_entry_open_post_entry_diagnostic_only,hist_gradient_boosting,42,entry_movement,val_eval,2024,3,0.1415786258687023,1.3177690023980253,273,2450
distance_to_entry_open_post_entry_diagnostic_only,hist_gradient_boosting,42,entry_movement,val_eval,2025,3,0.10563394445002891,1.1921356461891868,269,2418
distance_to_entry_open_post_entry_diagnostic_only,hist_gradient_boosting,43,entry_movement,val_select,2021,3,0.17605561017323723,1.3401571877007628,269,2417
distance_to_entry_open_post_entry_diagnostic_only,hist_gradient_boosting,43,entry_movement,val_select,2022,3,0.15462570128314526,1.3418556271317756,252,2267
distance_to_entry_open_post_entry_diagnostic_only,hist_gradient_boosting,43,entry_movement,val_select,2023,3,0.2055307031600958,1.5236672999167626,145,1298
distance_to_entry_open_post_entry_diagnostic_only,hist_gradient_boosting,43,entry_movement,val_eval,2023,3,0.1622450945723756,1.518951530270788,124,1112
distance_to_entry_open_post_entry_diagnostic_only,hist_gradient_boosting,43,entry_movement,val_eval,2024,3,0.14931165050252102,1.372054476566221,273,2450
distance_to_entry_open_post_entry_diagnostic_only,hist_gradient_boosting,43,entry_movement,val_eval,2025,3,0.10111118928111547,1.2340623262908608,269,2418
distance_to_entry_open_post_entry_diagnostic_only,hist_gradient_boosting,44,entry_movement,val_select,2021,3,0.15558984197060227,1.294504400820415,269,2417
distance_to_entry_open_post_entry_diagnostic_only,hist_gradient_boosting,44,entry_movement,val_select,2022,3,0.1531869650702238,1.3314149374908746,252,2267
distance_to_entry_open_post_entry_diagnostic_only,hist_gradient_boosting,44,entry_movement,val_select,2023,3,0.18864419355029755,1.5558851404814351,145,1298
distance_to_entry_open_post_entry_diagnostic_only,hist_gradient_boosting,44,entry_movement,val_eval,2023,3,0.19576757495013705,1.594095785571213,124,1112
distance_to_entry_open_post_entry_diagnostic_only,hist_gradient_boosting,44,entry_movement,val_eval,2024,3,0.13725123151003027,1.309077125158101,273,2450
distance_to_entry_open_post_entry_diagnostic_only,hist_gradient_boosting,44,entry_movement,val_eval,2025,3,0.0861382259275887,1.2053772252010158,269,2418
distance_to_entry_open_post_entry_diagnostic_only,hist_gradient_boosting,42,entry_movement,val_select,2021,6,0.11539151681661952,1.1942326780790697,269,2417
distance_to_entry_open_post_entry_diagnostic_only,hist_gradient_boosting,42,entry_movement,val_select,2022,6,0.08714012483690313,1.2091166322679106,252,2267
distance_to_entry_open_post_entry_diagnostic_only,hist_gradient_boosting,42,entry_movement,val_select,2023,6,0.10643664701726102,1.1163691019580864,145,1298
distance_to_entry_open_post_entry_diagnostic_only,hist_gradient_boosting,42,entry_movement,val_eval,2023,6,0.057679095954649075,1.1073029838096256,124,1112
distance_to_entry_open_post_entry_diagnostic_only,hist_gradient_boosting,42,entry_movement,val_eval,2024,6,0.08335147666362024,1.1654119847138726,273,2450
distance_to_entry_open_post_entry_diagnostic_only,hist_gradient_boosting,42,entry_movement,val_eval,2025,6,0.05559859258461812,1.0433415080154287,269,2418
distance_to_entry_open_post_entry_diagnostic_only,hist_gradient_boosting,43,entry_movement,val_select,2021,6,0.11812235272306543,1.2554540107269332,269,2417
distance_to_entry_open_post_entry_diagnostic_only,hist_gradient_boosting,43,entry_movement,val_select,2022,6,0.10545932441689677,1.1428706077170545,252,2267
distance_to_entry_open_post_entry_diagnostic_only,hist_gradient_boosting,43,entry_movement,val_select,2023,6,0.1363895940638999,1.2331316341693268,145,1298
distance_to_entry_open_post_entry_diagnostic_only,hist_gradient_boosting,43,entry_movement,val_eval,2023,6,0.06437459912454134,1.0111892753771292,124,1112
distance_to_entry_open_post_entry_diagnostic_only,hist_gradient_boosting,43,entry_movement,val_eval,2024,6,0.09116719014748176,1.1988566801125153,273,2450
distance_to_entry_open_post_entry_diagnostic_only,hist_gradient_boosting,43,entry_movement,val_eval,2025,6,0.05339471906704094,1.1019851591629315,269,2418
distance_to_entry_open_post_entry_diagnostic_only,hist_gradient_boosting,44,entry_movement,val_select,2021,6,0.09373852598558231,1.191633426052273,269,2417
distance_to_entry_open_post_entry_diagnostic_only,hist_gradient_boosting,44,entry_movement,val_select,2022,6,0.09922406024227154,1.1747819483859652,252,2267
distance_to_entry_open_post_entry_diagnostic_only,hist_gradient_boosting,44,entry_movement,val_select,2023,6,0.0868863521398708,1.2988641313129285,145,1298
distance_to_entry_open_post_entry_diagnostic_only,hist_gradient_boosting,44,entry_movement,val_eval,2023,6,0.09484526645707574,1.1642443157809528,124,1112
distance_to_entry_open_post_entry_diagnostic_only,hist_gradient_boosting,44,entry_movement,val_eval,2024,6,0.07279140948133377,1.175114555998548,273,2450
distance_to_entry_open_post_entry_diagnostic_only,hist_gradient_boosting,44,entry_movement,val_eval,2025,6,0.05156733910354007,1.0383096083438481,269,2418
distance_to_entry_open_post_entry_diagnostic_only,hist_gradient_boosting,42,entry_movement,val_select,2021,12,0.01887904515774816,1.0563750435678747,269,2417
distance_to_entry_open_post_entry_diagnostic_only,hist_gradient_boosting,42,entry_movement,val_select,2022,12,-0.0070879203581161185,1.0101784385046413,252,2267
distance_to_entry_open_post_entry_diagnostic_only,hist_gradient_boosting,42,entry_movement,val_select,2023,12,-0.0527625581356436,0.9876030547134295,145,1298
distance_to_entry_open_post_entry_diagnostic_only,hist_gradient_boosting,42,entry_movement,val_eval,2023,12,-0.0010713321228655974,1.0248904482330363,124,1112
distance_to_entry_open_post_entry_diagnostic_only,hist_gradient_boosting,42,entry_movement,val_eval,2024,12,0.017900960972040542,1.025715033670575,273,2450
distance_to_entry_open_post_entry_diagnostic_only,hist_gradient_boosting,42,entry_movement,val_eval,2025,12,0.017348239912450582,1.0352885343976936,269,2418
distance_to_entry_open_post_entry_diagnostic_only,hist_gradient_boosting,43,entry_movement,val_select,2021,12,0.020815938776026544,1.0603279223860584,269,2417
distance_to_entry_open_post_entry_diagnostic_only,hist_gradient_boosting,43,entry_movement,val_select,2022,12,0.01871462131308404,1.0204609531227173,252,2267
distance_to_entry_open_post_entry_diagnostic_only,hist_gradient_boosting,43,entry_movement,val_select,2023,12,-0.013928959012651326,1.0368539940047772,145,1298
distance_to_entry_open_post_entry_diagnostic_only,hist_gradient_boosting,43,entry_movement,val_eval,2023,12,-0.0023632443108658556,0.9653590101104331,124,1112
distance_to_entry_open_post_entry_diagnostic_only,hist_gradient_boosting,43,entry_movement,val_eval,2024,12,0.03798038235025834,1.0527389579682322,273,2450
distance_to_entry_open_post_entry_diagnostic_only,hist_gradient_boosting,43,entry_movement,val_eval,2025,12,0.02981160660730682,0.9939350025164079,269,2418
distance_to_entry_open_post_entry_diagnostic_only,hist_gradient_boosting,44,entry_movement,val_select,2021,12,-0.015907378431940216,1.0395890775534178,269,2417
distance_to_entry_open_post_entry_diagnostic_only,hist_gradient_boosting,44,entry_movement,val_select,2022,12,-0.004411569621293443,0.9949337483805326,252,2267
distance_to_entry_open_post_entry_diagnostic_only,hist_gradient_boosting,44,entry_movement,val_select,2023,12,-0.03978203934186447,1.0317410739142086,145,1298
distance_to_entry_open_post_entry_diagnostic_only,hist_gradient_boosting,44,entry_movement,val_eval,2023,12,0.009946824077883009,1.038607332839418,124,1112
distance_to_entry_open_post_entry_diagnostic_only,hist_gradient_boosting,44,entry_movement,val_eval,2024,12,0.001677703812278858,1.0043355291131522,273,2450
distance_to_entry_open_post_entry_diagnostic_only,hist_gradient_boosting,44,entry_movement,val_eval,2025,12,0.011066604484473032,0.9804523075897804,269,2418
distance_to_entry_open_post_entry_diagnostic_only,hist_gradient_boosting,42,entry_movement,val_select,2021,24,-0.006272303990227272,1.060090052362286,269,2417
distance_to_entry_open_post_entry_diagnostic_only,hist_gradient_boosting,42,entry_movement,val_select,2022,24,-0.022957286025034027,1.061637236833146,252,2267
distance_to_entry_open_post_entry_diagnostic_only,hist_gradient_boosting,42,entry_movement,val_select,2023,24,-0.02319303643067757,1.0661166490024778,145,1298
distance_to_entry_open_post_entry_diagnostic_only,hist_gradient_boosting,42,entry_movement,val_eval,2023,24,0.027869543366747216,1.086751734856641,124,1112
distance_to_entry_open_post_entry_diagnostic_only,hist_gradient_boosting,42,entry_movement,val_eval,2024,24,0.006830294537827195,0.9982672488548137,273,2450
distance_to_entry_open_post_entry_diagnostic_only,hist_gradient_boosting,42,entry_movement,val_eval,2025,24,0.020827148993165925,1.0924840918121284,269,2418
distance_to_entry_open_post_entry_diagnostic_only,hist_gradient_boosting,43,entry_movement,val_select,2021,24,0.015024200403759609,1.0405389012572848,269,2417
distance_to_entry_open_post_entry_diagnostic_only,hist_gradient_boosting,43,entry_movement,val_select,2022,24,0.010972666169486969,1.0289324584086623,252,2267
distance_to_entry_open_post_entry_diagnostic_only,hist_gradient_boosting,43,entry_movement,val_select,2023,24,0.008059671101753362,1.0358715371193872,145,1298
distance_to_entry_open_post_entry_diagnostic_only,hist_gradient_boosting,43,entry_movement,val_eval,2023,24,0.025003653689656978,1.0611479035329607,124,1112
distance_to_entry_open_post_entry_diagnostic_only,hist_gradient_boosting,43,entry_movement,val_eval,2024,24,0.04281010691937035,1.0128609839897773,273,2450
distance_to_entry_open_post_entry_diagnostic_only,hist_gradient_boosting,43,entry_movement,val_eval,2025,24,0.029184871220329173,1.0319916537121228,269,2418
distance_to_entry_open_post_entry_diagnostic_only,hist_gradient_boosting,44,entry_movement,val_select,2021,24,-0.002468372544185842,1.0577153532140016,269,2417
distance_to_entry_open_post_entry_diagnostic_only,hist_gradient_boosting,44,entry_movement,val_select,2022,24,-0.005850257071555885,1.0009463656383626,252,2267
distance_to_entry_open_post_entry_diagnostic_only,hist_gradient_boosting,44,entry_movement,val_select,2023,24,-0.014317732942171394,1.0021543869460152,145,1298
distance_to_entry_open_post_entry_diagnostic_only,hist_gradient_boosting,44,entry_movement,val_eval,2023,24,0.0184873083682292,1.1253486695219894,124,1112
distance_to_entry_open_post_entry_diagnostic_only,hist_gradient_boosting,44,entry_movement,val_eval,2024,24,0.000549265367448345,0.9512402633989685,273,2450
distance_to_entry_open_post_entry_diagnostic_only,hist_gradient_boosting,44,entry_movement,val_eval,2025,24,0.040925378081905266,1.0192058623657871,269,2418
distance_to_entry_open_post_entry_diagnostic_only,extra_trees_small,42,entry_movement,val_select,2021,3,0.19326238731881465,1.3328624728197407,269,2417
distance_to_entry_open_post_entry_diagnostic_only,extra_trees_small,42,entry_movement,val_select,2022,3,0.18540908223964306,1.4397216190377686,252,2267
distance_to_entry_open_post_entry_diagnostic_only,extra_trees_small,42,entry_movement,val_select,2023,3,0.22478107504829384,1.454134179150854,145,1298
distance_to_entry_open_post_entry_diagnostic_only,extra_trees_small,42,entry_movement,val_eval,2023,3,0.20104553366953293,1.4979625986982552,124,1112
distance_to_entry_open_post_entry_diagnostic_only,extra_trees_small,42,entry_movement,val_eval,2024,3,0.17757475297825606,1.343331647588424,273,2450
distance_to_entry_open_post_entry_diagnostic_only,extra_trees_small,42,entry_movement,val_eval,2025,3,0.1027851858573096,1.282225045035308,269,2418
distance_to_entry_open_post_entry_diagnostic_only,extra_trees_small,43,entry_movement,val_select,2021,3,0.19392489886548575,1.3128002624753208,269,2417
distance_to_entry_open_post_entry_diagnostic_only,extra_trees_small,43,entry_movement,val_select,2022,3,0.19604316252340678,1.3988325007978162,252,2267
distance_to_entry_open_post_entry_diagnostic_only,extra_trees_small,43,entry_movement,val_select,2023,3,0.2207776089218229,1.5062487631806274,145,1298
distance_to_entry_open_post_entry_diagnostic_only,extra_trees_small,43,entry_movement,val_eval,2023,3,0.1972424982250096,1.4840591651726416,124,1112
distance_to_entry_open_post_entry_diagnostic_only,extra_trees_small,43,entry_movement,val_eval,2024,3,0.17910969956803113,1.343290530808277,273,2450
distance_to_entry_open_post_entry_diagnostic_only,extra_trees_small,43,entry_movement,val_eval,2025,3,0.10527702897981295,1.2549926073473092,269,2418
distance_to_entry_open_post_entry_diagnostic_only,extra_trees_small,44,entry_movement,val_select,2021,3,0.1980765125973904,1.324831144499643,269,2417
distance_to_entry_open_post_entry_diagnostic_only,extra_trees_small,44,entry_movement,val_select,2022,3,0.1898939730018507,1.4326456087022705,252,2267
distance_to_entry_open_post_entry_diagnostic_only,extra_trees_small,44,entry_movement,val_select,2023,3,0.22236961391702348,1.442792497869119,145,1298
distance_to_entry_open_post_entry_diagnostic_only,extra_trees_small,44,entry_movement,val_eval,2023,3,0.19833540880485137,1.4823261129001866,124,1112
distance_to_entry_open_post_entry_diagnostic_only,extra_trees_small,44,entry_movement,val_eval,2024,3,0.18218655594217845,1.3484841165904529,273,2450
distance_to_entry_open_post_entry_diagnostic_only,extra_trees_small,44,entry_movement,val_eval,2025,3,0.10627128353479161,1.2761975139147421,269,2418
distance_to_entry_open_post_entry_diagnostic_only,extra_trees_small,42,entry_movement,val_select,2021,6,0.12887088733591762,1.1798405823436187,269,2417
distance_to_entry_open_post_entry_diagnostic_only,extra_trees_small,42,entry_movement,val_select,2022,6,0.14128806570387176,1.2472064309805921,252,2267
distance_to_entry_open_post_entry_diagnostic_only,extra_trees_small,42,entry_movement,val_select,2023,6,0.17300688735398181,1.3066890779777722,145,1298
distance_to_entry_open_post_entry_diagnostic_only,extra_trees_small,42,entry_movement,val_eval,2023,6,0.11968895603167184,1.1491413906518433,124,1112
distance_to_entry_open_post_entry_diagnostic_only,extra_trees_small,42,entry_movement,val_eval,2024,6,0.10251398838111997,1.1878085664620512,273,2450
distance_to_entry_open_post_entry_diagnostic_only,extra_trees_small,42,entry_movement,val_eval,2025,6,0.06599383665416501,1.092856458809785,269,2418
distance_to_entry_open_post_entry_diagnostic_only,extra_trees_small,43,entry_movement,val_select,2021,6,0.1280007041037264,1.2046670553165106,269,2417
distance_to_entry_open_post_entry_diagnostic_only,extra_trees_small,43,entry_movement,val_select,2022,6,0.1491701238127468,1.2088728396794022,252,2267
distance_to_entry_open_post_entry_diagnostic_only,extra_trees_small,43,entry_movement,val_select,2023,6,0.16971274392295216,1.309222007128117,145,1298
distance_to_entry_open_post_entry_diagnostic_only,extra_trees_small,43,entry_movement,val_eval,2023,6,0.11070609932793721,1.1715111138595813,124,1112
distance_to_entry_open_post_entry_diagnostic_only,extra_trees_small,43,entry_movement,val_eval,2024,6,0.10328471489597085,1.203827219760856,273,2450
distance_to_entry_open_post_entry_diagnostic_only,extra_trees_small,43,entry_movement,val_eval,2025,6,0.0699551115721348,1.0927004813340093,269,2418
distance_to_entry_open_post_entry_diagnostic_only,extra_trees_small,44,entry_movement,val_select,2021,6,0.13990179968601077,1.1982278316302257,269,2417
distance_to_entry_open_post_entry_diagnostic_only,extra_trees_small,44,entry_movement,val_select,2022,6,0.1481453525971218,1.223041493145693,252,2267
distance_to_entry_open_post_entry_diagnostic_only,extra_trees_small,44,entry_movement,val_select,2023,6,0.17195994381213678,1.3446043196504223,145,1298
distance_to_entry_open_post_entry_diagnostic_only,extra_trees_small,44,entry_movement,val_eval,2023,6,0.11388556207845249,1.1948602280939067,124,1112
distance_to_entry_open_post_entry_diagnostic_only,extra_trees_small,44,entry_movement,val_eval,2024,6,0.10601442100037722,1.2165356229924091,273,2450
distance_to_entry_open_post_entry_diagnostic_only,extra_trees_small,44,entry_movement,val_eval,2025,6,0.07074593532814152,1.1350010079065564,269,2418
distance_to_entry_open_post_entry_diagnostic_only,extra_trees_small,42,entry_movement,val_select,2021,12,0.04648848334301057,1.0017995206513906,269,2417
distance_to_entry_open_post_entry_diagnostic_only,extra_trees_small,42,entry_movement,val_select,2022,12,0.0053627900971958,1.0390553725489124,252,2267
distance_to_entry_open_post_entry_diagnostic_only,extra_trees_small,42,entry_movement,val_select,2023,12,0.032970573090573906,1.0184034190074445,145,1298
distance_to_entry_open_post_entry_diagnostic_only,extra_trees_small,42,entry_movement,val_eval,2023,12,0.03507151088870843,1.0592189529346954,124,1112
distance_to_entry_open_post_entry_diagnostic_only,extra_trees_small,42,entry_movement,val_eval,2024,12,0.030055609786933557,1.0981246066917283,273,2450
distance_to_entry_open_post_entry_diagnostic_only,extra_trees_small,42,entry_movement,val_eval,2025,12,0.0498789045764165,1.0448491310927646,269,2418
distance_to_entry_open_post_entry_diagnostic_only,extra_trees_small,43,entry_movement,val_select,2021,12,0.004945027719588486,1.0854558031541544,269,2417
distance_to_entry_open_post_entry_diagnostic_only,extra_trees_small,43,entry_movement,val_select,2022,12,0.03029837733046133,1.0918961703231154,252,2267
distance_to_entry_open_post_entry_diagnostic_only,extra_trees_small,43,entry_movement,val_select,2023,12,-0.01788537504803212,1.0320846355120064,145,1298
distance_to_entry_open_post_entry_diagnostic_only,extra_trees_small,43,entry_movement,val_eval,2023,12,-0.01904913398056619,0.9068446240117708,124,1112
distance_to_entry_open_post_entry_diagnostic_only,extra_trees_small,43,entry_movement,val_eval,2024,12,0.030603026393889385,1.0922941836852975,273,2450
distance_to_entry_open_post_entry_diagnostic_only,extra_trees_small,43,entry_movement,val_eval,2025,12,0.06770044930542667,1.1321291416528565,269,2418
distance_to_entry_open_post_entry_diagnostic_only,extra_trees_small,44,entry_movement,val_select,2021,12,0.05076809286872946,1.0624959107649088,269,2417
distance_to_entry_open_post_entry_diagnostic_only,extra_trees_small,44,entry_movement,val_select,2022,12,0.01287897455743379,1.03357981467833,252,2267
distance_to_entry_open_post_entry_diagnostic_only,extra_trees_small,44,entry_movement,val_select,2023,12,0.0002476152897174514,0.9694875474397663,145,1298
distance_to_entry_open_post_entry_diagnostic_only,extra_trees_small,44,entry_movement,val_eval,2023,12,-0.005939420169669596,0.9919823174155565,124,1112
distance_to_entry_open_post_entry_diagnostic_only,extra_trees_small,44,entry_movement,val_eval,2024,12,0.03350104445319947,1.1113944919187102,273,2450
distance_to_entry_open_post_entry_diagnostic_only,extra_trees_small,44,entry_movement,val_eval,2025,12,0.043904563365149085,1.053284400627508,269,2418
distance_to_entry_open_post_entry_diagnostic_only,extra_trees_small,42,entry_movement,val_select,2021,24,0.04131797447707529,0.987460536953434,269,2417
distance_to_entry_open_post_entry_diagnostic_only,extra_trees_small,42,entry_movement,val_select,2022,24,0.01743387632719885,1.0844084229944833,252,2267
distance_to_entry_open_post_entry_diagnostic_only,extra_trees_small,42,entry_movement,val_select,2023,24,0.058609952650524356,1.1312685990099824,145,1298
distance_to_entry_open_post_entry_diagnostic_only,extra_trees_small,42,entry_movement,val_eval,2023,24,0.07422339729121498,1.1860796259712425,124,1112
distance_to_entry_open_post_entry_diagnostic_only,extra_trees_small,42,entry_movement,val_eval,2024,24,0.03508300998283647,1.0960228874327307,273,2450
distance_to_entry_open_post_entry_diagnostic_only,extra_trees_small,42,entry_movement,val_eval,2025,24,0.04887227521747698,1.2155935623852085,269,2418
distance_to_entry_open_post_entry_diagnostic_only,extra_trees_small,43,entry_movement,val_select,2021,24,0.027302747510369284,1.0045995305962,269,2417
distance_to_entry_open_post_entry_diagnostic_only,extra_trees_small,43,entry_movement,val_select,2022,24,0.042524254559481334,1.1240805400827765,252,2267
distance_to_entry_open_post_entry_diagnostic_only,extra_trees_small,43,entry_movement,val_select,2023,24,0.03645755463802444,1.114714120235798,145,1298
distance_to_entry_open_post_entry_diagnostic_only,extra_trees_small,43,entry_movement,val_eval,2023,24,0.06301248907588335,1.103392372705703,124,1112
distance_to_entry_open_post_entry_diagnostic_only,extra_trees_small,43,entry_movement,val_eval,2024,24,0.05076612156561414,1.1165512578034478,273,2450
distance_to_entry_open_post_entry_diagnostic_only,extra_trees_small,43,entry_movement,val_eval,2025,24,0.07066500398004535,1.1733146464426247,269,2418
distance_to_entry_open_post_entry_diagnostic_only,extra_trees_small,44,entry_movement,val_select,2021,24,0.05776657694501633,1.0782330206371336,269,2417
distance_to_entry_open_post_entry_diagnostic_only,extra_trees_small,44,entry_movement,val_select,2022,24,0.021648738838069476,1.0659653455952562,252,2267
distance_to_entry_open_post_entry_diagnostic_only,extra_trees_small,44,entry_movement,val_select,2023,24,0.034534983920824824,1.1570770836393778,145,1298
distance_to_entry_open_post_entry_diagnostic_only,extra_trees_small,44,entry_movement,val_eval,2023,24,0.0555419939415335,1.1694073692241846,124,1112
distance_to_entry_open_post_entry_diagnostic_only,extra_trees_small,44,entry_movement,val_eval,2024,24,0.03900210178397775,1.102231040805059,273,2450
distance_to_entry_open_post_entry_diagnostic_only,extra_trees_small,44,entry_movement,val_eval,2025,24,0.06499802458846521,1.145579888243841,269,2418
nearest_k60_tabular,hist_gradient_boosting,42,entry_movement,val_select,2021,3,0.2747729179541259,1.4484362701755842,269,2417
nearest_k60_tabular,hist_gradient_boosting,42,entry_movement,val_select,2022,3,0.2961064646525821,1.5940939843760444,252,2267
nearest_k60_tabular,hist_gradient_boosting,42,entry_movement,val_select,2023,3,0.2087624290001411,1.291884639987369,145,1298
nearest_k60_tabular,hist_gradient_boosting,42,entry_movement,val_eval,2023,3,0.29830478041991376,1.6700223120624729,124,1112
nearest_k60_tabular,hist_gradient_boosting,42,entry_movement,val_eval,2024,3,0.32799258252417945,1.3303191478301435,273,2450
nearest_k60_tabular,hist_gradient_boosting,42,entry_movement,val_eval,2025,3,0.48753371951886526,1.8114660431677034,269,2418
nearest_k60_tabular,hist_gradient_boosting,43,entry_movement,val_select,2021,3,0.26859164528567825,1.4554523367784027,269,2417
nearest_k60_tabular,hist_gradient_boosting,43,entry_movement,val_select,2022,3,0.2969083132430175,1.5901154073962214,252,2267
nearest_k60_tabular,hist_gradient_boosting,43,entry_movement,val_select,2023,3,0.19627269299914227,1.284397826981806,145,1298
nearest_k60_tabular,hist_gradient_boosting,43,entry_movement,val_eval,2023,3,0.2917858308301227,1.6361282415492142,124,1112
nearest_k60_tabular,hist_gradient_boosting,43,entry_movement,val_eval,2024,3,0.3193795408842657,1.325589410539732,273,2450
nearest_k60_tabular,hist_gradient_boosting,43,entry_movement,val_eval,2025,3,0.4583294779051254,1.6477873814353823,269,2418
nearest_k60_tabular,hist_gradient_boosting,44,entry_movement,val_select,2021,3,0.2704554076197413,1.4644181000225498,269,2417
nearest_k60_tabular,hist_gradient_boosting,44,entry_movement,val_select,2022,3,0.2875430067076189,1.6148293954254338,252,2267
nearest_k60_tabular,hist_gradient_boosting,44,entry_movement,val_select,2023,3,0.2090173392990344,1.3026381723283131,145,1298
nearest_k60_tabular,hist_gradient_boosting,44,entry_movement,val_eval,2023,3,0.29298375387917963,1.6512492763908355,124,1112
nearest_k60_tabular,hist_gradient_boosting,44,entry_movement,val_eval,2024,3,0.3232944911928063,1.3239864874641802,273,2450
nearest_k60_tabular,hist_gradient_boosting,44,entry_movement,val_eval,2025,3,0.4820492406497286,1.8476876802401094,269,2418
nearest_k60_tabular,hist_gradient_boosting,42,entry_movement,val_select,2021,6,0.2453636036606581,1.293282350542614,269,2417
nearest_k60_tabular,hist_gradient_boosting,42,entry_movement,val_select,2022,6,0.29042086029040215,1.5855017312900674,252,2267
nearest_k60_tabular,hist_gradient_boosting,42,entry_movement,val_select,2023,6,0.20677024619282483,1.2453715405262618,145,1298
nearest_k60_tabular,hist_gradient_boosting,42,entry_movement,val_eval,2023,6,0.30087849865594946,1.7793034613480676,124,1112
nearest_k60_tabular,hist_gradient_boosting,42,entry_movement,val_eval,2024,6,0.326157498176084,1.32496472531155,273,2450
nearest_k60_tabular,hist_gradient_boosting,42,entry_movement,val_eval,2025,6,0.4963529163338118,1.654378246325668,269,2418
nearest_k60_tabular,hist_gradient_boosting,43,entry_movement,val_select,2021,6,0.2524803143046371,1.4093999844947103,269,2417
nearest_k60_tabular,hist_gradient_boosting,43,entry_movement,val_select,2022,6,0.29185827459953034,1.6283232198876878,252,2267
nearest_k60_tabular,hist_gradient_boosting,43,entry_movement,val_select,2023,6,0.22285883728178965,1.2387200731020662,145,1298
nearest_k60_tabular,hist_gradient_boosting,43,entry_movement,val_eval,2023,6,0.30277362983511125,1.5512316223133569,124,1112
nearest_k60_tabular,hist_gradient_boosting,43,entry_movement,val_eval,2024,6,0.32889354445140384,1.2958372552679545,273,2450
nearest_k60_tabular,hist_gradient_boosting,43,entry_movement,val_eval,2025,6,0.4836640359036563,1.7514570598861823,269,2418
nearest_k60_tabular,hist_gradient_boosting,44,entry_movement,val_select,2021,6,0.26194642262823725,1.3659310894332883,269,2417
nearest_k60_tabular,hist_gradient_boosting,44,entry_movement,val_select,2022,6,0.28988600443879264,1.632252691157011,252,2267
nearest_k60_tabular,hist_gradient_boosting,44,entry_movement,val_select,2023,6,0.2034296988397027,1.2605306404978052,145,1298
nearest_k60_tabular,hist_gradient_boosting,44,entry_movement,val_eval,2023,6,0.30933331603896824,1.6384986433524253,124,1112
nearest_k60_tabular,hist_gradient_boosting,44,entry_movement,val_eval,2024,6,0.334304870148294,1.3964696402501293,273,2450
nearest_k60_tabular,hist_gradient_boosting,44,entry_movement,val_eval,2025,6,0.5040015840650762,1.7066999638229021,269,2418
nearest_k60_tabular,hist_gradient_boosting,42,entry_movement,val_select,2021,12,0.2424592562153478,1.2600530879136098,269,2417
nearest_k60_tabular,hist_gradient_boosting,42,entry_movement,val_select,2022,12,0.26199822682971924,1.5185750247577137,252,2267
nearest_k60_tabular,hist_gradient_boosting,42,entry_movement,val_select,2023,12,0.1916113102881124,1.357751051665062,145,1298
nearest_k60_tabular,hist_gradient_boosting,42,entry_movement,val_eval,2023,12,0.2966445094581424,1.5307009641060114,124,1112
nearest_k60_tabular,hist_gradient_boosting,42,entry_movement,val_eval,2024,12,0.34320645821873874,1.3097144857203213,273,2450
nearest_k60_tabular,hist_gradient_boosting,42,entry_movement,val_eval,2025,12,0.49830436512407505,1.6406486609553512,269,2418
nearest_k60_tabular,hist_gradient_boosting,43,entry_movement,val_select,2021,12,0.23748712784102677,1.276061333673805,269,2417
nearest_k60_tabular,hist_gradient_boosting,43,entry_movement,val_select,2022,12,0.26237331679878073,1.5244349137613606,252,2267
nearest_k60_tabular,hist_gradient_boosting,43,entry_movement,val_select,2023,12,0.1955800321808247,1.3605624352198635,145,1298
nearest_k60_tabular,hist_gradient_boosting,43,entry_movement,val_eval,2023,12,0.29013101175995565,1.5717374371313357,124,1112
nearest_k60_tabular,hist_gradient_boosting,43,entry_movement,val_eval,2024,12,0.34333071342439936,1.3093798020023801,273,2450
nearest_k60_tabular,hist_gradient_boosting,43,entry_movement,val_eval,2025,12,0.5335877267939767,1.7180387683139247,269,2418
nearest_k60_tabular,hist_gradient_boosting,44,entry_movement,val_select,2021,12,0.24186076394008355,1.2976188269911335,269,2417
nearest_k60_tabular,hist_gradient_boosting,44,entry_movement,val_select,2022,12,0.26699828006784976,1.5035513501909867,252,2267
nearest_k60_tabular,hist_gradient_boosting,44,entry_movement,val_select,2023,12,0.18686809117721784,1.3239857658281369,145,1298
nearest_k60_tabular,hist_gradient_boosting,44,entry_movement,val_eval,2023,12,0.2936876033617633,1.4833976928168375,124,1112
nearest_k60_tabular,hist_gradient_boosting,44,entry_movement,val_eval,2024,12,0.3413849087990597,1.296604544218652,273,2450
nearest_k60_tabular,hist_gradient_boosting,44,entry_movement,val_eval,2025,12,0.5259197189483371,1.684070739547473,269,2418
nearest_k60_tabular,hist_gradient_boosting,42,entry_movement,val_select,2021,24,0.15432851520978763,1.2602647056890957,269,2417
nearest_k60_tabular,hist_gradient_boosting,42,entry_movement,val_select,2022,24,0.22039885795962588,1.4349646971218704,252,2267
nearest_k60_tabular,hist_gradient_boosting,42,entry_movement,val_select,2023,24,0.19891468620012592,1.2906813822224188,145,1298
nearest_k60_tabular,hist_gradient_boosting,42,entry_movement,val_eval,2023,24,0.28208326454540544,1.2382437833779856,124,1112
nearest_k60_tabular,hist_gradient_boosting,42,entry_movement,val_eval,2024,24,0.2937934515912514,1.1355626104588374,273,2450
nearest_k60_tabular,hist_gradient_boosting,42,entry_movement,val_eval,2025,24,0.4520899397748397,1.5813751989823692,269,2418
nearest_k60_tabular,hist_gradient_boosting,43,entry_movement,val_select,2021,24,0.16160218157232972,1.2022744854523886,269,2417
nearest_k60_tabular,hist_gradient_boosting,43,entry_movement,val_select,2022,24,0.24370250808690838,1.512575077743664,252,2267
nearest_k60_tabular,hist_gradient_boosting,43,entry_movement,val_select,2023,24,0.18723274183448646,1.247599148254676,145,1298
nearest_k60_tabular,hist_gradient_boosting,43,entry_movement,val_eval,2023,24,0.2915099684700326,1.4777592831914625,124,1112
nearest_k60_tabular,hist_gradient_boosting,43,entry_movement,val_eval,2024,24,0.3011878652116852,1.1195863244290551,273,2450
nearest_k60_tabular,hist_gradient_boosting,43,entry_movement,val_eval,2025,24,0.43146604535206284,1.6028096203557296,269,2418
nearest_k60_tabular,hist_gradient_boosting,44,entry_movement,val_select,2021,24,0.15917686775662712,1.248743126850365,269,2417
nearest_k60_tabular,hist_gradient_boosting,44,entry_movement,val_select,2022,24,0.22256080644262932,1.3963903083584084,252,2267
nearest_k60_tabular,hist_gradient_boosting,44,entry_movement,val_select,2023,24,0.19114483568583202,1.2505275160009979,145,1298
nearest_k60_tabular,hist_gradient_boosting,44,entry_movement,val_eval,2023,24,0.29540845416782213,1.3245118019899653,124,1112
nearest_k60_tabular,hist_gradient_boosting,44,entry_movement,val_eval,2024,24,0.304328962185268,1.1637020361825468,273,2450
nearest_k60_tabular,hist_gradient_boosting,44,entry_movement,val_eval,2025,24,0.4398632344530819,1.5207551045574677,269,2418
nearest_k60_tabular,extra_trees_small,42,entry_movement,val_select,2021,3,0.28510180051828093,1.515741713686099,269,2417
nearest_k60_tabular,extra_trees_small,42,entry_movement,val_select,2022,3,0.2979465423927294,1.611781333889677,252,2267
nearest_k60_tabular,extra_trees_small,42,entry_movement,val_select,2023,3,0.207109625639484,1.2670862973934636,145,1298
nearest_k60_tabular,extra_trees_small,42,entry_movement,val_eval,2023,3,0.28550492662935073,1.6740307762064006,124,1112
nearest_k60_tabular,extra_trees_small,42,entry_movement,val_eval,2024,3,0.3344145460178323,1.397799530717896,273,2450
nearest_k60_tabular,extra_trees_small,42,entry_movement,val_eval,2025,3,0.47985317362339636,1.4889431284790215,269,2418
nearest_k60_tabular,extra_trees_small,43,entry_movement,val_select,2021,3,0.27817439841595215,1.4719151502706322,269,2417
nearest_k60_tabular,extra_trees_small,43,entry_movement,val_select,2022,3,0.2864037373978871,1.6708920180135585,252,2267
nearest_k60_tabular,extra_trees_small,43,entry_movement,val_select,2023,3,0.208924457418646,1.2943537209086906,145,1298
nearest_k60_tabular,extra_trees_small,43,entry_movement,val_eval,2023,3,0.2841475493305358,1.539766641379546,124,1112
nearest_k60_tabular,extra_trees_small,43,entry_movement,val_eval,2024,3,0.33084401498366456,1.3646123512347605,273,2450
nearest_k60_tabular,extra_trees_small,43,entry_movement,val_eval,2025,3,0.4989488520359095,1.5757488705977247,269,2418
nearest_k60_tabular,extra_trees_small,44,entry_movement,val_select,2021,3,0.2817165473437749,1.507931416972128,269,2417
nearest_k60_tabular,extra_trees_small,44,entry_movement,val_select,2022,3,0.2937942273547172,1.618058225762612,252,2267
nearest_k60_tabular,extra_trees_small,44,entry_movement,val_select,2023,3,0.20883855843480453,1.2635816714853403,145,1298
nearest_k60_tabular,extra_trees_small,44,entry_movement,val_eval,2023,3,0.28719071975346744,1.6652048091887584,124,1112
nearest_k60_tabular,extra_trees_small,44,entry_movement,val_eval,2024,3,0.32836672681849854,1.3412864850948807,273,2450
nearest_k60_tabular,extra_trees_small,44,entry_movement,val_eval,2025,3,0.49624016071116833,1.6392881333786706,269,2418
nearest_k60_tabular,extra_trees_small,42,entry_movement,val_select,2021,6,0.2531824755603224,1.3667411401163432,269,2417
nearest_k60_tabular,extra_trees_small,42,entry_movement,val_select,2022,6,0.29068336920494553,1.5949462406849508,252,2267
nearest_k60_tabular,extra_trees_small,42,entry_movement,val_select,2023,6,0.21074695886277206,1.215984290856391,145,1298
nearest_k60_tabular,extra_trees_small,42,entry_movement,val_eval,2023,6,0.25822889092695567,1.5471176837628131,124,1112
nearest_k60_tabular,extra_trees_small,42,entry_movement,val_eval,2024,6,0.33351017202013594,1.3872496899204223,273,2450
nearest_k60_tabular,extra_trees_small,42,entry_movement,val_eval,2025,6,0.5067385022367574,1.613407043280858,269,2418
nearest_k60_tabular,extra_trees_small,43,entry_movement,val_select,2021,6,0.25293767611565315,1.3626772556678062,269,2417
nearest_k60_tabular,extra_trees_small,43,entry_movement,val_select,2022,6,0.2852467528201841,1.6191031796132778,252,2267
nearest_k60_tabular,extra_trees_small,43,entry_movement,val_select,2023,6,0.21052372541056927,1.2513206450610626,145,1298
nearest_k60_tabular,extra_trees_small,43,entry_movement,val_eval,2023,6,0.2674551957355187,1.5252309117534237,124,1112
nearest_k60_tabular,extra_trees_small,43,entry_movement,val_eval,2024,6,0.33610625657682636,1.3583612252003285,273,2450
nearest_k60_tabular,extra_trees_small,43,entry_movement,val_eval,2025,6,0.4953917795811403,1.5595854279722179,269,2418
nearest_k60_tabular,extra_trees_small,44,entry_movement,val_select,2021,6,0.2503012677112406,1.3316775035572244,269,2417
nearest_k60_tabular,extra_trees_small,44,entry_movement,val_select,2022,6,0.28591087281546496,1.5853152307159835,252,2267
nearest_k60_tabular,extra_trees_small,44,entry_movement,val_select,2023,6,0.21894899548434502,1.2397675571268374,145,1298
nearest_k60_tabular,extra_trees_small,44,entry_movement,val_eval,2023,6,0.2761401080159695,1.4303105198830095,124,1112
nearest_k60_tabular,extra_trees_small,44,entry_movement,val_eval,2024,6,0.33744073972296795,1.3717973028109847,273,2450
nearest_k60_tabular,extra_trees_small,44,entry_movement,val_eval,2025,6,0.49381053481059906,1.474741764563599,269,2418
nearest_k60_tabular,extra_trees_small,42,entry_movement,val_select,2021,12,0.23602994720822684,1.3541587865929374,269,2417
nearest_k60_tabular,extra_trees_small,42,entry_movement,val_select,2022,12,0.2710434876049132,1.5828108720814793,252,2267
nearest_k60_tabular,extra_trees_small,42,entry_movement,val_select,2023,12,0.19340158772681992,1.3229167517787381,145,1298
nearest_k60_tabular,extra_trees_small,42,entry_movement,val_eval,2023,12,0.25744265132405975,1.3962565287440172,124,1112
nearest_k60_tabular,extra_trees_small,42,entry_movement,val_eval,2024,12,0.35615226785551396,1.3691185688948713,273,2450
nearest_k60_tabular,extra_trees_small,42,entry_movement,val_eval,2025,12,0.5330764830957526,1.5466341062408622,269,2418
nearest_k60_tabular,extra_trees_small,43,entry_movement,val_select,2021,12,0.22726647215311443,1.3357776981814475,269,2417
nearest_k60_tabular,extra_trees_small,43,entry_movement,val_select,2022,12,0.2745204628664174,1.5404807208608127,252,2267
nearest_k60_tabular,extra_trees_small,43,entry_movement,val_select,2023,12,0.1777184040883695,1.3517669395929592,145,1298
nearest_k60_tabular,extra_trees_small,43,entry_movement,val_eval,2023,12,0.26903332678705283,1.3834925309791968,124,1112
nearest_k60_tabular,extra_trees_small,43,entry_movement,val_eval,2024,12,0.35621506172903356,1.3419530351613784,273,2450
nearest_k60_tabular,extra_trees_small,43,entry_movement,val_eval,2025,12,0.5139287930063103,1.5334171018571485,269,2418
nearest_k60_tabular,extra_trees_small,44,entry_movement,val_select,2021,12,0.227779403629635,1.3469302075789633,269,2417
nearest_k60_tabular,extra_trees_small,44,entry_movement,val_select,2022,12,0.27244499624056273,1.515257889872727,252,2267
nearest_k60_tabular,extra_trees_small,44,entry_movement,val_select,2023,12,0.18763802508042104,1.331566220155325,145,1298
nearest_k60_tabular,extra_trees_small,44,entry_movement,val_eval,2023,12,0.26457500486453867,1.4075595190310544,124,1112
nearest_k60_tabular,extra_trees_small,44,entry_movement,val_eval,2024,12,0.3546610016329428,1.3586526353716892,273,2450
nearest_k60_tabular,extra_trees_small,44,entry_movement,val_eval,2025,12,0.5183602241443258,1.4990129524339701,269,2418
nearest_k60_tabular,extra_trees_small,42,entry_movement,val_select,2021,24,0.17491076682486514,1.2361685351250749,269,2417
nearest_k60_tabular,extra_trees_small,42,entry_movement,val_select,2022,24,0.25374930374255195,1.5081645502469265,252,2267
nearest_k60_tabular,extra_trees_small,42,entry_movement,val_select,2023,24,0.2058189851127539,1.3550369830748745,145,1298
nearest_k60_tabular,extra_trees_small,42,entry_movement,val_eval,2023,24,0.2984235348140588,1.2710232900443321,124,1112
nearest_k60_tabular,extra_trees_small,42,entry_movement,val_eval,2024,24,0.3385146199081623,1.176632866924479,273,2450
nearest_k60_tabular,extra_trees_small,42,entry_movement,val_eval,2025,24,0.49512298782532993,1.546342515893411,269,2418
nearest_k60_tabular,extra_trees_small,43,entry_movement,val_select,2021,24,0.18282952186840737,1.2309624015658687,269,2417
nearest_k60_tabular,extra_trees_small,43,entry_movement,val_select,2022,24,0.2396657772098255,1.5207127594400243,252,2267
nearest_k60_tabular,extra_trees_small,43,entry_movement,val_select,2023,24,0.2085763077558233,1.255147554686637,145,1298
nearest_k60_tabular,extra_trees_small,43,entry_movement,val_eval,2023,24,0.3071481368036405,1.2212454559604429,124,1112
nearest_k60_tabular,extra_trees_small,43,entry_movement,val_eval,2024,24,0.34120385226258526,1.1980677477568837,273,2450
nearest_k60_tabular,extra_trees_small,43,entry_movement,val_eval,2025,24,0.4900304544623261,1.595726044737689,269,2418
nearest_k60_tabular,extra_trees_small,44,entry_movement,val_select,2021,24,0.17591511082893843,1.2343427005156546,269,2417
nearest_k60_tabular,extra_trees_small,44,entry_movement,val_select,2022,24,0.250866056979816,1.5147139995351047,252,2267
nearest_k60_tabular,extra_trees_small,44,entry_movement,val_select,2023,24,0.19996997027156113,1.3781371931232083,145,1298
nearest_k60_tabular,extra_trees_small,44,entry_movement,val_eval,2023,24,0.29034530955921084,1.2669156847985648,124,1112
nearest_k60_tabular,extra_trees_small,44,entry_movement,val_eval,2024,24,0.34300717790546664,1.2080136603820935,273,2450
nearest_k60_tabular,extra_trees_small,44,entry_movement,val_eval,2025,24,0.49737497726628715,1.5033317177064451,269,2418
nearest_k80_tabular,hist_gradient_boosting,42,entry_movement,val_select,2021,3,0.2739256554440066,1.4009016458621117,269,2417
nearest_k80_tabular,hist_gradient_boosting,42,entry_movement,val_select,2022,3,0.2947505591031206,1.5467020900573898,252,2267
nearest_k80_tabular,hist_gradient_boosting,42,entry_movement,val_select,2023,3,0.1885102678206762,1.2594261306672407,145,1298
nearest_k80_tabular,hist_gradient_boosting,42,entry_movement,val_eval,2023,3,0.2928760624426092,1.5363377912055132,124,1112
nearest_k80_tabular,hist_gradient_boosting,42,entry_movement,val_eval,2024,3,0.30925742081806384,1.3248877502210417,273,2450
nearest_k80_tabular,hist_gradient_boosting,42,entry_movement,val_eval,2025,3,0.48312679148367144,1.785568960414609,269,2418
nearest_k80_tabular,hist_gradient_boosting,43,entry_movement,val_select,2021,3,0.2731498902194196,1.4823581634403624,269,2417
nearest_k80_tabular,hist_gradient_boosting,43,entry_movement,val_select,2022,3,0.2921131447431597,1.560326829957,252,2267
nearest_k80_tabular,hist_gradient_boosting,43,entry_movement,val_select,2023,3,0.2011291401596869,1.2855498849728992,145,1298
nearest_k80_tabular,hist_gradient_boosting,43,entry_movement,val_eval,2023,3,0.30065301998228966,1.6869464452488807,124,1112
nearest_k80_tabular,hist_gradient_boosting,43,entry_movement,val_eval,2024,3,0.31852337240261985,1.3777064854975052,273,2450
nearest_k80_tabular,hist_gradient_boosting,43,entry_movement,val_eval,2025,3,0.48125783464607635,1.712346114616822,269,2418
nearest_k80_tabular,hist_gradient_boosting,44,entry_movement,val_select,2021,3,0.2734833322298119,1.4447556719740293,269,2417
nearest_k80_tabular,hist_gradient_boosting,44,entry_movement,val_select,2022,3,0.2893469026551465,1.593462853818383,252,2267
nearest_k80_tabular,hist_gradient_boosting,44,entry_movement,val_select,2023,3,0.21139721630774216,1.266296312664162,145,1298
nearest_k80_tabular,hist_gradient_boosting,44,entry_movement,val_eval,2023,3,0.29352156283527403,1.849905440130035,124,1112
nearest_k80_tabular,hist_gradient_boosting,44,entry_movement,val_eval,2024,3,0.3166382778405162,1.332457409562305,273,2450
nearest_k80_tabular,hist_gradient_boosting,44,entry_movement,val_eval,2025,3,0.4770074511562904,1.88523888366933,269,2418
nearest_k80_tabular,hist_gradient_boosting,42,entry_movement,val_select,2021,6,0.24696077850464718,1.2977773759990008,269,2417
nearest_k80_tabular,hist_gradient_boosting,42,entry_movement,val_select,2022,6,0.27512615536446283,1.6396365646727256,252,2267
nearest_k80_tabular,hist_gradient_boosting,42,entry_movement,val_select,2023,6,0.2011698373671309,1.1178022435230337,145,1298
nearest_k80_tabular,hist_gradient_boosting,42,entry_movement,val_eval,2023,6,0.27777497585814664,1.5123516473778111,124,1112
nearest_k80_tabular,hist_gradient_boosting,42,entry_movement,val_eval,2024,6,0.3157443449716346,1.3452378246543562,273,2450
nearest_k80_tabular,hist_gradient_boosting,42,entry_movement,val_eval,2025,6,0.44825625693439447,1.5366695629981384,269,2418
nearest_k80_tabular,hist_gradient_boosting,43,entry_movement,val_select,2021,6,0.24321020799564239,1.33227484415056,269,2417
nearest_k80_tabular,hist_gradient_boosting,43,entry_movement,val_select,2022,6,0.2777630598416222,1.6585474802914897,252,2267
nearest_k80_tabular,hist_gradient_boosting,43,entry_movement,val_select,2023,6,0.21390945205463427,1.1659030538132236,145,1298
nearest_k80_tabular,hist_gradient_boosting,43,entry_movement,val_eval,2023,6,0.30594310102574557,1.5878473805727302,124,1112
nearest_k80_tabular,hist_gradient_boosting,43,entry_movement,val_eval,2024,6,0.31911487510882997,1.2665046857766595,273,2450
nearest_k80_tabular,hist_gradient_boosting,43,entry_movement,val_eval,2025,6,0.4968623384862668,1.7127905615832342,269,2418
nearest_k80_tabular,hist_gradient_boosting,44,entry_movement,val_select,2021,6,0.2561433193864226,1.3465575383075015,269,2417
nearest_k80_tabular,hist_gradient_boosting,44,entry_movement,val_select,2022,6,0.2734014031122468,1.6326697008137405,252,2267
nearest_k80_tabular,hist_gradient_boosting,44,entry_movement,val_select,2023,6,0.2210472820633483,1.3106269425898909,145,1298
nearest_k80_tabular,hist_gradient_boosting,44,entry_movement,val_eval,2023,6,0.31002988565199335,1.6126972389410228,124,1112
nearest_k80_tabular,hist_gradient_boosting,44,entry_movement,val_eval,2024,6,0.32249727134059825,1.3202899146189828,273,2450
nearest_k80_tabular,hist_gradient_boosting,44,entry_movement,val_eval,2025,6,0.5184845336488566,1.8401549044937016,269,2418
nearest_k80_tabular,hist_gradient_boosting,42,entry_movement,val_select,2021,12,0.22000030978107868,1.276441649669378,269,2417
nearest_k80_tabular,hist_gradient_boosting,42,entry_movement,val_select,2022,12,0.2500711723472569,1.5056205555545983,252,2267
nearest_k80_tabular,hist_gradient_boosting,42,entry_movement,val_select,2023,12,0.2217727124527553,1.2296731350851766,145,1298
nearest_k80_tabular,hist_gradient_boosting,42,entry_movement,val_eval,2023,12,0.27370208073152236,1.460899538980154,124,1112
nearest_k80_tabular,hist_gradient_boosting,42,entry_movement,val_eval,2024,12,0.31802324992562525,1.3040467923775554,273,2450
nearest_k80_tabular,hist_gradient_boosting,42,entry_movement,val_eval,2025,12,0.5097359633704323,1.770638903910435,269,2418
nearest_k80_tabular,hist_gradient_boosting,43,entry_movement,val_select,2021,12,0.2276283781717488,1.282004888096905,269,2417
nearest_k80_tabular,hist_gradient_boosting,43,entry_movement,val_select,2022,12,0.2365026938411255,1.4810825231057845,252,2267
nearest_k80_tabular,hist_gradient_boosting,43,entry_movement,val_select,2023,12,0.23682221845902102,1.3050381080192333,145,1298
nearest_k80_tabular,hist_gradient_boosting,43,entry_movement,val_eval,2023,12,0.2740946643182664,1.3665769251522755,124,1112
nearest_k80_tabular,hist_gradient_boosting,43,entry_movement,val_eval,2024,12,0.31773527086051195,1.2335826235466592,273,2450
nearest_k80_tabular,hist_gradient_boosting,43,entry_movement,val_eval,2025,12,0.4880246728541057,1.637147803124134,269,2418
nearest_k80_tabular,hist_gradient_boosting,44,entry_movement,val_select,2021,12,0.22472739155153426,1.254409714923008,269,2417
nearest_k80_tabular,hist_gradient_boosting,44,entry_movement,val_select,2022,12,0.24289363359468133,1.5419227248163185,252,2267
nearest_k80_tabular,hist_gradient_boosting,44,entry_movement,val_select,2023,12,0.21206413293377496,1.2396987662393737,145,1298
nearest_k80_tabular,hist_gradient_boosting,44,entry_movement,val_eval,2023,12,0.2767225129964043,1.5097629627699742,124,1112
nearest_k80_tabular,hist_gradient_boosting,44,entry_movement,val_eval,2024,12,0.3293102617561233,1.3313465075583384,273,2450
nearest_k80_tabular,hist_gradient_boosting,44,entry_movement,val_eval,2025,12,0.4643519863719678,1.5933766383020802,269,2418
nearest_k80_tabular,hist_gradient_boosting,42,entry_movement,val_select,2021,24,0.1166714363257372,1.1486043484573831,269,2417
nearest_k80_tabular,hist_gradient_boosting,42,entry_movement,val_select,2022,24,0.19152887085859488,1.4334996527344244,252,2267
nearest_k80_tabular,hist_gradient_boosting,42,entry_movement,val_select,2023,24,0.19909327564984106,1.1740453775145505,145,1298
nearest_k80_tabular,hist_gradient_boosting,42,entry_movement,val_eval,2023,24,0.2829742671879913,1.35481362976424,124,1112
nearest_k80_tabular,hist_gradient_boosting,42,entry_movement,val_eval,2024,24,0.2809099786860399,1.072390639639038,273,2450
nearest_k80_tabular,hist_gradient_boosting,42,entry_movement,val_eval,2025,24,0.4052611098671895,1.678436560866512,269,2418
nearest_k80_tabular,hist_gradient_boosting,43,entry_movement,val_select,2021,24,0.13603059335427836,1.1221238126912096,269,2417
nearest_k80_tabular,hist_gradient_boosting,43,entry_movement,val_select,2022,24,0.2075287043718495,1.426887927364873,252,2267
nearest_k80_tabular,hist_gradient_boosting,43,entry_movement,val_select,2023,24,0.21017614508607702,1.206279758346668,145,1298
nearest_k80_tabular,hist_gradient_boosting,43,entry_movement,val_eval,2023,24,0.28435126780553804,1.2776647932425964,124,1112
nearest_k80_tabular,hist_gradient_boosting,43,entry_movement,val_eval,2024,24,0.273193953228,1.0752531530696856,273,2450
nearest_k80_tabular,hist_gradient_boosting,43,entry_movement,val_eval,2025,24,0.3411970220243593,1.5790391665302612,269,2418
nearest_k80_tabular,hist_gradient_boosting,44,entry_movement,val_select,2021,24,0.1259596730195875,1.088265810814964,269,2417
nearest_k80_tabular,hist_gradient_boosting,44,entry_movement,val_select,2022,24,0.18986845550739548,1.4344149697465258,252,2267
nearest_k80_tabular,hist_gradient_boosting,44,entry_movement,val_select,2023,24,0.2047144998295354,1.2111282152126372,145,1298
nearest_k80_tabular,hist_gradient_boosting,44,entry_movement,val_eval,2023,24,0.30612457192654424,1.3063097984343688,124,1112
nearest_k80_tabular,hist_gradient_boosting,44,entry_movement,val_eval,2024,24,0.28225664447792675,1.1316820250031434,273,2450
nearest_k80_tabular,hist_gradient_boosting,44,entry_movement,val_eval,2025,24,0.350096854559725,1.706370270697594,269,2418
nearest_k80_tabular,extra_trees_small,42,entry_movement,val_select,2021,3,0.2804319942799328,1.4355842280827076,269,2417
nearest_k80_tabular,extra_trees_small,42,entry_movement,val_select,2022,3,0.2886337308212944,1.5965523980649665,252,2267
nearest_k80_tabular,extra_trees_small,42,entry_movement,val_select,2023,3,0.21315710181616543,1.2898755129174844,145,1298
nearest_k80_tabular,extra_trees_small,42,entry_movement,val_eval,2023,3,0.28985993006617294,1.6492344126063456,124,1112
nearest_k80_tabular,extra_trees_small,42,entry_movement,val_eval,2024,3,0.33054604584807074,1.4264612399527028,273,2450
nearest_k80_tabular,extra_trees_small,42,entry_movement,val_eval,2025,3,0.4967782149697044,1.6335516984223333,269,2418
nearest_k80_tabular,extra_trees_small,43,entry_movement,val_select,2021,3,0.27975504475811136,1.4763009384314296,269,2417
nearest_k80_tabular,extra_trees_small,43,entry_movement,val_select,2022,3,0.28740989110723447,1.6394418536942184,252,2267
nearest_k80_tabular,extra_trees_small,43,entry_movement,val_select,2023,3,0.21780064792347317,1.2535623403423872,145,1298
nearest_k80_tabular,extra_trees_small,43,entry_movement,val_eval,2023,3,0.2841606568568954,1.5715806724177876,124,1112
nearest_k80_tabular,extra_trees_small,43,entry_movement,val_eval,2024,3,0.32809337629229485,1.3959871323527755,273,2450
nearest_k80_tabular,extra_trees_small,43,entry_movement,val_eval,2025,3,0.503060852532738,1.6457240668510158,269,2418
nearest_k80_tabular,extra_trees_small,44,entry_movement,val_select,2021,3,0.28643301416796696,1.480290526341349,269,2417
nearest_k80_tabular,extra_trees_small,44,entry_movement,val_select,2022,3,0.2918190523463211,1.611595078849923,252,2267
nearest_k80_tabular,extra_trees_small,44,entry_movement,val_select,2023,3,0.20879520706986998,1.3349596088921236,145,1298
nearest_k80_tabular,extra_trees_small,44,entry_movement,val_eval,2023,3,0.29085083999346617,1.6750712015136426,124,1112
nearest_k80_tabular,extra_trees_small,44,entry_movement,val_eval,2024,3,0.3334953759315352,1.3871264131269536,273,2450
nearest_k80_tabular,extra_trees_small,44,entry_movement,val_eval,2025,3,0.49491681787961306,1.5916484965945707,269,2418
nearest_k80_tabular,extra_trees_small,42,entry_movement,val_select,2021,6,0.2502500025073975,1.3688140555522124,269,2417
nearest_k80_tabular,extra_trees_small,42,entry_movement,val_select,2022,6,0.2828438765357046,1.6586190274583499,252,2267
nearest_k80_tabular,extra_trees_small,42,entry_movement,val_select,2023,6,0.2112910672493777,1.2349113563673653,145,1298
nearest_k80_tabular,extra_trees_small,42,entry_movement,val_eval,2023,6,0.27561711280077644,1.5294253208769704,124,1112
nearest_k80_tabular,extra_trees_small,42,entry_movement,val_eval,2024,6,0.33563699191181273,1.3708164805709964,273,2450
nearest_k80_tabular,extra_trees_small,42,entry_movement,val_eval,2025,6,0.49874867656936805,1.483646868192406,269,2418
nearest_k80_tabular,extra_trees_small,43,entry_movement,val_select,2021,6,0.2521080342413477,1.406859992226137,269,2417
nearest_k80_tabular,extra_trees_small,43,entry_movement,val_select,2022,6,0.2815007055454489,1.6311238779904895,252,2267
nearest_k80_tabular,extra_trees_small,43,entry_movement,val_select,2023,6,0.20886342795641763,1.1659762209082116,145,1298
nearest_k80_tabular,extra_trees_small,43,entry_movement,val_eval,2023,6,0.27496268694480963,1.4208997060433954,124,1112
nearest_k80_tabular,extra_trees_small,43,entry_movement,val_eval,2024,6,0.33827927073188857,1.3660720674099656,273,2450
nearest_k80_tabular,extra_trees_small,43,entry_movement,val_eval,2025,6,0.49440414562875107,1.636929241824964,269,2418
nearest_k80_tabular,extra_trees_small,44,entry_movement,val_select,2021,6,0.25497588668741045,1.3647783524683537,269,2417
nearest_k80_tabular,extra_trees_small,44,entry_movement,val_select,2022,6,0.28391821400302675,1.5840451854353281,252,2267
nearest_k80_tabular,extra_trees_small,44,entry_movement,val_select,2023,6,0.22202392098746349,1.3158905063829118,145,1298
nearest_k80_tabular,extra_trees_small,44,entry_movement,val_eval,2023,6,0.27174189147594624,1.5771645584758496,124,1112
nearest_k80_tabular,extra_trees_small,44,entry_movement,val_eval,2024,6,0.3404888272368435,1.4191775108291715,273,2450
nearest_k80_tabular,extra_trees_small,44,entry_movement,val_eval,2025,6,0.49019704324385444,1.5637773364985288,269,2418
nearest_k80_tabular,extra_trees_small,42,entry_movement,val_select,2021,12,0.22755575764343916,1.3141177173649679,269,2417
nearest_k80_tabular,extra_trees_small,42,entry_movement,val_select,2022,12,0.2646284763702735,1.505805590454221,252,2267
nearest_k80_tabular,extra_trees_small,42,entry_movement,val_select,2023,12,0.1881277517502951,1.2231508758727567,145,1298
nearest_k80_tabular,extra_trees_small,42,entry_movement,val_eval,2023,12,0.2548626220391691,1.399030850465444,124,1112
nearest_k80_tabular,extra_trees_small,42,entry_movement,val_eval,2024,12,0.3471801157218043,1.2967868582410385,273,2450
nearest_k80_tabular,extra_trees_small,42,entry_movement,val_eval,2025,12,0.5235042533338305,1.5925760256653734,269,2418
nearest_k80_tabular,extra_trees_small,43,entry_movement,val_select,2021,12,0.23537216554034002,1.3836727957844606,269,2417
nearest_k80_tabular,extra_trees_small,43,entry_movement,val_select,2022,12,0.27415764582793634,1.5754480913791942,252,2267
nearest_k80_tabular,extra_trees_small,43,entry_movement,val_select,2023,12,0.20963053932838635,1.2458333996969422,145,1298
nearest_k80_tabular,extra_trees_small,43,entry_movement,val_eval,2023,12,0.2644708025014078,1.5359590512282635,124,1112
nearest_k80_tabular,extra_trees_small,43,entry_movement,val_eval,2024,12,0.35665712284262124,1.3035038380198625,273,2450
nearest_k80_tabular,extra_trees_small,43,entry_movement,val_eval,2025,12,0.4971368700885457,1.4628563969032258,269,2418
nearest_k80_tabular,extra_trees_small,44,entry_movement,val_select,2021,12,0.23965957496070323,1.3873923829168116,269,2417
nearest_k80_tabular,extra_trees_small,44,entry_movement,val_select,2022,12,0.2670670714933635,1.552477225954363,252,2267
nearest_k80_tabular,extra_trees_small,44,entry_movement,val_select,2023,12,0.21811187247541686,1.3454071479098209,145,1298
nearest_k80_tabular,extra_trees_small,44,entry_movement,val_eval,2023,12,0.2605056631536644,1.3611213177584522,124,1112
nearest_k80_tabular,extra_trees_small,44,entry_movement,val_eval,2024,12,0.3462611108024297,1.3608409806378838,273,2450
nearest_k80_tabular,extra_trees_small,44,entry_movement,val_eval,2025,12,0.4983905853557757,1.464377945106595,269,2418
nearest_k80_tabular,extra_trees_small,42,entry_movement,val_select,2021,24,0.1777899398910365,1.2296177559239971,269,2417
nearest_k80_tabular,extra_trees_small,42,entry_movement,val_select,2022,24,0.23374743968596037,1.4323292929396643,252,2267
nearest_k80_tabular,extra_trees_small,42,entry_movement,val_select,2023,24,0.25192395925937866,1.2993743136469857,145,1298
nearest_k80_tabular,extra_trees_small,42,entry_movement,val_eval,2023,24,0.29440918505862146,1.2182582029910485,124,1112
nearest_k80_tabular,extra_trees_small,42,entry_movement,val_eval,2024,24,0.33137988056835865,1.1904263448662729,273,2450
nearest_k80_tabular,extra_trees_small,42,entry_movement,val_eval,2025,24,0.5228765639805262,1.6774293340018518,269,2418
nearest_k80_tabular,extra_trees_small,43,entry_movement,val_select,2021,24,0.1790438850275527,1.2117145711425021,269,2417
nearest_k80_tabular,extra_trees_small,43,entry_movement,val_select,2022,24,0.24140580368338102,1.4339963877606006,252,2267
nearest_k80_tabular,extra_trees_small,43,entry_movement,val_select,2023,24,0.23347460150301344,1.2601860359189023,145,1298
nearest_k80_tabular,extra_trees_small,43,entry_movement,val_eval,2023,24,0.2851930311393586,1.158920933657562,124,1112
nearest_k80_tabular,extra_trees_small,43,entry_movement,val_eval,2024,24,0.3416110703470624,1.1412576407386794,273,2450
nearest_k80_tabular,extra_trees_small,43,entry_movement,val_eval,2025,24,0.485066620888359,1.6051747801726437,269,2418
nearest_k80_tabular,extra_trees_small,44,entry_movement,val_select,2021,24,0.17112159844915767,1.2003245635187814,269,2417
nearest_k80_tabular,extra_trees_small,44,entry_movement,val_select,2022,24,0.24172435890209476,1.4862765064336114,252,2267
nearest_k80_tabular,extra_trees_small,44,entry_movement,val_select,2023,24,0.244120953495092,1.2287095493347917,145,1298
nearest_k80_tabular,extra_trees_small,44,entry_movement,val_eval,2023,24,0.29222726876472294,1.219701024461635,124,1112
nearest_k80_tabular,extra_trees_small,44,entry_movement,val_eval,2024,24,0.33118352664391765,1.1321235290848322,273,2450
nearest_k80_tabular,extra_trees_small,44,entry_movement,val_eval,2025,24,0.522453699736004,1.821051717319613,269,2418
nearest_k60_no_price_coord_tabular,hist_gradient_boosting,42,entry_movement,val_select,2021,3,0.27990818060109524,1.415471169842225,269,2417
nearest_k60_no_price_coord_tabular,hist_gradient_boosting,42,entry_movement,val_select,2022,3,0.29669635575184183,1.504300360302224,252,2267
nearest_k60_no_price_coord_tabular,hist_gradient_boosting,42,entry_movement,val_select,2023,3,0.1771325287369456,1.2698522061534663,145,1298
nearest_k60_no_price_coord_tabular,hist_gradient_boosting,42,entry_movement,val_eval,2023,3,0.3082176292397802,1.7639686110996764,124,1112
nearest_k60_no_price_coord_tabular,hist_gradient_boosting,42,entry_movement,val_eval,2024,3,0.3029893947370121,1.3496212321488634,273,2450
nearest_k60_no_price_coord_tabular,hist_gradient_boosting,42,entry_movement,val_eval,2025,3,0.5086961818372849,1.8383248405507404,269,2418
nearest_k60_no_price_coord_tabular,hist_gradient_boosting,43,entry_movement,val_select,2021,3,0.2772643613966896,1.3704292571288363,269,2417
nearest_k60_no_price_coord_tabular,hist_gradient_boosting,43,entry_movement,val_select,2022,3,0.28871156101835854,1.4826927600156952,252,2267
nearest_k60_no_price_coord_tabular,hist_gradient_boosting,43,entry_movement,val_select,2023,3,0.18742174989538032,1.2721871065743464,145,1298
nearest_k60_no_price_coord_tabular,hist_gradient_boosting,43,entry_movement,val_eval,2023,3,0.27879207462173755,1.7516332674508868,124,1112
nearest_k60_no_price_coord_tabular,hist_gradient_boosting,43,entry_movement,val_eval,2024,3,0.304694100171462,1.344421361683614,273,2450
nearest_k60_no_price_coord_tabular,hist_gradient_boosting,43,entry_movement,val_eval,2025,3,0.49389048263703017,1.6634466809904427,269,2418
nearest_k60_no_price_coord_tabular,hist_gradient_boosting,44,entry_movement,val_select,2021,3,0.28109976966291184,1.3670470880128711,269,2417
nearest_k60_no_price_coord_tabular,hist_gradient_boosting,44,entry_movement,val_select,2022,3,0.2724381297653795,1.5076375754709261,252,2267
nearest_k60_no_price_coord_tabular,hist_gradient_boosting,44,entry_movement,val_select,2023,3,0.19476936243685464,1.3226405114543214,145,1298
nearest_k60_no_price_coord_tabular,hist_gradient_boosting,44,entry_movement,val_eval,2023,3,0.28449448410459505,1.7369141688611116,124,1112
nearest_k60_no_price_coord_tabular,hist_gradient_boosting,44,entry_movement,val_eval,2024,3,0.29346368049503896,1.2744965006879496,273,2450
nearest_k60_no_price_coord_tabular,hist_gradient_boosting,44,entry_movement,val_eval,2025,3,0.5168139626895059,1.80792101164625,269,2418
nearest_k60_no_price_coord_tabular,hist_gradient_boosting,42,entry_movement,val_select,2021,6,0.24651692311614443,1.3907622115088485,269,2417
nearest_k60_no_price_coord_tabular,hist_gradient_boosting,42,entry_movement,val_select,2022,6,0.29286884767865323,1.5602680933417152,252,2267
nearest_k60_no_price_coord_tabular,hist_gradient_boosting,42,entry_movement,val_select,2023,6,0.21557207566848324,1.139380779954066,145,1298
nearest_k60_no_price_coord_tabular,hist_gradient_boosting,42,entry_movement,val_eval,2023,6,0.28223309570468536,1.6540125006277313,124,1112
nearest_k60_no_price_coord_tabular,hist_gradient_boosting,42,entry_movement,val_eval,2024,6,0.31982269963806614,1.3214651332310163,273,2450
nearest_k60_no_price_coord_tabular,hist_gradient_boosting,42,entry_movement,val_eval,2025,6,0.5385217176593982,1.7786542976334083,269,2418
nearest_k60_no_price_coord_tabular,hist_gradient_boosting,43,entry_movement,val_select,2021,6,0.25656753502589025,1.3701815404422224,269,2417
nearest_k60_no_price_coord_tabular,hist_gradient_boosting,43,entry_movement,val_select,2022,6,0.27463108598400365,1.5002957772720837,252,2267
nearest_k60_no_price_coord_tabular,hist_gradient_boosting,43,entry_movement,val_select,2023,6,0.22165863609612277,1.1995656170747275,145,1298
nearest_k60_no_price_coord_tabular,hist_gradient_boosting,43,entry_movement,val_eval,2023,6,0.30503983249539285,1.5114641683812995,124,1112
nearest_k60_no_price_coord_tabular,hist_gradient_boosting,43,entry_movement,val_eval,2024,6,0.31581315163157675,1.3286951694495734,273,2450
nearest_k60_no_price_coord_tabular,hist_gradient_boosting,43,entry_movement,val_eval,2025,6,0.5307827882090481,1.7605327641158008,269,2418
nearest_k60_no_price_coord_tabular,hist_gradient_boosting,44,entry_movement,val_select,2021,6,0.2598233140332882,1.4055228620924594,269,2417
nearest_k60_no_price_coord_tabular,hist_gradient_boosting,44,entry_movement,val_select,2022,6,0.28421166916317303,1.5473110042214755,252,2267
nearest_k60_no_price_coord_tabular,hist_gradient_boosting,44,entry_movement,val_select,2023,6,0.20482231977032853,1.2946517927470331,145,1298
nearest_k60_no_price_coord_tabular,hist_gradient_boosting,44,entry_movement,val_eval,2023,6,0.2891689656250213,1.4813065401746068,124,1112
nearest_k60_no_price_coord_tabular,hist_gradient_boosting,44,entry_movement,val_eval,2024,6,0.3126025888120739,1.3374990605652022,273,2450
nearest_k60_no_price_coord_tabular,hist_gradient_boosting,44,entry_movement,val_eval,2025,6,0.5211218563365348,1.6539212060490682,269,2418
nearest_k60_no_price_coord_tabular,hist_gradient_boosting,42,entry_movement,val_select,2021,12,0.24040176884249873,1.2962502471054969,269,2417
nearest_k60_no_price_coord_tabular,hist_gradient_boosting,42,entry_movement,val_select,2022,12,0.26533510063612836,1.509572810563698,252,2267
nearest_k60_no_price_coord_tabular,hist_gradient_boosting,42,entry_movement,val_select,2023,12,0.19451063921557657,1.2226044792626034,145,1298
nearest_k60_no_price_coord_tabular,hist_gradient_boosting,42,entry_movement,val_eval,2023,12,0.29042568776847294,1.5182403621186404,124,1112
nearest_k60_no_price_coord_tabular,hist_gradient_boosting,42,entry_movement,val_eval,2024,12,0.3353115297972501,1.2944149140096288,273,2450
nearest_k60_no_price_coord_tabular,hist_gradient_boosting,42,entry_movement,val_eval,2025,12,0.5230033333841366,1.7214923416950396,269,2418
nearest_k60_no_price_coord_tabular,hist_gradient_boosting,43,entry_movement,val_select,2021,12,0.2442090537174293,1.3676630159017347,269,2417
nearest_k60_no_price_coord_tabular,hist_gradient_boosting,43,entry_movement,val_select,2022,12,0.2703072276475306,1.4647443761344288,252,2267
nearest_k60_no_price_coord_tabular,hist_gradient_boosting,43,entry_movement,val_select,2023,12,0.18871310959977047,1.1641354677145963,145,1298
nearest_k60_no_price_coord_tabular,hist_gradient_boosting,43,entry_movement,val_eval,2023,12,0.2890725409773775,1.6967685544755644,124,1112
nearest_k60_no_price_coord_tabular,hist_gradient_boosting,43,entry_movement,val_eval,2024,12,0.3429733692204742,1.3203050535886642,273,2450
nearest_k60_no_price_coord_tabular,hist_gradient_boosting,43,entry_movement,val_eval,2025,12,0.523546363471121,1.6788944613228365,269,2418
nearest_k60_no_price_coord_tabular,hist_gradient_boosting,44,entry_movement,val_select,2021,12,0.24942735603353317,1.3468824376753772,269,2417
nearest_k60_no_price_coord_tabular,hist_gradient_boosting,44,entry_movement,val_select,2022,12,0.27255556475287246,1.4699930375650545,252,2267
nearest_k60_no_price_coord_tabular,hist_gradient_boosting,44,entry_movement,val_select,2023,12,0.1979090691805794,1.22383674243188,145,1298
nearest_k60_no_price_coord_tabular,hist_gradient_boosting,44,entry_movement,val_eval,2023,12,0.2894625125938079,1.4739134022201288,124,1112
nearest_k60_no_price_coord_tabular,hist_gradient_boosting,44,entry_movement,val_eval,2024,12,0.3279513768128084,1.3083402851208386,273,2450
nearest_k60_no_price_coord_tabular,hist_gradient_boosting,44,entry_movement,val_eval,2025,12,0.5189306021647583,1.6342754240666568,269,2418
nearest_k60_no_price_coord_tabular,hist_gradient_boosting,42,entry_movement,val_select,2021,24,0.1702136573821865,1.2932981881141494,269,2417
nearest_k60_no_price_coord_tabular,hist_gradient_boosting,42,entry_movement,val_select,2022,24,0.2606184229041331,1.4451093925763083,252,2267
nearest_k60_no_price_coord_tabular,hist_gradient_boosting,42,entry_movement,val_select,2023,24,0.19826841612193677,1.2310688467294941,145,1298
nearest_k60_no_price_coord_tabular,hist_gradient_boosting,42,entry_movement,val_eval,2023,24,0.3137781328334154,1.3581222235451689,124,1112
nearest_k60_no_price_coord_tabular,hist_gradient_boosting,42,entry_movement,val_eval,2024,24,0.3011268424537514,1.1457631438174543,273,2450
nearest_k60_no_price_coord_tabular,hist_gradient_boosting,42,entry_movement,val_eval,2025,24,0.45866796937241616,1.7227144496889268,269,2418
nearest_k60_no_price_coord_tabular,hist_gradient_boosting,43,entry_movement,val_select,2021,24,0.1635414902137433,1.2969372711870537,269,2417
nearest_k60_no_price_coord_tabular,hist_gradient_boosting,43,entry_movement,val_select,2022,24,0.24814830685102313,1.4933034067640671,252,2267
nearest_k60_no_price_coord_tabular,hist_gradient_boosting,43,entry_movement,val_select,2023,24,0.1721774978186768,1.2881386635917098,145,1298
nearest_k60_no_price_coord_tabular,hist_gradient_boosting,43,entry_movement,val_eval,2023,24,0.3216844574275764,1.4505122955448375,124,1112
nearest_k60_no_price_coord_tabular,hist_gradient_boosting,43,entry_movement,val_eval,2024,24,0.315771371538346,1.1446934913585856,273,2450
nearest_k60_no_price_coord_tabular,hist_gradient_boosting,43,entry_movement,val_eval,2025,24,0.46389697963586624,1.4093217266355962,269,2418
nearest_k60_no_price_coord_tabular,hist_gradient_boosting,44,entry_movement,val_select,2021,24,0.1620286029225155,1.2747037881755845,269,2417
nearest_k60_no_price_coord_tabular,hist_gradient_boosting,44,entry_movement,val_select,2022,24,0.2577387706035165,1.4449227142303365,252,2267
nearest_k60_no_price_coord_tabular,hist_gradient_boosting,44,entry_movement,val_select,2023,24,0.18159473966655704,1.205754946175404,145,1298
nearest_k60_no_price_coord_tabular,hist_gradient_boosting,44,entry_movement,val_eval,2023,24,0.3014757804225379,1.266544872242978,124,1112
nearest_k60_no_price_coord_tabular,hist_gradient_boosting,44,entry_movement,val_eval,2024,24,0.32419213177045186,1.155723805457417,273,2450
nearest_k60_no_price_coord_tabular,hist_gradient_boosting,44,entry_movement,val_eval,2025,24,0.4520795013495175,1.482121326193746,269,2418
nearest_k60_no_price_coord_tabular,extra_trees_small,42,entry_movement,val_select,2021,3,0.2830572512572856,1.4680749558206965,269,2417
nearest_k60_no_price_coord_tabular,extra_trees_small,42,entry_movement,val_select,2022,3,0.2905886490646911,1.595638715312179,252,2267
nearest_k60_no_price_coord_tabular,extra_trees_small,42,entry_movement,val_select,2023,3,0.18976689309442327,1.2548306146854578,145,1298
nearest_k60_no_price_coord_tabular,extra_trees_small,42,entry_movement,val_eval,2023,3,0.26361107105049403,1.4314673992032814,124,1112
nearest_k60_no_price_coord_tabular,extra_trees_small,42,entry_movement,val_eval,2024,3,0.3115508302542499,1.3731709441291293,273,2450
nearest_k60_no_price_coord_tabular,extra_trees_small,42,entry_movement,val_eval,2025,3,0.507005168768353,1.6032918735208508,269,2418
nearest_k60_no_price_coord_tabular,extra_trees_small,43,entry_movement,val_select,2021,3,0.275227449038737,1.4399096415728234,269,2417
nearest_k60_no_price_coord_tabular,extra_trees_small,43,entry_movement,val_select,2022,3,0.2877356086040995,1.6175659445579285,252,2267
nearest_k60_no_price_coord_tabular,extra_trees_small,43,entry_movement,val_select,2023,3,0.18851014182873388,1.2531560666854877,145,1298
nearest_k60_no_price_coord_tabular,extra_trees_small,43,entry_movement,val_eval,2023,3,0.2623400731447845,1.4403436685074387,124,1112
nearest_k60_no_price_coord_tabular,extra_trees_small,43,entry_movement,val_eval,2024,3,0.3099191884888764,1.341312173062158,273,2450
nearest_k60_no_price_coord_tabular,extra_trees_small,43,entry_movement,val_eval,2025,3,0.5031851190937857,1.6243419391228069,269,2418
nearest_k60_no_price_coord_tabular,extra_trees_small,44,entry_movement,val_select,2021,3,0.28393553616531425,1.453425338053984,269,2417
nearest_k60_no_price_coord_tabular,extra_trees_small,44,entry_movement,val_select,2022,3,0.2907123292542323,1.6021642312529019,252,2267
nearest_k60_no_price_coord_tabular,extra_trees_small,44,entry_movement,val_select,2023,3,0.191790022878028,1.281710699774466,145,1298
nearest_k60_no_price_coord_tabular,extra_trees_small,44,entry_movement,val_eval,2023,3,0.2737550031768936,1.3422164041866318,124,1112
nearest_k60_no_price_coord_tabular,extra_trees_small,44,entry_movement,val_eval,2024,3,0.30755542559717663,1.3613568857855136,273,2450
nearest_k60_no_price_coord_tabular,extra_trees_small,44,entry_movement,val_eval,2025,3,0.522195213061532,1.7112570228054305,269,2418
nearest_k60_no_price_coord_tabular,extra_trees_small,42,entry_movement,val_select,2021,6,0.24813423875467028,1.3793156491388825,269,2417
nearest_k60_no_price_coord_tabular,extra_trees_small,42,entry_movement,val_select,2022,6,0.2795596880466279,1.5413192295645881,252,2267
nearest_k60_no_price_coord_tabular,extra_trees_small,42,entry_movement,val_select,2023,6,0.18022069873822577,1.2197952975739406,145,1298
nearest_k60_no_price_coord_tabular,extra_trees_small,42,entry_movement,val_eval,2023,6,0.2515555082111391,1.3077062311956305,124,1112
nearest_k60_no_price_coord_tabular,extra_trees_small,42,entry_movement,val_eval,2024,6,0.3276154249576822,1.3511590454896951,273,2450
nearest_k60_no_price_coord_tabular,extra_trees_small,42,entry_movement,val_eval,2025,6,0.5234053198385905,1.5123658881595357,269,2418
nearest_k60_no_price_coord_tabular,extra_trees_small,43,entry_movement,val_select,2021,6,0.2502238585046439,1.3905824624027623,269,2417
nearest_k60_no_price_coord_tabular,extra_trees_small,43,entry_movement,val_select,2022,6,0.2796674280779188,1.5125955830608944,252,2267
nearest_k60_no_price_coord_tabular,extra_trees_small,43,entry_movement,val_select,2023,6,0.199157692950315,1.2325055835071799,145,1298
nearest_k60_no_price_coord_tabular,extra_trees_small,43,entry_movement,val_eval,2023,6,0.24917502109094966,1.3473173052084746,124,1112
nearest_k60_no_price_coord_tabular,extra_trees_small,43,entry_movement,val_eval,2024,6,0.33581624210286315,1.4023128687247015,273,2450
nearest_k60_no_price_coord_tabular,extra_trees_small,43,entry_movement,val_eval,2025,6,0.5261747030224966,1.5393255257036327,269,2418
nearest_k60_no_price_coord_tabular,extra_trees_small,44,entry_movement,val_select,2021,6,0.24418916101505528,1.3734052609574,269,2417
nearest_k60_no_price_coord_tabular,extra_trees_small,44,entry_movement,val_select,2022,6,0.2780135628473028,1.5281343422286995,252,2267
nearest_k60_no_price_coord_tabular,extra_trees_small,44,entry_movement,val_select,2023,6,0.18756267020847484,1.1864230960798559,145,1298
nearest_k60_no_price_coord_tabular,extra_trees_small,44,entry_movement,val_eval,2023,6,0.2653617295220435,1.2863731127431366,124,1112
nearest_k60_no_price_coord_tabular,extra_trees_small,44,entry_movement,val_eval,2024,6,0.33581188233624487,1.4107365844797195,273,2450
nearest_k60_no_price_coord_tabular,extra_trees_small,44,entry_movement,val_eval,2025,6,0.5245547374052065,1.648408565833486,269,2418
nearest_k60_no_price_coord_tabular,extra_trees_small,42,entry_movement,val_select,2021,12,0.227067248122932,1.4237658025575803,269,2417
nearest_k60_no_price_coord_tabular,extra_trees_small,42,entry_movement,val_select,2022,12,0.2716166063088557,1.49337479239161,252,2267
nearest_k60_no_price_coord_tabular,extra_trees_small,42,entry_movement,val_select,2023,12,0.1790719102765735,1.2532092025965478,145,1298
nearest_k60_no_price_coord_tabular,extra_trees_small,42,entry_movement,val_eval,2023,12,0.25225609174160774,1.226998361355811,124,1112
nearest_k60_no_price_coord_tabular,extra_trees_small,42,entry_movement,val_eval,2024,12,0.35650651160887814,1.3902106085615906,273,2450
nearest_k60_no_price_coord_tabular,extra_trees_small,42,entry_movement,val_eval,2025,12,0.5199006934070515,1.4710203410740765,269,2418
nearest_k60_no_price_coord_tabular,extra_trees_small,43,entry_movement,val_select,2021,12,0.23082143235241653,1.3694756128557593,269,2417
nearest_k60_no_price_coord_tabular,extra_trees_small,43,entry_movement,val_select,2022,12,0.27275523135735935,1.4991347502262273,252,2267
nearest_k60_no_price_coord_tabular,extra_trees_small,43,entry_movement,val_select,2023,12,0.19122436577807722,1.290101957224235,145,1298
nearest_k60_no_price_coord_tabular,extra_trees_small,43,entry_movement,val_eval,2023,12,0.24775059865205554,1.170417554676515,124,1112
nearest_k60_no_price_coord_tabular,extra_trees_small,43,entry_movement,val_eval,2024,12,0.3591118635576836,1.3168429590859232,273,2450
nearest_k60_no_price_coord_tabular,extra_trees_small,43,entry_movement,val_eval,2025,12,0.5311993333159385,1.5762613312903933,269,2418
nearest_k60_no_price_coord_tabular,extra_trees_small,44,entry_movement,val_select,2021,12,0.22931703318587485,1.3616301690809105,269,2417
nearest_k60_no_price_coord_tabular,extra_trees_small,44,entry_movement,val_select,2022,12,0.27392496454592835,1.5080882237945825,252,2267
nearest_k60_no_price_coord_tabular,extra_trees_small,44,entry_movement,val_select,2023,12,0.18652541119501437,1.3007395046062094,145,1298
nearest_k60_no_price_coord_tabular,extra_trees_small,44,entry_movement,val_eval,2023,12,0.2518294317927676,1.284462447461461,124,1112
nearest_k60_no_price_coord_tabular,extra_trees_small,44,entry_movement,val_eval,2024,12,0.35128530712486034,1.3105928373696905,273,2450
nearest_k60_no_price_coord_tabular,extra_trees_small,44,entry_movement,val_eval,2025,12,0.5250248449396782,1.570207951879425,269,2418
nearest_k60_no_price_coord_tabular,extra_trees_small,42,entry_movement,val_select,2021,24,0.19154579919897732,1.3405048907624248,269,2417
nearest_k60_no_price_coord_tabular,extra_trees_small,42,entry_movement,val_select,2022,24,0.28059044619430545,1.501804980037469,252,2267
nearest_k60_no_price_coord_tabular,extra_trees_small,42,entry_movement,val_select,2023,24,0.20721776043803633,1.4106216961411753,145,1298
nearest_k60_no_price_coord_tabular,extra_trees_small,42,entry_movement,val_eval,2023,24,0.3071674315504485,1.1423534050287063,124,1112
nearest_k60_no_price_coord_tabular,extra_trees_small,42,entry_movement,val_eval,2024,24,0.33499135044581757,1.2031195374394754,273,2450
nearest_k60_no_price_coord_tabular,extra_trees_small,42,entry_movement,val_eval,2025,24,0.5101090173278334,1.422742536806995,269,2418
nearest_k60_no_price_coord_tabular,extra_trees_small,43,entry_movement,val_select,2021,24,0.18742568544807592,1.3530734537949856,269,2417
nearest_k60_no_price_coord_tabular,extra_trees_small,43,entry_movement,val_select,2022,24,0.27872718104146804,1.4969728508634088,252,2267
nearest_k60_no_price_coord_tabular,extra_trees_small,43,entry_movement,val_select,2023,24,0.22027935638967405,1.416968298282006,145,1298
nearest_k60_no_price_coord_tabular,extra_trees_small,43,entry_movement,val_eval,2023,24,0.30598636997572093,1.044188719302284,124,1112
nearest_k60_no_price_coord_tabular,extra_trees_small,43,entry_movement,val_eval,2024,24,0.33171220601105844,1.1935728174212472,273,2450
nearest_k60_no_price_coord_tabular,extra_trees_small,43,entry_movement,val_eval,2025,24,0.494358806004634,1.4372359012046125,269,2418
nearest_k60_no_price_coord_tabular,extra_trees_small,44,entry_movement,val_select,2021,24,0.19213129061255527,1.3455711391747618,269,2417
nearest_k60_no_price_coord_tabular,extra_trees_small,44,entry_movement,val_select,2022,24,0.26746576863499194,1.5168093990217026,252,2267
nearest_k60_no_price_coord_tabular,extra_trees_small,44,entry_movement,val_select,2023,24,0.20039698776642853,1.3790444946227387,145,1298
nearest_k60_no_price_coord_tabular,extra_trees_small,44,entry_movement,val_eval,2023,24,0.30618061537119745,1.1592839881391217,124,1112
nearest_k60_no_price_coord_tabular,extra_trees_small,44,entry_movement,val_eval,2024,24,0.34184013422912785,1.199725111908805,273,2450
nearest_k60_no_price_coord_tabular,extra_trees_small,44,entry_movement,val_eval,2025,24,0.4872632863933428,1.4053898088650667,269,2418
nearest_k80_no_price_coord_tabular,hist_gradient_boosting,42,entry_movement,val_select,2021,3,0.2722150789322079,1.424144446656025,269,2417
nearest_k80_no_price_coord_tabular,hist_gradient_boosting,42,entry_movement,val_select,2022,3,0.28915349326975354,1.5582392037437964,252,2267
nearest_k80_no_price_coord_tabular,hist_gradient_boosting,42,entry_movement,val_select,2023,3,0.18756830125166984,1.1284031894971838,145,1298
nearest_k80_no_price_coord_tabular,hist_gradient_boosting,42,entry_movement,val_eval,2023,3,0.30183474053997505,1.4254560555428222,124,1112
nearest_k80_no_price_coord_tabular,hist_gradient_boosting,42,entry_movement,val_eval,2024,3,0.303278200518712,1.3498013413027898,273,2450
nearest_k80_no_price_coord_tabular,hist_gradient_boosting,42,entry_movement,val_eval,2025,3,0.5231806307306227,1.82076772810785,269,2418
nearest_k80_no_price_coord_tabular,hist_gradient_boosting,43,entry_movement,val_select,2021,3,0.2688249383984382,1.3940551490149085,269,2417
nearest_k80_no_price_coord_tabular,hist_gradient_boosting,43,entry_movement,val_select,2022,3,0.2733905783500782,1.452109700895467,252,2267
nearest_k80_no_price_coord_tabular,hist_gradient_boosting,43,entry_movement,val_select,2023,3,0.18387894742150723,1.2059784772863338,145,1298
nearest_k80_no_price_coord_tabular,hist_gradient_boosting,43,entry_movement,val_eval,2023,3,0.2955669724638019,1.6379126870528262,124,1112
nearest_k80_no_price_coord_tabular,hist_gradient_boosting,43,entry_movement,val_eval,2024,3,0.30163292868586217,1.3119217019223586,273,2450
nearest_k80_no_price_coord_tabular,hist_gradient_boosting,43,entry_movement,val_eval,2025,3,0.5051583546572534,1.6067066129483518,269,2418
nearest_k80_no_price_coord_tabular,hist_gradient_boosting,44,entry_movement,val_select,2021,3,0.28590744089800907,1.4615530942845911,269,2417
nearest_k80_no_price_coord_tabular,hist_gradient_boosting,44,entry_movement,val_select,2022,3,0.2766848287346194,1.4947313310504344,252,2267
nearest_k80_no_price_coord_tabular,hist_gradient_boosting,44,entry_movement,val_select,2023,3,0.2107481150102711,1.261978243219114,145,1298
nearest_k80_no_price_coord_tabular,hist_gradient_boosting,44,entry_movement,val_eval,2023,3,0.2966085139850379,1.6696065123068626,124,1112
nearest_k80_no_price_coord_tabular,hist_gradient_boosting,44,entry_movement,val_eval,2024,3,0.2844598554875752,1.2224720841127485,273,2450
nearest_k80_no_price_coord_tabular,hist_gradient_boosting,44,entry_movement,val_eval,2025,3,0.5219609594378464,1.7072694305729346,269,2418
nearest_k80_no_price_coord_tabular,hist_gradient_boosting,42,entry_movement,val_select,2021,6,0.24006517532507013,1.3201441406492793,269,2417
nearest_k80_no_price_coord_tabular,hist_gradient_boosting,42,entry_movement,val_select,2022,6,0.2845892084549874,1.5142314363922866,252,2267
nearest_k80_no_price_coord_tabular,hist_gradient_boosting,42,entry_movement,val_select,2023,6,0.18614447899059744,1.0871113525718543,145,1298
nearest_k80_no_price_coord_tabular,hist_gradient_boosting,42,entry_movement,val_eval,2023,6,0.2684415421047955,1.3760302219619216,124,1112
nearest_k80_no_price_coord_tabular,hist_gradient_boosting,42,entry_movement,val_eval,2024,6,0.31338202570036294,1.352003998580965,273,2450
nearest_k80_no_price_coord_tabular,hist_gradient_boosting,42,entry_movement,val_eval,2025,6,0.5365993685371245,1.7335438402013568,269,2418
nearest_k80_no_price_coord_tabular,hist_gradient_boosting,43,entry_movement,val_select,2021,6,0.24872831178831892,1.3458842919797018,269,2417
nearest_k80_no_price_coord_tabular,hist_gradient_boosting,43,entry_movement,val_select,2022,6,0.28472735298584806,1.4906083293516614,252,2267
nearest_k80_no_price_coord_tabular,hist_gradient_boosting,43,entry_movement,val_select,2023,6,0.21592810810941002,1.1673015414595374,145,1298
nearest_k80_no_price_coord_tabular,hist_gradient_boosting,43,entry_movement,val_eval,2023,6,0.2902130009660199,1.423970995227801,124,1112
nearest_k80_no_price_coord_tabular,hist_gradient_boosting,43,entry_movement,val_eval,2024,6,0.2960936433313638,1.3741261915428276,273,2450
nearest_k80_no_price_coord_tabular,hist_gradient_boosting,43,entry_movement,val_eval,2025,6,0.5454080203016151,1.880091152666723,269,2418
nearest_k80_no_price_coord_tabular,hist_gradient_boosting,44,entry_movement,val_select,2021,6,0.25969067706659954,1.3847440048321078,269,2417
nearest_k80_no_price_coord_tabular,hist_gradient_boosting,44,entry_movement,val_select,2022,6,0.27718967497825225,1.5574745682939173,252,2267
nearest_k80_no_price_coord_tabular,hist_gradient_boosting,44,entry_movement,val_select,2023,6,0.187600822674756,1.1712958637300703,145,1298
nearest_k80_no_price_coord_tabular,hist_gradient_boosting,44,entry_movement,val_eval,2023,6,0.28916936600014864,1.5480112122486214,124,1112
nearest_k80_no_price_coord_tabular,hist_gradient_boosting,44,entry_movement,val_eval,2024,6,0.3158867541068837,1.3206286265796474,273,2450
nearest_k80_no_price_coord_tabular,hist_gradient_boosting,44,entry_movement,val_eval,2025,6,0.5405751661242774,1.6681429806326444,269,2418
nearest_k80_no_price_coord_tabular,hist_gradient_boosting,42,entry_movement,val_select,2021,12,0.2256102624796411,1.3080387261609296,269,2417
nearest_k80_no_price_coord_tabular,hist_gradient_boosting,42,entry_movement,val_select,2022,12,0.24492224300955692,1.5216055421225738,252,2267
nearest_k80_no_price_coord_tabular,hist_gradient_boosting,42,entry_movement,val_select,2023,12,0.20668091269248462,1.1597614016554196,145,1298
nearest_k80_no_price_coord_tabular,hist_gradient_boosting,42,entry_movement,val_eval,2023,12,0.28761245910481814,1.4910408656322693,124,1112
nearest_k80_no_price_coord_tabular,hist_gradient_boosting,42,entry_movement,val_eval,2024,12,0.31182639074376695,1.2266086927710282,273,2450
nearest_k80_no_price_coord_tabular,hist_gradient_boosting,42,entry_movement,val_eval,2025,12,0.5174834057448576,1.6114441474402688,269,2418
nearest_k80_no_price_coord_tabular,hist_gradient_boosting,43,entry_movement,val_select,2021,12,0.23831774150143561,1.314022783859747,269,2417
nearest_k80_no_price_coord_tabular,hist_gradient_boosting,43,entry_movement,val_select,2022,12,0.23277816091851664,1.4566758670829276,252,2267
nearest_k80_no_price_coord_tabular,hist_gradient_boosting,43,entry_movement,val_select,2023,12,0.16848665765034482,1.0992185004125132,145,1298
nearest_k80_no_price_coord_tabular,hist_gradient_boosting,43,entry_movement,val_eval,2023,12,0.26980512270618623,1.4371949440643808,124,1112
nearest_k80_no_price_coord_tabular,hist_gradient_boosting,43,entry_movement,val_eval,2024,12,0.31982208853625516,1.2474629820010652,273,2450
nearest_k80_no_price_coord_tabular,hist_gradient_boosting,43,entry_movement,val_eval,2025,12,0.5261595175822227,1.5487267810294654,269,2418
nearest_k80_no_price_coord_tabular,hist_gradient_boosting,44,entry_movement,val_select,2021,12,0.23070679217515827,1.2842156927057682,269,2417
nearest_k80_no_price_coord_tabular,hist_gradient_boosting,44,entry_movement,val_select,2022,12,0.24552228440722793,1.4297680564070838,252,2267
nearest_k80_no_price_coord_tabular,hist_gradient_boosting,44,entry_movement,val_select,2023,12,0.19965769804130923,1.2239148144055727,145,1298
nearest_k80_no_price_coord_tabular,hist_gradient_boosting,44,entry_movement,val_eval,2023,12,0.27840675721175234,1.3736672468272073,124,1112
nearest_k80_no_price_coord_tabular,hist_gradient_boosting,44,entry_movement,val_eval,2024,12,0.30988859793708057,1.2315460170798187,273,2450
nearest_k80_no_price_coord_tabular,hist_gradient_boosting,44,entry_movement,val_eval,2025,12,0.5443347695605069,1.6765991557747375,269,2418
nearest_k80_no_price_coord_tabular,hist_gradient_boosting,42,entry_movement,val_select,2021,24,0.14095403665525466,1.2416385155093095,269,2417
nearest_k80_no_price_coord_tabular,hist_gradient_boosting,42,entry_movement,val_select,2022,24,0.20342483179629905,1.5229415452483455,252,2267
nearest_k80_no_price_coord_tabular,hist_gradient_boosting,42,entry_movement,val_select,2023,24,0.1706891357400776,1.052992432255939,145,1298
nearest_k80_no_price_coord_tabular,hist_gradient_boosting,42,entry_movement,val_eval,2023,24,0.276392894469796,1.144724370400913,124,1112
nearest_k80_no_price_coord_tabular,hist_gradient_boosting,42,entry_movement,val_eval,2024,24,0.29746098586637365,1.1428634765941996,273,2450
nearest_k80_no_price_coord_tabular,hist_gradient_boosting,42,entry_movement,val_eval,2025,24,0.5061185986260464,1.7460339970848275,269,2418
nearest_k80_no_price_coord_tabular,hist_gradient_boosting,43,entry_movement,val_select,2021,24,0.12027061755779467,1.2244730193389715,269,2417
nearest_k80_no_price_coord_tabular,hist_gradient_boosting,43,entry_movement,val_select,2022,24,0.23091914374290523,1.5264842876983646,252,2267
nearest_k80_no_price_coord_tabular,hist_gradient_boosting,43,entry_movement,val_select,2023,24,0.20919615048968668,1.1868710429951872,145,1298
nearest_k80_no_price_coord_tabular,hist_gradient_boosting,43,entry_movement,val_eval,2023,24,0.281908043314819,1.3171147227175772,124,1112
nearest_k80_no_price_coord_tabular,hist_gradient_boosting,43,entry_movement,val_eval,2024,24,0.2760022822915844,1.10791202641836,273,2450
nearest_k80_no_price_coord_tabular,hist_gradient_boosting,43,entry_movement,val_eval,2025,24,0.48951361331285437,1.7124654876271752,269,2418
nearest_k80_no_price_coord_tabular,hist_gradient_boosting,44,entry_movement,val_select,2021,24,0.12605773656507616,1.2146952138490128,269,2417
nearest_k80_no_price_coord_tabular,hist_gradient_boosting,44,entry_movement,val_select,2022,24,0.1927657551779781,1.4317591538595282,252,2267
nearest_k80_no_price_coord_tabular,hist_gradient_boosting,44,entry_movement,val_select,2023,24,0.1840404303347348,1.0855777701856268,145,1298
nearest_k80_no_price_coord_tabular,hist_gradient_boosting,44,entry_movement,val_eval,2023,24,0.28013233281335126,1.16225780515046,124,1112
nearest_k80_no_price_coord_tabular,hist_gradient_boosting,44,entry_movement,val_eval,2024,24,0.26385744493314217,1.0859690365268473,273,2450
nearest_k80_no_price_coord_tabular,hist_gradient_boosting,44,entry_movement,val_eval,2025,24,0.46375997193451446,1.653783156320059,269,2418
nearest_k80_no_price_coord_tabular,extra_trees_small,42,entry_movement,val_select,2021,3,0.2816157030757733,1.417587815654115,269,2417
nearest_k80_no_price_coord_tabular,extra_trees_small,42,entry_movement,val_select,2022,3,0.29259883544311327,1.625208907612296,252,2267
nearest_k80_no_price_coord_tabular,extra_trees_small,42,entry_movement,val_select,2023,3,0.18269188942191514,1.2139495441456023,145,1298
nearest_k80_no_price_coord_tabular,extra_trees_small,42,entry_movement,val_eval,2023,3,0.27306643065821556,1.47860655265293,124,1112
nearest_k80_no_price_coord_tabular,extra_trees_small,42,entry_movement,val_eval,2024,3,0.3166816373834149,1.3465140524137607,273,2450
nearest_k80_no_price_coord_tabular,extra_trees_small,42,entry_movement,val_eval,2025,3,0.5185736935196588,1.6608307352326381,269,2418
nearest_k80_no_price_coord_tabular,extra_trees_small,43,entry_movement,val_select,2021,3,0.2788532965091413,1.412454203237546,269,2417
nearest_k80_no_price_coord_tabular,extra_trees_small,43,entry_movement,val_select,2022,3,0.2886947947708776,1.6175584861029766,252,2267
nearest_k80_no_price_coord_tabular,extra_trees_small,43,entry_movement,val_select,2023,3,0.17383361275084067,1.2134609108495014,145,1298
nearest_k80_no_price_coord_tabular,extra_trees_small,43,entry_movement,val_eval,2023,3,0.26959977432970245,1.3065309108301035,124,1112
nearest_k80_no_price_coord_tabular,extra_trees_small,43,entry_movement,val_eval,2024,3,0.308173100246785,1.3446064303363479,273,2450
nearest_k80_no_price_coord_tabular,extra_trees_small,43,entry_movement,val_eval,2025,3,0.5187875268637727,1.7750268019870712,269,2418
nearest_k80_no_price_coord_tabular,extra_trees_small,44,entry_movement,val_select,2021,3,0.27959305448737076,1.436070470883121,269,2417
nearest_k80_no_price_coord_tabular,extra_trees_small,44,entry_movement,val_select,2022,3,0.2913846091232953,1.6101052739618378,252,2267
nearest_k80_no_price_coord_tabular,extra_trees_small,44,entry_movement,val_select,2023,3,0.1874001747434908,1.2187895496017824,145,1298
nearest_k80_no_price_coord_tabular,extra_trees_small,44,entry_movement,val_eval,2023,3,0.2692651908174516,1.3597336215342282,124,1112
nearest_k80_no_price_coord_tabular,extra_trees_small,44,entry_movement,val_eval,2024,3,0.31056184691972016,1.4113580574146594,273,2450
nearest_k80_no_price_coord_tabular,extra_trees_small,44,entry_movement,val_eval,2025,3,0.4946315837951422,1.398824167736893,269,2418
nearest_k80_no_price_coord_tabular,extra_trees_small,42,entry_movement,val_select,2021,6,0.24994102544931485,1.3431921838582106,269,2417
nearest_k80_no_price_coord_tabular,extra_trees_small,42,entry_movement,val_select,2022,6,0.27748288930412635,1.5514461981473209,252,2267
nearest_k80_no_price_coord_tabular,extra_trees_small,42,entry_movement,val_select,2023,6,0.1869625704268131,1.1946495322772612,145,1298
nearest_k80_no_price_coord_tabular,extra_trees_small,42,entry_movement,val_eval,2023,6,0.2550982342859084,1.3385733958503723,124,1112
nearest_k80_no_price_coord_tabular,extra_trees_small,42,entry_movement,val_eval,2024,6,0.3148877181425053,1.3044093360625761,273,2450
nearest_k80_no_price_coord_tabular,extra_trees_small,42,entry_movement,val_eval,2025,6,0.5427424949892489,1.7431314225946806,269,2418
nearest_k80_no_price_coord_tabular,extra_trees_small,43,entry_movement,val_select,2021,6,0.24774758342781492,1.374768981213602,269,2417
nearest_k80_no_price_coord_tabular,extra_trees_small,43,entry_movement,val_select,2022,6,0.28229252640305025,1.5696324131771555,252,2267
nearest_k80_no_price_coord_tabular,extra_trees_small,43,entry_movement,val_select,2023,6,0.17988550096607783,1.1834690857201509,145,1298
nearest_k80_no_price_coord_tabular,extra_trees_small,43,entry_movement,val_eval,2023,6,0.2467516644421381,1.384980203429313,124,1112
nearest_k80_no_price_coord_tabular,extra_trees_small,43,entry_movement,val_eval,2024,6,0.3264573863507216,1.3468842429107495,273,2450
nearest_k80_no_price_coord_tabular,extra_trees_small,43,entry_movement,val_eval,2025,6,0.5273892698273921,1.636915613904972,269,2418
nearest_k80_no_price_coord_tabular,extra_trees_small,44,entry_movement,val_select,2021,6,0.26007110490356056,1.3693112809946504,269,2417
nearest_k80_no_price_coord_tabular,extra_trees_small,44,entry_movement,val_select,2022,6,0.2785783697132592,1.546450330533332,252,2267
nearest_k80_no_price_coord_tabular,extra_trees_small,44,entry_movement,val_select,2023,6,0.17875820002337792,1.1775417812974533,145,1298
nearest_k80_no_price_coord_tabular,extra_trees_small,44,entry_movement,val_eval,2023,6,0.25172250277020647,1.299484405813894,124,1112
nearest_k80_no_price_coord_tabular,extra_trees_small,44,entry_movement,val_eval,2024,6,0.3180875809724729,1.3407354357798043,273,2450
nearest_k80_no_price_coord_tabular,extra_trees_small,44,entry_movement,val_eval,2025,6,0.5238074273276132,1.5089386550018116,269,2418
nearest_k80_no_price_coord_tabular,extra_trees_small,42,entry_movement,val_select,2021,12,0.2205212583980635,1.4076631410926088,269,2417
nearest_k80_no_price_coord_tabular,extra_trees_small,42,entry_movement,val_select,2022,12,0.2693255268694835,1.5502270967411083,252,2267
nearest_k80_no_price_coord_tabular,extra_trees_small,42,entry_movement,val_select,2023,12,0.183906130185464,1.2123898714503727,145,1298
nearest_k80_no_price_coord_tabular,extra_trees_small,42,entry_movement,val_eval,2023,12,0.2405140459260251,1.1119997245906381,124,1112
nearest_k80_no_price_coord_tabular,extra_trees_small,42,entry_movement,val_eval,2024,12,0.34433442471092696,1.3353980351513954,273,2450
nearest_k80_no_price_coord_tabular,extra_trees_small,42,entry_movement,val_eval,2025,12,0.5304506300493015,1.4567155301399508,269,2418
nearest_k80_no_price_coord_tabular,extra_trees_small,43,entry_movement,val_select,2021,12,0.22913636687027153,1.3657894099154688,269,2417
nearest_k80_no_price_coord_tabular,extra_trees_small,43,entry_movement,val_select,2022,12,0.2654958281190884,1.5301911747306924,252,2267
nearest_k80_no_price_coord_tabular,extra_trees_small,43,entry_movement,val_select,2023,12,0.19138517261096552,1.3143329067954959,145,1298
nearest_k80_no_price_coord_tabular,extra_trees_small,43,entry_movement,val_eval,2023,12,0.25970803351354627,1.3065024688418696,124,1112
nearest_k80_no_price_coord_tabular,extra_trees_small,43,entry_movement,val_eval,2024,12,0.3505863228939973,1.3289633416444786,273,2450
nearest_k80_no_price_coord_tabular,extra_trees_small,43,entry_movement,val_eval,2025,12,0.5057734565757819,1.4864407513479705,269,2418
nearest_k80_no_price_coord_tabular,extra_trees_small,44,entry_movement,val_select,2021,12,0.23736200451537312,1.3703427314379353,269,2417
nearest_k80_no_price_coord_tabular,extra_trees_small,44,entry_movement,val_select,2022,12,0.2704749695648793,1.5383391420712924,252,2267
nearest_k80_no_price_coord_tabular,extra_trees_small,44,entry_movement,val_select,2023,12,0.17082417758134982,1.3069932104904198,145,1298
nearest_k80_no_price_coord_tabular,extra_trees_small,44,entry_movement,val_eval,2023,12,0.24468888327486923,1.2522513717611439,124,1112
nearest_k80_no_price_coord_tabular,extra_trees_small,44,entry_movement,val_eval,2024,12,0.3534464279544877,1.3641648191143139,273,2450
nearest_k80_no_price_coord_tabular,extra_trees_small,44,entry_movement,val_eval,2025,12,0.4903372746984678,1.468704349337172,269,2418
nearest_k80_no_price_coord_tabular,extra_trees_small,42,entry_movement,val_select,2021,24,0.18139184820073942,1.364779725119349,269,2417
nearest_k80_no_price_coord_tabular,extra_trees_small,42,entry_movement,val_select,2022,24,0.254380625544142,1.501203923638966,252,2267
nearest_k80_no_price_coord_tabular,extra_trees_small,42,entry_movement,val_select,2023,24,0.2270394796985301,1.3366947343652835,145,1298
nearest_k80_no_price_coord_tabular,extra_trees_small,42,entry_movement,val_eval,2023,24,0.28847514916229894,1.1485191787996638,124,1112
nearest_k80_no_price_coord_tabular,extra_trees_small,42,entry_movement,val_eval,2024,24,0.3272082326379245,1.2357709601522544,273,2450
nearest_k80_no_price_coord_tabular,extra_trees_small,42,entry_movement,val_eval,2025,24,0.46206656633319737,1.466611312434569,269,2418
nearest_k80_no_price_coord_tabular,extra_trees_small,43,entry_movement,val_select,2021,24,0.17804834943691658,1.3377440002256742,269,2417
nearest_k80_no_price_coord_tabular,extra_trees_small,43,entry_movement,val_select,2022,24,0.24619027741413257,1.5006285581606198,252,2267
nearest_k80_no_price_coord_tabular,extra_trees_small,43,entry_movement,val_select,2023,24,0.22982330205688697,1.332848758013836,145,1298
nearest_k80_no_price_coord_tabular,extra_trees_small,43,entry_movement,val_eval,2023,24,0.28706319471906405,1.1621577723059489,124,1112
nearest_k80_no_price_coord_tabular,extra_trees_small,43,entry_movement,val_eval,2024,24,0.33023478743617685,1.1833725466401404,273,2450
nearest_k80_no_price_coord_tabular,extra_trees_small,43,entry_movement,val_eval,2025,24,0.48731060368388585,1.5164704457760423,269,2418
nearest_k80_no_price_coord_tabular,extra_trees_small,44,entry_movement,val_select,2021,24,0.1817663308381464,1.3333888074543034,269,2417
nearest_k80_no_price_coord_tabular,extra_trees_small,44,entry_movement,val_select,2022,24,0.2556751171592853,1.5310039267996873,252,2267
nearest_k80_no_price_coord_tabular,extra_trees_small,44,entry_movement,val_select,2023,24,0.20785795461371515,1.3262516957055528,145,1298
nearest_k80_no_price_coord_tabular,extra_trees_small,44,entry_movement,val_eval,2023,24,0.30506230413904156,1.2077448806383848,124,1112
nearest_k80_no_price_coord_tabular,extra_trees_small,44,entry_movement,val_eval,2024,24,0.32840935945347083,1.2282489680815383,273,2450
nearest_k80_no_price_coord_tabular,extra_trees_small,44,entry_movement,val_eval,2025,24,0.4926034112511406,1.4220480340429225,269,2418
nearest_k60_sequence_flat,hist_gradient_boosting,42,entry_movement,val_select,2021,3,0.53300178722921,1.9910568861497702,269,2417
nearest_k60_sequence_flat,hist_gradient_boosting,42,entry_movement,val_select,2022,3,0.5381568545184496,1.966646815531743,252,2267
nearest_k60_sequence_flat,hist_gradient_boosting,42,entry_movement,val_select,2023,3,0.5653778095915684,2.314462411943698,145,1298
nearest_k60_sequence_flat,hist_gradient_boosting,42,entry_movement,val_eval,2023,3,0.47933183874436164,1.846427486447221,124,1112
nearest_k60_sequence_flat,hist_gradient_boosting,42,entry_movement,val_eval,2024,3,0.48888080871016515,1.912043496524809,273,2450
nearest_k60_sequence_flat,hist_gradient_boosting,42,entry_movement,val_eval,2025,3,0.4155326925243944,1.8483009883610872,269,2418
nearest_k60_sequence_flat,hist_gradient_boosting,43,entry_movement,val_select,2021,3,0.5176931364800125,1.9972099181355742,269,2417
nearest_k60_sequence_flat,hist_gradient_boosting,43,entry_movement,val_select,2022,3,0.543187693365315,1.9841406211053676,252,2267
nearest_k60_sequence_flat,hist_gradient_boosting,43,entry_movement,val_select,2023,3,0.5608383858234909,2.2753316635588736,145,1298
nearest_k60_sequence_flat,hist_gradient_boosting,43,entry_movement,val_eval,2023,3,0.4928667467252606,1.8281172574866313,124,1112
nearest_k60_sequence_flat,hist_gradient_boosting,43,entry_movement,val_eval,2024,3,0.48985553558513356,1.9753380063792516,273,2450
nearest_k60_sequence_flat,hist_gradient_boosting,43,entry_movement,val_eval,2025,3,0.4275773568745547,1.875977845334997,269,2418
nearest_k60_sequence_flat,hist_gradient_boosting,44,entry_movement,val_select,2021,3,0.5290753045058751,1.9296246357413698,269,2417
nearest_k60_sequence_flat,hist_gradient_boosting,44,entry_movement,val_select,2022,3,0.5405303671566306,1.8782376082304584,252,2267
nearest_k60_sequence_flat,hist_gradient_boosting,44,entry_movement,val_select,2023,3,0.5692303070752441,2.2516896211031456,145,1298
nearest_k60_sequence_flat,hist_gradient_boosting,44,entry_movement,val_eval,2023,3,0.48598978213246097,1.8830579171670794,124,1112
nearest_k60_sequence_flat,hist_gradient_boosting,44,entry_movement,val_eval,2024,3,0.4956455933802812,1.9796695571103449,273,2450
nearest_k60_sequence_flat,hist_gradient_boosting,44,entry_movement,val_eval,2025,3,0.4148009477073423,1.8258111123939778,269,2418
nearest_k60_sequence_flat,hist_gradient_boosting,42,entry_movement,val_select,2021,6,0.5171298100378149,1.5759951804358359,269,2417
nearest_k60_sequence_flat,hist_gradient_boosting,42,entry_movement,val_select,2022,6,0.5101332951648513,1.7580648487366386,252,2267
nearest_k60_sequence_flat,hist_gradient_boosting,42,entry_movement,val_select,2023,6,0.5603485166489085,1.9111168544645059,145,1298
nearest_k60_sequence_flat,hist_gradient_boosting,42,entry_movement,val_eval,2023,6,0.4674828921616843,1.5444747078002052,124,1112
nearest_k60_sequence_flat,hist_gradient_boosting,42,entry_movement,val_eval,2024,6,0.4450622747464712,1.602951606194031,273,2450
nearest_k60_sequence_flat,hist_gradient_boosting,42,entry_movement,val_eval,2025,6,0.44344531197723047,2.0087481115980275,269,2418
nearest_k60_sequence_flat,hist_gradient_boosting,43,entry_movement,val_select,2021,6,0.5204176765362191,1.653119667097904,269,2417
nearest_k60_sequence_flat,hist_gradient_boosting,43,entry_movement,val_select,2022,6,0.5142215704983026,1.6896072555028,252,2267
nearest_k60_sequence_flat,hist_gradient_boosting,43,entry_movement,val_select,2023,6,0.5588785324372615,1.8125340305798932,145,1298
nearest_k60_sequence_flat,hist_gradient_boosting,43,entry_movement,val_eval,2023,6,0.4974630102954939,1.8022898204226585,124,1112
nearest_k60_sequence_flat,hist_gradient_boosting,43,entry_movement,val_eval,2024,6,0.466660795064746,1.7245340033864434,273,2450
nearest_k60_sequence_flat,hist_gradient_boosting,43,entry_movement,val_eval,2025,6,0.4038733328283092,2.013223288385059,269,2418
nearest_k60_sequence_flat,hist_gradient_boosting,44,entry_movement,val_select,2021,6,0.5126188009174601,1.5947598413079425,269,2417
nearest_k60_sequence_flat,hist_gradient_boosting,44,entry_movement,val_select,2022,6,0.5084724260259881,1.6194227698805401,252,2267
nearest_k60_sequence_flat,hist_gradient_boosting,44,entry_movement,val_select,2023,6,0.5540199957804541,1.9244779939747496,145,1298
nearest_k60_sequence_flat,hist_gradient_boosting,44,entry_movement,val_eval,2023,6,0.4858538697389573,1.6957272131622978,124,1112
nearest_k60_sequence_flat,hist_gradient_boosting,44,entry_movement,val_eval,2024,6,0.4582845209871757,1.6259617367897663,273,2450
nearest_k60_sequence_flat,hist_gradient_boosting,44,entry_movement,val_eval,2025,6,0.41661520146827724,1.8593719461347387,269,2418
nearest_k60_sequence_flat,hist_gradient_boosting,42,entry_movement,val_select,2021,12,0.43155000040772973,1.449139230359072,269,2417
nearest_k60_sequence_flat,hist_gradient_boosting,42,entry_movement,val_select,2022,12,0.37203565532153443,1.4541508600976258,252,2267
nearest_k60_sequence_flat,hist_gradient_boosting,42,entry_movement,val_select,2023,12,0.46711106727693014,1.5842885664069382,145,1298
nearest_k60_sequence_flat,hist_gradient_boosting,42,entry_movement,val_eval,2023,12,0.38414970301318646,1.407124963450583,124,1112
nearest_k60_sequence_flat,hist_gradient_boosting,42,entry_movement,val_eval,2024,12,0.43027594533960595,1.409946195016156,273,2450
nearest_k60_sequence_flat,hist_gradient_boosting,42,entry_movement,val_eval,2025,12,0.40043557000465396,1.8155223433817764,269,2418
nearest_k60_sequence_flat,hist_gradient_boosting,43,entry_movement,val_select,2021,12,0.44170079530885964,1.373198737343956,269,2417
nearest_k60_sequence_flat,hist_gradient_boosting,43,entry_movement,val_select,2022,12,0.3838927891241638,1.4363475985059573,252,2267
nearest_k60_sequence_flat,hist_gradient_boosting,43,entry_movement,val_select,2023,12,0.45566756949865944,1.4825971460804555,145,1298
nearest_k60_sequence_flat,hist_gradient_boosting,43,entry_movement,val_eval,2023,12,0.3949729803270146,1.5991887255544708,124,1112
nearest_k60_sequence_flat,hist_gradient_boosting,43,entry_movement,val_eval,2024,12,0.4001331851765381,1.3291205966222317,273,2450
nearest_k60_sequence_flat,hist_gradient_boosting,43,entry_movement,val_eval,2025,12,0.40946553738586844,1.8618587806704479,269,2418
nearest_k60_sequence_flat,hist_gradient_boosting,44,entry_movement,val_select,2021,12,0.4225607347997095,1.3741865344774071,269,2417
nearest_k60_sequence_flat,hist_gradient_boosting,44,entry_movement,val_select,2022,12,0.3538459210781625,1.4841631262597814,252,2267
nearest_k60_sequence_flat,hist_gradient_boosting,44,entry_movement,val_select,2023,12,0.45242921769470823,1.5622795748542202,145,1298
nearest_k60_sequence_flat,hist_gradient_boosting,44,entry_movement,val_eval,2023,12,0.3549258892349696,1.5096291750088124,124,1112
nearest_k60_sequence_flat,hist_gradient_boosting,44,entry_movement,val_eval,2024,12,0.42086173025647694,1.4468277038658242,273,2450
nearest_k60_sequence_flat,hist_gradient_boosting,44,entry_movement,val_eval,2025,12,0.41979259581719985,1.9065120865319853,269,2418
nearest_k60_sequence_flat,hist_gradient_boosting,42,entry_movement,val_select,2021,24,0.11430812945172181,1.0588871136639921,269,2417
nearest_k60_sequence_flat,hist_gradient_boosting,42,entry_movement,val_select,2022,24,0.10086724322541206,1.146122210076922,252,2267
nearest_k60_sequence_flat,hist_gradient_boosting,42,entry_movement,val_select,2023,24,0.23728228232248355,1.4137880421436546,145,1298
nearest_k60_sequence_flat,hist_gradient_boosting,42,entry_movement,val_eval,2023,24,0.03651608793079257,1.6216461220674132,124,1112
nearest_k60_sequence_flat,hist_gradient_boosting,42,entry_movement,val_eval,2024,24,0.3127894859113782,1.363087690826002,273,2450
nearest_k60_sequence_flat,hist_gradient_boosting,42,entry_movement,val_eval,2025,24,0.3597948357518301,1.8393324435713538,269,2418
nearest_k60_sequence_flat,hist_gradient_boosting,43,entry_movement,val_select,2021,24,0.13084010628162082,1.1135738490166947,269,2417
nearest_k60_sequence_flat,hist_gradient_boosting,43,entry_movement,val_select,2022,24,0.1567781506130306,1.198152154464085,252,2267
nearest_k60_sequence_flat,hist_gradient_boosting,43,entry_movement,val_select,2023,24,0.23928907404169678,1.4477982987612652,145,1298
nearest_k60_sequence_flat,hist_gradient_boosting,43,entry_movement,val_eval,2023,24,0.05278747146753291,1.5190560232695798,124,1112
nearest_k60_sequence_flat,hist_gradient_boosting,43,entry_movement,val_eval,2024,24,0.31497471921230974,1.2638090032419256,273,2450
nearest_k60_sequence_flat,hist_gradient_boosting,43,entry_movement,val_eval,2025,24,0.36177986975424054,1.8618396077377055,269,2418
nearest_k60_sequence_flat,hist_gradient_boosting,44,entry_movement,val_select,2021,24,0.16900060628542712,1.2246964966248135,269,2417
nearest_k60_sequence_flat,hist_gradient_boosting,44,entry_movement,val_select,2022,24,0.13406661135543932,1.2178619284387524,252,2267
nearest_k60_sequence_flat,hist_gradient_boosting,44,entry_movement,val_select,2023,24,0.23185084416027482,1.4674983716300942,145,1298
nearest_k60_sequence_flat,hist_gradient_boosting,44,entry_movement,val_eval,2023,24,0.04059949282982208,1.6019662440228994,124,1112
nearest_k60_sequence_flat,hist_gradient_boosting,44,entry_movement,val_eval,2024,24,0.30010089642607934,1.2269953128719535,273,2450
nearest_k60_sequence_flat,hist_gradient_boosting,44,entry_movement,val_eval,2025,24,0.41578631691305895,1.8462613220890847,269,2418
nearest_k60_sequence_flat,extra_trees_small,42,entry_movement,val_select,2021,3,0.5177062265178227,2.0410863929214904,269,2417
nearest_k60_sequence_flat,extra_trees_small,42,entry_movement,val_select,2022,3,0.5512332499348687,1.9637750385319808,252,2267
nearest_k60_sequence_flat,extra_trees_small,42,entry_movement,val_select,2023,3,0.5671590658137144,2.2143930204976807,145,1298
nearest_k60_sequence_flat,extra_trees_small,42,entry_movement,val_eval,2023,3,0.5500872266182363,2.0239165990850716,124,1112
nearest_k60_sequence_flat,extra_trees_small,42,entry_movement,val_eval,2024,3,0.4686732753627408,1.9025935291178044,273,2450
nearest_k60_sequence_flat,extra_trees_small,42,entry_movement,val_eval,2025,3,0.3676678558993358,1.5708262527722043,269,2418
nearest_k60_sequence_flat,extra_trees_small,43,entry_movement,val_select,2021,3,0.5205680112879741,2.001548585891668,269,2417
nearest_k60_sequence_flat,extra_trees_small,43,entry_movement,val_select,2022,3,0.5545157773784457,1.9357964958325533,252,2267
nearest_k60_sequence_flat,extra_trees_small,43,entry_movement,val_select,2023,3,0.5744838950790333,2.227437756755037,145,1298
nearest_k60_sequence_flat,extra_trees_small,43,entry_movement,val_eval,2023,3,0.5427385184945595,2.0235937411355414,124,1112
nearest_k60_sequence_flat,extra_trees_small,43,entry_movement,val_eval,2024,3,0.47772115359025175,1.933720797504738,273,2450
nearest_k60_sequence_flat,extra_trees_small,43,entry_movement,val_eval,2025,3,0.3726592144637881,1.605800331524812,269,2418
nearest_k60_sequence_flat,extra_trees_small,44,entry_movement,val_select,2021,3,0.5202226006142514,1.9925343131508086,269,2417
nearest_k60_sequence_flat,extra_trees_small,44,entry_movement,val_select,2022,3,0.5500271674176476,1.9086847270501786,252,2267
nearest_k60_sequence_flat,extra_trees_small,44,entry_movement,val_select,2023,3,0.5688690232333873,2.236072277943142,145,1298
nearest_k60_sequence_flat,extra_trees_small,44,entry_movement,val_eval,2023,3,0.5457221234392389,1.966425611618709,124,1112
nearest_k60_sequence_flat,extra_trees_small,44,entry_movement,val_eval,2024,3,0.47172341843267795,1.862870098620339,273,2450
nearest_k60_sequence_flat,extra_trees_small,44,entry_movement,val_eval,2025,3,0.36174803252608934,1.6213588794056872,269,2418
nearest_k60_sequence_flat,extra_trees_small,42,entry_movement,val_select,2021,6,0.509836563332622,1.7723827355014368,269,2417
nearest_k60_sequence_flat,extra_trees_small,42,entry_movement,val_select,2022,6,0.5155200577107082,1.7538545277455044,252,2267
nearest_k60_sequence_flat,extra_trees_small,42,entry_movement,val_select,2023,6,0.5559943556010782,1.7136643547234314,145,1298
nearest_k60_sequence_flat,extra_trees_small,42,entry_movement,val_eval,2023,6,0.5232560713932085,1.747866492011869,124,1112
nearest_k60_sequence_flat,extra_trees_small,42,entry_movement,val_eval,2024,6,0.42384585730693514,1.6655897776829243,273,2450
nearest_k60_sequence_flat,extra_trees_small,42,entry_movement,val_eval,2025,6,0.3406695319774316,1.721903869361325,269,2418
nearest_k60_sequence_flat,extra_trees_small,43,entry_movement,val_select,2021,6,0.5110176666326298,1.7299622559793744,269,2417
nearest_k60_sequence_flat,extra_trees_small,43,entry_movement,val_select,2022,6,0.5173117817663805,1.7885144919369156,252,2267
nearest_k60_sequence_flat,extra_trees_small,43,entry_movement,val_select,2023,6,0.5511531577008666,1.6720554414691808,145,1298
nearest_k60_sequence_flat,extra_trees_small,43,entry_movement,val_eval,2023,6,0.5272048093317424,1.7257318370919865,124,1112
nearest_k60_sequence_flat,extra_trees_small,43,entry_movement,val_eval,2024,6,0.42764637392002297,1.717375387362908,273,2450
nearest_k60_sequence_flat,extra_trees_small,43,entry_movement,val_eval,2025,6,0.34214093038769294,1.6944352387857464,269,2418
nearest_k60_sequence_flat,extra_trees_small,44,entry_movement,val_select,2021,6,0.5081472211360369,1.669910841325242,269,2417
nearest_k60_sequence_flat,extra_trees_small,44,entry_movement,val_select,2022,6,0.5139928958711509,1.7560087176382722,252,2267
nearest_k60_sequence_flat,extra_trees_small,44,entry_movement,val_select,2023,6,0.5470635013603903,1.6358062286670552,145,1298
nearest_k60_sequence_flat,extra_trees_small,44,entry_movement,val_eval,2023,6,0.5309731347080822,1.7902462482452575,124,1112
nearest_k60_sequence_flat,extra_trees_small,44,entry_movement,val_eval,2024,6,0.4220793912125639,1.6227014071612262,273,2450
nearest_k60_sequence_flat,extra_trees_small,44,entry_movement,val_eval,2025,6,0.3367864718889905,1.7538185716347723,269,2418
nearest_k60_sequence_flat,extra_trees_small,42,entry_movement,val_select,2021,12,0.45701582244164163,1.4012215359611158,269,2417
nearest_k60_sequence_flat,extra_trees_small,42,entry_movement,val_select,2022,12,0.4132761242831397,1.5782682946431028,252,2267
nearest_k60_sequence_flat,extra_trees_small,42,entry_movement,val_select,2023,12,0.47068815124877134,1.5236222925991034,145,1298
nearest_k60_sequence_flat,extra_trees_small,42,entry_movement,val_eval,2023,12,0.451365052202544,1.692421503727921,124,1112
nearest_k60_sequence_flat,extra_trees_small,42,entry_movement,val_eval,2024,12,0.372058734416154,1.4606712187977808,273,2450
nearest_k60_sequence_flat,extra_trees_small,42,entry_movement,val_eval,2025,12,0.3278980729791108,1.8196943538486194,269,2418
nearest_k60_sequence_flat,extra_trees_small,43,entry_movement,val_select,2021,12,0.45829648854846533,1.4515827585951335,269,2417
nearest_k60_sequence_flat,extra_trees_small,43,entry_movement,val_select,2022,12,0.4171701902495997,1.5184135836133956,252,2267
nearest_k60_sequence_flat,extra_trees_small,43,entry_movement,val_select,2023,12,0.46205232016255166,1.4762154272314658,145,1298
nearest_k60_sequence_flat,extra_trees_small,43,entry_movement,val_eval,2023,12,0.45373713043492186,1.702593266594078,124,1112
nearest_k60_sequence_flat,extra_trees_small,43,entry_movement,val_eval,2024,12,0.3715542061960846,1.381232500273795,273,2450
nearest_k60_sequence_flat,extra_trees_small,43,entry_movement,val_eval,2025,12,0.33115106443496145,1.9253301179928897,269,2418
nearest_k60_sequence_flat,extra_trees_small,44,entry_movement,val_select,2021,12,0.4639334121237595,1.459213090965978,269,2417
nearest_k60_sequence_flat,extra_trees_small,44,entry_movement,val_select,2022,12,0.41544190483189786,1.5285562105539359,252,2267
nearest_k60_sequence_flat,extra_trees_small,44,entry_movement,val_select,2023,12,0.4693483072367625,1.4624063523509618,145,1298
nearest_k60_sequence_flat,extra_trees_small,44,entry_movement,val_eval,2023,12,0.44828103084204673,1.5587319417521817,124,1112
nearest_k60_sequence_flat,extra_trees_small,44,entry_movement,val_eval,2024,12,0.38001319060295435,1.3958940995835971,273,2450
nearest_k60_sequence_flat,extra_trees_small,44,entry_movement,val_eval,2025,12,0.32434212681502084,1.8606783820010684,269,2418
nearest_k60_sequence_flat,extra_trees_small,42,entry_movement,val_select,2021,24,0.08636734047217609,1.1607998869215905,269,2417
nearest_k60_sequence_flat,extra_trees_small,42,entry_movement,val_select,2022,24,0.25279721832363017,1.3390765193477623,252,2267
nearest_k60_sequence_flat,extra_trees_small,42,entry_movement,val_select,2023,24,0.12312739453554995,0.965767494492368,145,1298
nearest_k60_sequence_flat,extra_trees_small,42,entry_movement,val_eval,2023,24,0.16419530424076953,1.6701720900549069,124,1112
nearest_k60_sequence_flat,extra_trees_small,42,entry_movement,val_eval,2024,24,0.14503207454844005,1.1811064830683102,273,2450
nearest_k60_sequence_flat,extra_trees_small,42,entry_movement,val_eval,2025,24,0.45815790644751136,1.9655760816613064,269,2418
nearest_k60_sequence_flat,extra_trees_small,43,entry_movement,val_select,2021,24,0.12041657072160449,1.1058201779855164,269,2417
nearest_k60_sequence_flat,extra_trees_small,43,entry_movement,val_select,2022,24,0.2702406283783819,1.3211036803758576,252,2267
nearest_k60_sequence_flat,extra_trees_small,43,entry_movement,val_select,2023,24,0.13031159952479346,0.9390182479984625,145,1298
nearest_k60_sequence_flat,extra_trees_small,43,entry_movement,val_eval,2023,24,0.09140050629727858,1.5313877637073818,124,1112
nearest_k60_sequence_flat,extra_trees_small,43,entry_movement,val_eval,2024,24,0.18239239311707595,1.1849886072531923,273,2450
nearest_k60_sequence_flat,extra_trees_small,43,entry_movement,val_eval,2025,24,0.48849887804551884,1.9748879060709847,269,2418
nearest_k60_sequence_flat,extra_trees_small,44,entry_movement,val_select,2021,24,0.09800872413857374,1.1184309718776346,269,2417
nearest_k60_sequence_flat,extra_trees_small,44,entry_movement,val_select,2022,24,0.21786593781798314,1.2825142700758465,252,2267
nearest_k60_sequence_flat,extra_trees_small,44,entry_movement,val_select,2023,24,0.14713723733397652,0.9941930748699938,145,1298
nearest_k60_sequence_flat,extra_trees_small,44,entry_movement,val_eval,2023,24,0.17773193742710686,1.436719868679137,124,1112
nearest_k60_sequence_flat,extra_trees_small,44,entry_movement,val_eval,2024,24,0.1662302196624874,1.1639692477600898,273,2450
nearest_k60_sequence_flat,extra_trees_small,44,entry_movement,val_eval,2025,24,0.47303783456467136,2.087080093191615,269,2418
nearest_k80_sequence_flat,hist_gradient_boosting,42,entry_movement,val_select,2021,3,0.5303910499939022,1.888510121982804,269,2417
nearest_k80_sequence_flat,hist_gradient_boosting,42,entry_movement,val_select,2022,3,0.5567314978813608,2.116552550131567,252,2267
nearest_k80_sequence_flat,hist_gradient_boosting,42,entry_movement,val_select,2023,3,0.5530644723800578,2.0427084144714596,145,1298
nearest_k80_sequence_flat,hist_gradient_boosting,42,entry_movement,val_eval,2023,3,0.5289895959087207,1.875040389689891,124,1112
nearest_k80_sequence_flat,hist_gradient_boosting,42,entry_movement,val_eval,2024,3,0.5093092579322508,1.8016559078678616,273,2450
nearest_k80_sequence_flat,hist_gradient_boosting,42,entry_movement,val_eval,2025,3,0.449454038488138,1.8710303930830356,269,2418
nearest_k80_sequence_flat,hist_gradient_boosting,43,entry_movement,val_select,2021,3,0.5257617570380492,1.9077411053762217,269,2417
nearest_k80_sequence_flat,hist_gradient_boosting,43,entry_movement,val_select,2022,3,0.5574966406517646,2.07085613053719,252,2267
nearest_k80_sequence_flat,hist_gradient_boosting,43,entry_movement,val_select,2023,3,0.5465751387852442,2.236175854813048,145,1298
nearest_k80_sequence_flat,hist_gradient_boosting,43,entry_movement,val_eval,2023,3,0.5217971260068855,1.8435178847312885,124,1112
nearest_k80_sequence_flat,hist_gradient_boosting,43,entry_movement,val_eval,2024,3,0.5155917822104572,1.8710754907324485,273,2450
nearest_k80_sequence_flat,hist_gradient_boosting,43,entry_movement,val_eval,2025,3,0.45057986414624424,2.0025906290392825,269,2418
nearest_k80_sequence_flat,hist_gradient_boosting,44,entry_movement,val_select,2021,3,0.5212459732255911,1.9685133106128623,269,2417
nearest_k80_sequence_flat,hist_gradient_boosting,44,entry_movement,val_select,2022,3,0.557191233545625,2.1175583196886243,252,2267
nearest_k80_sequence_flat,hist_gradient_boosting,44,entry_movement,val_select,2023,3,0.5437335980462833,2.1971599728645184,145,1298
nearest_k80_sequence_flat,hist_gradient_boosting,44,entry_movement,val_eval,2023,3,0.5288331254085996,1.8698785058581888,124,1112
nearest_k80_sequence_flat,hist_gradient_boosting,44,entry_movement,val_eval,2024,3,0.516426692412213,1.897244114622865,273,2450
nearest_k80_sequence_flat,hist_gradient_boosting,44,entry_movement,val_eval,2025,3,0.44957669611048323,1.9076653202944192,269,2418
nearest_k80_sequence_flat,hist_gradient_boosting,42,entry_movement,val_select,2021,6,0.514247888353331,1.6319148177209413,269,2417
nearest_k80_sequence_flat,hist_gradient_boosting,42,entry_movement,val_select,2022,6,0.5085405294448624,1.7375907235828512,252,2267
nearest_k80_sequence_flat,hist_gradient_boosting,42,entry_movement,val_select,2023,6,0.5355399044291532,1.631766127380461,145,1298
nearest_k80_sequence_flat,hist_gradient_boosting,42,entry_movement,val_eval,2023,6,0.48536887564620607,1.6205597440386255,124,1112
nearest_k80_sequence_flat,hist_gradient_boosting,42,entry_movement,val_eval,2024,6,0.47162273341412314,1.622694082836284,273,2450
nearest_k80_sequence_flat,hist_gradient_boosting,42,entry_movement,val_eval,2025,6,0.4179256570607097,1.881417383045288,269,2418
nearest_k80_sequence_flat,hist_gradient_boosting,43,entry_movement,val_select,2021,6,0.5143528487613647,1.6995847821853285,269,2417
nearest_k80_sequence_flat,hist_gradient_boosting,43,entry_movement,val_select,2022,6,0.524690876457331,1.7297854063335578,252,2267
nearest_k80_sequence_flat,hist_gradient_boosting,43,entry_movement,val_select,2023,6,0.5690295266533237,1.9118666098995387,145,1298
nearest_k80_sequence_flat,hist_gradient_boosting,43,entry_movement,val_eval,2023,6,0.5007901689122749,1.6180906019462606,124,1112
nearest_k80_sequence_flat,hist_gradient_boosting,43,entry_movement,val_eval,2024,6,0.4597804144192846,1.5739779664147753,273,2450
nearest_k80_sequence_flat,hist_gradient_boosting,43,entry_movement,val_eval,2025,6,0.4243119702058369,1.8372661942516104,269,2418
nearest_k80_sequence_flat,hist_gradient_boosting,44,entry_movement,val_select,2021,6,0.5210159419448627,1.7604112031193484,269,2417
nearest_k80_sequence_flat,hist_gradient_boosting,44,entry_movement,val_select,2022,6,0.51365581253316,1.7845575920888186,252,2267
nearest_k80_sequence_flat,hist_gradient_boosting,44,entry_movement,val_select,2023,6,0.5273749132202373,1.7017081065083977,145,1298
nearest_k80_sequence_flat,hist_gradient_boosting,44,entry_movement,val_eval,2023,6,0.5208024366603926,1.6232535387975622,124,1112
nearest_k80_sequence_flat,hist_gradient_boosting,44,entry_movement,val_eval,2024,6,0.4637286343599378,1.5380293192315064,273,2450
nearest_k80_sequence_flat,hist_gradient_boosting,44,entry_movement,val_eval,2025,6,0.4294938821160941,1.867755010612593,269,2418
nearest_k80_sequence_flat,hist_gradient_boosting,42,entry_movement,val_select,2021,12,0.42406894295010517,1.3184186839204182,269,2417
nearest_k80_sequence_flat,hist_gradient_boosting,42,entry_movement,val_select,2022,12,0.38631348742707106,1.5459472438093174,252,2267
nearest_k80_sequence_flat,hist_gradient_boosting,42,entry_movement,val_select,2023,12,0.48721339694784366,1.4277617258213355,145,1298
nearest_k80_sequence_flat,hist_gradient_boosting,42,entry_movement,val_eval,2023,12,0.3444951669096704,1.4450762341044736,124,1112
nearest_k80_sequence_flat,hist_gradient_boosting,42,entry_movement,val_eval,2024,12,0.3996780071180231,1.333377834873258,273,2450
nearest_k80_sequence_flat,hist_gradient_boosting,42,entry_movement,val_eval,2025,12,0.4152802399030355,1.8060587170297038,269,2418
nearest_k80_sequence_flat,hist_gradient_boosting,43,entry_movement,val_select,2021,12,0.4574316571524952,1.3991255110349041,269,2417
nearest_k80_sequence_flat,hist_gradient_boosting,43,entry_movement,val_select,2022,12,0.37730914911139235,1.5691532159560084,252,2267
nearest_k80_sequence_flat,hist_gradient_boosting,43,entry_movement,val_select,2023,12,0.48361459770538356,1.6457402416990132,145,1298
nearest_k80_sequence_flat,hist_gradient_boosting,43,entry_movement,val_eval,2023,12,0.38776331945592807,1.6503987924743477,124,1112
nearest_k80_sequence_flat,hist_gradient_boosting,43,entry_movement,val_eval,2024,12,0.3962601338493089,1.2977861487406508,273,2450
nearest_k80_sequence_flat,hist_gradient_boosting,43,entry_movement,val_eval,2025,12,0.4458588002655407,1.901043621818022,269,2418
nearest_k80_sequence_flat,hist_gradient_boosting,44,entry_movement,val_select,2021,12,0.45780794038926154,1.3770206368432445,269,2417
nearest_k80_sequence_flat,hist_gradient_boosting,44,entry_movement,val_select,2022,12,0.3806166568475,1.4903810188978328,252,2267
nearest_k80_sequence_flat,hist_gradient_boosting,44,entry_movement,val_select,2023,12,0.45214315615981365,1.3737522891411014,145,1298
nearest_k80_sequence_flat,hist_gradient_boosting,44,entry_movement,val_eval,2023,12,0.33558166251314553,1.4567674457538191,124,1112
nearest_k80_sequence_flat,hist_gradient_boosting,44,entry_movement,val_eval,2024,12,0.41958985382293684,1.3756203615646911,273,2450
nearest_k80_sequence_flat,hist_gradient_boosting,44,entry_movement,val_eval,2025,12,0.43727782212417265,1.9283405525388575,269,2418
nearest_k80_sequence_flat,hist_gradient_boosting,42,entry_movement,val_select,2021,24,0.1129283012967859,0.9889815729099841,269,2417
nearest_k80_sequence_flat,hist_gradient_boosting,42,entry_movement,val_select,2022,24,0.19739722321142456,1.1616923553933691,252,2267
nearest_k80_sequence_flat,hist_gradient_boosting,42,entry_movement,val_select,2023,24,0.16903840010359925,1.027534543974036,145,1298
nearest_k80_sequence_flat,hist_gradient_boosting,42,entry_movement,val_eval,2023,24,0.08434699078438017,1.1844559385952174,124,1112
nearest_k80_sequence_flat,hist_gradient_boosting,42,entry_movement,val_eval,2024,24,0.2535035274464444,1.241897373477127,273,2450
nearest_k80_sequence_flat,hist_gradient_boosting,42,entry_movement,val_eval,2025,24,0.44145812105910315,1.8000802459453866,269,2418
nearest_k80_sequence_flat,hist_gradient_boosting,43,entry_movement,val_select,2021,24,0.10524853890860998,0.9870080149529107,269,2417
nearest_k80_sequence_flat,hist_gradient_boosting,43,entry_movement,val_select,2022,24,0.1784123532807156,1.2327883539485982,252,2267
nearest_k80_sequence_flat,hist_gradient_boosting,43,entry_movement,val_select,2023,24,0.1559089810260709,1.0269614942085867,145,1298
nearest_k80_sequence_flat,hist_gradient_boosting,43,entry_movement,val_eval,2023,24,0.14466797445963633,1.347820613256941,124,1112
nearest_k80_sequence_flat,hist_gradient_boosting,43,entry_movement,val_eval,2024,24,0.17763803261935404,1.2720957418991794,273,2450
nearest_k80_sequence_flat,hist_gradient_boosting,43,entry_movement,val_eval,2025,24,0.4609317938564754,1.6937957812908684,269,2418
nearest_k80_sequence_flat,hist_gradient_boosting,44,entry_movement,val_select,2021,24,0.08874776147552176,1.0600856373815837,269,2417
nearest_k80_sequence_flat,hist_gradient_boosting,44,entry_movement,val_select,2022,24,0.18512541144250091,1.2850878954758387,252,2267
nearest_k80_sequence_flat,hist_gradient_boosting,44,entry_movement,val_select,2023,24,0.2226926404191505,1.1214793186228391,145,1298
nearest_k80_sequence_flat,hist_gradient_boosting,44,entry_movement,val_eval,2023,24,0.20208639827365865,1.3189819973973727,124,1112
nearest_k80_sequence_flat,hist_gradient_boosting,44,entry_movement,val_eval,2024,24,0.2690153374249206,1.2264014152239318,273,2450
nearest_k80_sequence_flat,hist_gradient_boosting,44,entry_movement,val_eval,2025,24,0.43177516513296865,1.9130404187686811,269,2418
nearest_k80_sequence_flat,extra_trees_small,42,entry_movement,val_select,2021,3,0.5118338393449567,1.969439066548801,269,2417
nearest_k80_sequence_flat,extra_trees_small,42,entry_movement,val_select,2022,3,0.5726986136835025,1.9258438239415723,252,2267
nearest_k80_sequence_flat,extra_trees_small,42,entry_movement,val_select,2023,3,0.5472606296919281,2.082361401994161,145,1298
nearest_k80_sequence_flat,extra_trees_small,42,entry_movement,val_eval,2023,3,0.5426975045612477,1.9946742048000672,124,1112
nearest_k80_sequence_flat,extra_trees_small,42,entry_movement,val_eval,2024,3,0.4808909542379772,1.9096465794860802,273,2450
nearest_k80_sequence_flat,extra_trees_small,42,entry_movement,val_eval,2025,3,0.3937743672210324,1.6800796457507192,269,2418
nearest_k80_sequence_flat,extra_trees_small,43,entry_movement,val_select,2021,3,0.5153094049593683,2.029374041789858,269,2417
nearest_k80_sequence_flat,extra_trees_small,43,entry_movement,val_select,2022,3,0.5677652614577607,1.9428114017273115,252,2267
nearest_k80_sequence_flat,extra_trees_small,43,entry_movement,val_select,2023,3,0.5625033706803118,2.1442064000949475,145,1298
nearest_k80_sequence_flat,extra_trees_small,43,entry_movement,val_eval,2023,3,0.5380889998649387,1.7945639498979733,124,1112
nearest_k80_sequence_flat,extra_trees_small,43,entry_movement,val_eval,2024,3,0.48196125651674027,1.924554324621465,273,2450
nearest_k80_sequence_flat,extra_trees_small,43,entry_movement,val_eval,2025,3,0.4072176843699084,1.7054830528451854,269,2418
nearest_k80_sequence_flat,extra_trees_small,44,entry_movement,val_select,2021,3,0.5127643201227745,2.025706505911184,269,2417
nearest_k80_sequence_flat,extra_trees_small,44,entry_movement,val_select,2022,3,0.572877371489051,1.9575037302073657,252,2267
nearest_k80_sequence_flat,extra_trees_small,44,entry_movement,val_select,2023,3,0.5615741130093975,2.0535648600274454,145,1298
nearest_k80_sequence_flat,extra_trees_small,44,entry_movement,val_eval,2023,3,0.5435223286600398,1.9012986276793544,124,1112
nearest_k80_sequence_flat,extra_trees_small,44,entry_movement,val_eval,2024,3,0.4798896215208148,1.892378836776498,273,2450
nearest_k80_sequence_flat,extra_trees_small,44,entry_movement,val_eval,2025,3,0.4133518660551817,1.7364639260884074,269,2418
nearest_k80_sequence_flat,extra_trees_small,42,entry_movement,val_select,2021,6,0.5093683628421274,1.7594045157787983,269,2417
nearest_k80_sequence_flat,extra_trees_small,42,entry_movement,val_select,2022,6,0.5329845773867457,1.7019325141403316,252,2267
nearest_k80_sequence_flat,extra_trees_small,42,entry_movement,val_select,2023,6,0.5346717888528967,1.678656574740804,145,1298
nearest_k80_sequence_flat,extra_trees_small,42,entry_movement,val_eval,2023,6,0.5196300336982096,1.7228971039985077,124,1112
nearest_k80_sequence_flat,extra_trees_small,42,entry_movement,val_eval,2024,6,0.44903522059417367,1.7193515357076954,273,2450
nearest_k80_sequence_flat,extra_trees_small,42,entry_movement,val_eval,2025,6,0.3891657608667029,1.9341304805425572,269,2418
nearest_k80_sequence_flat,extra_trees_small,43,entry_movement,val_select,2021,6,0.5085597645520382,1.6867445408664217,269,2417
nearest_k80_sequence_flat,extra_trees_small,43,entry_movement,val_select,2022,6,0.5318398088508367,1.6647756806155702,252,2267
nearest_k80_sequence_flat,extra_trees_small,43,entry_movement,val_select,2023,6,0.5401948202448508,1.7421149315955873,145,1298
nearest_k80_sequence_flat,extra_trees_small,43,entry_movement,val_eval,2023,6,0.5221504644032329,1.7328125760036956,124,1112
nearest_k80_sequence_flat,extra_trees_small,43,entry_movement,val_eval,2024,6,0.44039231913673516,1.6442971687234138,273,2450
nearest_k80_sequence_flat,extra_trees_small,43,entry_movement,val_eval,2025,6,0.3954295981176245,1.895046779731492,269,2418
nearest_k80_sequence_flat,extra_trees_small,44,entry_movement,val_select,2021,6,0.5111453784958111,1.711946460522601,269,2417
nearest_k80_sequence_flat,extra_trees_small,44,entry_movement,val_select,2022,6,0.5340818368417564,1.7292675268677677,252,2267
nearest_k80_sequence_flat,extra_trees_small,44,entry_movement,val_select,2023,6,0.5511157107746688,1.7629714065998898,145,1298
nearest_k80_sequence_flat,extra_trees_small,44,entry_movement,val_eval,2023,6,0.5203845125301428,1.724630668473064,124,1112
nearest_k80_sequence_flat,extra_trees_small,44,entry_movement,val_eval,2024,6,0.4476753304531958,1.7017336988446639,273,2450
nearest_k80_sequence_flat,extra_trees_small,44,entry_movement,val_eval,2025,6,0.3895396188607163,1.761634676895723,269,2418
nearest_k80_sequence_flat,extra_trees_small,42,entry_movement,val_select,2021,12,0.458674051241348,1.4164361425100627,269,2417
nearest_k80_sequence_flat,extra_trees_small,42,entry_movement,val_select,2022,12,0.4358199024042103,1.583002114320431,252,2267
nearest_k80_sequence_flat,extra_trees_small,42,entry_movement,val_select,2023,12,0.4589400347327857,1.3612841373074158,145,1298
nearest_k80_sequence_flat,extra_trees_small,42,entry_movement,val_eval,2023,12,0.451060135897717,1.701301226450767,124,1112
nearest_k80_sequence_flat,extra_trees_small,42,entry_movement,val_eval,2024,12,0.39019073325930836,1.4535154485420427,273,2450
nearest_k80_sequence_flat,extra_trees_small,42,entry_movement,val_eval,2025,12,0.38470982685090455,1.948699825131882,269,2418
nearest_k80_sequence_flat,extra_trees_small,43,entry_movement,val_select,2021,12,0.46063169491966394,1.458487904117837,269,2417
nearest_k80_sequence_flat,extra_trees_small,43,entry_movement,val_select,2022,12,0.4352600628466034,1.5987493933027057,252,2267
nearest_k80_sequence_flat,extra_trees_small,43,entry_movement,val_select,2023,12,0.45481568460575283,1.297756954087612,145,1298
nearest_k80_sequence_flat,extra_trees_small,43,entry_movement,val_eval,2023,12,0.4448252699747386,1.514246828055806,124,1112
nearest_k80_sequence_flat,extra_trees_small,43,entry_movement,val_eval,2024,12,0.39401267175362004,1.5255574238929377,273,2450
nearest_k80_sequence_flat,extra_trees_small,43,entry_movement,val_eval,2025,12,0.3759526666919049,2.0341713073870764,269,2418
nearest_k80_sequence_flat,extra_trees_small,44,entry_movement,val_select,2021,12,0.46050802698619314,1.4427955794473624,269,2417
nearest_k80_sequence_flat,extra_trees_small,44,entry_movement,val_select,2022,12,0.4414589633341793,1.6737392068057382,252,2267
nearest_k80_sequence_flat,extra_trees_small,44,entry_movement,val_select,2023,12,0.45108836042868083,1.3881389255843146,145,1298
nearest_k80_sequence_flat,extra_trees_small,44,entry_movement,val_eval,2023,12,0.4360675189043307,1.4895829714650093,124,1112
nearest_k80_sequence_flat,extra_trees_small,44,entry_movement,val_eval,2024,12,0.38824757199371535,1.4124686728140188,273,2450
nearest_k80_sequence_flat,extra_trees_small,44,entry_movement,val_eval,2025,12,0.37669646101611204,2.012318611445483,269,2418
nearest_k80_sequence_flat,extra_trees_small,42,entry_movement,val_select,2021,24,0.09536168260492249,1.1330102572875276,269,2417
nearest_k80_sequence_flat,extra_trees_small,42,entry_movement,val_select,2022,24,0.2528811809956692,1.519377811340718,252,2267
nearest_k80_sequence_flat,extra_trees_small,42,entry_movement,val_select,2023,24,-0.02971974403904087,1.1094573256470155,145,1298
nearest_k80_sequence_flat,extra_trees_small,42,entry_movement,val_eval,2023,24,0.0030108839069871093,1.442810725595643,124,1112
nearest_k80_sequence_flat,extra_trees_small,42,entry_movement,val_eval,2024,24,0.24412939724561197,1.2762562666475787,273,2450
nearest_k80_sequence_flat,extra_trees_small,42,entry_movement,val_eval,2025,24,0.5217897713848236,2.0073768174359743,269,2418
nearest_k80_sequence_flat,extra_trees_small,43,entry_movement,val_select,2021,24,0.07618757425391434,1.1237465670382558,269,2417
nearest_k80_sequence_flat,extra_trees_small,43,entry_movement,val_select,2022,24,0.26148811859694376,1.5213254059927175,252,2267
nearest_k80_sequence_flat,extra_trees_small,43,entry_movement,val_select,2023,24,0.020708138413168334,1.1369260832437673,145,1298
nearest_k80_sequence_flat,extra_trees_small,43,entry_movement,val_eval,2023,24,-0.11693450502605504,1.254923589347528,124,1112
nearest_k80_sequence_flat,extra_trees_small,43,entry_movement,val_eval,2024,24,0.2613165988968376,1.1946257862841567,273,2450
nearest_k80_sequence_flat,extra_trees_small,43,entry_movement,val_eval,2025,24,0.5466421925795885,1.7785883808560994,269,2418
nearest_k80_sequence_flat,extra_trees_small,44,entry_movement,val_select,2021,24,0.06314412505699767,1.1893336283672582,269,2417
nearest_k80_sequence_flat,extra_trees_small,44,entry_movement,val_select,2022,24,0.2819523120505255,1.545225091925204,252,2267
nearest_k80_sequence_flat,extra_trees_small,44,entry_movement,val_select,2023,24,-0.04889936971808453,1.0817452804219485,145,1298
nearest_k80_sequence_flat,extra_trees_small,44,entry_movement,val_eval,2023,24,-0.0023272907226329085,1.2412588140435348,124,1112
nearest_k80_sequence_flat,extra_trees_small,44,entry_movement,val_eval,2024,24,0.2495687587386193,1.2142936336742063,273,2450
nearest_k80_sequence_flat,extra_trees_small,44,entry_movement,val_eval,2025,24,0.5509095068424236,1.8904775345752778,269,2418
nearest_k60_no_time_sequence_flat,hist_gradient_boosting,42,entry_movement,val_select,2021,3,0.39656873102573015,1.4617936642527207,269,2417
nearest_k60_no_time_sequence_flat,hist_gradient_boosting,42,entry_movement,val_select,2022,3,0.43722888855010866,1.6265161795236083,252,2267
nearest_k60_no_time_sequence_flat,hist_gradient_boosting,42,entry_movement,val_select,2023,3,0.4394399389456932,1.5788677888478793,145,1298
nearest_k60_no_time_sequence_flat,hist_gradient_boosting,42,entry_movement,val_eval,2023,3,0.3232040758112793,1.588192779224841,124,1112
nearest_k60_no_time_sequence_flat,hist_gradient_boosting,42,entry_movement,val_eval,2024,3,0.3714803398399976,1.4265552506876906,273,2450
nearest_k60_no_time_sequence_flat,hist_gradient_boosting,42,entry_movement,val_eval,2025,3,0.3544659953161143,1.8227697719036793,269,2418
nearest_k60_no_time_sequence_flat,hist_gradient_boosting,43,entry_movement,val_select,2021,3,0.3974959354874982,1.5046938193336497,269,2417
nearest_k60_no_time_sequence_flat,hist_gradient_boosting,43,entry_movement,val_select,2022,3,0.41759412139413576,1.5881791599762922,252,2267
nearest_k60_no_time_sequence_flat,hist_gradient_boosting,43,entry_movement,val_select,2023,3,0.42496869641390367,1.4736659552826794,145,1298
nearest_k60_no_time_sequence_flat,hist_gradient_boosting,43,entry_movement,val_eval,2023,3,0.33041920505141026,1.6717425564177355,124,1112
nearest_k60_no_time_sequence_flat,hist_gradient_boosting,43,entry_movement,val_eval,2024,3,0.380632464859437,1.4380059193401455,273,2450
nearest_k60_no_time_sequence_flat,hist_gradient_boosting,43,entry_movement,val_eval,2025,3,0.357529219078903,1.8673064060230893,269,2418
nearest_k60_no_time_sequence_flat,hist_gradient_boosting,44,entry_movement,val_select,2021,3,0.40659591190544453,1.4961204346734736,269,2417
nearest_k60_no_time_sequence_flat,hist_gradient_boosting,44,entry_movement,val_select,2022,3,0.4333928559722984,1.6445144857104557,252,2267
nearest_k60_no_time_sequence_flat,hist_gradient_boosting,44,entry_movement,val_select,2023,3,0.43007791920376987,1.60329437558131,145,1298
nearest_k60_no_time_sequence_flat,hist_gradient_boosting,44,entry_movement,val_eval,2023,3,0.32387670004515773,1.4035815894082515,124,1112
nearest_k60_no_time_sequence_flat,hist_gradient_boosting,44,entry_movement,val_eval,2024,3,0.3891135325508464,1.5612997174328833,273,2450
nearest_k60_no_time_sequence_flat,hist_gradient_boosting,44,entry_movement,val_eval,2025,3,0.3693328176579681,1.9312222942320476,269,2418
nearest_k60_no_time_sequence_flat,hist_gradient_boosting,42,entry_movement,val_select,2021,6,0.3862821995433029,1.3313171579728191,269,2417
nearest_k60_no_time_sequence_flat,hist_gradient_boosting,42,entry_movement,val_select,2022,6,0.387373321635373,1.5417441310133007,252,2267
nearest_k60_no_time_sequence_flat,hist_gradient_boosting,42,entry_movement,val_select,2023,6,0.4334079288999738,1.5091467144189272,145,1298
nearest_k60_no_time_sequence_flat,hist_gradient_boosting,42,entry_movement,val_eval,2023,6,0.3242646894712381,1.6028051134216372,124,1112
nearest_k60_no_time_sequence_flat,hist_gradient_boosting,42,entry_movement,val_eval,2024,6,0.3627737302504383,1.3192773678997716,273,2450
nearest_k60_no_time_sequence_flat,hist_gradient_boosting,42,entry_movement,val_eval,2025,6,0.4044378772055288,1.965693651270684,269,2418
nearest_k60_no_time_sequence_flat,hist_gradient_boosting,43,entry_movement,val_select,2021,6,0.3781567395626209,1.358060821194249,269,2417
nearest_k60_no_time_sequence_flat,hist_gradient_boosting,43,entry_movement,val_select,2022,6,0.39784896920374546,1.5809419134311393,252,2267
nearest_k60_no_time_sequence_flat,hist_gradient_boosting,43,entry_movement,val_select,2023,6,0.4387904798759296,1.5250746815667058,145,1298
nearest_k60_no_time_sequence_flat,hist_gradient_boosting,43,entry_movement,val_eval,2023,6,0.3038703621690614,1.5654469984074948,124,1112
nearest_k60_no_time_sequence_flat,hist_gradient_boosting,43,entry_movement,val_eval,2024,6,0.35039097379702205,1.2978911857966176,273,2450
nearest_k60_no_time_sequence_flat,hist_gradient_boosting,43,entry_movement,val_eval,2025,6,0.3945861538808728,1.8967709914378585,269,2418
nearest_k60_no_time_sequence_flat,hist_gradient_boosting,44,entry_movement,val_select,2021,6,0.37533110613792586,1.3191394605885833,269,2417
nearest_k60_no_time_sequence_flat,hist_gradient_boosting,44,entry_movement,val_select,2022,6,0.39110626151465233,1.56809482260545,252,2267
nearest_k60_no_time_sequence_flat,hist_gradient_boosting,44,entry_movement,val_select,2023,6,0.43382726056771104,1.4921322163983688,145,1298
nearest_k60_no_time_sequence_flat,hist_gradient_boosting,44,entry_movement,val_eval,2023,6,0.3387221177491886,1.5634208939741434,124,1112
nearest_k60_no_time_sequence_flat,hist_gradient_boosting,44,entry_movement,val_eval,2024,6,0.3645399590520095,1.4558950561150614,273,2450
nearest_k60_no_time_sequence_flat,hist_gradient_boosting,44,entry_movement,val_eval,2025,6,0.39097406666814394,1.8469309206361084,269,2418
nearest_k60_no_time_sequence_flat,hist_gradient_boosting,42,entry_movement,val_select,2021,12,0.32572451436921285,1.3260355854789014,269,2417
nearest_k60_no_time_sequence_flat,hist_gradient_boosting,42,entry_movement,val_select,2022,12,0.2647712589854643,1.3287682462387824,252,2267
nearest_k60_no_time_sequence_flat,hist_gradient_boosting,42,entry_movement,val_select,2023,12,0.383310153960159,1.4746812289938775,145,1298
nearest_k60_no_time_sequence_flat,hist_gradient_boosting,42,entry_movement,val_eval,2023,12,0.23667267965328787,1.5484702482363142,124,1112
nearest_k60_no_time_sequence_flat,hist_gradient_boosting,42,entry_movement,val_eval,2024,12,0.31833362984550995,1.2811645202575324,273,2450
nearest_k60_no_time_sequence_flat,hist_gradient_boosting,42,entry_movement,val_eval,2025,12,0.43235151928126425,1.9326360561282785,269,2418
nearest_k60_no_time_sequence_flat,hist_gradient_boosting,43,entry_movement,val_select,2021,12,0.31468755941317106,1.324333285773696,269,2417
nearest_k60_no_time_sequence_flat,hist_gradient_boosting,43,entry_movement,val_select,2022,12,0.27003299342925596,1.3610589846974444,252,2267
nearest_k60_no_time_sequence_flat,hist_gradient_boosting,43,entry_movement,val_select,2023,12,0.3446081274127484,1.373275720652115,145,1298
nearest_k60_no_time_sequence_flat,hist_gradient_boosting,43,entry_movement,val_eval,2023,12,0.21707689985375653,1.4486039837578804,124,1112
nearest_k60_no_time_sequence_flat,hist_gradient_boosting,43,entry_movement,val_eval,2024,12,0.30201298280022526,1.3600211414252397,273,2450
nearest_k60_no_time_sequence_flat,hist_gradient_boosting,43,entry_movement,val_eval,2025,12,0.39301753880678336,1.8279719961100513,269,2418
nearest_k60_no_time_sequence_flat,hist_gradient_boosting,44,entry_movement,val_select,2021,12,0.3138341138314855,1.3553787737809082,269,2417
nearest_k60_no_time_sequence_flat,hist_gradient_boosting,44,entry_movement,val_select,2022,12,0.24666105580579747,1.3226213832727989,252,2267
nearest_k60_no_time_sequence_flat,hist_gradient_boosting,44,entry_movement,val_select,2023,12,0.32009627981316047,1.4304837092713458,145,1298
nearest_k60_no_time_sequence_flat,hist_gradient_boosting,44,entry_movement,val_eval,2023,12,0.24157868439032917,1.756012882873499,124,1112
nearest_k60_no_time_sequence_flat,hist_gradient_boosting,44,entry_movement,val_eval,2024,12,0.3217997624245268,1.2882321813555646,273,2450
nearest_k60_no_time_sequence_flat,hist_gradient_boosting,44,entry_movement,val_eval,2025,12,0.40879155455803945,1.8645450383776803,269,2418
nearest_k60_no_time_sequence_flat,hist_gradient_boosting,42,entry_movement,val_select,2021,24,0.09354542762907458,1.0583596772893973,269,2417
nearest_k60_no_time_sequence_flat,hist_gradient_boosting,42,entry_movement,val_select,2022,24,0.09623635759517514,1.0477133215562955,252,2267
nearest_k60_no_time_sequence_flat,hist_gradient_boosting,42,entry_movement,val_select,2023,24,0.24957965608961408,1.305956439249558,145,1298
nearest_k60_no_time_sequence_flat,hist_gradient_boosting,42,entry_movement,val_eval,2023,24,0.062079906797806735,1.551798949353596,124,1112
nearest_k60_no_time_sequence_flat,hist_gradient_boosting,42,entry_movement,val_eval,2024,24,0.25938497502313096,1.2410448837339243,273,2450
nearest_k60_no_time_sequence_flat,hist_gradient_boosting,42,entry_movement,val_eval,2025,24,0.3476779721942794,1.871519370813885,269,2418
nearest_k60_no_time_sequence_flat,hist_gradient_boosting,43,entry_movement,val_select,2021,24,0.1257924721788332,1.1498962884267885,269,2417
nearest_k60_no_time_sequence_flat,hist_gradient_boosting,43,entry_movement,val_select,2022,24,0.12500284495396596,1.2363640861577498,252,2267
nearest_k60_no_time_sequence_flat,hist_gradient_boosting,43,entry_movement,val_select,2023,24,0.2322014079865828,1.4582203534148444,145,1298
nearest_k60_no_time_sequence_flat,hist_gradient_boosting,43,entry_movement,val_eval,2023,24,0.0826288580116944,1.5709218814723747,124,1112
nearest_k60_no_time_sequence_flat,hist_gradient_boosting,43,entry_movement,val_eval,2024,24,0.30923481840488604,1.2360500030505612,273,2450
nearest_k60_no_time_sequence_flat,hist_gradient_boosting,43,entry_movement,val_eval,2025,24,0.3924042070778791,1.8026318310326837,269,2418
nearest_k60_no_time_sequence_flat,hist_gradient_boosting,44,entry_movement,val_select,2021,24,0.13397967170623457,1.1829354585840532,269,2417
nearest_k60_no_time_sequence_flat,hist_gradient_boosting,44,entry_movement,val_select,2022,24,0.10086334081278633,1.1430808445680174,252,2267
nearest_k60_no_time_sequence_flat,hist_gradient_boosting,44,entry_movement,val_select,2023,24,0.21478326789893729,1.445899418210106,145,1298
nearest_k60_no_time_sequence_flat,hist_gradient_boosting,44,entry_movement,val_eval,2023,24,0.015826824367576743,1.5308448512408954,124,1112
nearest_k60_no_time_sequence_flat,hist_gradient_boosting,44,entry_movement,val_eval,2024,24,0.27501195742523354,1.2434662621757637,273,2450
nearest_k60_no_time_sequence_flat,hist_gradient_boosting,44,entry_movement,val_eval,2025,24,0.41523201893055606,1.8155394715239763,269,2418
nearest_k60_no_time_sequence_flat,extra_trees_small,42,entry_movement,val_select,2021,3,0.3731290864126188,1.5401123980013522,269,2417
nearest_k60_no_time_sequence_flat,extra_trees_small,42,entry_movement,val_select,2022,3,0.4114425542113409,1.6620172983460348,252,2267
nearest_k60_no_time_sequence_flat,extra_trees_small,42,entry_movement,val_select,2023,3,0.38561807172384577,1.4945739492160526,145,1298
nearest_k60_no_time_sequence_flat,extra_trees_small,42,entry_movement,val_eval,2023,3,0.3720701574490112,1.624684514357563,124,1112
nearest_k60_no_time_sequence_flat,extra_trees_small,42,entry_movement,val_eval,2024,3,0.35806078731249985,1.4868719663872216,273,2450
nearest_k60_no_time_sequence_flat,extra_trees_small,42,entry_movement,val_eval,2025,3,0.34702479746420434,1.8681419987090404,269,2418
nearest_k60_no_time_sequence_flat,extra_trees_small,43,entry_movement,val_select,2021,3,0.37681982256809704,1.5615306872738872,269,2417
nearest_k60_no_time_sequence_flat,extra_trees_small,43,entry_movement,val_select,2022,3,0.41024017321902445,1.7371369745925147,252,2267
nearest_k60_no_time_sequence_flat,extra_trees_small,43,entry_movement,val_select,2023,3,0.3885278639794524,1.5132869001521656,145,1298
nearest_k60_no_time_sequence_flat,extra_trees_small,43,entry_movement,val_eval,2023,3,0.3756605933125091,1.7214338550608963,124,1112
nearest_k60_no_time_sequence_flat,extra_trees_small,43,entry_movement,val_eval,2024,3,0.35048915324783925,1.5073702223669443,273,2450
nearest_k60_no_time_sequence_flat,extra_trees_small,43,entry_movement,val_eval,2025,3,0.344484370602825,1.9499553711536672,269,2418
nearest_k60_no_time_sequence_flat,extra_trees_small,44,entry_movement,val_select,2021,3,0.3695342786794545,1.5128409077779197,269,2417
nearest_k60_no_time_sequence_flat,extra_trees_small,44,entry_movement,val_select,2022,3,0.40737535650006584,1.732852054311956,252,2267
nearest_k60_no_time_sequence_flat,extra_trees_small,44,entry_movement,val_select,2023,3,0.3831495929481594,1.525937919126704,145,1298
nearest_k60_no_time_sequence_flat,extra_trees_small,44,entry_movement,val_eval,2023,3,0.37127693126229594,1.637424252804517,124,1112
nearest_k60_no_time_sequence_flat,extra_trees_small,44,entry_movement,val_eval,2024,3,0.35457516290926355,1.5172827987196122,273,2450
nearest_k60_no_time_sequence_flat,extra_trees_small,44,entry_movement,val_eval,2025,3,0.35041110245703116,1.9613543646519196,269,2418
nearest_k60_no_time_sequence_flat,extra_trees_small,42,entry_movement,val_select,2021,6,0.3717854903011826,1.4240227880684282,269,2417
nearest_k60_no_time_sequence_flat,extra_trees_small,42,entry_movement,val_select,2022,6,0.39407789633483525,1.7125100869525602,252,2267
nearest_k60_no_time_sequence_flat,extra_trees_small,42,entry_movement,val_select,2023,6,0.3703472818057069,1.3179924185111442,145,1298
nearest_k60_no_time_sequence_flat,extra_trees_small,42,entry_movement,val_eval,2023,6,0.3536812033513807,1.7827182913015747,124,1112
nearest_k60_no_time_sequence_flat,extra_trees_small,42,entry_movement,val_eval,2024,6,0.3206785487668555,1.4238650104350692,273,2450
nearest_k60_no_time_sequence_flat,extra_trees_small,42,entry_movement,val_eval,2025,6,0.3640761387104046,2.0205332667254186,269,2418
nearest_k60_no_time_sequence_flat,extra_trees_small,43,entry_movement,val_select,2021,6,0.3848164117193504,1.4307508248652454,269,2417
nearest_k60_no_time_sequence_flat,extra_trees_small,43,entry_movement,val_select,2022,6,0.3946654494060353,1.6506831538671216,252,2267
nearest_k60_no_time_sequence_flat,extra_trees_small,43,entry_movement,val_select,2023,6,0.38907377466790144,1.3147938341569632,145,1298
nearest_k60_no_time_sequence_flat,extra_trees_small,43,entry_movement,val_eval,2023,6,0.35868236850655527,1.5500313910729746,124,1112
nearest_k60_no_time_sequence_flat,extra_trees_small,43,entry_movement,val_eval,2024,6,0.3311285585299429,1.4434394961408825,273,2450
nearest_k60_no_time_sequence_flat,extra_trees_small,43,entry_movement,val_eval,2025,6,0.36577385925389033,2.0009247856146146,269,2418
nearest_k60_no_time_sequence_flat,extra_trees_small,44,entry_movement,val_select,2021,6,0.38282341948879856,1.387777186413474,269,2417
nearest_k60_no_time_sequence_flat,extra_trees_small,44,entry_movement,val_select,2022,6,0.3908650840377075,1.6004886022244205,252,2267
nearest_k60_no_time_sequence_flat,extra_trees_small,44,entry_movement,val_select,2023,6,0.37701850990796776,1.2866870168505444,145,1298
nearest_k60_no_time_sequence_flat,extra_trees_small,44,entry_movement,val_eval,2023,6,0.3606492017868959,1.5078428675544207,124,1112
nearest_k60_no_time_sequence_flat,extra_trees_small,44,entry_movement,val_eval,2024,6,0.3320367471505014,1.3847329122521144,273,2450
nearest_k60_no_time_sequence_flat,extra_trees_small,44,entry_movement,val_eval,2025,6,0.35647802888612773,1.9538562400673463,269,2418
nearest_k60_no_time_sequence_flat,extra_trees_small,42,entry_movement,val_select,2021,12,0.28689761037762074,1.2725220451397186,269,2417
nearest_k60_no_time_sequence_flat,extra_trees_small,42,entry_movement,val_select,2022,12,0.3046119052072523,1.509953453504076,252,2267
nearest_k60_no_time_sequence_flat,extra_trees_small,42,entry_movement,val_select,2023,12,0.2842069779275898,1.2192159010763701,145,1298
nearest_k60_no_time_sequence_flat,extra_trees_small,42,entry_movement,val_eval,2023,12,0.3035380647248541,1.853232216895165,124,1112
nearest_k60_no_time_sequence_flat,extra_trees_small,42,entry_movement,val_eval,2024,12,0.2789693971456321,1.2711325235168116,273,2450
nearest_k60_no_time_sequence_flat,extra_trees_small,42,entry_movement,val_eval,2025,12,0.39155748104770277,1.9231009712480085,269,2418
nearest_k60_no_time_sequence_flat,extra_trees_small,43,entry_movement,val_select,2021,12,0.28108199283343255,1.308428189817189,269,2417
nearest_k60_no_time_sequence_flat,extra_trees_small,43,entry_movement,val_select,2022,12,0.3041178797123703,1.5620864970206705,252,2267
nearest_k60_no_time_sequence_flat,extra_trees_small,43,entry_movement,val_select,2023,12,0.27994445285402897,1.2408120791361557,145,1298
nearest_k60_no_time_sequence_flat,extra_trees_small,43,entry_movement,val_eval,2023,12,0.2713648852463093,1.673084663202644,124,1112
nearest_k60_no_time_sequence_flat,extra_trees_small,43,entry_movement,val_eval,2024,12,0.27386396611693087,1.2763842561082077,273,2450
nearest_k60_no_time_sequence_flat,extra_trees_small,43,entry_movement,val_eval,2025,12,0.3832379017855976,1.9449269535878446,269,2418
nearest_k60_no_time_sequence_flat,extra_trees_small,44,entry_movement,val_select,2021,12,0.2912437640189353,1.2547146937414384,269,2417
nearest_k60_no_time_sequence_flat,extra_trees_small,44,entry_movement,val_select,2022,12,0.3128066037800213,1.563901661375814,252,2267
nearest_k60_no_time_sequence_flat,extra_trees_small,44,entry_movement,val_select,2023,12,0.2941959815058298,1.300903680165658,145,1298
nearest_k60_no_time_sequence_flat,extra_trees_small,44,entry_movement,val_eval,2023,12,0.2993414546015712,1.5779938685405634,124,1112
nearest_k60_no_time_sequence_flat,extra_trees_small,44,entry_movement,val_eval,2024,12,0.2686538569542089,1.3396151000059409,273,2450
nearest_k60_no_time_sequence_flat,extra_trees_small,44,entry_movement,val_eval,2025,12,0.4028989215286632,1.9982278198699632,269,2418
nearest_k60_no_time_sequence_flat,extra_trees_small,42,entry_movement,val_select,2021,24,0.09081023291597003,1.07492640695773,269,2417
nearest_k60_no_time_sequence_flat,extra_trees_small,42,entry_movement,val_select,2022,24,0.25436593166345695,1.3232846750004792,252,2267
nearest_k60_no_time_sequence_flat,extra_trees_small,42,entry_movement,val_select,2023,24,0.15292878931981516,1.1788935871304627,145,1298
nearest_k60_no_time_sequence_flat,extra_trees_small,42,entry_movement,val_eval,2023,24,0.21252160559089003,1.204770846805002,124,1112
nearest_k60_no_time_sequence_flat,extra_trees_small,42,entry_movement,val_eval,2024,24,0.13096515311107298,1.178592463072863,273,2450
nearest_k60_no_time_sequence_flat,extra_trees_small,42,entry_movement,val_eval,2025,24,0.4928684688963266,1.940785070088137,269,2418
nearest_k60_no_time_sequence_flat,extra_trees_small,43,entry_movement,val_select,2021,24,0.14375350507222698,1.1174797151607758,269,2417
nearest_k60_no_time_sequence_flat,extra_trees_small,43,entry_movement,val_select,2022,24,0.24258638375281957,1.3170682342340554,252,2267
nearest_k60_no_time_sequence_flat,extra_trees_small,43,entry_movement,val_select,2023,24,0.12243780079515162,1.0367715657665877,145,1298
nearest_k60_no_time_sequence_flat,extra_trees_small,43,entry_movement,val_eval,2023,24,0.14612522661904906,1.2748973505325247,124,1112
nearest_k60_no_time_sequence_flat,extra_trees_small,43,entry_movement,val_eval,2024,24,0.15443244371439518,1.2604191002341352,273,2450
nearest_k60_no_time_sequence_flat,extra_trees_small,43,entry_movement,val_eval,2025,24,0.48000407156090835,2.0092082350664264,269,2418
nearest_k60_no_time_sequence_flat,extra_trees_small,44,entry_movement,val_select,2021,24,0.10960482761765022,1.1450178527906798,269,2417
nearest_k60_no_time_sequence_flat,extra_trees_small,44,entry_movement,val_select,2022,24,0.26202609416119693,1.231092083187011,252,2267
nearest_k60_no_time_sequence_flat,extra_trees_small,44,entry_movement,val_select,2023,24,0.10042107158241248,1.100588137532393,145,1298
nearest_k60_no_time_sequence_flat,extra_trees_small,44,entry_movement,val_eval,2023,24,0.14510029255459678,1.6091245299452706,124,1112
nearest_k60_no_time_sequence_flat,extra_trees_small,44,entry_movement,val_eval,2024,24,0.18633351024463268,1.1895299805791877,273,2450
nearest_k60_no_time_sequence_flat,extra_trees_small,44,entry_movement,val_eval,2025,24,0.4663264512110706,1.8964485659178434,269,2418
nearest_k60_no_price_coord_sequence_flat,hist_gradient_boosting,42,entry_movement,val_select,2021,3,0.5246088607157452,1.9774219330251461,269,2417
nearest_k60_no_price_coord_sequence_flat,hist_gradient_boosting,42,entry_movement,val_select,2022,3,0.5460157941292261,1.9390969726523726,252,2267
nearest_k60_no_price_coord_sequence_flat,hist_gradient_boosting,42,entry_movement,val_select,2023,3,0.5609205336596408,2.3062159023057416,145,1298
nearest_k60_no_price_coord_sequence_flat,hist_gradient_boosting,42,entry_movement,val_eval,2023,3,0.5178551860062001,2.0346017807548487,124,1112
nearest_k60_no_price_coord_sequence_flat,hist_gradient_boosting,42,entry_movement,val_eval,2024,3,0.4847954400497485,1.9851004148810332,273,2450
nearest_k60_no_price_coord_sequence_flat,hist_gradient_boosting,42,entry_movement,val_eval,2025,3,0.416621139206573,1.751110833798295,269,2418
nearest_k60_no_price_coord_sequence_flat,hist_gradient_boosting,43,entry_movement,val_select,2021,3,0.49839317284064993,1.9455765327636638,269,2417
nearest_k60_no_price_coord_sequence_flat,hist_gradient_boosting,43,entry_movement,val_select,2022,3,0.5285085669994777,1.982799714622445,252,2267
nearest_k60_no_price_coord_sequence_flat,hist_gradient_boosting,43,entry_movement,val_select,2023,3,0.5606954927596762,2.230171564836809,145,1298
nearest_k60_no_price_coord_sequence_flat,hist_gradient_boosting,43,entry_movement,val_eval,2023,3,0.4982419129106286,1.9927075029572408,124,1112
nearest_k60_no_price_coord_sequence_flat,hist_gradient_boosting,43,entry_movement,val_eval,2024,3,0.48356398409894785,2.0292738470910296,273,2450
nearest_k60_no_price_coord_sequence_flat,hist_gradient_boosting,43,entry_movement,val_eval,2025,3,0.4164429112118376,1.9092172411806356,269,2418
nearest_k60_no_price_coord_sequence_flat,hist_gradient_boosting,44,entry_movement,val_select,2021,3,0.500223226485115,1.9036803785118905,269,2417
nearest_k60_no_price_coord_sequence_flat,hist_gradient_boosting,44,entry_movement,val_select,2022,3,0.5262375010012832,1.9357569338575147,252,2267
nearest_k60_no_price_coord_sequence_flat,hist_gradient_boosting,44,entry_movement,val_select,2023,3,0.5653405916575376,2.166081279583953,145,1298
nearest_k60_no_price_coord_sequence_flat,hist_gradient_boosting,44,entry_movement,val_eval,2023,3,0.502652908522477,2.061984912537716,124,1112
nearest_k60_no_price_coord_sequence_flat,hist_gradient_boosting,44,entry_movement,val_eval,2024,3,0.49711611180102294,1.9906585590829202,273,2450
nearest_k60_no_price_coord_sequence_flat,hist_gradient_boosting,44,entry_movement,val_eval,2025,3,0.42124220421621467,1.905613748287297,269,2418
nearest_k60_no_price_coord_sequence_flat,hist_gradient_boosting,42,entry_movement,val_select,2021,6,0.5178840747624996,1.6449063697575832,269,2417
nearest_k60_no_price_coord_sequence_flat,hist_gradient_boosting,42,entry_movement,val_select,2022,6,0.5115774549883583,1.702947590235797,252,2267
nearest_k60_no_price_coord_sequence_flat,hist_gradient_boosting,42,entry_movement,val_select,2023,6,0.5428933140437854,1.8447727938507672,145,1298
nearest_k60_no_price_coord_sequence_flat,hist_gradient_boosting,42,entry_movement,val_eval,2023,6,0.47924749901568503,1.6971623787492514,124,1112
nearest_k60_no_price_coord_sequence_flat,hist_gradient_boosting,42,entry_movement,val_eval,2024,6,0.4516391193258094,1.6189124216222057,273,2450
nearest_k60_no_price_coord_sequence_flat,hist_gradient_boosting,42,entry_movement,val_eval,2025,6,0.44180215201051615,2.0154737270127674,269,2418
nearest_k60_no_price_coord_sequence_flat,hist_gradient_boosting,43,entry_movement,val_select,2021,6,0.4817929900947669,1.610554811302877,269,2417
nearest_k60_no_price_coord_sequence_flat,hist_gradient_boosting,43,entry_movement,val_select,2022,6,0.4855990583164742,1.6852038194271999,252,2267
nearest_k60_no_price_coord_sequence_flat,hist_gradient_boosting,43,entry_movement,val_select,2023,6,0.559141833577686,1.8306371027694952,145,1298
nearest_k60_no_price_coord_sequence_flat,hist_gradient_boosting,43,entry_movement,val_eval,2023,6,0.49735622135180596,1.716246447794685,124,1112
nearest_k60_no_price_coord_sequence_flat,hist_gradient_boosting,43,entry_movement,val_eval,2024,6,0.45590503589538095,1.6759333618687107,273,2450
nearest_k60_no_price_coord_sequence_flat,hist_gradient_boosting,43,entry_movement,val_eval,2025,6,0.4252087009174768,1.9639785663392917,269,2418
nearest_k60_no_price_coord_sequence_flat,hist_gradient_boosting,44,entry_movement,val_select,2021,6,0.4978184641134253,1.6283714772211924,269,2417
nearest_k60_no_price_coord_sequence_flat,hist_gradient_boosting,44,entry_movement,val_select,2022,6,0.49973627882260224,1.7310388816263949,252,2267
nearest_k60_no_price_coord_sequence_flat,hist_gradient_boosting,44,entry_movement,val_select,2023,6,0.5523156532654876,1.8223891578618425,145,1298
nearest_k60_no_price_coord_sequence_flat,hist_gradient_boosting,44,entry_movement,val_eval,2023,6,0.49226389141565097,1.7037640766133768,124,1112
nearest_k60_no_price_coord_sequence_flat,hist_gradient_boosting,44,entry_movement,val_eval,2024,6,0.4470111813756101,1.5813963411074998,273,2450
nearest_k60_no_price_coord_sequence_flat,hist_gradient_boosting,44,entry_movement,val_eval,2025,6,0.4272646820560432,1.9275943094971524,269,2418
nearest_k60_no_price_coord_sequence_flat,hist_gradient_boosting,42,entry_movement,val_select,2021,12,0.4033869247471167,1.353800021615097,269,2417
nearest_k60_no_price_coord_sequence_flat,hist_gradient_boosting,42,entry_movement,val_select,2022,12,0.342070749201232,1.4703333788285091,252,2267
nearest_k60_no_price_coord_sequence_flat,hist_gradient_boosting,42,entry_movement,val_select,2023,12,0.42989634345005745,1.4458848267809783,145,1298
nearest_k60_no_price_coord_sequence_flat,hist_gradient_boosting,42,entry_movement,val_eval,2023,12,0.37403204217114244,1.5951673026187072,124,1112
nearest_k60_no_price_coord_sequence_flat,hist_gradient_boosting,42,entry_movement,val_eval,2024,12,0.3972894442108852,1.4538766650665391,273,2450
nearest_k60_no_price_coord_sequence_flat,hist_gradient_boosting,42,entry_movement,val_eval,2025,12,0.412154463561372,1.7833428355334477,269,2418
nearest_k60_no_price_coord_sequence_flat,hist_gradient_boosting,43,entry_movement,val_select,2021,12,0.43801075760244207,1.4467351082139388,269,2417
nearest_k60_no_price_coord_sequence_flat,hist_gradient_boosting,43,entry_movement,val_select,2022,12,0.37561763451446206,1.435272406403186,252,2267
nearest_k60_no_price_coord_sequence_flat,hist_gradient_boosting,43,entry_movement,val_select,2023,12,0.4576539373128347,1.6019190235728085,145,1298
nearest_k60_no_price_coord_sequence_flat,hist_gradient_boosting,43,entry_movement,val_eval,2023,12,0.3969607691751443,1.503353353550376,124,1112
nearest_k60_no_price_coord_sequence_flat,hist_gradient_boosting,43,entry_movement,val_eval,2024,12,0.4223566128752595,1.4166205978110928,273,2450
nearest_k60_no_price_coord_sequence_flat,hist_gradient_boosting,43,entry_movement,val_eval,2025,12,0.4255093492161644,1.9392229308505122,269,2418
nearest_k60_no_price_coord_sequence_flat,hist_gradient_boosting,44,entry_movement,val_select,2021,12,0.42782433157793964,1.4345818714657235,269,2417
nearest_k60_no_price_coord_sequence_flat,hist_gradient_boosting,44,entry_movement,val_select,2022,12,0.3472122933188398,1.4802367829529688,252,2267
nearest_k60_no_price_coord_sequence_flat,hist_gradient_boosting,44,entry_movement,val_select,2023,12,0.46716744328914034,1.6037729250533383,145,1298
nearest_k60_no_price_coord_sequence_flat,hist_gradient_boosting,44,entry_movement,val_eval,2023,12,0.3848945943670581,1.7230212551350412,124,1112
nearest_k60_no_price_coord_sequence_flat,hist_gradient_boosting,44,entry_movement,val_eval,2024,12,0.419869366446654,1.482506790566466,273,2450
nearest_k60_no_price_coord_sequence_flat,hist_gradient_boosting,44,entry_movement,val_eval,2025,12,0.42384467162817263,1.830930363890005,269,2418
nearest_k60_no_price_coord_sequence_flat,hist_gradient_boosting,42,entry_movement,val_select,2021,24,0.13244989400462215,1.1306882661106514,269,2417
nearest_k60_no_price_coord_sequence_flat,hist_gradient_boosting,42,entry_movement,val_select,2022,24,0.09879464866263418,1.203192315455002,252,2267
nearest_k60_no_price_coord_sequence_flat,hist_gradient_boosting,42,entry_movement,val_select,2023,24,0.23391636597934826,1.4041434993880444,145,1298
nearest_k60_no_price_coord_sequence_flat,hist_gradient_boosting,42,entry_movement,val_eval,2023,24,0.04216067545031531,1.4226537138914683,124,1112
nearest_k60_no_price_coord_sequence_flat,hist_gradient_boosting,42,entry_movement,val_eval,2024,24,0.32802485485216154,1.285580017271235,273,2450
nearest_k60_no_price_coord_sequence_flat,hist_gradient_boosting,42,entry_movement,val_eval,2025,24,0.39164964046280526,1.846718696730129,269,2418
nearest_k60_no_price_coord_sequence_flat,hist_gradient_boosting,43,entry_movement,val_select,2021,24,0.13889799463402733,1.1713884584345589,269,2417
nearest_k60_no_price_coord_sequence_flat,hist_gradient_boosting,43,entry_movement,val_select,2022,24,0.155295717474609,1.1366063598366922,252,2267
nearest_k60_no_price_coord_sequence_flat,hist_gradient_boosting,43,entry_movement,val_select,2023,24,0.26559537411629097,1.4747099054914452,145,1298
nearest_k60_no_price_coord_sequence_flat,hist_gradient_boosting,43,entry_movement,val_eval,2023,24,0.03414082237320465,1.6231882279708814,124,1112
nearest_k60_no_price_coord_sequence_flat,hist_gradient_boosting,43,entry_movement,val_eval,2024,24,0.2747994517688525,1.2332073660567047,273,2450
nearest_k60_no_price_coord_sequence_flat,hist_gradient_boosting,43,entry_movement,val_eval,2025,24,0.38704261888302444,1.8325172481553966,269,2418
nearest_k60_no_price_coord_sequence_flat,hist_gradient_boosting,44,entry_movement,val_select,2021,24,0.1632077610979248,1.218137634149598,269,2417
nearest_k60_no_price_coord_sequence_flat,hist_gradient_boosting,44,entry_movement,val_select,2022,24,0.1548348861955459,1.1975963493644177,252,2267
nearest_k60_no_price_coord_sequence_flat,hist_gradient_boosting,44,entry_movement,val_select,2023,24,0.25234086903502295,1.4575082724033595,145,1298
nearest_k60_no_price_coord_sequence_flat,hist_gradient_boosting,44,entry_movement,val_eval,2023,24,0.08016505895264515,1.624224222904626,124,1112
nearest_k60_no_price_coord_sequence_flat,hist_gradient_boosting,44,entry_movement,val_eval,2024,24,0.27426809102468924,1.213118442430333,273,2450
nearest_k60_no_price_coord_sequence_flat,hist_gradient_boosting,44,entry_movement,val_eval,2025,24,0.41078843613836596,1.7563588742463558,269,2418
nearest_k60_no_price_coord_sequence_flat,extra_trees_small,42,entry_movement,val_select,2021,3,0.5242728251186576,2.0207896606885294,269,2417
nearest_k60_no_price_coord_sequence_flat,extra_trees_small,42,entry_movement,val_select,2022,3,0.5516346982952586,1.9823927185247157,252,2267
nearest_k60_no_price_coord_sequence_flat,extra_trees_small,42,entry_movement,val_select,2023,3,0.5751706338366575,2.2068516110767216,145,1298
nearest_k60_no_price_coord_sequence_flat,extra_trees_small,42,entry_movement,val_eval,2023,3,0.5509835546305896,2.054695128950954,124,1112
nearest_k60_no_price_coord_sequence_flat,extra_trees_small,42,entry_movement,val_eval,2024,3,0.47973848556710985,1.9022394030861582,273,2450
nearest_k60_no_price_coord_sequence_flat,extra_trees_small,42,entry_movement,val_eval,2025,3,0.3757932624239539,1.6687397421939225,269,2418
nearest_k60_no_price_coord_sequence_flat,extra_trees_small,43,entry_movement,val_select,2021,3,0.5190377882512052,1.9922022724376875,269,2417
nearest_k60_no_price_coord_sequence_flat,extra_trees_small,43,entry_movement,val_select,2022,3,0.5544498532072513,1.986607786697735,252,2267
nearest_k60_no_price_coord_sequence_flat,extra_trees_small,43,entry_movement,val_select,2023,3,0.5710137006940735,2.119721561474757,145,1298
nearest_k60_no_price_coord_sequence_flat,extra_trees_small,43,entry_movement,val_eval,2023,3,0.5488654314941862,2.0069519244005245,124,1112
nearest_k60_no_price_coord_sequence_flat,extra_trees_small,43,entry_movement,val_eval,2024,3,0.4786284632292732,1.9240611382886705,273,2450
nearest_k60_no_price_coord_sequence_flat,extra_trees_small,43,entry_movement,val_eval,2025,3,0.37590138405841433,1.64788728558502,269,2418
nearest_k60_no_price_coord_sequence_flat,extra_trees_small,44,entry_movement,val_select,2021,3,0.5185535200405439,2.0342400102271765,269,2417
nearest_k60_no_price_coord_sequence_flat,extra_trees_small,44,entry_movement,val_select,2022,3,0.5550801948209083,2.0053512670798153,252,2267
nearest_k60_no_price_coord_sequence_flat,extra_trees_small,44,entry_movement,val_select,2023,3,0.5682200569327743,2.2048354221122146,145,1298
nearest_k60_no_price_coord_sequence_flat,extra_trees_small,44,entry_movement,val_eval,2023,3,0.5511580609263661,2.0155687490250624,124,1112
nearest_k60_no_price_coord_sequence_flat,extra_trees_small,44,entry_movement,val_eval,2024,3,0.4790944699348955,1.9348296247870447,273,2450
nearest_k60_no_price_coord_sequence_flat,extra_trees_small,44,entry_movement,val_eval,2025,3,0.3774038963274465,1.6335602386557688,269,2418
nearest_k60_no_price_coord_sequence_flat,extra_trees_small,42,entry_movement,val_select,2021,6,0.5142432864461931,1.718733140337686,269,2417
nearest_k60_no_price_coord_sequence_flat,extra_trees_small,42,entry_movement,val_select,2022,6,0.5175046407427325,1.777702704388084,252,2267
nearest_k60_no_price_coord_sequence_flat,extra_trees_small,42,entry_movement,val_select,2023,6,0.5494760789898383,1.7339383325146094,145,1298
nearest_k60_no_price_coord_sequence_flat,extra_trees_small,42,entry_movement,val_eval,2023,6,0.5352359903935536,1.869137963707285,124,1112
nearest_k60_no_price_coord_sequence_flat,extra_trees_small,42,entry_movement,val_eval,2024,6,0.43470484200038334,1.754582036822876,273,2450
nearest_k60_no_price_coord_sequence_flat,extra_trees_small,42,entry_movement,val_eval,2025,6,0.35877327156450145,1.7580448265292428,269,2418
nearest_k60_no_price_coord_sequence_flat,extra_trees_small,43,entry_movement,val_select,2021,6,0.5208839499366529,1.6844895832664963,269,2417
nearest_k60_no_price_coord_sequence_flat,extra_trees_small,43,entry_movement,val_select,2022,6,0.5229944841529077,1.7658019012441248,252,2267
nearest_k60_no_price_coord_sequence_flat,extra_trees_small,43,entry_movement,val_select,2023,6,0.5538177173546919,1.6687669060076304,145,1298
nearest_k60_no_price_coord_sequence_flat,extra_trees_small,43,entry_movement,val_eval,2023,6,0.529428233266077,1.7894263675115338,124,1112
nearest_k60_no_price_coord_sequence_flat,extra_trees_small,43,entry_movement,val_eval,2024,6,0.4318310133551097,1.670206615106304,273,2450
nearest_k60_no_price_coord_sequence_flat,extra_trees_small,43,entry_movement,val_eval,2025,6,0.36229969623954106,1.747854125170392,269,2418
nearest_k60_no_price_coord_sequence_flat,extra_trees_small,44,entry_movement,val_select,2021,6,0.50899169363704,1.7216299234060328,269,2417
nearest_k60_no_price_coord_sequence_flat,extra_trees_small,44,entry_movement,val_select,2022,6,0.5199319292911639,1.8351473659199895,252,2267
nearest_k60_no_price_coord_sequence_flat,extra_trees_small,44,entry_movement,val_select,2023,6,0.5555092484765303,1.7134114168241958,145,1298
nearest_k60_no_price_coord_sequence_flat,extra_trees_small,44,entry_movement,val_eval,2023,6,0.5272095269866593,1.6100831268181814,124,1112
nearest_k60_no_price_coord_sequence_flat,extra_trees_small,44,entry_movement,val_eval,2024,6,0.4211860428740395,1.6855077033356258,273,2450
nearest_k60_no_price_coord_sequence_flat,extra_trees_small,44,entry_movement,val_eval,2025,6,0.35260079580841863,1.8559355481571647,269,2418
nearest_k60_no_price_coord_sequence_flat,extra_trees_small,42,entry_movement,val_select,2021,12,0.4614789695166727,1.3716145395288792,269,2417
nearest_k60_no_price_coord_sequence_flat,extra_trees_small,42,entry_movement,val_select,2022,12,0.41971091367760904,1.5229048701133527,252,2267
nearest_k60_no_price_coord_sequence_flat,extra_trees_small,42,entry_movement,val_select,2023,12,0.47212143556285574,1.3846449604724582,145,1298
nearest_k60_no_price_coord_sequence_flat,extra_trees_small,42,entry_movement,val_eval,2023,12,0.4550995708725539,1.6465528406524663,124,1112
nearest_k60_no_price_coord_sequence_flat,extra_trees_small,42,entry_movement,val_eval,2024,12,0.3714403012517555,1.3531654768863999,273,2450
nearest_k60_no_price_coord_sequence_flat,extra_trees_small,42,entry_movement,val_eval,2025,12,0.3368225357050656,1.813320966878379,269,2418
nearest_k60_no_price_coord_sequence_flat,extra_trees_small,43,entry_movement,val_select,2021,12,0.4585620968994771,1.421497972689814,269,2417
nearest_k60_no_price_coord_sequence_flat,extra_trees_small,43,entry_movement,val_select,2022,12,0.4183416412560429,1.5673397128154178,252,2267
nearest_k60_no_price_coord_sequence_flat,extra_trees_small,43,entry_movement,val_select,2023,12,0.4671094402309146,1.4441616343942674,145,1298
nearest_k60_no_price_coord_sequence_flat,extra_trees_small,43,entry_movement,val_eval,2023,12,0.4561425985131567,1.6698772940293394,124,1112
nearest_k60_no_price_coord_sequence_flat,extra_trees_small,43,entry_movement,val_eval,2024,12,0.38323638819050226,1.4276875958103719,273,2450
nearest_k60_no_price_coord_sequence_flat,extra_trees_small,43,entry_movement,val_eval,2025,12,0.3452854553226775,1.9301140294543098,269,2418
nearest_k60_no_price_coord_sequence_flat,extra_trees_small,44,entry_movement,val_select,2021,12,0.463690843650119,1.3770789821127238,269,2417
nearest_k60_no_price_coord_sequence_flat,extra_trees_small,44,entry_movement,val_select,2022,12,0.4278551567946294,1.6096592223765303,252,2267
nearest_k60_no_price_coord_sequence_flat,extra_trees_small,44,entry_movement,val_select,2023,12,0.4760499168800088,1.4951606813024276,145,1298
nearest_k60_no_price_coord_sequence_flat,extra_trees_small,44,entry_movement,val_eval,2023,12,0.45716721733527216,1.7183483384480014,124,1112
nearest_k60_no_price_coord_sequence_flat,extra_trees_small,44,entry_movement,val_eval,2024,12,0.3797500494227082,1.5177861220839155,273,2450
nearest_k60_no_price_coord_sequence_flat,extra_trees_small,44,entry_movement,val_eval,2025,12,0.33363570835389905,1.8754511390887174,269,2418
nearest_k60_no_price_coord_sequence_flat,extra_trees_small,42,entry_movement,val_select,2021,24,0.09332468369026288,1.1413621069723177,269,2417
nearest_k60_no_price_coord_sequence_flat,extra_trees_small,42,entry_movement,val_select,2022,24,0.2966040885628787,1.3758974908864203,252,2267
nearest_k60_no_price_coord_sequence_flat,extra_trees_small,42,entry_movement,val_select,2023,24,0.17918892274637863,1.1426088350874282,145,1298
nearest_k60_no_price_coord_sequence_flat,extra_trees_small,42,entry_movement,val_eval,2023,24,0.1648516279732717,1.6795747255749167,124,1112
nearest_k60_no_price_coord_sequence_flat,extra_trees_small,42,entry_movement,val_eval,2024,24,0.18444410434938838,1.215218329305398,273,2450
nearest_k60_no_price_coord_sequence_flat,extra_trees_small,42,entry_movement,val_eval,2025,24,0.48759798192060194,1.9742194044463535,269,2418
nearest_k60_no_price_coord_sequence_flat,extra_trees_small,43,entry_movement,val_select,2021,24,0.13386972484715276,1.149938984239476,269,2417
nearest_k60_no_price_coord_sequence_flat,extra_trees_small,43,entry_movement,val_select,2022,24,0.27411328978884425,1.3323696831121075,252,2267
nearest_k60_no_price_coord_sequence_flat,extra_trees_small,43,entry_movement,val_select,2023,24,0.19287053325077672,1.1330278573278807,145,1298
nearest_k60_no_price_coord_sequence_flat,extra_trees_small,43,entry_movement,val_eval,2023,24,0.22972904590509888,1.9104843116174954,124,1112
nearest_k60_no_price_coord_sequence_flat,extra_trees_small,43,entry_movement,val_eval,2024,24,0.2170598385543691,1.2139598901187023,273,2450
nearest_k60_no_price_coord_sequence_flat,extra_trees_small,43,entry_movement,val_eval,2025,24,0.5087467466254306,2.0264073641899656,269,2418
nearest_k60_no_price_coord_sequence_flat,extra_trees_small,44,entry_movement,val_select,2021,24,0.1173795698723288,1.1163500513973585,269,2417
nearest_k60_no_price_coord_sequence_flat,extra_trees_small,44,entry_movement,val_select,2022,24,0.2802452203594884,1.326818086678999,252,2267
nearest_k60_no_price_coord_sequence_flat,extra_trees_small,44,entry_movement,val_select,2023,24,0.1527389203086088,1.097951427584681,145,1298
nearest_k60_no_price_coord_sequence_flat,extra_trees_small,44,entry_movement,val_eval,2023,24,0.16928632117832101,1.6666779427603655,124,1112
nearest_k60_no_price_coord_sequence_flat,extra_trees_small,44,entry_movement,val_eval,2024,24,0.1967761679013067,1.1389080568142773,273,2450
nearest_k60_no_price_coord_sequence_flat,extra_trees_small,44,entry_movement,val_eval,2025,24,0.4668316231384934,1.9327756893229389,269,2418
