split,time,year,score,entry_movement_3,selected
train,2006.05.18 14:00,2006,7.930733924689055,7.5,True
train,2006.05.25 12:00,2006,8.139313156860323,7.5,True
train,2006.05.25 15:00,2006,8.093470465817397,6.0,True
train,2006.05.25 15:00,2006,8.196575457957211,6.0,True
train,2006.05.26 13:00,2006,8.574643549423852,12.0,True
train,2006.05.26 13:00,2006,8.571084881275086,12.0,True
train,2006.05.30 13:00,2006,7.933611925338071,12.600000000000023,True
train,2006.06.02 13:00,2006,7.82551932321561,7.7000000000000455,True
train,2007.11.16 13:00,2007,7.801090782926322,5.899999999999977,True
train,2008.01.23 13:00,2008,8.110362395022783,10.399999999999977,True
train,2008.01.23 14:00,2008,8.33463166159241,14.199999999999932,True
train,2008.01.23 15:00,2008,7.874038221931497,7.199999999999932,True
train,2008.01.24 12:00,2008,7.7977738725449655,11.699999999999932,True
train,2008.01.24 14:00,2008,8.598140489558546,10.099999999999909,True
train,2008.01.24 15:00,2008,7.928376281268238,5.5,True
train,2008.01.25 13:00,2008,8.917598448654761,8.100000000000023,True
train,2008.01.25 15:00,2008,7.9930622680017835,8.5,True
train,2008.01.25 16:00,2008,7.8041403741608875,6.899999999999977,True
train,2008.01.29 13:00,2008,8.006965431249013,7.0,True
train,2008.01.30 15:00,2008,7.869596597121067,3.6000000000000227,True
train,2008.02.01 13:00,2008,8.038962882860767,29.200000000000045,True
train,2008.03.12 13:00,2008,7.783501793688665,4.399999999999977,True
train,2008.03.14 14:00,2008,8.184481690548703,8.600000000000023,True
train,2008.03.17 03:00,2008,8.451938847153352,4.999999999999886,True
train,2008.03.18 14:00,2008,7.936159989174652,4.600000000000023,True
train,2008.03.19 15:00,2008,8.033081560224515,21.600000000000023,True
train,2008.03.20 14:00,2008,9.049622753962156,8.600000000000023,True
train,2008.03.20 15:00,2008,8.45047305323204,10.399999999999977,True
train,2008.03.21 12:00,2008,8.364065249325089,0.39999999999997726,True
train,2008.03.21 13:00,2008,8.940401686787068,0.20000000000004547,True
train,2008.03.25 13:00,2008,8.520543136324932,5.399999999999977,True
train,2008.03.25 15:00,2008,7.867035330323373,6.399999999999977,True
train,2008.03.26 13:00,2008,8.545896672528807,8.899999999999977,True
train,2008.03.26 15:00,2008,8.161018002686182,4.2999999999999545,True
train,2008.03.27 14:00,2008,9.007507140914784,5.2000000000000455,True
train,2008.03.27 15:00,2008,8.227446252783086,5.800000000000068,True
train,2008.03.28 13:00,2008,8.759063795336493,11.700000000000045,True
train,2008.03.28 15:00,2008,8.211534409503436,10.899999999999977,True
train,2008.03.31 14:00,2008,7.942603382760044,17.800000000000068,True
train,2008.04.01 13:00,2008,8.360170420977733,25.200000000000045,True
train,2008.04.01 15:00,2008,7.966707982374738,16.100000000000023,True
train,2008.04.02 12:00,2008,7.850456954141035,8.900000000000091,True
train,2008.04.02 15:00,2008,8.247458652371845,5.899999999999977,True
train,2008.04.02 15:00,2008,8.341356985774423,5.899999999999977,True
train,2008.04.03 13:00,2008,8.41675293438375,9.800000000000068,True
train,2008.04.03 15:00,2008,8.078555875151354,11.599999999999909,True
train,2008.04.04 13:00,2008,8.053042596015812,5.7000000000000455,True
train,2008.04.09 14:00,2008,7.890978425240963,15.300000000000068,True
train,2008.04.10 14:00,2008,8.317283341288787,9.600000000000023,True
train,2008.04.11 12:00,2008,7.781804275252438,6.300000000000068,True
train,2008.04.11 13:00,2008,8.319404231944098,10.0,True
train,2008.05.02 13:00,2008,7.870196519652311,9.399999999999977,True
train,2008.07.24 14:00,2008,7.8624803702378285,6.100000000000023,True
train,2008.08.11 20:00,2008,8.181153005484274,5.0,True
train,2008.08.12 02:00,2008,8.489656975119594,9.800000000000068,True
train,2008.08.12 04:00,2008,8.428409296832825,6.7999999999999545,True
train,2008.08.12 08:00,2008,8.225757645727285,9.299999999999955,True
train,2008.08.12 09:00,2008,7.7878210496410425,7.399999999999977,True
train,2008.08.12 15:00,2008,8.188913001284176,11.100000000000023,True
train,2008.08.13 14:00,2008,8.040170171831077,8.0,True
train,2008.08.14 13:00,2008,8.326081765596141,18.799999999999955,True
train,2008.08.14 14:00,2008,8.397518499053179,9.900000000000091,True
train,2008.08.15 11:00,2008,7.896191044490777,18.0,True
train,2008.08.15 16:00,2008,7.773158630009855,10.900000000000091,True
train,2008.08.19 13:00,2008,8.402312255943057,7.399999999999977,True
train,2008.08.19 15:00,2008,7.994785962106083,24.700000000000045,True
train,2008.08.19 15:00,2008,7.890146147291269,24.700000000000045,True
train,2008.08.20 12:00,2008,8.092879867079105,6.0,True
train,2008.08.20 13:00,2008,8.740552527132003,8.899999999999977,True
train,2008.08.20 15:00,2008,8.51576614791564,13.0,True
train,2008.08.20 15:00,2008,8.478164999783623,13.0,True
train,2008.08.21 12:00,2008,8.496154417604219,7.0,True
train,2008.08.21 15:00,2008,8.496378786654303,8.0,True
train,2008.08.22 14:00,2008,9.532364022619204,5.199999999999932,True
train,2008.08.22 15:00,2008,8.569518976217184,7.2999999999999545,True
train,2008.08.25 13:00,2008,8.12413459953025,5.300000000000068,True
train,2008.08.26 13:00,2008,8.487636222636457,20.90000000000009,True
train,2008.08.27 13:00,2008,8.320463597991543,8.100000000000023,True
train,2008.08.27 15:00,2008,8.070994685259782,6.7999999999999545,True
train,2008.08.27 15:00,2008,8.070994685259782,6.7999999999999545,True
train,2008.08.29 14:00,2008,8.678086913599133,4.2999999999999545,True
train,2008.09.04 14:00,2008,7.8594702999399955,15.5,True
train,2008.09.05 13:00,2008,7.897850862873877,20.5,True
train,2008.09.10 15:00,2008,7.8731683966651955,19.700000000000045,True
train,2008.09.11 15:00,2008,8.393109019441388,7.2000000000000455,True
train,2008.09.11 16:00,2008,7.7805940886103775,8.600000000000023,True
train,2008.09.12 12:00,2008,8.191195175513185,4.600000000000023,True
train,2008.09.12 15:00,2008,8.299996148691918,10.899999999999977,True
train,2008.09.15 14:00,2008,7.812685584883815,6.699999999999932,True
train,2008.09.15 14:00,2008,7.833213996337275,6.699999999999932,True
train,2008.09.16 14:00,2008,8.831894561492819,8.299999999999955,True
train,2008.09.16 15:00,2008,7.8927110837312275,5.699999999999932,True
train,2008.09.17 12:00,2008,7.96666672961526,21.200000000000045,True
train,2008.09.17 14:00,2008,9.085737561584795,56.700000000000045,True
train,2008.09.18 11:00,2008,8.232515657381965,10.200000000000045,True
train,2008.09.18 12:00,2008,9.037019750964827,17.699999999999932,True
train,2008.09.18 13:00,2008,9.935449934953509,23.700000000000045,True
train,2008.09.18 14:00,2008,9.997008507883569,17.90000000000009,True
train,2008.09.18 17:00,2008,8.749011332964884,34.0,True
train,2008.09.18 20:00,2008,7.80906102940735,53.200000000000045,True
train,2008.09.19 11:00,2008,8.763649908912374,32.39999999999998,True
train,2008.09.19 13:00,2008,10.712214968843462,32.90000000000009,True
train,2008.09.19 14:00,2008,11.17298206403981,16.800000000000068,True
train,2008.09.19 16:00,2008,10.882187732518927,6.5,True
train,2008.09.19 18:00,2008,8.508551888980888,18.0,True
train,2008.09.22 11:00,2008,9.042178723750364,10.800000000000068,True
train,2008.09.22 12:00,2008,9.91169427780162,15.399999999999977,True
train,2008.09.22 14:00,2008,10.868733877290532,20.200000000000045,True
train,2008.09.22 15:00,2008,10.054343838384488,8.100000000000023,True
train,2008.09.22 18:00,2008,8.907303969083108,9.199999999999932,True
train,2008.09.23 07:00,2008,8.385774079441022,11.700000000000045,True
train,2008.09.23 10:00,2008,8.664730710895432,9.800000000000068,True
train,2008.09.23 13:00,2008,11.395642496126987,11.199999999999932,True
train,2008.09.23 15:00,2008,10.623622882703836,15.899999999999977,True
train,2008.09.23 16:00,2008,10.632331182222071,18.5,True
train,2008.09.23 18:00,2008,9.125913852718186,8.299999999999955,True
train,2008.09.23 18:00,2008,8.614065765528913,8.299999999999955,True
train,2008.09.24 08:00,2008,7.7755671291604935,3.699999999999932,True
train,2008.09.24 09:00,2008,7.911517371847722,4.699999999999932,True
train,2008.09.24 11:00,2008,9.036743031425818,13.399999999999977,True
train,2008.09.24 13:00,2008,11.99863269298058,11.5,True
train,2008.09.24 16:00,2008,10.925077688544377,6.5,True
train,2008.09.25 10:00,2008,8.399836252806077,6.100000000000023,True
train,2008.09.25 11:00,2008,8.84711683070829,8.600000000000023,True
train,2008.09.25 14:00,2008,12.273489666769011,20.399999999999977,True
train,2008.09.25 17:00,2008,8.860421370514599,9.0,True
train,2008.09.25 17:00,2008,9.57439593811019,9.0,True
train,2008.09.26 10:00,2008,8.550238269602245,9.399999999999977,True
train,2008.09.26 16:00,2008,11.028616858733763,12.399999999999977,True
train,2008.09.26 18:00,2008,8.806787504943149,8.399999999999977,True
train,2008.09.29 10:00,2008,8.719890455418872,16.799999999999955,True
train,2008.09.29 10:00,2008,9.124228948129845,16.799999999999955,True
train,2008.09.29 13:00,2008,11.74965231550903,23.399999999999977,True
train,2008.09.29 15:00,2008,10.633230693985897,11.700000000000045,True
train,2008.09.29 17:00,2008,9.841070892053127,18.800000000000068,True
train,2008.09.30 07:00,2008,8.551295309724734,11.599999999999909,True
train,2008.09.30 09:00,2008,8.752008392396162,4.800000000000068,True
train,2008.09.30 11:00,2008,10.187498392175833,13.399999999999977,True
train,2008.09.30 12:00,2008,12.090832384351623,15.600000000000023,True
train,2008.09.30 13:00,2008,12.628508200287223,22.399999999999977,True
train,2008.09.30 14:00,2008,12.776651490146564,16.399999999999977,True
train,2008.09.30 18:00,2008,9.600076554176296,18.59999999999991,True
train,2008.10.01 07:00,2008,7.899426397095007,6.400000000000091,True
train,2008.10.01 09:00,2008,8.773183618406177,4.900000000000091,True
train,2008.10.01 10:00,2008,8.862774030237452,12.200000000000045,True
train,2008.10.01 10:00,2008,8.862774030237452,12.200000000000045,True
train,2008.10.01 14:00,2008,13.264240548912404,11.699999999999932,True
train,2008.10.01 16:00,2008,11.824210374206176,11.200000000000045,True
train,2008.10.01 17:00,2008,10.508489128566243,22.0,True
train,2008.10.01 18:00,2008,9.822489920983816,21.899999999999977,True
train,2008.10.01 19:00,2008,8.101347064987353,20.0,True
train,2008.10.02 09:00,2008,8.343483333216904,5.699999999999932,True
train,2008.10.02 10:00,2008,9.415494228385148,6.100000000000023,True
train,2008.10.02 12:00,2008,12.104931625779086,17.299999999999955,True
train,2008.10.02 15:00,2008,11.603126776813859,17.399999999999977,True
train,2008.10.02 17:00,2008,10.541743992350757,5.0,True
train,2008.10.02 19:00,2008,8.673256045950462,7.5,True
train,2008.10.03 07:00,2008,8.422144704980953,11.0,True
train,2008.10.03 09:00,2008,8.32881284783201,3.3999999999999773,True
train,2008.10.03 10:00,2008,8.85629502445164,2.7000000000000455,True
train,2008.10.03 11:00,2008,9.59133728733059,8.600000000000023,True
train,2008.10.03 13:00,2008,12.444450526709078,20.899999999999977,True
train,2008.10.03 15:00,2008,11.401788414070033,16.600000000000023,True
train,2008.10.03 16:00,2008,11.615922706901836,19.799999999999955,True
train,2008.10.03 18:00,2008,8.807257534363135,7.399999999999977,True
train,2008.10.06 10:00,2008,8.892266791512695,30.700000000000045,True
train,2008.10.06 16:00,2008,9.575583423028727,12.5,True
train,2008.10.06 18:00,2008,7.945481752104832,8.799999999999955,True
train,2008.10.07 13:00,2008,11.88735908971462,13.899999999999977,True
train,2008.10.07 14:00,2008,11.891034461210639,14.399999999999977,True
train,2008.10.07 16:00,2008,10.530002420851384,10.600000000000023,True
train,2008.10.07 17:00,2008,9.119397202848026,10.5,True
train,2008.10.07 18:00,2008,8.19656684273612,15.399999999999977,True
train,2008.10.08 13:00,2008,11.489070358057441,20.0,True
train,2008.10.08 14:00,2008,12.247280104150727,17.200000000000045,True
train,2008.10.08 15:00,2008,11.205949816164994,10.199999999999932,True
train,2008.10.08 17:00,2008,9.56426420388737,16.09999999999991,True
train,2008.10.08 18:00,2008,9.24248824908217,13.099999999999909,True
train,2008.10.09 11:00,2008,9.578354103164685,4.800000000000068,True
train,2008.10.09 13:00,2008,12.550567642469403,5.7999999999999545,True
train,2008.10.09 16:00,2008,11.021871436244856,8.699999999999932,True
train,2008.10.09 18:00,2008,9.072614816951498,30.5,True
train,2008.10.10 07:00,2008,8.272996164152454,14.800000000000068,True
train,2008.10.10 10:00,2008,9.689169858066345,9.0,True
train,2008.10.10 12:00,2008,12.608296520651813,21.899999999999977,True
train,2008.10.10 16:00,2008,12.08970650096776,64.30000000000007,True
train,2008.10.13 07:00,2008,8.272288216121838,7.7999999999999545,True
train,2008.10.13 09:00,2008,9.149046124712992,9.700000000000045,True
train,2008.10.13 10:00,2008,9.793500032488849,12.299999999999955,True
train,2008.10.13 12:00,2008,12.10762519805977,25.899999999999977,True
train,2008.10.13 13:00,2008,12.571365721541625,31.5,True
train,2008.10.13 15:00,2008,11.497395936582075,8.199999999999932,True
train,2008.10.13 17:00,2008,10.800562590915531,11.0,True
train,2008.10.14 07:00,2008,8.491180638165787,5.100000000000023,True
train,2008.10.14 08:00,2008,9.184789737548977,7.099999999999909,True
train,2008.10.14 09:00,2008,8.681385186512555,11.0,True
train,2008.10.14 10:00,2008,9.69454384695597,8.300000000000068,True
train,2008.10.14 13:00,2008,12.832527207998652,13.0,True
train,2008.10.14 14:00,2008,12.871366685835126,9.300000000000068,True
train,2008.10.14 15:00,2008,11.571462134015414,9.5,True
train,2008.10.14 17:00,2008,10.616484994524244,6.599999999999909,True
train,2008.10.14 19:00,2008,8.097663984891271,7.199999999999932,True
train,2008.10.15 07:00,2008,7.896251412462715,3.5,True
train,2008.10.15 09:00,2008,8.108643460096951,4.2999999999999545,True
train,2008.10.15 12:00,2008,11.795477911255583,14.599999999999909,True
train,2008.10.15 12:00,2008,11.795477911255583,14.599999999999909,True
train,2008.10.15 15:00,2008,11.506256726617485,9.200000000000045,True
train,2008.10.15 17:00,2008,10.43963775476317,13.299999999999955,True
train,2008.10.15 19:00,2008,7.824344077132392,9.300000000000068,True
train,2008.10.16 08:00,2008,8.006174447747135,6.900000000000091,True
train,2008.10.16 10:00,2008,9.3014103668288,6.399999999999977,True
train,2008.10.16 13:00,2008,13.03174503839215,38.299999999999955,True
train,2008.10.16 14:00,2008,13.718224845544484,49.69999999999993,True
train,2008.10.16 16:00,2008,11.49625840654413,19.699999999999932,True
train,2008.10.16 16:00,2008,11.49625840654413,19.699999999999932,True
train,2008.10.16 18:00,2008,10.583246952689466,7.600000000000023,True
train,2008.10.16 19:00,2008,8.567146991755349,5.899999999999977,True
train,2008.10.16 21:00,2008,7.828842444284354,10.099999999999909,True
train,2008.10.17 02:00,2008,8.220390445762748,4.399999999999977,True
train,2008.10.17 06:00,2008,8.748234362455236,10.599999999999909,True
train,2008.10.17 08:00,2008,9.539070371501358,17.5,True
train,2008.10.17 09:00,2008,9.180526994272578,15.800000000000068,True
train,2008.10.17 15:00,2008,13.19262493203734,12.700000000000045,True
train,2008.10.17 17:00,2008,11.082972319166634,10.800000000000068,True
train,2008.10.17 17:00,2008,11.431752840518882,10.800000000000068,True
train,2008.10.17 20:00,2008,7.934251302234728,4.5,True
train,2008.10.20 01:00,2008,8.356218007299475,11.900000000000091,True
train,2008.10.20 08:00,2008,9.226798975701069,6.300000000000068,True
train,2008.10.20 10:00,2008,10.464357170990489,7.300000000000068,True
train,2008.10.20 12:00,2008,11.742743334669504,14.0,True
train,2008.10.20 17:00,2008,10.34364687703736,5.300000000000068,True
train,2008.10.20 18:00,2008,9.466398882273062,7.100000000000023,True
train,2008.10.21 07:00,2008,8.577165330797841,16.200000000000045,True
train,2008.10.21 11:00,2008,10.302625705025816,16.300000000000068,True
train,2008.10.21 13:00,2008,12.349658829679598,12.200000000000045,True
train,2008.10.21 15:00,2008,12.352676497152475,7.7000000000000455,True
train,2008.10.21 17:00,2008,10.443696971526993,6.0,True
train,2008.10.21 19:00,2008,8.879039327896159,3.400000000000091,True
train,2008.10.22 07:00,2008,9.409153017578841,8.600000000000023,True
train,2008.10.22 09:00,2008,9.845913023817623,14.400000000000091,True
train,2008.10.22 11:00,2008,10.028376805095238,8.600000000000023,True
train,2008.10.22 11:00,2008,10.028376805095238,8.600000000000023,True
train,2008.10.22 13:00,2008,12.28405665081638,8.700000000000045,True
train,2008.10.22 15:00,2008,11.971268620039163,7.599999999999909,True
train,2008.10.22 20:00,2008,10.196053980570015,7.699999999999932,True
train,2008.10.22 22:00,2008,9.859260100925486,9.900000000000091,True
train,2008.10.22 23:00,2008,9.1574118232694,4.7999999999999545,True
train,2008.10.23 03:00,2008,9.6092663642408,4.2000000000000455,True
train,2008.10.23 04:00,2008,8.856259210703593,6.0,True
train,2008.10.23 06:00,2008,9.793330348854846,10.200000000000045,True
train,2008.10.23 07:00,2008,9.790835955576293,8.799999999999955,True
train,2008.10.23 09:00,2008,9.850997645072988,24.300000000000068,True
train,2008.10.23 13:00,2008,12.882108618240352,26.100000000000023,True
train,2008.10.23 16:00,2008,13.398534708415857,15.600000000000023,True
train,2008.10.23 17:00,2008,11.449671540589419,11.700000000000045,True
train,2008.10.23 19:00,2008,9.498299303922975,6.7999999999999545,True
train,2008.10.23 21:00,2008,8.369304046452312,8.700000000000045,True
train,2008.10.24 06:00,2008,8.9880251684626,14.400000000000091,True
train,2008.10.24 12:00,2008,12.840084722708909,20.799999999999955,True
train,2008.10.24 15:00,2008,12.952308104335614,37.39999999999998,True
train,2008.10.24 19:00,2008,8.18502443899454,8.399999999999977,True
train,2008.10.24 22:00,2008,8.414952072916764,9.799999999999955,True
train,2008.10.27 06:00,2008,8.440122722465318,22.0,True
train,2008.10.27 07:00,2008,9.040624336345301,20.799999999999955,True
train,2008.10.27 11:00,2008,9.681994272017064,7.7999999999999545,True
train,2008.10.27 13:00,2008,10.976329206383275,17.59999999999991,True
train,2008.10.27 14:00,2008,11.563424450094937,14.199999999999932,True
train,2008.10.27 16:00,2008,10.910505993096775,19.90000000000009,True
train,2008.10.28 09:00,2008,8.644766902039477,10.800000000000068,True
train,2008.10.28 11:00,2008,9.574355090903557,9.100000000000023,True
train,2008.10.28 13:00,2008,11.833649410166444,13.100000000000023,True
train,2008.10.28 13:00,2008,11.833649410166444,13.100000000000023,True
train,2008.10.28 17:00,2008,10.312688917569176,8.800000000000068,True
train,2008.10.29 07:00,2008,7.938450235037236,13.5,True
train,2008.10.29 08:00,2008,8.118815172206693,8.900000000000091,True
train,2008.10.29 10:00,2008,8.752352295193026,18.100000000000023,True
train,2008.10.29 11:00,2008,9.354867783027997,14.799999999999955,True
train,2008.10.29 13:00,2008,12.204310566080359,15.200000000000045,True
train,2008.10.29 14:00,2008,12.297373298615637,14.700000000000045,True
train,2008.10.29 16:00,2008,11.151372717350014,15.399999999999977,True
train,2008.10.30 08:00,2008,8.31183909835615,11.100000000000023,True
train,2008.10.30 09:00,2008,8.033012118522445,5.2000000000000455,True
train,2008.10.30 11:00,2008,9.4942049920954,15.600000000000023,True
train,2008.10.30 12:00,2008,12.219681169795434,16.100000000000023,True
train,2008.10.31 10:00,2008,8.745508380523365,9.5,True
train,2008.10.31 12:00,2008,11.84345258340285,15.0,True
train,2008.10.31 13:00,2008,12.124570395426538,8.700000000000045,True
train,2008.10.31 15:00,2008,11.026537597590346,15.699999999999932,True
train,2008.11.03 10:00,2008,8.048510135578555,5.399999999999977,True
train,2008.11.03 10:00,2008,8.030160461198626,5.399999999999977,True
train,2008.11.03 13:00,2008,11.016761446289388,9.0,True
train,2008.11.03 16:00,2008,9.74359929772892,3.8999999999999773,True
train,2008.11.03 18:00,2008,7.806982207663867,6.899999999999977,True
train,2008.11.04 10:00,2008,8.392379427469091,15.700000000000045,True
train,2008.11.04 15:00,2008,10.515234510594386,22.0,True
train,2008.11.04 17:00,2008,9.003667943801391,6.399999999999977,True
train,2008.11.04 18:00,2008,8.622035948441352,7.899999999999977,True
train,2008.11.05 10:00,2008,8.019142647053952,10.599999999999909,True
train,2008.11.05 12:00,2008,11.134693123427718,12.0,True
train,2008.11.05 14:00,2008,12.125493546034173,17.799999999999955,True
train,2008.11.05 15:00,2008,10.719091113633718,18.09999999999991,True
train,2008.11.05 17:00,2008,9.378801458249756,5.5,True
train,2008.11.05 18:00,2008,8.584647178175137,7.5,True
train,2008.11.06 11:00,2008,8.667185134216039,19.899999999999977,True
train,2008.11.06 12:00,2008,10.629455421410748,21.300000000000068,True
train,2008.11.06 14:00,2008,11.961764748289147,27.5,True
train,2008.11.06 16:00,2008,10.348947578927243,15.100000000000023,True
train,2008.11.06 18:00,2008,8.239805668939296,4.600000000000023,True
train,2008.11.07 11:00,2008,8.305465828907401,6.899999999999977,True
train,2008.11.07 12:00,2008,9.797932840247315,7.100000000000023,True
train,2008.11.07 15:00,2008,10.21730572692145,6.2000000000000455,True
train,2008.11.07 16:00,2008,9.484214441122594,5.899999999999977,True
train,2008.11.07 17:00,2008,8.195066485686626,4.600000000000023,True
train,2008.11.10 13:00,2008,9.629610169448988,16.399999999999977,True
train,2008.11.10 14:00,2008,10.177413904722913,22.100000000000023,True
train,2008.11.10 15:00,2008,9.598820006605468,11.0,True
train,2008.11.11 17:00,2008,7.777963520984954,6.2999999999999545,True
train,2008.11.12 14:00,2008,9.901520580438687,14.5,True
train,2008.11.12 17:00,2008,8.117083554899732,5.5,True
train,2008.11.13 12:00,2008,8.922096778468633,5.900000000000091,True
train,2008.11.13 15:00,2008,8.80679806775301,14.0,True
train,2008.11.13 15:00,2008,9.01949634194156,14.0,True
train,2008.11.14 12:00,2008,8.900803842124661,22.40000000000009,True
train,2008.11.14 15:00,2008,8.906257870488389,9.100000000000023,True
train,2008.11.17 12:00,2008,7.889305782436449,12.5,True
train,2008.11.17 15:00,2008,7.820098905582796,11.300000000000068,True
train,2008.11.18 13:00,2008,9.080496418583023,9.899999999999977,True
train,2008.11.18 14:00,2008,9.1872804121108,12.0,True
train,2008.11.18 16:00,2008,7.94398170162093,8.699999999999932,True
train,2008.11.18 16:00,2008,7.7773919456750855,8.699999999999932,True
train,2008.11.19 12:00,2008,8.331497702449413,21.399999999999977,True
train,2008.11.19 14:00,2008,9.514597788906674,26.899999999999977,True
train,2008.11.19 15:00,2008,8.518478178009996,27.399999999999977,True
train,2008.11.20 13:00,2008,9.185007801616353,11.599999999999909,True
train,2008.11.20 14:00,2008,9.33249950952884,8.5,True
train,2008.11.21 14:00,2008,9.236953925972275,27.700000000000045,True
train,2008.11.21 15:00,2008,8.435005501946158,26.0,True
train,2008.11.24 12:00,2008,7.9053131379103165,5.5,True
train,2008.11.24 15:00,2008,8.209843958312424,7.2999999999999545,True
train,2008.11.24 16:00,2008,8.44947697270957,8.099999999999909,True
train,2008.11.25 12:00,2008,8.193682243822007,19.100000000000023,True
train,2008.11.25 13:00,2008,9.22629016624032,22.399999999999977,True
train,2008.11.25 15:00,2008,8.769198008465233,10.200000000000045,True
train,2008.11.25 15:00,2008,8.390090060576133,10.200000000000045,True
train,2008.11.26 15:00,2008,9.257523608235912,9.0,True
train,2008.11.26 16:00,2008,8.90933188526371,6.100000000000023,True
train,2008.11.27 13:00,2008,9.650138034888991,2.8999999999999773,True
train,2008.12.02 15:00,2008,7.962081230301283,5.2999999999999545,True
train,2008.12.03 12:00,2008,8.14032156381559,10.899999999999977,True
train,2008.12.03 14:00,2008,9.244730822422646,12.5,True
train,2008.12.03 15:00,2008,8.503911209519558,14.100000000000023,True
train,2008.12.04 13:00,2008,9.188628902919312,10.399999999999977,True
train,2008.12.04 15:00,2008,8.529879517022183,9.100000000000023,True
train,2008.12.04 16:00,2008,8.238146861684228,9.899999999999977,True
train,2008.12.05 12:00,2008,8.627901857784023,21.0,True
train,2008.12.05 15:00,2008,8.470244600896313,9.0,True
train,2008.12.05 15:00,2008,8.470244600896313,9.0,True
train,2008.12.08 14:00,2008,8.45891275666439,13.100000000000023,True
train,2008.12.08 15:00,2008,7.781059214847179,8.0,True
train,2008.12.09 13:00,2008,8.466627520005295,7.100000000000023,True
train,2008.12.09 15:00,2008,7.86955748946907,11.899999999999977,True
train,2008.12.10 15:00,2008,8.212965136809492,8.899999999999977,True
train,2008.12.10 16:00,2008,7.981537205555955,12.600000000000023,True
train,2008.12.11 15:00,2008,8.375933118681862,7.600000000000023,True
train,2008.12.12 13:00,2008,8.977223429647255,11.200000000000045,True
train,2008.12.12 13:00,2008,8.984161364097139,11.200000000000045,True
train,2008.12.12 15:00,2008,8.246355395893916,7.7000000000000455,True
train,2008.12.15 13:00,2008,7.908759303643159,14.0,True
train,2008.12.15 13:00,2008,7.908759303643159,14.0,True
train,2008.12.16 14:00,2008,8.75684136422278,5.100000000000023,True
train,2008.12.17 12:00,2008,8.268521582024865,18.300000000000068,True
train,2008.12.17 12:00,2008,8.193740508454677,18.300000000000068,True
train,2008.12.17 14:00,2008,9.121513755713709,20.299999999999955,True
train,2008.12.17 17:00,2008,8.129037961011248,4.0,True
train,2008.12.18 13:00,2008,9.026212391654974,22.299999999999955,True
train,2008.12.18 14:00,2008,9.291982175361204,14.5,True
train,2008.12.18 16:00,2008,8.233040256995666,10.399999999999977,True
train,2008.12.19 14:00,2008,9.539416390962081,6.399999999999977,True
train,2008.12.19 15:00,2008,8.472339060215385,6.100000000000023,True
train,2008.12.19 16:00,2008,8.072495620511704,2.6000000000000227,True
train,2008.12.22 14:00,2008,8.029203052577321,6.5,True
train,2008.12.23 14:00,2008,8.578643174537811,12.399999999999977,True
train,2008.12.23 15:00,2008,7.798104005745837,13.800000000000068,True
train,2008.12.24 12:00,2008,7.9911278052043215,5.0,True
train,2008.12.24 12:00,2008,7.98314628411799,5.0,True
train,2008.12.24 14:00,2008,8.871101635823164,8.200000000000045,True
train,2008.12.24 15:00,2008,8.20529758699978,7.0,True
train,2008.12.26 12:00,2008,8.296460497758348,4.600000000000023,True
train,2008.12.26 13:00,2008,8.566269164972807,3.6000000000000227,True
train,2008.12.26 15:00,2008,8.147612102633024,3.900000000000091,True
train,2008.12.30 14:00,2008,7.8530456407077835,4.100000000000023,True
train,2009.01.02 12:00,2009,8.032000453281626,6.899999999999977,True
train,2009.01.02 15:00,2009,7.868107738703219,5.100000000000023,True
train,2009.01.06 13:00,2009,7.771241426353509,6.099999999999909,True
train,2009.01.07 13:00,2009,7.864879334631872,24.300000000000068,True
train,2009.01.07 15:00,2009,7.7910717523928055,13.600000000000023,True
train,2009.01.08 14:00,2009,8.519367617694035,8.800000000000068,True
train,2009.01.09 12:00,2009,8.099980920283157,12.300000000000068,True
train,2009.01.09 14:00,2009,8.728195512859246,9.0,True
train,2009.01.14 12:00,2009,7.833886094820346,11.399999999999977,True
train,2009.01.14 14:00,2009,8.737752212672008,9.899999999999977,True
train,2009.01.15 12:00,2009,8.10689134672588,8.199999999999932,True
train,2009.01.15 14:00,2009,8.950359099902865,15.699999999999932,True
train,2009.01.15 15:00,2009,8.213416883669725,7.7000000000000455,True
train,2009.01.16 13:00,2009,8.888734270847786,10.799999999999955,True
train,2009.01.16 16:00,2009,7.822411068526809,6.899999999999977,True
train,2009.01.20 13:00,2009,8.141072938099471,9.200000000000045,True
train,2009.01.21 12:00,2009,7.946280344202769,12.0,True
train,2009.01.22 12:00,2009,8.032566220360948,10.5,True
train,2009.01.22 15:00,2009,8.017373878587492,5.2999999999999545,True
train,2009.01.23 13:00,2009,8.642456815401715,12.199999999999932,True
train,2009.01.23 14:00,2009,8.978346162682154,20.5,True
train,2009.01.26 13:00,2009,7.87727929222708,9.399999999999977,True
train,2009.01.27 13:00,2009,8.2868412238359,6.899999999999977,True
train,2009.01.27 14:00,2009,8.118833227157369,8.300000000000068,True
train,2009.01.28 14:00,2009,8.69484167880024,13.5,True
train,2009.01.29 12:00,2009,8.236723830828158,9.299999999999955,True
train,2009.01.29 16:00,2009,7.791906121166044,9.799999999999955,True
train,2009.01.30 12:00,2009,8.427144767266928,7.100000000000023,True
train,2009.01.30 13:00,2009,8.946384566887984,8.199999999999932,True
train,2009.01.30 15:00,2009,8.513001674717668,8.399999999999977,True
train,2009.01.30 16:00,2009,8.28506265888154,9.700000000000045,True
train,2009.02.02 14:00,2009,8.090829205287903,6.899999999999977,True
train,2009.02.03 12:00,2009,7.9249031836662,8.699999999999932,True
train,2009.02.03 13:00,2009,8.804305461780693,9.199999999999932,True
train,2009.02.03 16:00,2009,7.775036840216658,14.5,True
train,2009.02.04 12:00,2009,8.11568010239156,10.600000000000023,True
train,2009.02.04 14:00,2009,9.426298740953845,10.399999999999977,True
train,2009.02.04 16:00,2009,8.157765374007065,4.2000000000000455,True
train,2009.02.05 15:00,2009,8.358421314883728,12.799999999999955,True
train,2009.02.05 15:00,2009,8.358421314883728,12.799999999999955,True
train,2009.02.06 15:00,2009,8.334356736627852,5.0,True
train,2009.02.10 13:00,2009,8.27800664032196,11.100000000000023,True
train,2009.02.11 13:00,2009,8.432703868308076,21.100000000000023,True
train,2009.02.11 15:00,2009,8.129069004765206,8.300000000000068,True
train,2009.02.12 15:00,2009,8.111188082263869,6.800000000000068,True
train,2009.02.13 12:00,2009,8.202163254344947,7.099999999999909,True
train,2009.02.13 13:00,2009,8.788853677523756,4.7999999999999545,True
train,2009.02.13 15:00,2009,8.235808823449984,5.5,True
train,2009.02.17 13:00,2009,8.022742612058,8.199999999999932,True
train,2009.02.17 13:00,2009,7.8695177120979265,8.199999999999932,True
train,2009.02.18 13:00,2009,7.800833541428822,9.800000000000068,True
train,2009.02.18 14:00,2009,7.828460087304948,11.700000000000045,True
train,2009.02.19 15:00,2009,7.830047505158073,6.2000000000000455,True
train,2009.02.26 13:00,2009,8.536641784046848,7.800000000000068,True
train,2009.02.26 14:00,2009,8.88899981451299,10.399999999999977,True
train,2009.02.27 15:00,2009,8.20843899275105,24.5,True
train,2009.03.02 14:00,2009,8.006620981129963,19.700000000000045,True
train,2009.03.03 12:00,2009,8.048742282978106,10.700000000000045,True
train,2009.03.03 13:00,2009,9.038884117883308,18.0,True
train,2009.03.03 13:00,2009,9.149869032604563,18.0,True
train,2009.03.03 15:00,2009,8.315328693337927,6.7999999999999545,True
train,2009.03.04 12:00,2009,8.416165780422771,10.899999999999977,True
train,2009.03.04 15:00,2009,8.772534276909832,7.100000000000023,True
train,2009.03.05 12:00,2009,8.39291503662942,4.5,True
train,2009.03.05 13:00,2009,9.333910913039391,6.0,True
train,2009.03.05 14:00,2009,9.495116203731039,11.899999999999977,True
train,2009.03.06 15:00,2009,8.755057985235448,7.0,True
train,2009.03.06 16:00,2009,7.9885934635283045,5.599999999999909,True
train,2009.03.09 12:00,2009,7.804816267117527,14.799999999999955,True
train,2009.03.09 14:00,2009,8.405069698111328,22.700000000000045,True
train,2009.03.09 14:00,2009,8.386979086702869,22.700000000000045,True
train,2009.03.10 12:00,2009,8.070540717494387,15.300000000000068,True
train,2009.03.10 14:00,2009,9.170478882959848,14.200000000000045,True
train,2009.03.11 12:00,2009,8.231246756573986,7.899999999999977,True
train,2009.03.11 13:00,2009,8.863639543160795,9.899999999999977,True
train,2009.03.11 15:00,2009,8.6306053554471,11.699999999999932,True
train,2009.03.12 13:00,2009,8.889625401576023,21.899999999999977,True
train,2009.03.12 15:00,2009,8.292827010466945,5.5,True
train,2009.03.12 15:00,2009,8.357390203290656,5.5,True
train,2009.03.13 12:00,2009,8.486991476688381,12.899999999999977,True
train,2009.03.13 14:00,2009,9.197817091817079,8.0,True
train,2009.03.16 14:00,2009,7.878025460664119,5.399999999999977,True
train,2009.03.17 13:00,2009,7.984960306910701,6.699999999999932,True
train,2009.03.17 14:00,2009,8.009627961809514,5.0,True
train,2009.03.18 14:00,2009,8.261741955016412,21.700000000000045,True
train,2009.03.20 12:00,2009,8.299018522576537,7.2999999999999545,True
train,2009.03.20 14:00,2009,8.8891543620239,7.399999999999977,True
train,2009.03.23 14:00,2009,7.868604124790305,5.399999999999977,True
train,2009.03.24 14:00,2009,8.190792185704522,5.199999999999932,True
train,2009.03.25 14:00,2009,8.667036410116728,17.199999999999932,True
train,2009.03.26 13:00,2009,8.575640269002621,8.200000000000045,True
train,2009.03.26 14:00,2009,8.876771777624443,5.7999999999999545,True
train,2009.03.27 13:00,2009,8.428078021379797,4.5,True
train,2009.03.27 14:00,2009,8.83531106253696,4.2000000000000455,True
train,2009.03.27 15:00,2009,7.835400218241897,4.599999999999909,True
train,2009.03.31 13:00,2009,8.228215029573972,7.2999999999999545,True
train,2009.04.01 15:00,2009,7.994833143183232,6.7999999999999545,True
train,2009.04.02 15:00,2009,7.792070711513587,7.699999999999932,True
train,2009.04.03 12:00,2009,7.886630550309178,7.800000000000068,True
train,2009.04.03 15:00,2009,7.979316689566321,8.799999999999955,True
train,2009.04.07 13:00,2009,7.936902058982788,6.7999999999999545,True
train,2009.04.08 13:00,2009,7.909572946713683,6.0,True
train,2009.04.08 14:00,2009,8.16526804806695,7.2999999999999545,True
train,2009.04.08 15:00,2009,7.796354098729007,10.200000000000045,True
train,2009.04.09 13:00,2009,7.937952030424441,8.799999999999955,True
train,2009.04.10 13:00,2009,8.092494043781981,2.740000000000009,True
train,2009.12.02 13:00,2009,7.93671050138261,5.869999999999891,True
train,2009.12.02 15:00,2009,7.87684771145111,5.970000000000027,True
train,2009.12.03 13:00,2009,8.368668609575435,14.769999999999982,True
train,2009.12.03 15:00,2009,7.983310016102699,5.819999999999936,True
train,2009.12.04 12:00,2009,8.07495022005275,19.75,True
train,2009.12.04 15:00,2009,8.137236789329547,24.950000000000045,True
train,2009.12.07 14:00,2009,8.067284615496577,7.710000000000036,True
train,2009.12.08 12:00,2009,7.866037513511341,13.529999999999973,True
train,2009.12.08 15:00,2009,8.17502444422509,5.569999999999936,True
train,2009.12.09 12:00,2009,8.726603508038787,6.7000000000000455,True
train,2009.12.09 14:00,2009,9.746798403887187,6.8400000000001455,True
train,2009.12.09 15:00,2009,9.040564702967972,15.38000000000011,True
train,2009.12.09 16:00,2009,8.59901809739096,27.920000000000073,True
train,2009.12.10 12:00,2009,9.105189721807426,7.900000000000091,True
train,2009.12.10 13:00,2009,9.779561820614694,8.819999999999936,True
train,2009.12.10 16:00,2009,9.002094588153993,3.9099999999998545,True
train,2009.12.11 12:00,2009,9.358092796086499,17.589999999999918,True
train,2009.12.11 14:00,2009,10.347063122341003,23.410000000000082,True
train,2009.12.14 13:00,2009,8.399087652213002,4.519999999999982,True
train,2009.12.14 16:00,2009,7.916931651908928,2.8099999999999454,True
train,2009.12.15 12:00,2009,7.951393019281686,11.519999999999982,True
train,2009.12.15 15:00,2009,8.371452463356585,5.860000000000127,True
train,2009.12.16 12:00,2009,8.379579910117938,5.240000000000009,True
train,2009.12.16 14:00,2009,9.491318157469594,7.059999999999945,True
train,2009.12.16 15:00,2009,8.770528924384722,4.1400000000001,True
train,2009.12.16 16:00,2009,8.272884288220318,4.449999999999818,True
train,2009.12.17 12:00,2009,8.54625752642042,7.630000000000109,True
train,2009.12.17 14:00,2009,9.525622032016743,12.649999999999864,True
train,2009.12.17 15:00,2009,8.604766426342005,16.149999999999864,True
train,2009.12.17 16:00,2009,8.304538900272348,15.61999999999989,True
train,2009.12.18 12:00,2009,8.774140895971996,9.240000000000009,True
train,2009.12.18 13:00,2009,9.383797559041215,7.430000000000064,True
train,2009.12.18 16:00,2009,8.245780340941744,15.700000000000045,True
train,2009.12.23 12:00,2009,7.874693725773031,5.050000000000182,True
train,2009.12.24 15:00,2009,7.87863256029502,3.5900000000001455,True
train,2010.01.15 13:00,2010,7.789461749717822,8.480000000000018,True
train,2010.01.22 13:00,2010,7.8718102831654555,10.3599999999999,True
train,2010.01.28 14:00,2010,7.8594702999399955,8.799999999999955,True
train,2010.02.04 14:00,2010,8.243153518434928,42.440000000000055,True
train,2010.02.05 12:00,2010,7.810928703266338,9.039999999999964,True
train,2010.02.05 13:00,2010,8.292900996284486,11.039999999999964,True
train,2010.02.05 15:00,2010,7.77381565378278,13.379999999999882,True
train,2010.02.05 15:00,2010,7.997555197250364,13.379999999999882,True
train,2010.02.09 13:00,2010,8.026881963473256,7.970000000000027,True
train,2010.02.10 14:00,2010,8.302370632569021,10.289999999999964,True
train,2010.02.11 12:00,2010,7.818843132456231,7.8400000000001455,True
train,2010.02.11 13:00,2010,8.390499297433047,7.360000000000127,True
train,2010.02.11 15:00,2010,7.841849818290743,16.819999999999936,True
train,2010.02.12 12:00,2010,7.973013111834493,8.090000000000146,True
train,2010.02.12 15:00,2010,7.893457878111376,7.779999999999973,True
train,2010.02.17 13:00,2010,7.9691114972822765,10.849999999999909,True
train,2010.02.17 14:00,2010,7.982945800087001,7.9500000000000455,True
train,2010.02.24 13:00,2010,7.875807759292354,10.5,True
train,2010.02.25 14:00,2010,8.255135399819375,9.239999999999782,True
train,2010.03.03 13:00,2010,7.860804620730014,3.5800000000001546,True
train,2010.03.04 13:00,2010,8.071674552456281,13.3599999999999,True
train,2010.03.05 14:00,2010,8.01003391216087,6.899999999999864,True
train,2010.05.07 14:00,2010,7.800572813377993,8.690000000000055,True
train,2010.05.12 13:00,2010,8.334288460978968,6.900000000000091,True
train,2010.05.13 13:00,2010,8.10234047458777,7.900000000000091,True
train,2010.05.14 13:00,2010,8.545119142287673,21.319999999999936,True
train,2010.05.18 14:00,2010,8.315991740173082,7.849999999999909,True
train,2010.05.19 13:00,2010,8.667727981036704,14.740000000000009,True
train,2010.05.19 15:00,2010,8.20884327224159,12.430000000000064,True
train,2010.05.20 15:00,2010,8.456208062666168,14.38000000000011,True
train,2010.05.20 16:00,2010,7.936223510739612,8.690000000000055,True
train,2010.05.21 12:00,2010,8.604824449864925,12.789999999999964,True
train,2010.05.21 16:00,2010,8.120431506216756,9.11999999999989,True
train,2010.05.21 16:00,2010,8.365579147398934,9.11999999999989,True
train,2010.05.24 14:00,2010,8.338874861943717,6.079999999999927,True
train,2010.05.25 13:00,2010,8.472016189199094,6.269999999999982,True
train,2010.05.26 12:00,2010,8.185105602338963,3.689999999999827,True
train,2010.05.26 16:00,2010,7.864804824919684,4.75,True
train,2010.05.27 12:00,2010,8.256337305115897,7.190000000000055,True
train,2010.05.27 14:00,2010,9.114887298594999,7.0,True
train,2010.05.27 15:00,2010,8.183971421397693,4.039999999999964,True
train,2010.05.28 12:00,2010,8.385627606941918,9.060000000000173,True
train,2010.05.28 13:00,2010,8.636927212198705,9.940000000000055,True
train,2010.06.01 14:00,2010,7.804529749486915,3.0299999999999727,True
train,2010.06.02 14:00,2010,8.038001521259678,7.329999999999927,True
train,2010.06.04 14:00,2010,7.8288758681723545,9.089999999999918,True
train,2010.06.25 14:00,2010,7.775270481326639,6.149999999999864,True
train,2010.07.02 13:00,2010,7.861718105647274,6.029999999999973,True
train,2010.10.20 14:00,2010,7.8034024220306994,9.029999999999973,True
train,2010.10.21 14:00,2010,8.132038751496939,13.150000000000091,True
train,2010.10.22 15:00,2010,7.8494113802665835,2.8500000000001364,True
train,2010.10.27 13:00,2010,7.916923662875348,10.660000000000082,True
train,2010.10.28 13:00,2010,8.196235574544337,7.970000000000027,True
train,2010.10.29 15:00,2010,7.779748274755072,15.490000000000009,True
train,2010.11.04 14:00,2010,8.166507541342618,7.5499999999999545,True
train,2010.11.05 13:00,2010,7.845740376401522,16.15000000000009,True
train,2010.11.05 14:00,2010,8.001760782467544,11.299999999999955,True
train,2010.11.09 14:00,2010,8.033566850366682,8.819999999999936,True
train,2010.11.10 14:00,2010,8.442460570807853,20.149999999999864,True
train,2010.11.16 13:00,2010,8.392777008207375,17.930000000000064,True
train,2010.11.17 13:00,2010,8.62838625958444,5.119999999999891,True
train,2010.11.17 15:00,2010,8.201896869755759,6.149999999999864,True
train,2010.11.17 16:00,2010,7.830441712634246,5.980000000000018,True
train,2010.11.18 12:00,2010,8.385493385782405,7.569999999999936,True
train,2010.11.19 12:00,2010,8.417787472292536,16.899999999999864,True
train,2010.11.19 16:00,2010,7.786390429704171,4.0,True
train,2010.11.23 13:00,2010,8.348312744827107,23.34999999999991,True
train,2010.11.24 15:00,2010,8.221301171065173,6.2999999999999545,True
train,2010.11.24 15:00,2010,8.250919102237502,6.2999999999999545,True
train,2010.11.25 13:00,2010,8.635882835586369,2.7000000000000455,True
train,2010.11.25 15:00,2010,8.05846836046648,1.8600000000001273,True
train,2010.11.26 13:00,2010,8.33419479267724,10.0,True
train,2010.11.26 13:00,2010,8.300491295653432,10.0,True
train,2010.12.09 13:00,2010,7.97206958133589,10.670000000000073,True
train,2010.12.09 14:00,2010,8.108699956701601,6.75,True
train,2010.12.10 12:00,2010,8.018921784646244,16.310000000000173,True
train,2010.12.14 13:00,2010,7.781754725345363,13.849999999999909,True
train,2010.12.17 13:00,2010,8.286491630071291,7.069999999999936,True
train,2011.01.21 14:00,2011,7.949188090951567,6.25,True
train,2011.01.21 14:00,2011,7.873231368644624,6.25,True
train,2011.01.28 14:00,2011,7.859726703010229,31.340000000000146,True
train,2011.02.02 13:00,2011,7.905733794822759,3.8799999999998818,True
train,2011.02.03 13:00,2011,8.14932454882608,8.910000000000082,True
train,2011.02.10 14:00,2011,7.814618177896488,12.480000000000018,True
train,2011.03.10 14:00,2011,7.777091452936887,17.060000000000173,True
train,2011.03.11 13:00,2011,7.863098572250414,6.440000000000055,True
train,2011.03.16 14:00,2011,8.048706107282051,5.889999999999873,True
train,2011.03.17 15:00,2011,7.803740759433736,3.5699999999999363,True
train,2011.03.18 14:00,2011,8.332956863236937,5.770000000000209,True
train,2011.03.23 13:00,2011,7.790174358690622,8.86999999999989,True
train,2011.03.24 14:00,2011,7.85542387599942,6.550000000000182,True
train,2011.04.15 14:00,2011,7.786222987826814,12.549999999999955,True
train,2011.04.29 14:00,2011,7.8618272269159135,7.7999999999999545,True
train,2011.05.04 14:00,2011,8.089163303049299,22.289999999999964,True
train,2011.05.04 15:00,2011,7.779462666530493,32.049999999999955,True
train,2011.05.05 13:00,2011,8.407303920067415,10.709999999999809,True
train,2011.05.06 12:00,2011,8.41793788886516,9.920000000000073,True
train,2011.05.06 15:00,2011,8.484360238400155,9.949999999999818,True
train,2011.05.09 13:00,2011,8.175743198286273,9.769999999999982,True
train,2011.05.09 14:00,2011,8.403029918911237,6.319999999999936,True
train,2011.05.11 12:00,2011,8.768290179722506,13.099999999999909,True
train,2011.05.12 14:00,2011,10.16701358673518,12.899999999999864,True
train,2011.05.13 12:00,2011,9.460161967479435,10.050000000000182,True
train,2011.05.13 13:00,2011,10.184182145667469,10.179999999999836,True
train,2011.05.13 14:00,2011,10.526916833408576,7.399999999999864,True
train,2011.05.16 13:00,2011,9.126720368583785,9.100000000000136,True
train,2011.05.16 14:00,2011,9.559693321000344,9.3599999999999,True
train,2011.05.17 12:00,2011,8.660578252575604,16.799999999999955,True
train,2011.05.17 13:00,2011,9.680522879790226,19.299999999999955,True
train,2011.05.17 16:00,2011,9.357534180953834,8.019999999999982,True
train,2011.05.18 12:00,2011,8.913233191430551,3.0,True
train,2011.05.18 13:00,2011,9.635579648084198,5.0,True
train,2011.05.18 14:00,2011,10.051378555685618,7.680000000000064,True
train,2011.05.18 16:00,2011,8.503765051107667,3.449999999999818,True
train,2011.05.19 13:00,2011,9.615561546856755,6.199999999999818,True
train,2011.05.19 14:00,2011,9.570459866583409,4.75,True
train,2011.05.20 12:00,2011,8.81397605899698,8.680000000000064,True
train,2011.05.20 15:00,2011,8.3618846352789,15.069999999999936,True
train,2011.05.23 14:00,2011,8.016190673217814,6.7000000000000455,True
train,2011.05.24 13:00,2011,8.185466900049347,4.830000000000155,True
train,2011.05.24 14:00,2011,8.09403997435312,6.599999999999909,True
train,2011.05.25 14:00,2011,8.431246818828653,4.0,True
train,2011.05.25 14:00,2011,8.471790861576997,4.0,True
train,2011.05.26 13:00,2011,8.323515228706146,6.2000000000000455,True
train,2011.05.26 15:00,2011,7.8316472500563625,11.0,True
train,2011.05.27 14:00,2011,8.360424259899434,4.25,True
train,2011.07.08 14:00,2011,7.884721032622064,18.430000000000064,True
train,2011.07.14 14:00,2011,7.979262768943755,6.850000000000136,True
train,2011.07.19 13:00,2011,7.790007039804803,6.160000000000082,True
train,2011.07.19 14:00,2011,7.837088116746437,4.940000000000055,True
train,2011.07.20 13:00,2011,8.105638636971786,6.669999999999845,True
train,2011.07.21 12:00,2011,7.8374139426457345,5.679999999999836,True
train,2011.07.21 13:00,2011,8.45409657329416,6.419999999999845,True
train,2011.07.21 15:00,2011,7.986958044287541,4.4500000000000455,True
train,2011.07.25 14:00,2011,7.888372810707331,4.670000000000073,True
train,2011.07.26 13:00,2011,8.160460034618515,2.730000000000018,True
train,2011.07.27 15:00,2011,7.994548794667669,9.570000000000164,True
train,2011.07.28 14:00,2011,8.52889348064514,11.690000000000055,True
train,2011.07.29 13:00,2011,8.569968013123008,18.539999999999964,True
train,2011.08.03 11:00,2011,8.043050760743805,4.5499999999999545,True
train,2011.08.03 13:00,2011,8.625618967551048,5.910000000000082,True
train,2011.08.03 13:00,2011,8.12578875872671,5.910000000000082,True
train,2011.08.03 16:00,2011,7.9319559269586195,5.190000000000055,True
train,2011.08.03 16:00,2011,7.874093247365306,5.190000000000055,True
train,2011.08.04 14:00,2011,8.477047106070414,12.1099999999999,True
train,2011.08.05 12:00,2011,7.9979928825773134,15.029999999999973,True
train,2011.08.05 15:00,2011,8.175012983865193,12.1099999999999,True
train,2011.08.08 10:00,2011,9.926936091579355,5.860000000000127,True
train,2011.08.08 11:00,2011,8.495298713867873,5.730000000000018,True
train,2011.08.08 13:00,2011,9.369035599499163,13.529999999999973,True
train,2011.08.08 22:00,2011,10.01864140790367,7.300000000000182,True
train,2011.08.09 02:00,2011,10.845333716806266,28.0,True
train,2011.08.09 02:00,2011,8.923403426520826,28.0,True
train,2011.08.09 08:00,2011,10.5207772275455,18.15000000000009,True
train,2011.08.09 11:00,2011,10.800811140102438,21.0,True
train,2011.08.09 11:00,2011,9.52137122201061,21.0,True
train,2011.08.09 13:00,2011,11.965941658514643,32.950000000000045,True
train,2011.08.09 18:00,2011,9.676486237283394,32.180000000000064,True
train,2011.08.09 19:00,2011,10.544715406494431,33.25,True
train,2011.08.09 22:00,2011,10.813237052478286,31.15000000000009,True
train,2011.08.09 23:00,2011,8.938049343713258,23.799999999999955,True
train,2011.08.10 04:00,2011,10.089042307112285,4.400000000000091,True
train,2011.08.10 04:00,2011,9.66147942321126,4.400000000000091,True
train,2011.08.10 07:00,2011,9.889560342332388,11.660000000000082,True
train,2011.08.10 10:00,2011,9.540853717216825,9.769999999999982,True
train,2011.08.10 12:00,2011,10.962328857020474,12.509999999999991,True
train,2011.08.10 13:00,2011,11.628562618606368,18.220000000000027,True
train,2011.08.10 17:00,2011,11.443136375472678,24.160000000000082,True
train,2011.08.10 19:00,2011,11.063213510549735,18.019999999999982,True
train,2011.08.10 22:00,2011,8.828708689686154,21.410000000000082,True
train,2011.08.10 23:00,2011,10.419880341115778,16.089999999999918,True
train,2011.08.11 02:00,2011,11.04000916646313,29.38000000000011,True
train,2011.08.11 03:00,2011,10.101108096323458,23.720000000000027,True
train,2011.08.11 06:00,2011,9.544166569138111,18.63000000000011,True
train,2011.08.11 07:00,2011,11.02980356737392,11.090000000000146,True
train,2011.08.11 10:00,2011,9.919898730931402,12.480000000000018,True
train,2011.08.11 12:00,2011,11.852275948779804,15.419999999999845,True
train,2011.08.11 15:00,2011,12.833342790348896,17.910000000000082,True
train,2011.08.11 18:00,2011,10.27390284020824,28.559999999999945,True
train,2011.08.11 20:00,2011,8.422005475369428,26.059999999999945,True
train,2011.08.12 02:00,2011,8.4526580513309,8.849999999999909,True
train,2011.08.12 04:00,2011,8.0753664818723,8.069999999999936,True
train,2011.08.12 05:00,2011,8.71844276997543,7.879999999999882,True
train,2011.08.12 07:00,2011,9.994749665412328,16.289999999999964,True
train,2011.08.12 09:00,2011,9.616724705940825,9.200000000000045,True
train,2011.08.12 10:00,2011,10.306843952864824,12.829999999999927,True
train,2011.08.12 13:00,2011,12.99173229092158,16.4699999999998,True
train,2011.08.12 14:00,2011,13.884134650805718,27.980000000000018,True
train,2011.08.12 16:00,2011,12.641434458164765,19.670000000000073,True
train,2011.08.12 18:00,2011,10.482750805836703,11.269999999999982,True
train,2011.08.12 20:00,2011,8.21437757559687,4.369999999999891,True
train,2011.08.12 22:00,2011,8.036980513408988,17.299999999999955,True
train,2011.08.15 01:00,2011,7.968628160390465,12.1099999999999,True
train,2011.08.15 02:00,2011,7.824106347444261,13.900000000000091,True
train,2011.08.15 06:00,2011,8.844281796157405,6.25,True
train,2011.08.15 11:00,2011,10.908281299577562,6.480000000000018,True
train,2011.08.15 11:00,2011,10.947404733673423,6.480000000000018,True
train,2011.08.15 14:00,2011,12.869316783340777,6.599999999999909,True
train,2011.08.15 16:00,2011,12.010674947654245,17.460000000000036,True
train,2011.08.16 05:00,2011,7.973329126474444,3.4500000000000455,True
train,2011.08.16 07:00,2011,9.852297675291567,11.529999999999973,True
train,2011.08.16 08:00,2011,9.732471066134844,11.920000000000073,True
train,2011.08.16 13:00,2011,13.425527724208367,9.269999999999982,True
train,2011.08.16 14:00,2011,13.203567012329268,14.079999999999927,True
train,2011.08.16 15:00,2011,12.955444701551066,12.129999999999882,True
train,2011.08.16 16:00,2011,12.945155817005427,10.11999999999989,True
train,2011.08.16 17:00,2011,11.262433665058124,8.519999999999982,True
train,2011.08.16 18:00,2011,10.766673768532202,9.579999999999927,True
train,2011.08.16 19:00,2011,9.02594639190892,5.880000000000109,True
train,2011.08.17 05:00,2011,7.80265988712382,2.089999999999918,True
train,2011.08.17 06:00,2011,8.445412834358985,6.559999999999945,True
train,2011.08.17 07:00,2011,8.858941827145136,6.620000000000118,True
train,2011.08.17 11:00,2011,10.676343838523055,7.0499999999999545,True
train,2011.08.17 13:00,2011,13.640761964391418,9.010000000000218,True
train,2011.08.17 16:00,2011,12.881284672616443,12.579999999999927,True
train,2011.08.17 18:00,2011,11.17859482209377,10.289999999999964,True
train,2011.08.17 19:00,2011,9.134806788528946,8.850000000000136,True
train,2011.08.18 07:00,2011,9.587707112030742,5.3900000000001,True
train,2011.08.18 08:00,2011,9.467801604443677,3.2000000000000455,True
train,2011.08.18 11:00,2011,11.181382578057525,20.519999999999982,True
train,2011.08.18 12:00,2011,13.83284611141824,21.38000000000011,True
train,2011.08.18 18:00,2011,11.70466212111633,12.950000000000045,True
train,2011.08.18 20:00,2011,9.114339277578846,6.960000000000036,True
train,2011.08.18 23:00,2011,9.701408259112503,11.549999999999955,True
train,2011.08.19 02:00,2011,9.357177980248403,15.720000000000027,True
train,2011.08.19 06:00,2011,10.55741065279857,13.269999999999982,True
train,2011.08.19 07:00,2011,11.69951133919269,24.690000000000055,True
train,2011.08.19 11:00,2011,12.974192038719321,15.160000000000082,True
train,2011.08.19 14:00,2011,15.462151170850632,25.789999999999964,True
train,2011.08.19 16:00,2011,14.4922891790153,14.080000000000155,True
train,2011.08.19 18:00,2011,12.13950739308781,5.4500000000000455,True
train,2011.08.19 19:00,2011,11.47267611870969,5.940000000000055,True
train,2011.08.19 20:00,2011,9.831387032053058,3.4200000000000728,True
train,2011.08.19 21:00,2011,9.830585422014261,26.730000000000018,True
train,2011.08.19 23:00,2011,9.452447260885917,12.519999999999982,True
train,2011.08.22 02:00,2011,11.721719176575979,7.650000000000091,True
train,2011.08.22 03:00,2011,10.348917281891733,10.790000000000191,True
train,2011.08.22 04:00,2011,11.47928882772185,7.660000000000082,True
train,2011.08.22 06:00,2011,11.01080188396225,24.299999999999955,True
train,2011.08.22 11:00,2011,13.69261333379157,21.75999999999999,True
train,2011.08.22 16:00,2011,14.263699167332353,18.99000000000001,True
train,2011.08.22 19:00,2011,13.063481371275635,10.160000000000082,True
train,2011.08.22 20:00,2011,11.466498523433266,5.310000000000173,True
train,2011.08.22 21:00,2011,12.296522481047885,22.220000000000027,True
train,2011.08.23 02:00,2011,13.061081061861325,16.700000000000045,True
train,2011.08.23 05:00,2011,11.946259635881127,9.569999999999936,True
train,2011.08.23 08:00,2011,13.834584209258518,29.059999999999945,True
train,2011.08.23 11:00,2011,13.250650631633349,9.680000000000064,True
train,2011.08.23 13:00,2011,14.889317221102642,21.840000000000146,True
train,2011.08.23 16:00,2011,15.478712412905132,26.269999999999982,True
train,2011.08.23 17:00,2011,13.942812680049933,32.190000000000055,True
train,2011.08.23 19:00,2011,12.4446139400676,33.1400000000001,True
train,2011.08.23 20:00,2011,9.856866731027987,42.86000000000013,True
train,2011.08.23 22:00,2011,9.664376409712824,13.569999999999936,True
train,2011.08.24 01:00,2011,8.53488343594831,18.12999999999988,True
train,2011.08.24 06:00,2011,9.455089027668903,5.889999999999873,True
train,2011.08.24 07:00,2011,10.488194244574593,6.610000000000127,True
train,2011.08.24 10:00,2011,10.883052790096123,7.629999999999882,True
train,2011.08.24 11:00,2011,11.042858564491482,9.480000000000018,True
train,2011.08.24 13:00,2011,13.3243098111572,39.86999999999989,True
train,2011.08.24 16:00,2011,13.4110348795324,41.73000000000002,True
train,2011.08.24 18:00,2011,11.54150190994914,33.580000000000155,True
train,2011.08.24 20:00,2011,9.050406736863753,16.0,True
train,2011.08.24 23:00,2011,8.708086127055237,9.349999999999909,True
train,2011.08.25 01:00,2011,8.223163540259264,13.990000000000009,True
train,2011.08.25 02:00,2011,8.94208074879282,16.669999999999845,True
train,2011.08.25 05:00,2011,9.108759711191626,23.230000000000018,True
train,2011.08.25 09:00,2011,11.34149370986728,36.960000000000036,True
train,2011.08.25 11:00,2011,11.982304569211573,23.50999999999999,True
train,2011.08.25 14:00,2011,14.750974542483485,21.460000000000036,True
train,2011.08.25 16:00,2011,13.851384620973809,38.86999999999989,True
train,2011.08.25 17:00,2011,13.367443687841805,30.559999999999945,True
train,2011.08.25 20:00,2011,8.39539058934758,15.3599999999999,True
train,2011.08.25 22:00,2011,8.056032062156888,8.25,True
train,2011.08.26 02:00,2011,8.271884579696984,7.880000000000109,True
train,2011.08.26 03:00,2011,8.11548108718016,12.47999999999979,True
train,2011.08.26 05:00,2011,9.120649990285784,13.649999999999864,True
train,2011.08.26 08:00,2011,10.831089174840912,16.40000000000009,True
train,2011.08.26 10:00,2011,10.682700046394963,5.420000000000073,True
train,2011.08.26 12:00,2011,14.06776363841864,22.460000000000036,True
train,2011.08.26 14:00,2011,14.53702269709253,24.710000000000036,True
train,2011.08.26 15:00,2011,13.825740300841126,19.829999999999927,True
train,2011.08.26 16:00,2011,13.155913992445141,15.75,True
train,2011.08.26 18:00,2011,11.413358060392811,28.930000000000064,True
train,2011.08.26 18:00,2011,11.137107958412741,28.930000000000064,True
train,2011.08.29 02:00,2011,9.732574050100746,17.1400000000001,True
train,2011.08.29 05:00,2011,9.484098614982043,6.850000000000136,True
train,2011.08.29 08:00,2011,10.85615039709998,6.519999999999982,True
train,2011.08.29 10:00,2011,11.633121197079975,7.680000000000064,True
train,2011.08.29 11:00,2011,11.843346727406256,5.639999999999873,True
train,2011.08.29 13:00,2011,13.657006931703497,34.899999999999864,True
train,2011.08.29 16:00,2011,12.788718980383313,16.569999999999936,True
train,2011.08.29 18:00,2011,10.428826844324234,7.269999999999982,True
train,2011.08.29 19:00,2011,9.571607998806982,14.259999999999991,True
train,2011.08.30 02:00,2011,8.925644881493215,10.049999999999955,True
train,2011.08.30 05:00,2011,10.244772147799452,4.3900000000001,True
train,2011.08.30 06:00,2011,10.080287810972935,4.569999999999936,True
train,2011.08.30 08:00,2011,10.899410708704488,11.190000000000055,True
train,2011.08.30 10:00,2011,12.340197813801288,12.370000000000118,True
train,2011.08.30 12:00,2011,14.130432795821426,41.74000000000001,True
train,2011.08.30 16:00,2011,14.234488635284405,15.389999999999873,True
train,2011.08.30 18:00,2011,12.377460250577299,17.589999999999918,True
train,2011.08.30 19:00,2011,11.320115106967995,14.269999999999982,True
train,2011.08.30 23:00,2011,8.95867491647134,9.539999999999964,True
train,2011.08.31 04:00,2011,9.609440956416565,2.400000000000091,True
train,2011.08.31 06:00,2011,10.936737631510354,3.490000000000009,True
train,2011.08.31 07:00,2011,10.680075624069373,9.230000000000018,True
train,2011.08.31 09:00,2011,11.240008483790014,12.240000000000009,True
train,2011.08.31 11:00,2011,12.1393767773548,9.120000000000118,True
train,2011.08.31 11:00,2011,12.1393767773548,9.120000000000118,True
train,2011.08.31 13:00,2011,14.383149290967486,18.8599999999999,True
train,2011.08.31 14:00,2011,14.218866167111441,15.170000000000073,True
train,2011.08.31 16:00,2011,13.685424488435679,21.360000000000127,True
train,2011.08.31 17:00,2011,12.762684769270036,9.700000000000045,True
train,2011.08.31 19:00,2011,10.638380411181902,12.740000000000009,True
train,2011.09.01 05:00,2011,9.206231635569603,4.910000000000082,True
train,2011.09.01 07:00,2011,9.680106082566857,9.120000000000118,True
train,2011.09.01 11:00,2011,12.208758172050048,7.75,True
train,2011.09.01 11:00,2011,12.317729633551545,7.75,True
train,2011.09.01 13:00,2011,14.837083804062237,9.699999999999818,True
train,2011.09.01 16:00,2011,13.567956424518473,13.3599999999999,True
train,2011.09.01 18:00,2011,11.972473641186182,7.0499999999999545,True
train,2011.09.02 03:00,2011,7.873797414632396,4.569999999999936,True
train,2011.09.02 06:00,2011,9.293080636570282,8.389999999999873,True
train,2011.09.02 08:00,2011,11.729921878130064,27.360000000000127,True
train,2011.09.02 09:00,2011,11.452860727464811,19.13000000000011,True
train,2011.09.02 11:00,2011,13.551497004446205,11.490000000000009,True
train,2011.09.02 13:00,2011,15.276475273358605,29.289999999999964,True
train,2011.09.02 16:00,2011,14.70227281997086,7.920000000000073,True
train,2011.09.02 18:00,2011,12.527762641530357,5.5499999999999545,True
train,2011.09.02 20:00,2011,10.280418043783309,10.470000000000027,True
train,2011.09.02 21:00,2011,9.353943699257705,11.3900000000001,True
train,2011.09.02 23:00,2011,9.8866878490439,10.38000000000011,True
train,2011.09.05 04:00,2011,10.13691376136825,4.4099999999998545,True
train,2011.09.05 05:00,2011,10.862940593911356,6.569999999999936,True
train,2011.09.05 08:00,2011,11.700996328347221,18.36999999999989,True
train,2011.09.05 10:00,2011,12.599656249757968,9.740000000000009,True
train,2011.09.05 11:00,2011,13.29430012563045,10.490000000000009,True
train,2011.09.05 13:00,2011,14.255419212885789,9.409999999999854,True
train,2011.09.05 14:00,2011,14.287950990032975,10.179999999999836,True
train,2011.09.05 16:00,2011,13.162688637426221,7.230000000000018,True
train,2011.09.05 19:00,2011,10.909043568370173,2.4600000000000364,True
train,2011.09.05 21:00,2011,9.446315857521979,3.3400000000001455,True
train,2011.09.05 21:00,2011,9.23359979657979,3.3400000000001455,True
train,2011.09.06 01:00,2011,9.622331179207265,7.4500000000000455,True
train,2011.09.06 02:00,2011,9.52617293130557,4.5,True
train,2011.09.06 05:00,2011,11.081293766573781,18.980000000000018,True
train,2011.09.06 10:00,2011,13.707681491729724,28.62000000000012,True
train,2011.09.06 12:00,2011,14.318125777554796,13.8900000000001,True
train,2011.09.06 14:00,2011,14.91006297844435,13.679999999999836,True
train,2011.09.06 15:00,2011,14.488813685796336,29.37999999999988,True
train,2011.09.06 17:00,2011,14.78035252003825,30.62999999999988,True
train,2011.09.06 17:00,2011,14.78035252003825,30.62999999999988,True
train,2011.09.06 19:00,2011,11.178753086946307,15.150000000000091,True
train,2011.09.06 21:00,2011,8.065971405773032,12.740000000000009,True
train,2011.09.06 23:00,2011,8.671175332555944,10.950000000000045,True
train,2011.09.07 02:00,2011,9.155495561806427,7.519999999999982,True
train,2011.09.07 05:00,2011,11.49349700865112,59.36000000000013,True
train,2011.09.07 05:00,2011,11.379659656660705,59.36000000000013,True
train,2011.09.07 07:00,2011,10.322121280773155,18.970000000000027,True
train,2011.09.07 08:00,2011,11.166297724200668,15.620000000000118,True
train,2011.09.07 10:00,2011,11.829506358952344,10.720000000000027,True
train,2011.09.07 11:00,2011,12.260753343190304,12.980000000000018,True
train,2011.09.07 18:00,2011,12.429332289687153,12.170000000000073,True
train,2011.09.07 20:00,2011,8.128633722451388,6.2000000000000455,True
train,2011.09.07 22:00,2011,8.366515209002316,4.870000000000118,True
train,2011.09.07 23:00,2011,7.914803474372017,15.149999999999864,True
train,2011.09.08 02:00,2011,8.96707582644139,29.7800000000002,True
train,2011.09.08 04:00,2011,8.311545119950052,10.929999999999836,True
train,2011.09.08 05:00,2011,10.468928222134325,7.579999999999927,True
train,2011.09.08 07:00,2011,10.880173675564096,14.160000000000082,True
train,2011.09.08 11:00,2011,12.303739403391608,22.950000000000045,True
train,2011.09.08 13:00,2011,14.87636275490602,26.329999999999927,True
train,2011.09.08 17:00,2011,12.99087532543586,6.710000000000036,True
train,2011.09.08 18:00,2011,11.856699216902946,10.879999999999882,True
train,2011.09.08 19:00,2011,10.682518847890181,16.049999999999955,True
train,2011.09.08 21:00,2011,7.816231996697205,10.829999999999927,True
train,2011.09.08 23:00,2011,8.06257720703394,13.009999999999991,True
train,2011.09.09 03:00,2011,8.652639415077857,6.420000000000073,True
train,2011.09.09 05:00,2011,9.322869496229808,10.199999999999818,True
train,2011.09.09 06:00,2011,10.402853109132971,14.539999999999964,True
train,2011.09.09 08:00,2011,10.923644038585442,16.00999999999999,True
train,2011.09.09 12:00,2011,15.224971195489381,50.61000000000013,True
train,2011.09.09 14:00,2011,15.358453932775541,32.49000000000001,True
train,2011.09.09 17:00,2011,12.839588408534278,20.570000000000164,True
train,2011.09.09 20:00,2011,8.411713657861457,19.50999999999999,True
train,2011.09.09 22:00,2011,8.164433171634501,6.399999999999864,True
train,2011.09.12 02:00,2011,8.084245587563327,16.25,True
train,2011.09.12 02:00,2011,7.9402083131921275,16.25,True
train,2011.09.12 04:00,2011,8.27078965735832,7.9500000000000455,True
train,2011.09.12 06:00,2011,9.173083659129732,21.710000000000036,True
train,2011.09.12 07:00,2011,9.65045480052264,28.5,True
train,2011.09.12 08:00,2011,10.466460862130036,22.460000000000036,True
train,2011.09.12 10:00,2011,11.720374509132116,14.039999999999964,True
train,2011.09.12 13:00,2011,13.603794086832712,11.980000000000018,True
train,2011.09.12 14:00,2011,14.191495810119365,14.299999999999955,True
train,2011.09.12 16:00,2011,12.767208896961085,26.449999999999818,True
train,2011.09.12 17:00,2011,11.90610292139283,27.460000000000036,True
train,2011.09.12 22:00,2011,8.543935718890188,9.539999999999964,True
train,2011.09.13 05:00,2011,9.000400167432,6.709999999999809,True
train,2011.09.13 08:00,2011,10.752320121588335,29.680000000000064,True
train,2011.09.13 10:00,2011,11.83612566709416,24.069999999999936,True
train,2011.09.13 12:00,2011,14.78426937142879,21.710000000000036,True
train,2011.09.13 16:00,2011,13.043676922321973,12.849999999999909,True
train,2011.09.13 18:00,2011,11.4514447618615,22.1099999999999,True
train,2011.09.14 05:00,2011,8.496557411432288,9.759999999999991,True
train,2011.09.14 10:00,2011,11.569815961072813,8.759999999999991,True
train,2011.09.14 12:00,2011,13.55224396149559,16.569999999999936,True
train,2011.09.14 15:00,2011,13.19901889628976,11.740000000000009,True
train,2011.09.14 17:00,2011,12.38149121759917,13.189999999999827,True
train,2011.09.14 19:00,2011,10.154968323466447,8.759999999999991,True
train,2011.09.14 20:00,2011,8.128298547353287,13.240000000000009,True
train,2011.09.15 05:00,2011,9.220801066638517,13.100000000000136,True
train,2011.09.15 09:00,2011,11.215649375348336,7.339999999999918,True
train,2011.09.15 10:00,2011,11.039255156245837,11.569999999999936,True
train,2011.09.15 11:00,2011,12.264215149952582,17.00999999999999,True
train,2011.09.15 13:00,2011,14.151261253501987,22.669999999999845,True
train,2011.09.15 16:00,2011,14.457249378726003,14.340000000000146,True
train,2011.09.15 19:00,2011,11.217563778667975,10.389999999999873,True
train,2011.09.15 20:00,2011,9.093097926996345,10.189999999999827,True
train,2011.09.15 21:00,2011,8.602980775700239,6.529999999999973,True
train,2011.09.15 23:00,2011,8.618639205132087,13.049999999999955,True
train,2011.09.16 02:00,2011,9.949710504980036,20.019999999999982,True
train,2011.09.16 04:00,2011,9.68308474636971,12.799999999999955,True
train,2011.09.16 07:00,2011,12.024639059717716,14.009999999999991,True
train,2011.09.16 09:00,2011,12.831702853944018,14.88000000000011,True
train,2011.09.16 10:00,2011,13.080162510309775,11.61999999999989,True
train,2011.09.16 11:00,2011,13.456742680727286,11.799999999999955,True
train,2011.09.16 14:00,2011,15.988014476656817,14.070000000000164,True
train,2011.09.16 16:00,2011,14.940687253774293,31.820000000000164,True
train,2011.09.16 16:00,2011,14.81393615986704,31.820000000000164,True
train,2011.09.16 20:00,2011,8.492395262845104,19.0,True
train,2011.09.19 02:00,2011,7.806075282878072,9.730000000000018,True
train,2011.09.19 04:00,2011,7.864732697519951,8.059999999999945,True
train,2011.09.19 05:00,2011,8.498788161364834,7.699999999999818,True
train,2011.09.19 07:00,2011,9.671254584758058,5.089999999999918,True
train,2011.09.19 08:00,2011,10.788193299471635,8.830000000000155,True
train,2011.09.19 11:00,2011,11.576407560130441,7.769999999999982,True
train,2011.09.19 12:00,2011,13.494155455480756,8.350000000000136,True
train,2011.09.19 14:00,2011,14.235965405430072,40.180000000000064,True
train,2011.09.19 18:00,2011,11.26250111270563,12.760000000000218,True
train,2011.09.19 21:00,2011,8.171383710094217,8.86999999999989,True
train,2011.09.20 02:00,2011,8.144170307499579,4.569999999999936,True
train,2011.09.20 04:00,2011,8.473671277166309,3.5900000000001455,True
train,2011.09.20 05:00,2011,9.570610954948949,12.0,True
train,2011.09.20 06:00,2011,9.800876750346957,12.539999999999964,True
train,2011.09.20 09:00,2011,11.608563049935418,14.319999999999936,True
train,2011.09.20 12:00,2011,14.095440468261236,9.900000000000091,True
train,2011.09.20 14:00,2011,14.759252671715585,17.420000000000073,True
train,2011.09.20 16:00,2011,13.804449401849759,19.00999999999999,True
train,2011.09.20 17:00,2011,12.727080671326606,7.9500000000000455,True
train,2011.09.20 19:00,2011,9.894798764239752,5.120000000000118,True
train,2011.09.21 05:00,2011,9.07793037241453,12.940000000000055,True
train,2011.09.21 08:00,2011,10.299974589448615,7.619999999999891,True
train,2011.09.21 09:00,2011,10.396323969821674,10.019999999999982,True
train,2011.09.21 11:00,2011,11.04348065929721,7.009999999999991,True
train,2011.09.21 12:00,2011,13.401317042027783,23.1099999999999,True
train,2011.09.21 16:00,2011,13.915042814695115,16.25,True
train,2011.09.21 18:00,2011,11.714997787053639,23.0,True
train,2011.09.22 06:00,2011,9.82861714473939,9.990000000000009,True
train,2011.09.22 08:00,2011,10.799675025503559,16.170000000000073,True
train,2011.09.22 10:00,2011,11.619519099956564,23.09999999999991,True
train,2011.09.22 12:00,2011,15.076096574422051,35.569999999999936,True
train,2011.09.22 18:00,2011,12.664121401857967,13.160000000000082,True
train,2011.09.22 20:00,2011,9.698963020387579,11.840000000000146,True
train,2011.09.22 21:00,2011,9.969743821176298,12.149999999999864,True
train,2011.09.22 23:00,2011,10.170978834000701,7.519999999999982,True
train,2011.09.23 02:00,2011,10.464697243939243,13.329999999999927,True
train,2011.09.23 05:00,2011,11.689778546395978,25.75,True
train,2011.09.23 09:00,2011,12.644226358302348,18.899999999999864,True
train,2011.09.23 11:00,2011,13.656794395969321,48.569999999999936,True
train,2011.09.23 17:00,2011,14.690452356019962,46.12000000000012,True
train,2011.09.23 21:00,2011,12.752408191572968,14.819999999999936,True
train,2011.09.23 22:00,2011,12.491515477858158,12.769999999999982,True
train,2011.09.23 23:00,2011,12.534737468346762,18.09999999999991,True
train,2011.09.26 01:00,2011,13.645721250283131,22.039999999999964,True
train,2011.09.26 02:00,2011,13.616248312877621,14.350000000000136,True
train,2011.09.26 04:00,2011,13.319661264678485,40.88000000000011,True
train,2011.09.26 10:00,2011,15.285510096478495,30.37999999999988,True
train,2011.09.26 12:00,2011,15.884028943302235,32.90000000000009,True
train,2011.09.26 14:00,2011,16.287590409093447,40.8599999999999,True
train,2011.09.26 15:00,2011,16.007040670949106,43.50999999999999,True
train,2011.09.26 18:00,2011,14.267217888703946,13.75,True
train,2011.09.26 19:00,2011,13.743254080161982,30.09999999999991,True
train,2011.09.26 21:00,2011,13.707918357591703,26.37999999999988,True
train,2011.09.26 23:00,2011,11.020678555747793,9.299999999999955,True
train,2011.09.27 03:00,2011,11.962277632663898,20.50999999999999,True
train,2011.09.27 04:00,2011,12.79237118720677,20.610000000000127,True
train,2011.09.27 07:00,2011,14.024652066830763,20.779999999999973,True
train,2011.09.27 08:00,2011,14.210081495288174,12.349999999999909,True
train,2011.09.27 10:00,2011,14.330312260777704,24.069999999999936,True
train,2011.09.27 13:00,2011,15.684079441201305,17.360000000000127,True
train,2011.09.27 14:00,2011,15.804049483070663,17.549999999999955,True
train,2011.09.27 17:00,2011,15.534012529013296,22.200000000000045,True
train,2011.09.27 18:00,2011,13.890284459261105,10.069999999999936,True
train,2011.09.27 19:00,2011,13.240970234573146,13.320000000000164,True
train,2011.09.27 21:00,2011,10.998548365216783,6.470000000000027,True
train,2011.09.27 23:00,2011,10.739123470236208,12.3900000000001,True
train,2011.09.28 01:00,2011,10.597306389915504,17.059999999999945,True
train,2011.09.28 03:00,2011,10.541770095791048,10.120000000000118,True
train,2011.09.28 05:00,2011,12.043370614668127,9.980000000000018,True
train,2011.09.28 08:00,2011,13.265109399421517,32.289999999999964,True
train,2011.09.28 09:00,2011,13.150865344144306,17.190000000000055,True
train,2011.09.28 11:00,2011,13.843545793668959,12.36999999999989,True
train,2011.09.28 12:00,2011,14.944089897170597,14.060000000000173,True
train,2011.09.28 13:00,2011,14.9764104361429,12.830000000000155,True
train,2011.09.28 16:00,2011,15.343909249376063,23.220000000000027,True
train,2011.09.28 17:00,2011,14.606774425541111,39.710000000000036,True
train,2011.09.28 18:00,2011,14.108638828202407,41.09999999999991,True
train,2011.09.28 22:00,2011,11.684493589846555,17.25999999999999,True
train,2011.09.28 23:00,2011,11.250353927790753,26.340000000000146,True
train,2011.09.29 04:00,2011,11.738203958273095,12.360000000000127,True
train,2011.09.29 05:00,2011,11.726599726066292,17.97999999999979,True
train,2011.09.29 09:00,2011,13.306961295067756,13.740000000000009,True
train,2011.09.29 12:00,2011,14.301046269243045,16.699999999999818,True
train,2011.09.29 15:00,2011,15.388264792230572,14.980000000000018,True
train,2011.09.29 17:00,2011,14.128407115782707,13.75,True
train,2011.09.29 18:00,2011,13.73819254601498,12.829999999999927,True
train,2011.09.29 20:00,2011,9.923056072700067,5.720000000000027,True
train,2011.09.29 23:00,2011,8.980444470481345,10.4699999999998,True
train,2011.09.29 23:00,2011,9.477657508189933,10.4699999999998,True
train,2011.09.30 04:00,2011,9.557319147935823,18.899999999999864,True
train,2011.09.30 05:00,2011,9.83022592670451,8.389999999999873,True
train,2011.09.30 08:00,2011,12.305665061529949,6.579999999999927,True
train,2011.09.30 11:00,2011,12.918830207160896,16.86999999999989,True
train,2011.09.30 13:00,2011,14.620246039162788,12.5,True
train,2011.09.30 18:00,2011,13.57876223186622,10.870000000000118,True
train,2011.09.30 20:00,2011,9.54912920931453,7.7999999999999545,True
train,2011.09.30 22:00,2011,9.502221283981592,8.809999999999945,True
train,2011.09.30 23:00,2011,8.641755046247445,8.189999999999827,True
train,2011.10.03 03:00,2011,8.727027878583437,7.940000000000055,True
train,2011.10.03 04:00,2011,8.363232353822404,3.849999999999909,True
train,2011.10.03 05:00,2011,9.2697317579202,5.829999999999927,True
train,2011.10.03 07:00,2011,10.852303623627355,22.09999999999991,True
train,2011.10.03 13:00,2011,14.436927449712558,7.039999999999964,True
train,2011.10.03 16:00,2011,14.145029330187812,8.539999999999964,True
train,2011.10.03 18:00,2011,12.208043926122317,9.820000000000164,True
train,2011.10.03 19:00,2011,10.792558079048469,11.029999999999973,True
train,2011.10.03 21:00,2011,9.548868320393273,14.759999999999991,True
train,2011.10.03 23:00,2011,8.890951072006454,9.610000000000127,True
train,2011.10.04 03:00,2011,9.8168257784582,7.460000000000036,True
train,2011.10.04 04:00,2011,9.36746660967937,8.779999999999973,True
train,2011.10.04 07:00,2011,11.760810251090197,13.909999999999854,True
train,2011.10.04 08:00,2011,12.672604587310824,9.549999999999955,True
train,2011.10.04 11:00,2011,13.921614729829352,27.75,True
train,2011.10.04 11:00,2011,13.838217186215168,27.75,True
train,2011.10.04 13:00,2011,15.175036656912388,27.220000000000027,True
train,2011.10.04 15:00,2011,14.577945895435684,37.59999999999991,True
train,2011.10.04 19:00,2011,12.035125105574522,25.389999999999873,True
train,2011.10.04 23:00,2011,10.277178863528295,8.0,True
train,2011.10.05 04:00,2011,8.548366979367637,11.86999999999989,True
train,2011.10.05 05:00,2011,11.069841057100328,7.369999999999891,True
train,2011.10.05 07:00,2011,11.283839569987101,7.5499999999999545,True
train,2011.10.05 09:00,2011,12.474912978592066,30.600000000000136,True
train,2011.10.05 11:00,2011,12.947156269417441,13.150000000000091,True
train,2011.10.05 13:00,2011,15.02851023317647,22.74000000000001,True
train,2011.10.05 16:00,2011,14.9720341094501,26.210000000000036,True
train,2011.10.05 18:00,2011,13.364543062303213,21.329999999999927,True
train,2011.10.05 21:00,2011,8.318967930796795,8.730000000000018,True
train,2011.10.05 22:00,2011,8.293373704245822,6.779999999999973,True
train,2011.10.06 02:00,2011,7.961421493729564,10.700000000000045,True
train,2011.10.06 04:00,2011,8.318857403358214,6.869999999999891,True
train,2011.10.06 06:00,2011,9.81695351776561,4.8900000000001,True
train,2011.10.06 08:00,2011,11.412886861011346,7.630000000000109,True
train,2011.10.06 10:00,2011,12.073129175283485,8.930000000000064,True
train,2011.10.06 11:00,2011,12.221380562058263,8.769999999999982,True
train,2011.10.06 12:00,2011,14.617075182691012,14.600000000000136,True
train,2011.10.06 15:00,2011,14.166950475194264,15.539999999999964,True
train,2011.10.06 18:00,2011,12.090738745279642,11.070000000000164,True
train,2011.10.06 18:00,2011,12.10517872407867,11.070000000000164,True
train,2011.10.06 20:00,2011,8.258933427937434,5.3599999999999,True
train,2011.10.07 02:00,2011,7.955117734171729,6.459999999999809,True
train,2011.10.07 03:00,2011,7.9809611141878,14.829999999999927,True
train,2011.10.07 07:00,2011,10.816540635777164,5.589999999999918,True
train,2011.10.07 09:00,2011,12.05648685235915,13.059999999999945,True
train,2011.10.07 10:00,2011,12.243100101318893,12.759999999999991,True
train,2011.10.07 13:00,2011,14.639273791165229,9.700000000000045,True
train,2011.10.07 14:00,2011,14.974864851635287,13.680000000000064,True
train,2011.10.07 16:00,2011,14.428287271297599,20.25999999999999,True
train,2011.10.07 18:00,2011,12.589542258234365,26.700000000000045,True
train,2011.10.07 18:00,2011,12.589542258234365,26.700000000000045,True
train,2011.10.07 21:00,2011,9.20906188941977,6.970000000000027,True
train,2011.10.10 06:00,2011,9.087192089859535,2.980000000000018,True
train,2011.10.10 08:00,2011,11.434149846064692,11.589999999999918,True
train,2011.10.10 14:00,2011,14.088979673431846,8.480000000000018,True
train,2011.10.10 15:00,2011,13.59912870473031,11.690000000000055,True
train,2011.10.10 16:00,2011,13.680803205356668,15.120000000000118,True
train,2011.10.10 18:00,2011,11.514328286096669,7.849999999999909,True
train,2011.10.10 20:00,2011,9.19835749780267,4.660000000000082,True
train,2011.10.10 23:00,2011,8.32447899685572,11.339999999999918,True
train,2011.10.10 23:00,2011,8.30325406678796,11.339999999999918,True
train,2011.10.11 02:00,2011,9.48850606727993,10.63000000000011,True
train,2011.10.11 04:00,2011,7.83826143151466,5.4099999999998545,True
train,2011.10.11 06:00,2011,11.117148474364472,10.580000000000155,True
train,2011.10.11 09:00,2011,12.391847166996355,20.6400000000001,True
train,2011.10.11 10:00,2011,11.76937543948381,19.940000000000055,True
train,2011.10.11 12:00,2011,13.647168770112382,5.919999999999845,True
train,2011.10.11 14:00,2011,14.143070314443193,6.720000000000027,True
train,2011.10.11 16:00,2011,13.257060332297385,7.9699999999998,True
train,2011.10.11 18:00,2011,11.266228223094345,8.409999999999854,True
train,2011.10.11 20:00,2011,7.813066654003741,7.110000000000127,True
train,2011.10.12 06:00,2011,8.12797726065304,8.190000000000055,True
train,2011.10.12 08:00,2011,9.572697227201518,15.860000000000127,True
train,2011.10.12 13:00,2011,13.942139947127933,8.430000000000064,True
train,2011.10.12 15:00,2011,13.169065200376906,10.8900000000001,True
train,2011.10.12 16:00,2011,13.33063536185326,10.639999999999873,True
train,2011.10.12 21:00,2011,7.823924975359486,5.009999999999991,True
train,2011.10.13 05:00,2011,8.401026494360787,9.569999999999936,True
train,2011.10.13 06:00,2011,7.788204419157963,12.11999999999989,True
train,2011.10.13 08:00,2011,9.545254112674334,8.259999999999991,True
train,2011.10.13 09:00,2011,8.828289798835156,5.430000000000064,True
train,2011.10.13 11:00,2011,10.517913756089612,8.420000000000073,True
train,2011.10.13 17:00,2011,11.162361155749274,8.579999999999927,True
train,2011.10.14 07:00,2011,8.448229063248329,12.009999999999991,True
train,2011.10.14 12:00,2011,12.545165461075863,7.279999999999973,True
train,2011.10.14 15:00,2011,11.434884431490538,9.670000000000073,True
train,2011.10.14 17:00,2011,10.595768763532197,11.849999999999909,True
train,2011.10.14 18:00,2011,9.5465666534693,11.599999999999909,True
train,2011.10.17 08:00,2011,8.404471633722284,14.120000000000118,True
train,2011.10.17 10:00,2011,8.686880806166792,5.6099999999999,True
train,2011.10.17 13:00,2011,11.3949054921542,5.699999999999818,True
train,2011.10.17 15:00,2011,10.411271643205133,4.5,True
train,2011.10.17 16:00,2011,10.444272445786469,15.069999999999936,True
train,2011.10.17 18:00,2011,8.454972627797659,14.079999999999927,True
train,2011.10.18 13:00,2011,11.844369952640633,28.49000000000001,True
train,2011.10.18 15:00,2011,10.569108271148368,13.629999999999882,True
train,2011.10.18 17:00,2011,9.645084329077402,18.610000000000127,True
train,2011.10.18 18:00,2011,9.268041849355628,13.059999999999945,True
train,2011.10.19 12:00,2011,10.107645403488355,7.139999999999873,True
train,2011.10.19 14:00,2011,11.614896628472671,13.710000000000036,True
train,2011.10.19 15:00,2011,10.645478758822016,11.450000000000045,True
train,2011.10.19 17:00,2011,8.776795906988708,12.0,True
train,2011.10.20 07:00,2011,8.146974181130457,11.649999999999864,True
train,2011.10.20 09:00,2011,8.537921531912527,15.879999999999882,True
train,2011.10.20 10:00,2011,8.139669101349545,12.110000000000127,True
train,2011.10.20 11:00,2011,8.875760845962855,9.100000000000136,True
train,2011.10.20 14:00,2011,11.381767302866578,7.520000000000209,True
train,2011.10.20 16:00,2011,10.636212062901828,17.559999999999945,True
train,2011.10.20 18:00,2011,8.022593225542051,10.830000000000155,True
train,2011.10.21 12:00,2011,10.131219737953456,23.529999999999973,True
train,2011.10.21 13:00,2011,11.048013812793739,24.439999999999827,True
train,2011.10.21 17:00,2011,8.508107194178674,7.120000000000118,True
train,2011.10.24 10:00,2011,7.937304958288945,5.920000000000073,True
train,2011.10.24 13:00,2011,9.975754169577588,8.569999999999936,True
train,2011.10.24 16:00,2011,9.572347736621358,5.740000000000009,True
train,2011.10.24 17:00,2011,8.226236243474943,7.940000000000055,True
train,2011.10.25 11:00,2011,8.29768183982051,5.930000000000064,True
train,2011.10.25 13:00,2011,10.518542785188878,12.8599999999999,True
train,2011.10.25 14:00,2011,11.01509892656327,29.269999999999982,True
train,2011.10.25 17:00,2011,8.473772957806647,18.25,True
train,2011.10.26 06:00,2011,7.963025270528957,7.889999999999873,True
train,2011.10.26 08:00,2011,8.40399878625338,7.269999999999982,True
train,2011.10.26 10:00,2011,8.642158110194408,7.6099999999999,True
train,2011.10.26 13:00,2011,10.792870182281897,9.190000000000055,True
train,2011.10.26 16:00,2011,10.885926969208198,10.470000000000027,True
train,2011.10.26 18:00,2011,8.991786166274549,8.519999999999982,True
train,2011.10.27 08:00,2011,8.001798320825259,15.599999999999909,True
train,2011.10.27 10:00,2011,8.63521383464986,9.5,True
train,2011.10.27 12:00,2011,10.398342849036139,18.930000000000064,True
train,2011.10.27 14:00,2011,11.585971282940513,11.25,True
train,2011.10.27 16:00,2011,11.016756047698928,29.169999999999845,True
train,2011.10.27 17:00,2011,9.392780484278143,22.299999999999955,True
train,2011.10.27 23:00,2011,7.809935334985283,5.860000000000127,True
train,2011.10.28 02:00,2011,8.007223896212647,5.660000000000082,True
train,2011.10.28 07:00,2011,8.587708068743384,9.13000000000011,True
train,2011.10.28 09:00,2011,8.749911473463811,6.0499999999999545,True
train,2011.10.28 10:00,2011,8.71040789433726,6.75,True
train,2011.10.28 13:00,2011,11.210160452709395,6.5,True
train,2011.10.28 13:00,2011,11.153036345699443,6.5,True
train,2011.10.28 15:00,2011,11.22727680893361,6.759999999999991,True
train,2011.10.28 16:00,2011,10.660687069567965,6.360000000000127,True
train,2011.10.31 07:00,2011,7.8692191401535725,7.139999999999873,True
train,2011.10.31 09:00,2011,8.137657103216808,6.079999999999927,True
train,2011.10.31 10:00,2011,8.740418919059048,9.559999999999945,True
train,2011.10.31 12:00,2011,10.211210883311638,7.610000000000127,True
train,2011.10.31 16:00,2011,10.171397495784172,5.180000000000064,True
train,2011.10.31 17:00,2011,8.582273064979804,6.420000000000073,True
train,2011.11.01 08:00,2011,8.10950921010265,9.25,True
train,2011.11.01 13:00,2011,11.725521454609188,17.24000000000001,True
train,2011.11.01 16:00,2011,10.77618378234689,13.559999999999945,True
train,2011.11.01 17:00,2011,9.654926590111275,20.00999999999999,True
train,2011.11.02 07:00,2011,7.820294486656667,10.88000000000011,True
train,2011.11.02 11:00,2011,9.413427678353768,6.130000000000109,True
train,2011.11.02 14:00,2011,12.120913999168158,15.579999999999927,True
train,2011.11.02 17:00,2011,10.25384087170226,18.6099999999999,True
train,2011.11.03 10:00,2011,8.290133385964454,25.850000000000136,True
train,2011.11.03 12:00,2011,11.665190424667353,30.639999999999873,True
train,2011.11.03 14:00,2011,12.016460934955992,15.779999999999973,True
train,2011.11.03 17:00,2011,10.641253781802503,9.830000000000155,True
train,2011.11.03 17:00,2011,9.925758547705316,9.830000000000155,True
train,2011.11.04 08:00,2011,8.32635989131978,5.539999999999964,True
train,2011.11.04 08:00,2011,7.917417693232136,5.539999999999964,True
train,2011.11.04 12:00,2011,11.621084772914164,8.240000000000009,True
train,2011.11.04 15:00,2011,10.812903309676422,4.789999999999964,True
train,2011.11.04 15:00,2011,10.82970453883703,4.789999999999964,True
train,2011.11.04 17:00,2011,9.199285828937393,5.289999999999964,True
train,2011.11.07 08:00,2011,8.571485258228062,9.299999999999955,True
train,2011.11.07 10:00,2011,8.631393741269715,9.149999999999864,True
train,2011.11.07 12:00,2011,10.15299685273442,12.539999999999964,True
train,2011.11.07 15:00,2011,10.591400198107115,7.5,True
train,2011.11.08 02:00,2011,8.168069183552518,2.3099999999999454,True
train,2011.11.08 06:00,2011,8.163785213758837,6.619999999999891,True
train,2011.11.08 07:00,2011,8.466857416204084,9.189999999999827,True
train,2011.11.08 08:00,2011,8.723676412740828,6.289999999999964,True
train,2011.11.08 11:00,2011,9.32709608864725,11.160000000000082,True
train,2011.11.08 12:00,2011,10.543257714181303,10.370000000000118,True
train,2011.11.08 15:00,2011,10.924251506156365,6.680000000000064,True
train,2011.11.08 18:00,2011,9.31830496245374,17.62999999999988,True
train,2011.11.08 18:00,2011,9.199059264913702,17.62999999999988,True
train,2011.11.09 13:00,2011,10.96624448131921,15.079999999999927,True
train,2011.11.09 17:00,2011,9.772833609634702,8.849999999999909,True
train,2011.11.09 17:00,2011,9.343347142007183,8.849999999999909,True
train,2011.11.10 10:00,2011,8.059110495388374,6.330000000000155,True
train,2011.11.10 12:00,2011,10.345364986387308,8.980000000000018,True
train,2011.11.10 13:00,2011,10.930478342067238,10.820000000000164,True
train,2011.11.10 16:00,2011,10.145791763041924,24.019999999999982,True
train,2011.11.10 18:00,2011,8.351015654895521,8.990000000000009,True
train,2011.11.11 11:00,2011,8.906707340633593,7.680000000000064,True
train,2011.11.11 11:00,2011,8.87915122097834,7.680000000000064,True
train,2011.11.11 13:00,2011,11.250911276662839,9.710000000000036,True
train,2011.11.11 16:00,2011,9.956978685520353,16.970000000000027,True
train,2011.11.14 10:00,2011,8.247944371517972,10.480000000000018,True
train,2011.11.14 15:00,2011,9.574742080298346,6.130000000000109,True
train,2011.11.14 17:00,2011,8.646208628254112,6.009999999999991,True
train,2011.11.15 12:00,2011,9.762560824614884,12.310000000000173,True
train,2011.11.15 14:00,2011,11.15595199648313,15.930000000000064,True
train,2011.11.15 17:00,2011,8.718437803395277,11.190000000000055,True
train,2011.11.16 13:00,2011,10.832268171510854,21.419999999999845,True
train,2011.11.16 13:00,2011,10.832268171510854,21.419999999999845,True
train,2011.11.16 15:00,2011,10.46812761959274,17.62000000000012,True
train,2011.11.16 18:00,2011,8.046246417305792,5.410000000000082,True
train,2011.11.17 13:00,2011,10.565197382040507,22.940000000000055,True
train,2011.11.17 14:00,2011,11.19356017998676,18.690000000000055,True
train,2011.11.17 15:00,2011,10.840411739942281,13.059999999999945,True
train,2011.11.17 17:00,2011,9.312603239719966,25.980000000000018,True
train,2011.11.18 08:00,2011,8.003005312871455,9.069999999999936,True
train,2011.11.18 10:00,2011,8.108945955588554,8.709999999999809,True
train,2011.11.18 12:00,2011,10.266051637521137,7.879999999999882,True
train,2011.11.18 14:00,2011,11.430847852290126,17.24000000000001,True
train,2011.11.18 15:00,2011,10.521690789749254,10.329999999999927,True
train,2011.11.18 17:00,2011,9.143843480235414,13.680000000000064,True
train,2011.11.18 18:00,2011,8.00773276626911,11.900000000000091,True
train,2011.11.21 09:00,2011,8.01372796411559,20.3900000000001,True
train,2011.11.21 10:00,2011,7.953956317484551,13.740000000000009,True
train,2011.11.21 13:00,2011,10.173656395588411,10.660000000000082,True
train,2011.11.21 15:00,2011,10.682701521501338,26.410000000000082,True
train,2011.11.21 17:00,2011,8.22040308150687,21.519999999999982,True
train,2011.11.21 22:00,2011,7.903052429592354,14.039999999999964,True
train,2011.11.22 02:00,2011,8.243130569811653,10.710000000000036,True
train,2011.11.22 07:00,2011,9.217698201931631,12.210000000000036,True
train,2011.11.22 08:00,2011,8.91862994102999,12.329999999999927,True
train,2011.11.22 11:00,2011,9.526944625916096,10.210000000000036,True
train,2011.11.22 13:00,2011,11.164138155073303,11.009999999999991,True
train,2011.11.22 14:00,2011,11.58728975056892,11.899999999999864,True
train,2011.11.22 16:00,2011,10.760513034443534,6.229999999999791,True
train,2011.11.22 18:00,2011,8.859144990554164,8.8599999999999,True
train,2011.11.23 08:00,2011,7.892861546809939,14.220000000000027,True
train,2011.11.23 09:00,2011,7.938508849891693,18.88000000000011,True
train,2011.11.23 13:00,2011,11.91172568035948,5.839999999999918,True
train,2011.11.23 15:00,2011,11.27448293990196,13.450000000000045,True
train,2011.11.23 16:00,2011,10.80890914198065,14.75,True
train,2011.11.24 13:00,2011,11.371224821155765,5.009999999999991,True
train,2011.11.24 16:00,2011,10.067161292891727,3.5499999999999545,True
train,2011.11.24 18:00,2011,8.461699403708474,3.939999999999827,True
train,2011.11.25 12:00,2011,10.359722845029944,6.529999999999973,True
train,2011.11.25 15:00,2011,10.637565012306775,20.789999999999964,True
train,2011.11.25 16:00,2011,10.44866789641447,11.440000000000055,True
train,2011.11.28 12:00,2011,9.376825083905041,6.25,True
train,2011.11.28 13:00,2011,9.878060662219646,7.8900000000001,True
train,2011.11.28 15:00,2011,9.546338340938943,7.349999999999909,True
train,2011.11.28 16:00,2011,9.894314882402027,5.0,True
train,2011.11.29 11:00,2011,8.15967434937813,9.299999999999955,True
train,2011.11.29 13:00,2011,10.619376927658774,7.139999999999873,True
train,2011.11.29 17:00,2011,8.159597197909822,4.589999999999918,True
train,2011.11.30 11:00,2011,8.484815780352216,13.539999999999964,True
train,2011.11.30 13:00,2011,10.953786666736184,33.40000000000009,True
train,2011.11.30 14:00,2011,11.490845515909912,32.830000000000155,True
train,2011.11.30 17:00,2011,9.138419198043325,6.579999999999927,True
train,2011.11.30 18:00,2011,8.22818396149154,4.319999999999936,True
train,2011.12.01 12:00,2011,9.934322413397963,6.5,True
train,2011.12.01 13:00,2011,10.857020961229539,5.130000000000109,True
train,2011.12.01 15:00,2011,10.502794739809792,10.419999999999845,True
train,2011.12.01 16:00,2011,9.612108280945884,9.850000000000136,True
train,2011.12.02 13:00,2011,10.383688467834174,11.160000000000082,True
train,2011.12.02 16:00,2011,9.413356755892542,8.25,True
train,2011.12.02 17:00,2011,7.869200712189206,8.8900000000001,True
train,2011.12.05 12:00,2011,8.635518496151915,12.919999999999845,True
train,2011.12.05 16:00,2011,9.226384136921087,15.8599999999999,True
train,2011.12.07 13:00,2011,9.705647811335604,14.25,True
train,2011.12.07 16:00,2011,8.87622778793477,11.190000000000055,True
train,2011.12.08 13:00,2011,9.715962639182708,30.579999999999927,True
train,2011.12.08 14:00,2011,10.018262848730503,34.83999999999992,True
train,2011.12.08 16:00,2011,8.720936267935457,12.799999999999955,True
train,2011.12.08 17:00,2011,7.791544245365114,6.819999999999936,True
train,2011.12.09 11:00,2011,7.818979775439508,13.059999999999945,True
train,2011.12.09 14:00,2011,10.342273208713044,12.63000000000011,True
train,2011.12.12 12:00,2011,8.433212938904171,11.329999999999927,True
train,2011.12.12 14:00,2011,9.551147631961923,22.970000000000027,True
train,2011.12.12 18:00,2011,8.378369748522378,4.209999999999809,True
train,2011.12.13 10:00,2011,7.880948865126272,9.180000000000064,True
train,2011.12.13 11:00,2011,7.814511500435208,7.8599999999999,True
train,2011.12.13 14:00,2011,10.33252817308133,10.789999999999964,True
train,2011.12.13 15:00,2011,9.809646138326725,13.340000000000146,True
train,2011.12.13 23:00,2011,8.781142885638538,10.860000000000127,True
train,2011.12.14 02:00,2011,8.62052679104338,6.959999999999809,True
train,2011.12.14 07:00,2011,8.350135949069049,4.2000000000000455,True
train,2011.12.14 10:00,2011,8.262231959760934,13.230000000000018,True
train,2011.12.14 11:00,2011,9.036062006372006,13.799999999999955,True
train,2011.12.14 12:00,2011,9.721494920885151,10.209999999999809,True
train,2011.12.14 15:00,2011,12.114177030126475,59.88000000000011,True
train,2011.12.14 16:00,2011,11.163031977697768,47.37000000000012,True
train,2011.12.14 19:00,2011,11.273205549443562,23.050000000000182,True
train,2011.12.14 20:00,2011,10.308089883753,12.820000000000164,True
train,2011.12.14 23:00,2011,10.896388378157697,9.149999999999864,True
train,2011.12.15 03:00,2011,9.94304743647852,4.460000000000036,True
train,2011.12.15 03:00,2011,9.693473761915664,4.460000000000036,True
train,2011.12.15 05:00,2011,9.531802917644162,8.690000000000055,True
train,2011.12.15 07:00,2011,9.577090784172187,18.820000000000164,True
train,2011.12.15 10:00,2011,9.872661833529342,10.680000000000064,True
train,2011.12.15 11:00,2011,9.761834345755663,15.220000000000027,True
train,2011.12.15 15:00,2011,12.337521237188874,23.350000000000136,True
train,2011.12.15 17:00,2011,10.59646646541898,10.589999999999918,True
train,2011.12.15 18:00,2011,10.441565952128823,8.930000000000064,True
train,2011.12.15 22:00,2011,8.577487059762571,13.829999999999927,True
train,2011.12.16 05:00,2011,8.123300812691001,5.930000000000064,True
train,2011.12.16 07:00,2011,8.176154603948566,8.699999999999818,True
train,2011.12.16 08:00,2011,8.573933980587926,4.3599999999999,True
train,2011.12.16 10:00,2011,8.888542103730794,4.529999999999973,True
train,2011.12.16 11:00,2011,9.142300072933088,7.169999999999845,True
train,2011.12.16 12:00,2011,10.932032547189015,11.2199999999998,True
train,2011.12.16 13:00,2011,11.091183972446528,12.25,True
train,2011.12.16 15:00,2011,11.576420469648477,9.309999999999945,True
train,2011.12.16 17:00,2011,9.469485285122678,5.369999999999891,True
train,2011.12.16 17:00,2011,9.349055212617737,5.369999999999891,True
train,2011.12.19 07:00,2011,8.2768708265442,10.029999999999973,True
train,2011.12.19 11:00,2011,8.701450318793539,3.619999999999891,True
train,2011.12.19 12:00,2011,9.763593815290424,12.950000000000045,True
train,2011.12.19 15:00,2011,10.225432529811448,16.980000000000018,True
train,2011.12.19 16:00,2011,10.415398690638343,10.150000000000091,True
train,2011.12.20 14:00,2011,11.36217169850328,10.190000000000055,True
train,2011.12.20 15:00,2011,10.557497278462694,7.209999999999809,True
train,2011.12.21 13:00,2011,10.975476528424794,15.960000000000036,True
train,2011.12.21 16:00,2011,10.096870262325501,8.75,True
train,2011.12.21 18:00,2011,8.528710986688141,4.519999999999982,True
train,2011.12.21 18:00,2011,8.536444260030992,4.519999999999982,True
train,2011.12.22 11:00,2011,8.910830691206838,8.5300000000002,True
train,2011.12.22 13:00,2011,11.273989748648516,7.869999999999891,True
train,2011.12.22 13:00,2011,11.26615604648188,7.869999999999891,True
train,2011.12.22 15:00,2011,10.57141877943943,8.429999999999836,True
train,2011.12.22 16:00,2011,9.743622800346985,10.8599999999999,True
train,2011.12.22 18:00,2011,8.256264324490632,4.8900000000001,True
train,2011.12.23 11:00,2011,8.311070294940356,6.809999999999945,True
train,2011.12.23 14:00,2011,11.212677522175754,4.040000000000191,True
train,2011.12.23 16:00,2011,9.463335970161145,4.519999999999982,True
train,2011.12.23 17:00,2011,8.241597113145234,4.3400000000001455,True
train,2011.12.27 11:00,2011,8.244874795279395,6.690000000000055,True
train,2011.12.27 12:00,2011,9.56736446609536,5.440000000000055,True
train,2011.12.27 16:00,2011,9.48581408335416,6.8900000000001,True
train,2011.12.28 12:00,2011,9.43207734874308,4.9699999999998,True
train,2011.12.28 14:00,2011,10.72338049282991,15.830000000000155,True
train,2011.12.28 15:00,2011,10.093823537967301,28.25,True
train,2011.12.28 16:00,2011,9.420051043324696,21.24000000000001,True
train,2011.12.28 23:00,2011,8.253810880137898,6.809999999999945,True
train,2011.12.29 10:00,2011,8.102189811826948,29.429999999999836,True
train,2011.12.29 10:00,2011,8.83974389080028,29.429999999999836,True
train,2011.12.29 14:00,2011,12.053625334703819,8.089999999999918,True
train,2011.12.29 16:00,2011,11.006456055278539,7.460000000000036,True
train,2011.12.29 17:00,2011,10.323184190625453,13.679999999999836,True
train,2011.12.29 18:00,2011,9.179122326961567,13.560000000000173,True
train,2011.12.30 13:00,2011,10.252616826042964,8.600000000000136,True
train,2011.12.30 17:00,2011,8.126462719560768,8.720000000000027,True
train,2012.01.03 14:00,2012,9.354232376397446,11.269999999999982,True
train,2012.01.03 16:00,2012,8.228040777272323,9.75,True
train,2012.01.04 16:00,2012,8.250761262109018,11.240000000000009,True
train,2012.01.05 14:00,2012,9.797268973098243,12.269999999999982,True
train,2012.01.05 15:00,2012,8.991431922968873,7.009999999999991,True
train,2012.01.06 13:00,2012,9.910921890700475,8.940000000000055,True
train,2012.01.06 14:00,2012,10.259178005686088,13.789999999999964,True
train,2012.01.06 17:00,2012,7.803915247660299,5.769999999999982,True
train,2012.01.09 16:00,2012,7.922709640247475,6.529999999999973,True
train,2012.01.10 17:00,2012,7.987999524913554,7.6599999999998545,True
train,2012.01.11 16:00,2012,8.917122826133768,9.049999999999955,True
train,2012.01.11 16:00,2012,8.829927784677226,9.049999999999955,True
train,2012.01.12 12:00,2012,9.197254946543868,5.170000000000073,True
train,2012.01.12 15:00,2012,9.972465477283528,7.360000000000127,True
train,2012.01.12 16:00,2012,9.317790715478775,9.160000000000082,True
train,2012.01.12 18:00,2012,7.960488582222727,9.039999999999964,True
train,2012.01.13 15:00,2012,9.246140983034424,13.5,True
train,2012.01.13 15:00,2012,9.246140983034424,13.5,True
train,2012.01.16 12:00,2012,7.793162042454983,4.0,True
train,2012.01.16 13:00,2012,8.441773642567995,4.190000000000055,True
train,2012.01.16 14:00,2012,8.652083048642622,3.4099999999998545,True
train,2012.01.17 13:00,2012,8.794419156798405,5.960000000000036,True
train,2012.01.18 13:00,2012,8.845792995213586,13.110000000000127,True
train,2012.01.19 12:00,2012,8.390763523655146,8.930000000000064,True
train,2012.01.19 13:00,2012,8.781324505374394,11.740000000000009,True
train,2012.01.19 14:00,2012,9.269268774524429,11.819999999999936,True
train,2012.01.20 13:00,2012,8.878563928109271,7.339999999999918,True
train,2012.01.20 16:00,2012,7.773303133640778,13.210000000000036,True
train,2012.01.25 13:00,2012,8.263022039072903,4.5,True
train,2012.01.25 15:00,2012,8.038435215531129,7.75,True
train,2012.01.26 14:00,2012,9.085011107948517,15.25,True
train,2012.01.26 16:00,2012,8.244407235315327,9.709999999999809,True
train,2012.01.27 13:00,2012,9.027461400020568,7.1400000000001,True
train,2012.01.31 13:00,2012,8.467171874283332,9.529999999999973,True
train,2012.01.31 15:00,2012,8.154861753736201,18.49000000000001,True
train,2012.02.01 13:00,2012,8.792383743099466,5.949999999999818,True
train,2012.02.01 15:00,2012,8.69105233773397,6.629999999999882,True
train,2012.02.02 13:00,2012,8.671055018896201,6.410000000000082,True
train,2012.02.02 14:00,2012,8.918607531485032,15.490000000000009,True
train,2012.02.02 15:00,2012,8.384897861161418,13.490000000000009,True
train,2012.02.03 12:00,2012,8.242877350648497,13.319999999999936,True
train,2012.02.03 16:00,2012,7.99720402234491,8.009999999999991,True
train,2012.02.06 15:00,2012,7.834843747614521,9.199999999999818,True
train,2012.02.07 13:00,2012,8.601457155253554,10.61999999999989,True
train,2012.02.07 15:00,2012,8.128598976105122,21.74000000000001,True
train,2012.02.08 13:00,2012,8.913390423202861,7.330000000000155,True
train,2012.02.08 16:00,2012,8.39271715792708,18.690000000000055,True
train,2012.02.09 12:00,2012,8.435172670572848,6.0499999999999545,True
train,2012.02.09 13:00,2012,8.935886819611387,19.309999999999945,True
train,2012.02.09 15:00,2012,8.338815079697834,17.559999999999945,True
train,2012.02.10 12:00,2012,8.465136654235105,15.349999999999909,True
train,2012.02.10 13:00,2012,8.89437839180365,15.75,True
train,2012.02.10 14:00,2012,9.289506192814953,10.180000000000064,True
train,2012.02.10 16:00,2012,8.198080967774224,11.230000000000018,True
train,2012.02.13 13:00,2012,7.8148805780051696,12.029999999999973,True
train,2012.02.14 13:00,2012,8.96689550289131,8.029999999999973,True
train,2012.02.14 16:00,2012,7.775036840216658,9.519999999999982,True
train,2012.02.15 13:00,2012,9.107180438919373,11.440000000000055,True
train,2012.02.15 16:00,2012,8.10268463082501,7.940000000000055,True
train,2012.02.16 13:00,2012,9.232828786240416,12.569999999999936,True
train,2012.02.16 13:00,2012,9.232828786240416,12.569999999999936,True
train,2012.02.16 16:00,2012,8.28583033339376,13.909999999999854,True
train,2012.02.17 12:00,2012,8.56612196470446,4.1599999999998545,True
train,2012.02.17 14:00,2012,9.482691640335672,11.1400000000001,True
train,2012.02.17 16:00,2012,8.199383958207415,6.289999999999964,True
train,2012.02.21 13:00,2012,8.400852301187308,11.259999999999991,True
train,2012.02.22 12:00,2012,7.927809192883142,4.910000000000082,True
train,2012.02.22 15:00,2012,8.171013358124606,5.019999999999982,True
train,2012.02.22 16:00,2012,7.772563834559982,4.849999999999909,True
train,2012.02.23 12:00,2012,7.917779050417754,9.3900000000001,True
train,2012.02.23 15:00,2012,8.110403958796907,9.720000000000027,True
train,2012.02.23 16:00,2012,7.825786532267348,11.740000000000009,True
train,2012.02.24 12:00,2012,8.004007790129803,3.4400000000000546,True
train,2012.02.24 13:00,2012,8.676412841680422,7.4699999999998,True
train,2012.02.24 15:00,2012,8.070491863129453,7.539999999999964,True
train,2012.02.29 13:00,2012,7.837320065122186,6.6099999999999,True
train,2012.02.29 13:00,2012,7.837320065122186,6.6099999999999,True
train,2012.02.29 15:00,2012,7.771264353069707,72.26999999999998,True
train,2012.03.02 12:00,2012,8.189496893003247,9.230000000000018,True
train,2012.03.02 14:00,2012,8.888199656010164,7.470000000000027,True
train,2012.03.02 16:00,2012,7.957766993768513,6.380000000000109,True
train,2012.03.06 13:00,2012,8.604898571995772,24.0300000000002,True
train,2012.03.07 13:00,2012,8.898103071817937,8.25,True
train,2012.03.07 15:00,2012,8.454511231066187,8.88000000000011,True
train,2012.03.08 13:00,2012,8.865257451066247,9.699999999999818,True
train,2012.03.08 15:00,2012,8.331575303338715,5.7999999999999545,True
train,2012.03.09 12:00,2012,8.464221164044075,19.840000000000146,True
train,2012.03.09 14:00,2012,9.145332121314198,23.40000000000009,True
train,2012.03.13 13:00,2012,9.098536105650979,12.679999999999836,True
train,2012.03.13 13:00,2012,9.041116991950842,12.679999999999836,True
train,2012.03.13 16:00,2012,7.977130378699397,12.309999999999945,True
train,2012.03.14 12:00,2012,8.904540129049588,18.549999999999955,True
train,2012.03.14 15:00,2012,10.083086283913282,7.099999999999909,True
train,2012.03.14 17:00,2012,8.506084031691186,14.819999999999936,True
train,2012.03.14 22:00,2012,8.1323851862945,7.630000000000109,True
train,2012.03.15 12:00,2012,9.276278977964978,7.190000000000055,True
train,2012.03.15 14:00,2012,10.233034142799502,5.849999999999909,True
train,2012.03.15 15:00,2012,10.129719517439414,13.419999999999845,True
train,2012.03.15 17:00,2012,8.187742095900726,19.539999999999964,True
train,2012.03.16 15:00,2012,9.551635683660107,10.259999999999991,True
train,2012.03.19 13:00,2012,8.319241614572258,9.139999999999873,True
train,2012.03.19 15:00,2012,8.11876426661089,12.870000000000118,True
train,2012.03.20 12:00,2012,8.266253361815407,8.170000000000073,True
train,2012.03.20 14:00,2012,9.222811130346296,11.299999999999955,True
train,2012.03.20 15:00,2012,8.57413811103575,6.589999999999918,True
train,2012.03.21 15:00,2012,8.859898944637346,8.829999999999927,True
train,2012.03.22 12:00,2012,8.614618452313664,9.410000000000082,True
train,2012.03.22 15:00,2012,8.639767884268215,11.089999999999918,True
train,2012.03.22 16:00,2012,8.800558991180058,6.650000000000091,True
train,2012.03.23 12:00,2012,8.796524994276602,7.940000000000055,True
train,2012.03.23 15:00,2012,8.669560151574347,8.740000000000009,True
train,2012.03.26 12:00,2012,7.996312577939378,23.289999999999964,True
train,2012.03.26 16:00,2012,8.191805753838223,9.069999999999936,True
train,2012.03.26 16:00,2012,8.191805753838223,9.069999999999936,True
train,2012.03.27 13:00,2012,9.253171163889006,8.930000000000064,True
train,2012.03.27 15:00,2012,8.40553789104462,11.539999999999964,True
train,2012.03.28 14:00,2012,9.530720278184981,7.150000000000091,True
train,2012.03.28 15:00,2012,8.889047502947895,4.259999999999991,True
train,2012.03.28 16:00,2012,8.074989609383001,13.990000000000009,True
train,2012.03.29 14:00,2012,9.206509103253076,11.049999999999955,True
train,2012.03.30 13:00,2012,8.614350247274947,6.480000000000018,True
train,2012.03.30 15:00,2012,8.03461675641707,5.669999999999845,True
train,2012.03.30 15:00,2012,7.956437005630349,5.669999999999845,True
train,2012.04.03 13:00,2012,7.933431254443032,5.980000000000018,True
train,2012.04.04 14:00,2012,8.417251694127122,12.860000000000127,True
train,2012.04.05 13:00,2012,8.491810580052006,4.539999999999964,True
train,2012.04.11 13:00,2012,8.188118806207457,3.9099999999998545,True
train,2012.04.11 15:00,2012,7.884284268074487,4.230000000000018,True
train,2012.04.12 14:00,2012,8.453392114306585,22.079999999999927,True
train,2012.04.12 15:00,2012,7.82196235547845,21.180000000000064,True
train,2012.04.13 13:00,2012,8.336280465149423,7.879999999999882,True
train,2012.04.13 15:00,2012,7.8030993124220815,9.189999999999827,True
train,2012.04.20 13:00,2012,8.31490510541306,5.350000000000136,True
train,2012.05.09 08:00,2012,7.807341810013688,10.740000000000009,True
train,2012.05.09 13:00,2012,8.436448259232778,5.349999999999909,True
train,2012.05.09 15:00,2012,8.023501221539634,9.5300000000002,True
train,2012.05.10 14:00,2012,7.818023008588877,10.189999999999827,True
train,2012.05.14 13:00,2012,7.774418497868368,4.649999999999864,True
train,2012.05.16 15:00,2012,7.923910040859429,12.509999999999991,True
train,2012.05.17 14:00,2012,8.747861498006307,17.710000000000036,True
train,2012.05.18 13:00,2012,8.75840602660073,4.8900000000001,True
train,2012.05.18 16:00,2012,7.974763252762043,5.990000000000009,True
train,2012.05.21 13:00,2012,7.8350643853254605,6.160000000000082,True
train,2012.05.22 13:00,2012,8.5106946983731,5.279999999999973,True
train,2012.05.22 15:00,2012,7.926117863177648,11.660000000000082,True
train,2012.05.23 12:00,2012,8.11197391022192,7.9500000000000455,True
train,2012.05.23 14:00,2012,9.066829067391298,26.6400000000001,True
train,2012.05.24 12:00,2012,8.320584565541031,16.5,True
train,2012.05.24 16:00,2012,8.090523021402829,6.379999999999882,True
train,2012.05.25 12:00,2012,8.71799625329052,4.849999999999909,True
train,2012.05.25 13:00,2012,9.399701694338438,7.329999999999927,True
train,2012.05.25 15:00,2012,8.702767869887063,7.139999999999873,True
train,2012.05.25 16:00,2012,8.203636559162792,5.579999999999927,True
train,2012.05.28 14:00,2012,8.391625869368289,5.629999999999882,True
train,2012.05.29 14:00,2012,9.031648112443785,7.940000000000055,True
train,2012.05.30 13:00,2012,9.150809250468564,14.809999999999945,True
train,2012.05.30 13:00,2012,9.150809250468564,14.809999999999945,True
train,2012.05.30 15:00,2012,8.780354535620749,15.180000000000064,True
train,2012.05.31 13:00,2012,9.019071317735735,11.620000000000118,True
train,2012.06.01 13:00,2012,9.228385586867232,48.82999999999993,True
train,2012.06.01 16:00,2012,8.321857816128464,17.559999999999945,True
train,2012.06.04 13:00,2012,8.785489684696046,8.910000000000082,True
train,2012.06.04 14:00,2012,9.0418741296899,12.310000000000173,True
train,2012.06.04 16:00,2012,8.479640047054101,11.5300000000002,True
train,2012.06.05 12:00,2012,8.586869690899928,5.620000000000118,True
train,2012.06.05 14:00,2012,9.613052940145115,6.369999999999891,True
train,2012.06.05 15:00,2012,8.855324178003409,5.720000000000027,True
train,2012.06.05 16:00,2012,8.460179652758454,4.970000000000027,True
train,2012.06.06 12:00,2012,8.798320922144628,7.900000000000091,True
train,2012.06.06 14:00,2012,9.772579401228663,6.550000000000182,True
train,2012.06.06 16:00,2012,9.030267559622173,4.220000000000027,True
train,2012.06.07 14:00,2012,9.664224135621238,25.75,True
train,2012.06.07 15:00,2012,8.71888790765794,44.26999999999998,True
train,2012.06.08 12:00,2012,9.027638661469819,6.009999999999991,True
train,2012.06.08 13:00,2012,9.708460828139678,5.1400000000001,True
train,2012.06.08 15:00,2012,9.032373746898061,14.070000000000164,True
train,2012.06.08 16:00,2012,8.598285893638248,10.310000000000173,True
train,2012.06.11 13:00,2012,8.880029034002726,9.480000000000018,True
train,2012.06.12 13:00,2012,9.91669754823739,14.920000000000073,True
train,2012.06.12 15:00,2012,9.207029155453649,17.539999999999964,True
train,2012.06.13 15:00,2012,9.479587274066656,4.690000000000055,True
train,2012.06.13 17:00,2012,7.98069963925019,9.259999999999991,True
train,2012.06.14 13:00,2012,9.887744750226432,10.420000000000073,True
train,2012.06.14 14:00,2012,10.264944671579324,11.120000000000118,True
train,2012.06.14 16:00,2012,8.940865256397467,9.889999999999873,True
train,2012.06.15 13:00,2012,9.790765527564341,8.610000000000127,True
train,2012.06.15 16:00,2012,8.7965909987433,6.589999999999918,True
train,2012.06.15 16:00,2012,8.607316456320568,6.589999999999918,True
train,2012.06.18 12:00,2012,7.831875856290872,6.330000000000155,True
train,2012.06.18 13:00,2012,8.046050324649372,3.7000000000000455,True
train,2012.06.19 12:00,2012,7.961086979859709,5.270000000000209,True
train,2012.06.19 14:00,2012,9.071958487680183,10.059999999999945,True
train,2012.06.20 13:00,2012,9.240775241434374,12.0,True
train,2012.06.20 14:00,2012,9.423816443774509,16.820000000000164,True
train,2012.06.20 16:00,2012,8.36057013177146,12.540000000000191,True
train,2012.06.21 12:00,2012,8.728251305732943,15.009999999999991,True
train,2012.06.21 15:00,2012,8.674102456503656,21.220000000000027,True
train,2012.06.22 13:00,2012,8.954062438739706,4.619999999999891,True
train,2012.06.22 16:00,2012,8.22018039991426,9.960000000000036,True
train,2012.06.25 14:00,2012,7.964124911517913,7.559999999999945,True
train,2012.06.26 13:00,2012,8.42174313485098,9.190000000000055,True
train,2012.06.26 14:00,2012,8.392133842434442,15.86999999999989,True
train,2012.06.27 12:00,2012,7.833886094820346,6.399999999999864,True
train,2012.06.27 14:00,2012,8.78745480599522,11.720000000000027,True
train,2012.06.27 15:00,2012,8.050085568068406,17.559999999999945,True
train,2012.06.28 13:00,2012,8.615285566751984,7.019999999999982,True
train,2012.06.29 13:00,2012,8.668017174183495,22.86999999999989,True
train,2012.07.03 13:00,2012,8.315538171571793,10.86999999999989,True
train,2012.07.04 13:00,2012,8.424537024391634,1.5499999999999545,True
train,2012.07.04 15:00,2012,8.121268452959383,3.8099999999999454,True
train,2012.07.05 13:00,2012,8.37811762389177,21.3599999999999,True
train,2012.07.06 14:00,2012,8.404021397470567,14.320000000000164,True
train,2012.07.11 14:00,2012,8.33463166159241,6.470000000000027,True
train,2012.07.11 14:00,2012,8.33463166159241,6.470000000000027,True
train,2012.07.12 14:00,2012,8.534809757736687,9.079999999999927,True
train,2012.07.13 14:00,2012,8.750500527716108,12.279999999999973,True
train,2012.07.18 14:00,2012,8.202032887018477,9.899999999999864,True
train,2012.07.18 15:00,2012,7.8590587719858815,13.399999999999864,True
train,2012.07.19 12:00,2012,7.846880133529235,9.189999999999827,True
train,2012.07.20 12:00,2012,8.084364351936948,6.5499999999999545,True
train,2012.07.24 14:00,2012,7.79955047031113,9.569999999999936,True
train,2012.07.26 14:00,2012,8.101881539889822,8.579999999999927,True
train,2012.08.02 14:00,2012,7.851266889948826,16.569999999999936,True
train,2012.08.03 14:00,2012,8.190367601038298,10.460000000000036,True
train,2012.09.07 14:00,2012,7.8437199065725585,46.6099999999999,True
train,2012.09.13 14:00,2012,7.826661141309621,4.569999999999936,True
train,2012.09.14 12:00,2012,7.791288459276719,9.0,True
train,2012.09.14 14:00,2012,8.18967875661958,5.230000000000018,True
train,2012.09.18 13:00,2012,7.858125456700926,13.180000000000064,True
train,2012.09.19 13:00,2012,7.901612273119281,11.63000000000011,True
train,2012.09.19 15:00,2012,7.848371772636411,5.509999999999991,True
train,2012.09.20 14:00,2012,8.418969215402592,6.089999999999918,True
train,2012.09.21 13:00,2012,8.555122114557054,14.100000000000136,True
train,2012.09.21 15:00,2012,7.825801845315243,17.09999999999991,True
train,2012.09.26 14:00,2012,8.344532505896083,22.819999999999936,True
train,2012.09.27 14:00,2012,8.648935070292987,12.269999999999982,True
train,2012.09.28 12:00,2012,7.946813707907246,8.349999999999909,True
train,2012.09.28 13:00,2012,8.624108120042205,8.379999999999882,True
train,2012.10.02 14:00,2012,7.952557109383837,7.970000000000027,True
train,2012.10.03 14:00,2012,8.089559622785357,4.620000000000118,True
train,2012.10.05 13:00,2012,8.343834474495624,17.069999999999936,True
train,2012.10.10 13:00,2012,7.807324475668566,5.860000000000127,True
train,2012.11.09 14:00,2012,7.931008035709321,7.389999999999873,True
train,2012.11.16 14:00,2012,8.349493262002403,5.960000000000036,True
train,2012.12.21 14:00,2012,7.853302847193718,11.3599999999999,True
train,2012.12.28 13:00,2012,7.797639001826247,2.900000000000091,True
train,2013.01.04 14:00,2013,8.555188782863654,17.769999999999982,True
train,2013.01.11 14:00,2013,7.957923157375425,10.980000000000018,True
train,2013.01.16 14:00,2013,7.8613672476869345,5.120000000000118,True
train,2013.01.17 13:00,2013,7.9879954951512415,15.379999999999882,True
train,2013.01.17 13:00,2013,7.9879954951512415,15.379999999999882,True
train,2013.01.18 13:00,2013,8.072867152981262,5.060000000000173,True
train,2013.01.18 14:00,2013,8.170310165465368,4.930000000000064,True
train,2013.02.21 14:00,2013,7.813010726530112,13.339999999999918,True
train,2013.02.27 13:00,2013,7.816613465169226,4.9500000000000455,True
train,2013.02.27 14:00,2013,7.935832503493882,5.210000000000036,True
train,2013.02.28 14:00,2013,8.237860230383474,6.839999999999918,True
train,2013.03.01 14:00,2013,8.517716295944414,15.940000000000055,True
train,2013.03.05 14:00,2013,7.955630513557428,8.139999999999873,True
train,2013.03.06 13:00,2013,8.196347760880704,7.919999999999845,True
train,2013.03.07 13:00,2013,8.194978945756931,6.6400000000001,True
train,2013.03.08 13:00,2013,7.986185512520607,16.45999999999981,True
train,2013.04.12 19:00,2013,7.806586973660893,22.449999999999818,True
train,2013.04.12 21:00,2013,7.798589850766227,20.429999999999836,True
train,2013.04.15 02:00,2013,10.22743058081288,65.60000000000014,True
train,2013.04.15 04:00,2013,9.091829962234799,21.660000000000082,True
train,2013.04.15 06:00,2013,9.401990939299996,17.680000000000064,True
train,2013.04.15 07:00,2013,9.41676365125746,13.639999999999873,True
train,2013.04.15 10:00,2013,9.706343938801883,52.26999999999998,True
train,2013.04.15 14:00,2013,10.846371609815018,52.789999999999964,True
train,2013.04.15 16:00,2013,10.409059528528212,49.039999999999964,True
train,2013.04.15 19:00,2013,9.97236197807807,22.09999999999991,True
train,2013.04.15 20:00,2013,9.40645509151832,31.960000000000036,True
train,2013.04.15 22:00,2013,9.722879998054731,20.269999999999982,True
train,2013.04.16 01:00,2013,13.30906174186949,28.660000000000082,True
train,2013.04.16 02:00,2013,13.140577916310477,29.980000000000018,True
train,2013.04.16 04:00,2013,12.752850579972959,35.49000000000001,True
train,2013.04.16 04:00,2013,12.752850579972959,35.49000000000001,True
train,2013.04.16 06:00,2013,11.638276456077001,31.789999999999964,True
train,2013.04.16 10:00,2013,11.218967648553066,21.25999999999999,True
train,2013.04.16 12:00,2013,11.389860507531615,14.070000000000164,True
train,2013.04.16 14:00,2013,12.715995662440498,17.529999999999973,True
train,2013.04.16 15:00,2013,12.240952962722062,25.279999999999973,True
train,2013.04.16 16:00,2013,12.459687980370328,12.710000000000036,True
train,2013.04.16 18:00,2013,11.367185358965733,23.3599999999999,True
train,2013.04.16 19:00,2013,11.12440589585672,16.87999999999988,True
train,2013.04.16 20:00,2013,10.304891702261541,24.579999999999927,True
train,2013.04.16 21:00,2013,10.352136866364729,10.669999999999845,True
train,2013.04.16 23:00,2013,9.496977524054516,7.5900000000001455,True
train,2013.04.17 02:00,2013,9.693395784876286,11.710000000000036,True
train,2013.04.17 04:00,2013,8.594482386799159,10.620000000000118,True
train,2013.04.17 04:00,2013,8.68232552797582,10.620000000000118,True
train,2013.04.17 06:00,2013,9.794593128408176,13.299999999999955,True
train,2013.04.17 08:00,2013,9.904094661792827,14.230000000000018,True
train,2013.04.17 11:00,2013,9.867615742793584,11.599999999999909,True
train,2013.04.17 13:00,2013,12.1752045585528,12.389999999999873,True
train,2013.04.17 16:00,2013,12.429155371585276,14.180000000000064,True
train,2013.04.17 16:00,2013,12.521592470956797,14.180000000000064,True
train,2013.04.17 18:00,2013,10.528668690576286,18.310000000000173,True
train,2013.04.17 20:00,2013,8.216559644152667,9.400000000000091,True
train,2013.04.17 22:00,2013,7.939496375684745,7.879999999999882,True
train,2013.04.18 02:00,2013,7.997021419883307,37.08999999999992,True
train,2013.04.18 05:00,2013,9.009222409104147,12.660000000000082,True
train,2013.04.18 06:00,2013,8.564299501062502,14.429999999999836,True
train,2013.04.18 09:00,2013,9.014569360960376,21.519999999999982,True
train,2013.04.18 13:00,2013,12.153848153958348,12.370000000000118,True
train,2013.04.18 16:00,2013,12.679967013287964,10.599999999999909,True
train,2013.04.18 17:00,2013,10.823764144985686,8.450000000000045,True
train,2013.04.18 19:00,2013,8.61129490810597,4.759999999999991,True
train,2013.04.19 07:00,2013,9.987229088985496,27.069999999999936,True
train,2013.04.19 10:00,2013,10.810250667779544,4.210000000000036,True
train,2013.04.19 12:00,2013,13.256045751775872,14.8599999999999,True
train,2013.04.19 13:00,2013,13.185675773470406,14.470000000000027,True
train,2013.04.19 15:00,2013,12.858521648249306,5.980000000000018,True
train,2013.04.19 17:00,2013,11.533786275219969,10.579999999999927,True
train,2013.04.22 02:00,2013,7.9046183499117335,14.11999999999989,True
train,2013.04.22 06:00,2013,8.94766530684943,5.730000000000018,True
train,2013.04.22 08:00,2013,9.608684084225748,7.720000000000027,True
train,2013.04.22 09:00,2013,9.86002289451398,4.8599999999999,True
train,2013.04.22 10:00,2013,10.457311338138302,17.300000000000182,True
train,2013.04.22 15:00,2013,12.716616163993555,9.38000000000011,True
train,2013.04.22 18:00,2013,9.566802812542049,5.710000000000036,True
train,2013.04.23 06:00,2013,9.193891322468478,12.529999999999973,True
train,2013.04.23 08:00,2013,10.146968908763922,13.240000000000009,True
train,2013.04.23 12:00,2013,12.54048708318737,13.700000000000045,True
train,2013.04.23 14:00,2013,13.56837685312287,16.11999999999989,True
train,2013.04.23 15:00,2013,12.938189767960402,11.450000000000045,True
train,2013.04.23 17:00,2013,11.307234301123636,9.259999999999991,True
train,2013.04.23 19:00,2013,9.056347226523966,4.7000000000000455,True
train,2013.04.24 06:00,2013,8.696487429173954,7.319999999999936,True
train,2013.04.24 09:00,2013,10.546592933304215,7.370000000000118,True
train,2013.04.24 15:00,2013,12.797000926946055,7.789999999999964,True
train,2013.04.24 16:00,2013,13.308327586655492,7.279999999999973,True
train,2013.04.25 01:00,2013,7.943414420754361,7.009999999999991,True
train,2013.04.25 09:00,2013,11.425900242037992,3.490000000000009,True
train,2013.04.25 09:00,2013,11.41168268221053,3.490000000000009,True
train,2013.04.25 11:00,2013,12.075953038316241,4.560000000000173,True
train,2013.04.25 14:00,2013,14.109945259850093,12.240000000000009,True
train,2013.04.25 15:00,2013,13.598550883882922,6.7999999999999545,True
train,2013.04.25 16:00,2013,13.683028761218836,8.690000000000055,True
train,2013.04.25 18:00,2013,11.645924306504353,15.1400000000001,True
train,2013.04.25 22:00,2013,9.508632754742903,9.650000000000091,True
train,2013.04.25 23:00,2013,9.270282012839738,10.769999999999982,True
train,2013.04.26 03:00,2013,9.75654846755824,9.029999999999973,True
train,2013.04.26 05:00,2013,10.768895425249907,6.070000000000164,True
train,2013.04.26 09:00,2013,12.382287466612398,15.029999999999973,True
train,2013.04.26 09:00,2013,12.256724649962274,15.029999999999973,True
train,2013.04.26 12:00,2013,14.403595555801644,12.060000000000173,True
train,2013.04.26 14:00,2013,14.9620045673816,19.039999999999964,True
train,2013.04.26 16:00,2013,14.73888718084016,21.429999999999836,True
train,2013.04.26 18:00,2013,12.372137710402319,7.589999999999918,True
train,2013.04.26 20:00,2013,8.34420821373422,4.3900000000001,True
train,2013.04.26 22:00,2013,9.038028405222832,10.6400000000001,True
train,2013.04.26 23:00,2013,8.487457185413204,4.5499999999999545,True
train,2013.04.29 02:00,2013,8.079915006429301,7.190000000000055,True
train,2013.04.29 06:00,2013,9.282582247667486,3.3500000000001364,True
train,2013.04.29 07:00,2013,9.70616637950961,7.440000000000055,True
train,2013.04.29 11:00,2013,11.084383102701992,6.920000000000073,True
train,2013.04.29 13:00,2013,12.660695124086288,8.799999999999955,True
train,2013.04.29 15:00,2013,12.938126777659285,6.460000000000036,True
train,2013.04.29 17:00,2013,10.989067952425906,6.809999999999945,True
train,2013.04.29 18:00,2013,10.01528299065963,4.410000000000082,True
train,2013.04.30 10:00,2013,9.02262567205421,9.399999999999864,True
train,2013.04.30 11:00,2013,9.55685065778932,4.900000000000091,True
train,2013.04.30 15:00,2013,11.134967108441993,7.0499999999999545,True
train,2013.04.30 18:00,2013,9.35245174729034,6.5499999999999545,True
train,2013.05.01 13:00,2013,10.964041902168717,21.36999999999989,True
train,2013.05.02 14:00,2013,10.810601576275182,17.169999999999845,True
train,2013.05.02 17:00,2013,8.49844191901404,5.539999999999964,True
train,2013.05.03 11:00,2013,7.9988823234707676,11.279999999999973,True
train,2013.05.03 13:00,2013,10.602260115114147,25.75,True
train,2013.05.03 14:00,2013,10.730429000789536,19.220000000000027,True
train,2013.05.03 16:00,2013,9.235217632827945,9.470000000000027,True
train,2013.05.06 12:00,2013,8.293726515527718,4.289999999999964,True
train,2013.05.06 14:00,2013,9.440152821742632,7.429999999999836,True
train,2013.05.07 13:00,2013,9.165049941929283,15.210000000000036,True
train,2013.05.07 14:00,2013,9.283675471855592,20.430000000000064,True
train,2013.05.07 15:00,2013,8.358530825952077,9.240000000000009,True
train,2013.05.08 13:00,2013,9.313817510177943,16.74000000000001,True
train,2013.05.08 16:00,2013,8.26592994692689,4.5,True
train,2013.05.09 13:00,2013,9.428166468313911,11.349999999999909,True
train,2013.05.09 13:00,2013,9.501578605442477,11.349999999999909,True
train,2013.05.13 14:00,2013,8.122652097655712,4.289999999999964,True
train,2013.05.14 12:00,2013,8.028220803053292,10.049999999999955,True
train,2013.05.14 16:00,2013,8.149490159330968,8.789999999999964,True
train,2013.05.15 12:00,2013,8.234951796561532,8.700000000000045,True
train,2013.05.15 13:00,2013,8.94128289482183,8.52000000000021,True
train,2013.05.15 16:00,2013,8.256635583066478,24.049999999999955,True
train,2013.05.15 16:00,2013,8.392877308920468,24.049999999999955,True
train,2013.05.16 12:00,2013,9.217642371057055,7.940000000000055,True
train,2013.05.17 11:00,2013,7.908731420893564,6.029999999999973,True
train,2013.05.17 13:00,2013,9.265139547236075,11.860000000000127,True
train,2013.05.17 16:00,2013,8.69145381880019,14.200000000000045,True
train,2013.05.17 16:00,2013,9.385426860696004,14.200000000000045,True
train,2013.05.20 12:00,2013,8.392421761127741,14.090000000000146,True
train,2013.05.20 16:00,2013,8.766635171577606,44.86999999999989,True
train,2013.05.20 17:00,2013,8.284903295405853,39.82999999999993,True
train,2013.05.21 13:00,2013,10.113852374336938,19.710000000000036,True
train,2013.05.21 18:00,2013,8.447275224227996,8.179999999999836,True
train,2013.05.22 11:00,2013,8.052104640705943,13.730000000000018,True
train,2013.05.22 13:00,2013,10.247763473485348,11.240000000000009,True
train,2013.05.22 13:00,2013,10.2746799248958,11.240000000000009,True
train,2013.05.22 15:00,2013,10.254332338360728,27.169999999999845,True
train,2013.05.22 18:00,2013,7.882642244879034,20.75,True
train,2013.05.22 18:00,2013,8.221561222455126,20.75,True
train,2013.05.23 14:00,2013,11.405985556289194,11.110000000000127,True
train,2013.05.23 16:00,2013,9.967767512469441,5.559999999999945,True
train,2013.05.24 11:00,2013,8.314690891343796,6.309999999999945,True
train,2013.05.24 12:00,2013,10.021871630907832,8.1400000000001,True
train,2013.05.24 13:00,2013,11.086159219837318,7.0,True
train,2013.05.24 16:00,2013,9.418274705246182,3.7000000000000455,True
train,2013.05.24 17:00,2013,8.363106711968088,1.599999999999909,True
train,2013.05.27 12:00,2013,9.18776681289866,3.5699999999999363,True
train,2013.05.27 13:00,2013,9.895401868837721,2.8299999999999272,True
train,2013.05.27 14:00,2013,10.143098908064983,1.9400000000000546,True
train,2013.05.27 15:00,2013,9.314911340592928,2.300000000000182,True
train,2013.05.28 13:00,2013,10.497096909323707,6.2999999999999545,True
train,2013.05.28 14:00,2013,10.536603962539374,6.569999999999936,True
train,2013.05.28 16:00,2013,9.636406772437372,15.88000000000011,True
train,2013.05.28 17:00,2013,7.949641674102114,18.579999999999927,True
train,2013.05.29 14:00,2013,10.9575396974516,9.090000000000146,True
train,2013.05.29 15:00,2013,9.985376536167678,4.830000000000155,True
train,2013.05.30 13:00,2013,10.17616225103225,14.589999999999918,True
train,2013.05.30 15:00,2013,9.413014443944222,11.349999999999909,True
train,2013.05.30 18:00,2013,7.8168587062231305,3.800000000000182,True
train,2013.05.31 11:00,2013,8.09036574398998,8.529999999999973,True
train,2013.05.31 13:00,2013,10.414186439213019,18.170000000000073,True
train,2013.05.31 15:00,2013,9.760844229963288,16.789999999999964,True
train,2013.06.03 12:00,2013,8.456583541044076,3.4700000000000273,True
train,2013.06.03 15:00,2013,8.886727974878328,21.409999999999854,True
train,2013.06.03 16:00,2013,8.259884618620854,23.039999999999964,True
train,2013.06.04 16:00,2013,8.160202758653517,8.490000000000009,True
train,2013.06.05 13:00,2013,9.151303594594514,12.759999999999991,True
train,2013.06.05 15:00,2013,8.833441322608435,8.529999999999973,True
train,2013.06.05 16:00,2013,8.29611705976327,7.25,True
train,2013.06.06 12:00,2013,8.171049571423517,6.610000000000127,True
train,2013.06.07 13:00,2013,8.713890092051516,29.700000000000045,True
train,2013.06.07 14:00,2013,8.94427240806047,28.210000000000036,True
train,2013.06.11 14:00,2013,8.49233074240332,9.660000000000082,True
train,2013.06.11 15:00,2013,7.788320405186504,8.049999999999955,True
train,2013.06.12 13:00,2013,8.55545317319423,6.829999999999927,True
train,2013.06.12 14:00,2013,8.945012670188957,16.410000000000082,True
train,2013.06.12 15:00,2013,8.141488655358307,18.29000000000019,True
train,2013.06.13 13:00,2013,8.600660943916603,10.460000000000036,True
train,2013.06.13 14:00,2013,8.790356740882125,8.509999999999991,True
train,2013.06.14 14:00,2013,8.790062546840858,12.459999999999809,True
train,2013.06.19 13:00,2013,7.844678195600572,7.889999999999873,True
train,2013.06.20 14:00,2013,10.166696580622132,15.639999999999873,True
train,2013.06.20 15:00,2013,9.273731082444518,11.220000000000027,True
train,2013.06.20 17:00,2013,8.481437331651966,15.299999999999955,True
train,2013.06.20 23:00,2013,8.28188960626112,9.61999999999989,True
train,2013.06.21 01:00,2013,8.275097459215438,10.649999999999864,True
train,2013.06.21 03:00,2013,8.16695473045221,20.410000000000082,True
train,2013.06.21 11:00,2013,8.141793944996403,6.580000000000155,True
train,2013.06.21 13:00,2013,9.090531707632081,8.320000000000164,True
train,2013.06.21 15:00,2013,8.559660439014348,5.470000000000027,True
train,2013.06.21 16:00,2013,8.293013580562489,9.349999999999909,True
train,2013.06.24 14:00,2013,7.804575366677671,6.650000000000091,True
train,2013.06.25 14:00,2013,8.623721133591674,15.1099999999999,True
train,2013.06.25 15:00,2013,8.166131466203035,11.529999999999973,True
train,2013.06.26 13:00,2013,10.539666044601804,19.449999999999818,True
train,2013.06.26 17:00,2013,7.982279917504537,5.480000000000018,True
train,2013.06.26 22:00,2013,9.383063789463995,9.289999999999964,True
train,2013.06.27 14:00,2013,10.355991093887072,5.5,True
train,2013.06.27 16:00,2013,9.95081864701698,9.25,True
train,2013.06.27 22:00,2013,9.682472013674987,5.920000000000073,True
train,2013.06.28 01:00,2013,10.068742231397854,22.230000000000018,True
train,2013.06.28 04:00,2013,9.294917578032925,16.389999999999873,True
train,2013.06.28 04:00,2013,9.244469746347571,16.389999999999873,True
train,2013.06.28 06:00,2013,8.823892258726394,10.759999999999991,True
train,2013.06.28 08:00,2013,9.12294362502668,13.190000000000055,True
train,2013.06.28 09:00,2013,8.894341762058527,9.2800000000002,True
train,2013.06.28 11:00,2013,9.205925699429642,3.4700000000000273,True
train,2013.06.28 13:00,2013,10.625919992446404,16.75999999999999,True
train,2013.06.28 14:00,2013,11.103006878743749,18.440000000000055,True
train,2013.06.28 17:00,2013,9.88141845978269,19.170000000000073,True
train,2013.06.28 18:00,2013,8.490345428729965,9.070000000000164,True
train,2013.06.28 21:00,2013,8.057169342255097,10.799999999999955,True
train,2013.07.01 09:00,2013,8.189776953131636,6.920000000000073,True
train,2013.07.01 11:00,2013,8.514919318648952,6.930000000000064,True
train,2013.07.01 13:00,2013,9.896810916069994,7.4500000000000455,True
train,2013.07.01 16:00,2013,11.006557511190882,25.299999999999955,True
train,2013.07.01 18:00,2013,8.368994662131279,8.509999999999991,True
train,2013.07.02 09:00,2013,7.935070914026254,8.029999999999973,True
train,2013.07.02 10:00,2013,8.134194604628913,5.210000000000036,True
train,2013.07.02 11:00,2013,8.826886581179153,7.220000000000027,True
train,2013.07.02 13:00,2013,10.716084253172733,8.829999999999927,True
train,2013.07.02 16:00,2013,9.766215427390318,7.720000000000027,True
train,2013.07.02 18:00,2013,8.215991368095365,9.170000000000073,True
train,2013.07.03 11:00,2013,8.642597273377456,11.25,True
train,2013.07.03 13:00,2013,11.077298345917477,11.440000000000055,True
train,2013.07.03 14:00,2013,11.28462633377353,8.0,True
train,2013.07.03 15:00,2013,10.54233777117754,8.920000000000073,True
train,2013.07.03 16:00,2013,9.58584158217925,11.220000000000027,True
train,2013.07.03 18:00,2013,8.471455044963374,5.900000000000091,True
train,2013.07.03 18:00,2013,8.156324491564058,5.900000000000091,True
train,2013.07.04 12:00,2013,10.439942993123703,4.470000000000027,True
train,2013.07.04 15:00,2013,10.323031056438223,4.059999999999945,True
train,2013.07.04 16:00,2013,9.851927764236166,4.779999999999973,True
train,2013.07.04 17:00,2013,8.634479027967819,1.9399999999998272,True
train,2013.07.05 13:00,2013,10.53097926376859,31.180000000000064,True
train,2013.07.05 15:00,2013,9.608356693203929,15.990000000000009,True
train,2013.07.05 18:00,2013,8.776156927656837,2.3099999999999454,True
train,2013.07.08 12:00,2013,9.042362302695944,11.700000000000045,True
train,2013.07.08 13:00,2013,9.696893708869899,7.539999999999964,True
train,2013.07.08 16:00,2013,8.679796731008581,6.050000000000182,True
train,2013.07.08 17:00,2013,8.110973265954284,1.800000000000182,True
train,2013.07.09 15:00,2013,9.135361747122968,6.839999999999918,True
train,2013.07.09 17:00,2013,7.7971579300714415,5.080000000000155,True
train,2013.07.10 13:00,2013,10.307055906647365,4.430000000000064,True
train,2013.07.10 15:00,2013,9.918366848771957,6.400000000000091,True
train,2013.07.10 17:00,2013,7.9395283168225355,12.070000000000164,True
train,2013.07.10 18:00,2013,8.042743467568487,9.049999999999955,True
train,2013.07.11 10:00,2013,7.984286581527351,4.460000000000036,True
train,2013.07.11 11:00,2013,8.030108040071946,6.389999999999873,True
train,2013.07.11 12:00,2013,9.710425028855079,5.670000000000073,True
train,2013.07.11 13:00,2013,10.430920699932685,5.539999999999964,True
train,2013.07.11 15:00,2013,10.13899900984892,8.149999999999864,True
train,2013.07.11 16:00,2013,9.921209949424693,5.730000000000018,True
train,2013.07.12 11:00,2013,7.859137455021781,8.25,True
train,2013.07.12 14:00,2013,10.36787761805556,10.189999999999827,True
train,2013.07.12 15:00,2013,9.437900130552226,8.399999999999864,True
train,2013.07.15 13:00,2013,8.309074011574374,9.179999999999836,True
train,2013.07.17 13:00,2013,8.522129615879651,12.960000000000036,True
train,2013.07.17 16:00,2013,8.116717201670928,24.039999999999964,True
train,2013.07.17 16:00,2013,8.116717201670928,24.039999999999964,True
train,2013.07.18 14:00,2013,9.242136444365322,7.480000000000018,True
train,2013.07.18 16:00,2013,7.856599557639452,6.129999999999882,True
train,2013.07.19 13:00,2013,8.864837841199716,4.670000000000073,True
train,2013.07.19 15:00,2013,8.255500944488915,6.180000000000064,True
train,2013.07.23 13:00,2013,8.444527722060824,5.260000000000218,True
train,2013.07.23 15:00,2013,7.930270731761663,4.920000000000073,True
train,2013.07.24 13:00,2013,8.269508907632046,10.470000000000027,True
train,2013.07.24 14:00,2013,8.536163493453953,11.509999999999991,True
train,2013.07.25 13:00,2013,8.3765473079395,13.149999999999864,True
train,2013.07.26 14:00,2013,8.53561521016526,14.919999999999845,True
train,2013.07.31 13:00,2013,8.153197105620826,20.389999999999873,True
train,2013.08.01 12:00,2013,7.849432295954686,5.679999999999836,True
train,2013.08.01 13:00,2013,8.41675293438375,5.189999999999827,True
train,2013.08.02 12:00,2013,8.167521008374662,30.819999999999936,True
train,2013.08.02 13:00,2013,8.77269428463748,29.5,True
train,2013.08.06 13:00,2013,8.445395929526283,15.519999999999982,True
train,2013.08.07 13:00,2013,8.738062384329057,9.620000000000118,True
train,2013.08.07 14:00,2013,9.064673124540363,8.930000000000064,True
train,2013.08.07 15:00,2013,8.33942540704957,9.310000000000173,True
train,2013.08.08 13:00,2013,8.729675302932527,8.789999999999964,True
train,2013.08.08 15:00,2013,8.238549804525189,20.439999999999827,True
train,2013.08.09 13:00,2013,8.780886051798532,4.459999999999809,True
train,2013.08.09 14:00,2013,9.071354168707213,2.9300000000000637,True
train,2013.08.09 15:00,2013,8.074457592262219,8.160000000000082,True
train,2013.08.13 15:00,2013,7.83835069094873,13.3900000000001,True
train,2013.08.14 13:00,2013,8.578534611017524,5.940000000000055,True
train,2013.08.15 12:00,2013,8.075470688079507,19.980000000000018,True
train,2013.08.16 13:00,2013,9.03545998726297,10.809999999999945,True
train,2013.08.19 13:00,2013,7.798581616954035,4.849999999999909,True
train,2013.08.19 14:00,2013,8.102260480181789,9.930000000000064,True
train,2013.08.20 14:00,2013,8.5840915022157,11.669999999999845,True
train,2013.08.21 13:00,2013,8.527716737623292,3.2100000000000364,True
train,2013.08.21 15:00,2013,8.34255881335306,5.829999999999927,True
train,2013.08.22 12:00,2013,8.26212929895987,10.069999999999936,True
train,2013.08.22 14:00,2013,9.197140038162669,12.900000000000091,True
train,2013.08.22 16:00,2013,8.076712727605994,6.9500000000000455,True
train,2013.08.22 16:00,2013,8.057705051774079,6.9500000000000455,True
train,2013.08.23 12:00,2013,8.332583131679732,6.579999999999927,True
train,2013.08.23 13:00,2013,8.991031620661628,6.4099999999998545,True
train,2013.08.23 16:00,2013,7.858201541334933,23.899999999999864,True
train,2013.08.26 13:00,2013,7.822339096782684,4.7800000000002,True
train,2013.08.27 13:00,2013,8.7156587956857,11.059999999999945,True
train,2013.08.27 16:00,2013,8.031812280316524,4.8900000000001,True
train,2013.08.28 12:00,2013,8.118809051680614,5.009999999999991,True
train,2013.08.28 14:00,2013,8.88918177946757,8.75,True
train,2013.08.28 16:00,2013,8.255502415208918,4.029999999999973,True
train,2013.08.29 12:00,2013,8.37560806136039,7.430000000000064,True
train,2013.08.29 16:00,2013,8.164318881088645,6.710000000000036,True
train,2013.08.30 13:00,2013,8.92558564383871,3.8599999999999,True
train,2013.08.30 16:00,2013,8.030430113893347,10.600000000000136,True
train,2013.09.03 13:00,2013,8.43887050978231,12.029999999999973,True
train,2013.09.04 14:00,2013,8.972503785913831,18.329999999999927,True
train,2013.09.05 14:00,2013,8.970315780149482,31.34999999999991,True
train,2013.09.06 12:00,2013,8.174172218902603,24.37999999999988,True
train,2013.09.06 14:00,2013,9.043065477811679,22.75,True
train,2013.09.06 16:00,2013,7.83835930761262,5.289999999999964,True
train,2013.09.10 13:00,2013,8.238201060001588,14.240000000000009,True
train,2013.09.11 15:00,2013,8.036279570826668,3.7100000000000364,True
train,2013.09.12 12:00,2013,7.797280286786042,13.129999999999882,True
train,2013.09.12 14:00,2013,8.447026445662457,14.710000000000036,True
train,2013.09.13 13:00,2013,8.721156766576108,9.0,True
train,2013.09.17 13:00,2013,8.239716919593581,7.550000000000182,True
train,2013.09.18 15:00,2013,8.192027211959285,4.820000000000164,True
train,2013.09.18 16:00,2013,7.854244839886959,4.560000000000173,True
train,2013.09.19 14:00,2013,9.261362952086882,8.910000000000082,True
train,2013.09.19 16:00,2013,8.152011106692658,10.379999999999882,True
train,2013.09.20 12:00,2013,8.83987360426835,10.38000000000011,True
train,2013.09.20 14:00,2013,9.537757157547839,21.840000000000146,True
train,2013.09.20 16:00,2013,8.280420501888013,23.029999999999973,True
train,2013.09.23 13:00,2013,8.068076389818101,7.740000000000009,True
train,2013.09.23 13:00,2013,7.996625780939515,7.740000000000009,True
train,2013.09.24 13:00,2013,9.344280183219482,9.3900000000001,True
train,2013.09.24 14:00,2013,9.31352124724259,8.809999999999945,True
train,2013.09.24 16:00,2013,8.144163619169584,3.869999999999891,True
train,2013.09.25 12:00,2013,8.714005801745147,6.789999999999964,True
train,2013.09.25 14:00,2013,9.72644688436032,8.190000000000055,True
train,2013.09.25 16:00,2013,8.571345017778128,16.799999999999955,True
train,2013.09.25 16:00,2013,8.585467887096309,16.799999999999955,True
train,2013.09.26 13:00,2013,9.662429840593786,5.970000000000027,True
train,2013.09.26 14:00,2013,9.729264353947197,13.789999999999964,True
train,2013.09.26 15:00,2013,8.964631975805952,12.039999999999964,True
train,2013.09.27 13:00,2013,9.685410016382336,19.689999999999827,True
train,2013.09.27 16:00,2013,8.439203305144371,3.75,True
train,2013.09.30 13:00,2013,8.329261218369433,13.2800000000002,True
train,2013.09.30 15:00,2013,7.7921049261636135,9.710000000000036,True
train,2013.10.01 13:00,2013,9.035368635415283,42.190000000000055,True
train,2013.10.02 13:00,2013,9.143808638940683,13.11999999999989,True
train,2013.10.02 14:00,2013,9.429444029202626,29.54000000000019,True
train,2013.10.03 12:00,2013,8.442510438541488,7.490000000000009,True
train,2013.10.03 14:00,2013,9.209155968715125,12.650000000000091,True
train,2013.10.03 16:00,2013,8.063762924350344,11.180000000000064,True
train,2013.10.04 13:00,2013,8.86856337766524,8.210000000000036,True
train,2013.10.08 13:00,2013,8.07588466884428,7.339999999999918,True
train,2013.10.08 14:00,2013,8.154980419686956,12.019999999999982,True
train,2013.10.09 13:00,2013,8.183104165479605,7.790000000000191,True
train,2013.10.10 12:00,2013,7.984035539241213,12.670000000000073,True
train,2013.10.11 12:00,2013,8.330829664638305,23.919999999999845,True
train,2013.10.11 14:00,2013,8.813676743835249,27.839999999999918,True
train,2013.10.11 15:00,2013,8.17665408827059,4.759999999999991,True
train,2013.10.11 16:00,2013,8.139518686370883,5.650000000000091,True
train,2013.10.15 15:00,2013,7.856607341803046,15.740000000000009,True
train,2013.10.15 15:00,2013,8.114091202486255,15.740000000000009,True
train,2013.10.16 13:00,2013,8.496888503458917,12.3900000000001,True
train,2013.10.16 15:00,2013,8.088152690308846,10.690000000000055,True
train,2013.10.17 12:00,2013,8.073481929519156,16.29000000000019,True
train,2013.10.17 15:00,2013,8.106765777702599,8.779999999999973,True
train,2013.10.18 12:00,2013,8.403484198970803,5.220000000000027,True
train,2013.10.18 14:00,2013,9.174341834800758,3.8999999999998636,True
train,2013.10.21 14:00,2013,7.940352031239388,4.150000000000091,True
train,2013.10.22 14:00,2013,8.56593121910746,27.5,True
train,2013.10.23 12:00,2013,8.122230676856447,4.190000000000055,True
train,2013.10.23 15:00,2013,8.08850803950259,4.899999999999864,True
train,2013.10.24 12:00,2013,8.114108681804709,11.779999999999973,True
train,2013.10.25 12:00,2013,8.134281278680357,6.039999999999964,True
train,2013.10.25 15:00,2013,7.955964270147543,5.8599999999999,True
train,2013.10.29 13:00,2013,7.808417200701695,9.660000000000082,True
train,2013.10.29 14:00,2013,7.77523996511979,5.849999999999909,True
train,2013.10.31 14:00,2013,8.082394336529315,5.149999999999864,True
train,2013.11.14 14:00,2013,7.773580456422901,14.539999999999964,True
train,2013.11.15 14:00,2013,7.785486859921548,5.769999999999982,True
train,2013.11.21 14:00,2013,7.850029427146093,11.170000000000073,True
train,2013.12.06 14:00,2013,7.8110364955661495,16.319999999999936,True
train,2013.12.13 13:00,2013,7.851438615168967,6.710000000000036,True
train,2013.12.18 13:00,2013,7.947617636324917,2.75,True
train,2013.12.19 14:00,2013,8.167257424318803,12.340000000000146,True
train,2013.12.20 13:00,2013,8.322801389123024,4.25,True
train,2013.12.20 15:00,2013,7.776504491524386,12.220000000000027,True
train,2013.12.26 13:00,2013,8.000217092905812,10.519999999999982,True
train,2013.12.26 14:00,2013,8.107722938220105,10.899999999999864,True
train,2013.12.27 13:00,2013,8.045631025655235,7.910000000000082,True
train,2013.12.27 14:00,2013,8.172398838075738,7.779999999999973,True
train,2014.01.03 13:00,2014,7.823881336010849,3.9400000000000546,True
train,2014.03.21 14:00,2014,7.933358138947604,4.2000000000000455,True
train,2014.11.12 14:00,2014,7.901064886171287,6.880000000000109,True
train,2014.11.13 13:00,2014,7.980802869023171,4.680000000000064,True
train,2014.11.18 13:00,2014,7.9309162099051305,9.399999999999864,True
train,2014.11.19 13:00,2014,8.107123616218828,5.360000000000127,True
train,2014.11.19 15:00,2014,7.794466835936581,23.339999999999918,True
train,2014.11.20 13:00,2014,8.475113870522938,8.309999999999945,True
train,2014.11.21 12:00,2014,7.991515521114057,13.480000000000018,True
train,2014.11.21 13:00,2014,8.58558455825016,13.700000000000045,True
train,2014.11.25 14:00,2014,7.795191770565424,9.160000000000082,True
train,2014.11.26 14:00,2014,7.999299405800614,2.8600000000001273,True
train,2014.11.26 14:00,2014,7.999299405800614,2.8600000000001273,True
train,2014.11.27 14:00,2014,7.974514199058331,5.689999999999827,True
train,2014.11.28 14:00,2014,8.148816236192227,7.710000000000036,True
train,2014.12.02 14:00,2014,7.884968909029411,9.1099999999999,True
train,2014.12.03 15:00,2014,7.779905206242517,11.789999999999964,True
train,2014.12.04 13:00,2014,8.201071902718807,10.950000000000045,True
train,2014.12.04 14:00,2014,8.185972285563075,8.75,True
train,2014.12.10 13:00,2014,7.93671050138261,7.7000000000000455,True
train,2014.12.12 12:00,2014,8.132606094678565,4.319999999999936,True
train,2014.12.12 15:00,2014,7.88842143663938,8.039999999999964,True
train,2014.12.18 13:00,2014,8.092157785093226,5.6400000000001,True
train,2014.12.19 13:00,2014,8.341966790795185,4.120000000000118,True
train,2014.12.24 14:00,2014,8.096323908874396,5.230000000000018,True
train,2014.12.26 14:00,2014,8.017987573790558,4.630000000000109,True
train,2015.01.14 13:00,2015,7.790174358690622,16.210000000000036,True
train,2015.01.14 14:00,2015,7.8566373267573075,12.349999999999909,True
train,2015.01.15 14:00,2015,8.210839275505176,9.210000000000036,True
train,2015.01.16 12:00,2015,8.061819117076759,11.620000000000118,True
train,2015.01.16 14:00,2015,8.695459216165812,18.019999999999982,True
train,2015.01.21 13:00,2015,8.026395692932551,8.13000000000011,True
train,2015.01.21 14:00,2015,8.107212625314764,16.25999999999999,True
train,2015.01.23 13:00,2015,8.333399311545262,3.75,True
train,2015.01.27 13:00,2015,7.9479523858869525,10.819999999999936,True
train,2015.01.27 13:00,2015,7.934152534696477,10.819999999999936,True
train,2015.01.28 13:00,2015,8.10750070188312,6.389999999999873,True
train,2015.01.29 14:00,2015,8.34001011844226,5.960000000000036,True
train,2015.01.30 12:00,2015,8.099244975334878,6.849999999999909,True
train,2015.01.30 14:00,2015,8.724873735785504,10.38000000000011,True
train,2015.01.30 14:00,2015,8.739863928459693,10.38000000000011,True
train,2015.02.04 13:00,2015,8.103813694081898,3.839999999999918,True
train,2015.02.04 15:00,2015,7.821146890477089,7.400000000000091,True
train,2015.02.05 13:00,2015,8.356189579744106,4.660000000000082,True
train,2015.02.05 14:00,2015,8.536083267329614,4.150000000000091,True
train,2015.02.11 14:00,2015,7.857511166606522,15.279999999999973,True
train,2015.02.13 14:00,2015,7.995132277897053,9.75,True
train,2016.02.11 14:00,2016,8.557616971696595,13.519999999999982,True
train,2016.02.12 14:00,2016,8.496879487001136,5.670000000000073,True
train,2016.02.12 14:00,2016,8.403421568950195,5.670000000000073,True
train,2016.02.16 14:00,2016,7.88537373137617,8.470000000000027,True
train,2016.02.17 12:00,2016,7.9370069530623395,7.169999999999845,True
train,2016.02.18 12:00,2016,8.282716567876653,5.179999999999836,True
train,2016.02.18 14:00,2016,9.135743606134477,10.0,True
train,2016.02.19 13:00,2016,8.97390147600454,7.819999999999936,True
train,2016.02.19 15:00,2016,8.385992404993402,5.730000000000018,True
train,2016.02.19 16:00,2016,8.002081922250884,4.810000000000173,True
train,2016.02.22 14:00,2016,8.03156944063511,7.980000000000018,True
train,2016.02.23 13:00,2016,8.512485487803465,9.0300000000002,True
train,2016.02.24 13:00,2016,8.690930665822533,13.069999999999936,True
train,2016.02.24 16:00,2016,7.932249436384023,12.700000000000045,True
train,2016.02.25 13:00,2016,9.008952340996634,7.029999999999973,True
train,2016.02.25 15:00,2016,8.496378786654303,8.460000000000036,True
train,2016.02.25 16:00,2016,8.212547039026935,7.0499999999999545,True
train,2016.02.26 12:00,2016,8.469289354577981,6.400000000000091,True
train,2016.02.26 15:00,2016,8.193955828506695,17.159999999999854,True
train,2016.03.01 14:00,2016,8.418408605895104,18.54000000000019,True
train,2016.03.02 14:00,2016,8.73750018102898,10.789999999999964,True
train,2016.03.03 12:00,2016,7.962183517402802,3.3999999999998636,True
train,2016.03.04 12:00,2016,8.488553210419232,23.0,True
train,2016.03.04 14:00,2016,8.981241282679212,15.210000000000036,True
train,2016.03.07 14:00,2016,8.144939608233784,6.730000000000018,True
train,2016.03.08 14:00,2016,8.418043047494349,12.049999999999955,True
train,2016.03.09 13:00,2016,8.53690905550504,8.839999999999918,True
train,2016.03.09 14:00,2016,8.839589577672932,13.11999999999989,True
train,2016.03.10 12:00,2016,8.061602271752465,10.879999999999882,True
train,2016.03.10 13:00,2016,8.544426690223785,15.690000000000055,True
train,2016.03.10 14:00,2016,8.943849105156266,29.440000000000055,True
train,2016.03.11 13:00,2016,8.72374288379517,5.180000000000064,True
train,2016.03.16 13:00,2016,8.285511693259016,5.819999999999936,True
train,2016.03.16 15:00,2016,7.9873067523886725,3.019999999999982,True
train,2016.03.17 13:00,2016,8.70199316023759,7.849999999999909,True
train,2016.03.17 15:00,2016,8.18770711042703,3.4500000000000455,True
train,2016.03.18 12:00,2016,8.294023387663175,6.079999999999927,True
train,2016.03.18 15:00,2016,8.007353086467218,2.0699999999999363,True
train,2016.03.22 14:00,2016,7.922942949116326,4.149999999999864,True
train,2016.03.23 13:00,2016,8.108864395458381,16.210000000000036,True
train,2016.03.24 13:00,2016,8.350103463024483,4.579999999999927,True
train,2016.03.24 15:00,2016,7.820250932981785,4.819999999999936,True
train,2016.05.05 14:00,2016,8.067532533399392,7.180000000000064,True
train,2016.05.12 14:00,2016,7.8519578426925065,13.769999999999982,True
train,2016.05.13 14:00,2016,8.066392039971431,12.519999999999982,True
train,2016.06.24 07:00,2016,8.484394117386758,28.61999999999989,True
train,2016.06.24 13:00,2016,8.068542807153015,11.970000000000027,True
train,2016.06.24 14:00,2016,8.778452929824008,15.420000000000073,True
train,2016.06.24 15:00,2016,7.779871443709669,21.1400000000001,True
train,2016.06.27 15:00,2016,7.953067963940285,11.799999999999955,True
train,2016.06.28 15:00,2016,8.210234609601343,6.230000000000018,True
train,2016.06.29 14:00,2016,9.400343826633089,9.660000000000082,True
train,2016.06.29 16:00,2016,8.424660981350108,6.6099999999999,True
train,2016.06.30 13:00,2016,9.263991234204159,4.990000000000009,True
train,2016.06.30 14:00,2016,9.487785888102279,4.570000000000164,True
train,2016.07.01 14:00,2016,9.24640749927683,8.710000000000036,True
train,2016.07.04 14:00,2016,8.13997079248195,2.5599999999999454,True
train,2016.07.05 12:00,2016,7.880591973354981,4.569999999999936,True
train,2016.07.05 14:00,2016,8.99768991400483,5.490000000000009,True
train,2016.07.05 15:00,2016,8.105650036648116,7.099999999999909,True
train,2016.07.05 16:00,2016,7.837039004972191,8.329999999999927,True
train,2016.07.06 14:00,2016,9.807670814954676,8.279999999999973,True
train,2016.07.07 12:00,2016,8.700757470181598,6.0499999999999545,True
train,2016.07.07 15:00,2016,8.714470478889897,11.339999999999918,True
train,2016.07.07 16:00,2016,8.362222198178065,6.819999999999936,True
train,2016.07.08 14:00,2016,9.506124610747758,19.86999999999989,True
train,2016.07.08 16:00,2016,8.169120503323601,4.2999999999999545,True
train,2016.07.12 13:00,2016,7.824749848651162,10.439999999999827,True
train,2016.07.13 14:00,2016,8.228276295723589,4.5,True
train,2016.07.14 13:00,2016,8.411809531942493,9.029999999999973,True
train,2016.07.14 14:00,2016,8.48125975880365,5.180000000000064,True
train,2016.07.15 13:00,2016,8.58558455825016,11.919999999999845,True
train,2016.07.15 14:00,2016,8.661394640316473,11.6099999999999,True
train,2016.07.21 13:00,2016,8.02198449421088,5.1099999999999,True
train,2016.07.22 13:00,2016,8.102652271980425,5.720000000000027,True
train,2016.07.22 14:00,2016,8.21138206901095,4.900000000000091,True
train,2016.11.10 14:00,2016,8.013787663293447,17.559999999999945,True
train,2016.11.11 13:00,2016,8.678855280498688,23.1099999999999,True
train,2016.11.11 15:00,2016,8.042028294863384,34.23000000000002,True
train,2016.11.14 13:00,2016,7.809980126033323,12.480000000000018,True
train,2016.11.15 12:00,2016,7.9664965601957745,4.680000000000064,True
train,2016.11.15 13:00,2016,8.746176335121794,8.240000000000009,True
train,2016.11.16 12:00,2016,8.591957196316992,4.639999999999873,True
train,2016.11.16 15:00,2016,8.762738139961384,3.8900000000001,True
train,2016.11.17 13:00,2016,9.482108714497613,7.550000000000182,True
train,2016.11.17 13:00,2016,9.482108714497613,7.550000000000182,True
train,2016.11.17 16:00,2016,8.346095505978388,7.170000000000073,True
train,2016.11.18 12:00,2016,8.830173448295632,7.990000000000009,True
train,2016.11.18 16:00,2016,8.164271960977311,5.259999999999991,True
train,2016.11.21 12:00,2016,7.987418417145341,2.8700000000001182,True
train,2016.11.21 13:00,2016,8.357622974213536,4.230000000000018,True
train,2016.11.21 15:00,2016,8.045061497304275,3.7899999999999636,True
train,2016.11.22 12:00,2016,8.11235189303627,3.6900000000000546,True
train,2016.11.23 12:00,2016,8.073648400857437,23.88000000000011,True
train,2016.11.23 13:00,2016,8.688574433042808,23.22999999999979,True
train,2016.11.24 12:00,2016,7.903560222271664,3.050000000000182,True
train,2016.11.24 16:00,2016,7.847056378670438,5.060000000000173,True
train,2016.11.25 14:00,2016,8.629273195972498,3.5599999999999454,True
train,2016.11.25 15:00,2016,7.823685902328926,8.559999999999945,True
train,2016.12.01 14:00,2016,7.858646510521816,7.009999999999991,True
train,2016.12.02 14:00,2016,7.947788349487962,7.089999999999918,True
val_select,2021.01.04 14:00,2021,9.185857976431402,12.410000000000082,True
val_select,2021.01.06 13:00,2021,9.749560499735678,20.00999999999999,True
val_select,2021.01.07 13:00,2021,9.666819799666369,11.670000000000073,True
val_select,2021.01.07 14:00,2021,9.816654014303888,11.039999999999964,True
val_select,2021.01.08 15:00,2021,9.097729685648433,40.930000000000064,True
val_select,2021.01.11 14:00,2021,9.59409015525936,13.700000000000045,True
val_select,2021.01.12 13:00,2021,10.325821362271649,23.440000000000055,True
val_select,2021.01.12 17:00,2021,9.345182744902727,8.150000000000091,True
val_select,2021.01.13 12:00,2021,9.735285736657373,4.8400000000001455,True
val_select,2021.01.13 16:00,2021,9.561362239820694,5.630000000000109,True
val_select,2021.01.14 14:00,2021,11.160162259019105,11.410000000000082,True
val_select,2021.01.14 15:00,2021,10.280096469539115,8.370000000000118,True
val_select,2021.01.14 16:00,2021,10.002466066678418,11.110000000000127,True
val_select,2021.01.15 12:00,2021,10.09742336234188,17.410000000000082,True
val_select,2021.01.15 16:00,2021,9.03540936969184,15.959999999999809,True
val_select,2021.01.15 16:00,2021,9.679557028790859,15.959999999999809,True
val_select,2021.01.18 12:00,2021,9.876282360988968,5.7000000000000455,True
val_select,2021.01.18 14:00,2021,10.65434488825888,3.050000000000182,True
val_select,2021.01.18 15:00,2021,9.852208392755355,4.039999999999964,True
val_select,2021.01.19 13:00,2021,10.560109501905862,9.75,True
val_select,2021.01.19 13:00,2021,10.374044175474038,9.75,True
val_select,2021.01.19 16:00,2021,9.037588942439596,7.580000000000155,True
val_select,2021.01.20 12:00,2021,10.0895879532067,21.230000000000018,True
val_select,2021.01.20 16:00,2021,9.122635786697295,14.8599999999999,True
val_select,2021.01.21 13:00,2021,10.576646321748244,12.850000000000136,True
val_select,2021.01.22 12:00,2021,9.337924181898144,14.599999999999909,True
val_select,2021.01.22 16:00,2021,9.348340257389717,7.959999999999809,True
val_select,2021.01.25 14:00,2021,9.447672356783608,13.3900000000001,True
val_select,2021.01.26 13:00,2021,9.280662440416508,7.2999999999999545,True
val_select,2021.01.28 14:00,2021,9.422872369704516,23.660000000000082,True
val_select,2021.02.02 13:00,2021,9.061925777197361,12.690000000000055,True
val_select,2021.02.03 13:00,2021,9.878858869737963,7.389999999999873,True
val_select,2021.02.04 12:00,2021,9.240177811194867,7.730000000000018,True
val_select,2021.02.05 16:00,2021,9.352976088823556,12.420000000000073,True
val_select,2021.02.05 16:00,2021,9.352976088823556,12.420000000000073,True
val_select,2021.02.09 14:00,2021,9.79834164922171,10.549999999999955,True
val_select,2021.02.10 15:00,2021,9.222099525497894,16.220000000000027,True
val_select,2021.02.11 14:00,2021,10.103190294853045,5.679999999999836,True
val_select,2021.02.12 13:00,2021,9.723527676164315,8.200000000000045,True
val_select,2021.02.12 13:00,2021,9.723527676164315,8.200000000000045,True
val_select,2021.02.18 13:00,2021,9.151212083025909,10.970000000000027,True
val_select,2021.02.19 14:00,2021,9.632519428282018,17.74000000000001,True
val_select,2021.02.23 13:00,2021,9.175372477038541,13.540000000000191,True
val_select,2021.02.25 14:00,2021,9.781055444982561,17.700000000000045,True
val_select,2021.02.25 14:00,2021,9.798770145003822,17.700000000000045,True
val_select,2021.02.26 12:00,2021,9.472918722225177,6.920000000000073,True
val_select,2021.02.26 14:00,2021,10.38035078786947,34.100000000000136,True
val_select,2021.02.26 16:00,2021,9.379922831183153,27.86999999999989,True
val_select,2021.02.26 19:00,2021,9.432959896561284,6.079999999999927,True
val_select,2021.03.01 15:00,2021,10.369411722852469,7.039999999999964,True
val_select,2021.03.01 16:00,2021,10.527292440958014,8.420000000000073,True
val_select,2021.03.01 17:00,2021,9.307265990105547,18.169999999999845,True
val_select,2021.03.02 01:00,2021,9.103527410982336,14.5,True
val_select,2021.03.02 06:00,2021,9.961328301368964,10.8599999999999,True
val_select,2021.03.02 08:00,2021,9.329848805301216,6.460000000000036,True
val_select,2021.03.02 11:00,2021,9.181030355099145,11.389999999999873,True
val_select,2021.03.02 16:00,2021,11.090650978150608,12.610000000000127,True
val_select,2021.03.02 18:00,2021,9.658540770866725,6.9500000000000455,True
val_select,2021.03.03 14:00,2021,11.14681765299425,24.210000000000036,True
val_select,2021.03.03 15:00,2021,10.909192316277808,12.679999999999836,True
val_select,2021.03.03 16:00,2021,11.372824340820943,13.669999999999845,True
val_select,2021.03.03 18:00,2021,10.146823844046787,6.630000000000109,True
val_select,2021.03.04 12:00,2021,10.165025864154925,7.830000000000155,True
val_select,2021.03.04 16:00,2021,10.472384818275358,16.25,True
val_select,2021.03.04 18:00,2021,9.138886131082002,24.15000000000009,True
val_select,2021.03.05 11:00,2021,9.272519798197846,4.4500000000000455,True
val_select,2021.03.05 16:00,2021,11.744122134496328,9.370000000000118,True
val_select,2021.03.05 17:00,2021,9.040211741362882,8.150000000000091,True
val_select,2021.03.08 12:00,2021,9.280540516127555,7.8900000000001,True
val_select,2021.03.08 15:00,2021,10.764259244106684,15.6099999999999,True
val_select,2021.03.09 13:00,2021,10.662507980505913,11.549999999999955,True
val_select,2021.03.09 14:00,2021,11.090719103493049,17.74000000000001,True
val_select,2021.03.10 13:00,2021,11.021261092599156,11.860000000000127,True
val_select,2021.03.10 14:00,2021,11.490560597355127,10.88000000000011,True
val_select,2021.03.10 16:00,2021,10.079787754951969,4.089999999999918,True
val_select,2021.03.11 12:00,2021,9.723300754703377,8.680000000000064,True
val_select,2021.03.11 16:00,2021,10.095992118554276,4.630000000000109,True
val_select,2021.03.12 12:00,2021,9.855634021712758,4.0,True
val_select,2021.03.12 14:00,2021,10.842258946367366,7.190000000000055,True
val_select,2021.03.12 16:00,2021,10.009939349950185,16.430000000000064,True
val_select,2021.03.15 13:00,2021,9.117164158597756,6.470000000000027,True
val_select,2021.03.17 13:00,2021,9.392731031613353,5.259999999999991,True
val_select,2021.03.17 14:00,2021,9.56675098045495,5.369999999999891,True
val_select,2021.03.19 14:00,2021,9.477961719406043,5.900000000000091,True
val_select,2021.06.25 13:00,2021,9.019123541806495,7.179999999999836,True
val_select,2021.06.25 14:00,2021,9.10877261091157,5.279999999999973,True
val_select,2022.02.24 13:00,2022,10.434070867026934,31.00999999999999,True
val_select,2022.02.24 15:00,2022,9.489820706971377,46.0,True
val_select,2022.02.24 16:00,2022,9.71736909650141,21.12000000000012,True
val_select,2022.02.25 14:00,2022,10.562866682900717,12.970000000000027,True
val_select,2022.02.25 14:00,2022,10.562866682900717,12.970000000000027,True
val_select,2022.02.28 16:00,2022,10.038661763345104,19.660000000000082,True
val_select,2022.03.01 14:00,2022,11.164277625718412,13.5,True
val_select,2022.03.01 15:00,2022,10.435128756542023,18.070000000000164,True
val_select,2022.03.02 13:00,2022,10.880198501247074,7.079999999999927,True
val_select,2022.03.02 17:00,2022,9.28998033015107,12.029999999999973,True
val_select,2022.03.02 18:00,2022,9.024344880459399,9.759999999999991,True
val_select,2022.03.03 11:00,2022,9.160255505577927,9.61999999999989,True
val_select,2022.03.03 12:00,2022,10.835657783803258,9.61999999999989,True
val_select,2022.03.03 14:00,2022,11.823508751799247,6.6400000000001,True
val_select,2022.03.03 16:00,2022,10.541778617893414,5.8599999999999,True
val_select,2022.03.03 16:00,2022,10.51584054554909,5.8599999999999,True
val_select,2022.03.04 15:00,2022,11.053126149062853,18.75,True
val_select,2022.03.04 16:00,2022,9.975394227622393,13.6400000000001,True
val_select,2022.03.04 17:00,2022,9.74027726718281,8.559999999999945,True
val_select,2022.03.07 02:00,2022,9.332372583388569,12.690000000000055,True
val_select,2022.03.07 04:00,2022,10.255049855794656,4.350000000000136,True
val_select,2022.03.07 06:00,2022,9.074426447676222,13.549999999999955,True
val_select,2022.03.07 07:00,2022,10.042048388460806,14.960000000000036,True
val_select,2022.03.07 09:00,2022,9.160194789758657,9.629999999999882,True
val_select,2022.03.07 13:00,2022,11.48475077100114,29.210000000000036,True
val_select,2022.03.07 16:00,2022,10.66610638730346,9.639999999999873,True
val_select,2022.03.07 18:00,2022,9.65505621005452,17.699999999999818,True
val_select,2022.03.08 01:00,2022,9.208279714440922,17.6400000000001,True
val_select,2022.03.08 10:00,2022,11.826252360535022,5.9500000000000455,True
val_select,2022.03.08 11:00,2022,10.346596880367906,9.25,True
val_select,2022.03.08 13:00,2022,12.463534491025406,32.200000000000045,True
val_select,2022.03.08 16:00,2022,12.911484564758235,30.65000000000009,True
val_select,2022.03.08 19:00,2022,12.483562264312432,23.350000000000136,True
val_select,2022.03.08 20:00,2022,10.45524162809118,15.629999999999882,True
val_select,2022.03.09 01:00,2022,11.782614095849924,11.580000000000155,True
val_select,2022.03.09 03:00,2022,10.298066043879944,17.309999999999718,True
val_select,2022.03.09 07:00,2022,13.004002776208948,9.690000000000055,True
val_select,2022.03.09 08:00,2022,12.89697792503977,34.33999999999992,True
val_select,2022.03.09 10:00,2022,12.258648438788711,38.00999999999999,True
val_select,2022.03.09 13:00,2022,13.856450299875712,35.350000000000136,True
val_select,2022.03.09 15:00,2022,13.98099314308089,15.779999999999973,True
val_select,2022.03.09 17:00,2022,12.717508982871374,15.4699999999998,True
val_select,2022.03.09 19:00,2022,10.411198152719617,10.200000000000045,True
val_select,2022.03.09 22:00,2022,9.082411247197744,9.240000000000009,True
val_select,2022.03.10 01:00,2022,9.5951766133108,19.569999999999936,True
val_select,2022.03.10 04:00,2022,9.494922596847793,9.3900000000001,True
val_select,2022.03.10 09:00,2022,12.056197558224817,24.850000000000136,True
val_select,2022.03.10 10:00,2022,12.246489656069182,24.0,True
val_select,2022.03.10 11:00,2022,12.62912426817836,23.409999999999854,True
val_select,2022.03.10 15:00,2022,14.135406934823486,14.700000000000045,True
val_select,2022.03.10 16:00,2022,13.752836621690806,15.430000000000064,True
val_select,2022.03.10 18:00,2022,11.833864442516003,11.0,True
val_select,2022.03.11 08:00,2022,10.431801235156838,8.980000000000018,True
val_select,2022.03.11 10:00,2022,10.764421807147025,23.320000000000164,True
val_select,2022.03.11 11:00,2022,11.386193942866335,27.84999999999991,True
val_select,2022.03.11 16:00,2022,13.694284646263908,14.940000000000055,True
val_select,2022.03.14 08:00,2022,10.28535240775838,17.0300000000002,True
val_select,2022.03.14 09:00,2022,9.50189071708128,13.170000000000073,True
val_select,2022.03.14 12:00,2022,12.756295345866787,11.909999999999854,True
val_select,2022.03.14 14:00,2022,14.02831644471737,14.61999999999989,True
val_select,2022.03.14 15:00,2022,12.569995725660121,6.460000000000036,True
val_select,2022.03.14 16:00,2022,12.695383501438512,5.9500000000000455,True
val_select,2022.03.14 18:00,2022,9.775823069647895,10.519999999999982,True
val_select,2022.03.15 09:00,2022,10.573851249109392,7.420000000000073,True
val_select,2022.03.15 10:00,2022,11.017174830937883,14.610000000000127,True
val_select,2022.03.15 11:00,2022,11.528192492940262,12.330000000000155,True
val_select,2022.03.15 15:00,2022,12.81151010404234,15.830000000000155,True
val_select,2022.03.15 17:00,2022,12.393041417271062,5.779999999999973,True
val_select,2022.03.15 19:00,2022,9.213938557023727,10.589999999999918,True
val_select,2022.03.16 07:00,2022,9.761927410879984,7.889999999999873,True
val_select,2022.03.16 08:00,2022,9.429675043181033,8.440000000000055,True
val_select,2022.03.16 09:00,2022,10.255165736468808,7.730000000000018,True
val_select,2022.03.16 11:00,2022,11.399836439651333,6.389999999999873,True
val_select,2022.03.16 13:00,2022,13.536603402903156,20.699999999999818,True
val_select,2022.03.16 14:00,2022,13.810348827659979,16.169999999999845,True
val_select,2022.03.16 17:00,2022,12.442035357535831,16.700000000000045,True
val_select,2022.03.16 19:00,2022,9.87415623351038,21.930000000000064,True
val_select,2022.03.17 06:00,2022,9.071214961751478,5.830000000000155,True
val_select,2022.03.17 10:00,2022,10.203861304851099,9.320000000000164,True
val_select,2022.03.17 12:00,2022,13.813931608309012,7.680000000000064,True
val_select,2022.03.17 14:00,2022,14.362434103557598,10.730000000000018,True
val_select,2022.03.17 15:00,2022,13.097022830342643,4.769999999999982,True
val_select,2022.03.17 18:00,2022,10.88593978913171,8.899999999999864,True
val_select,2022.03.17 19:00,2022,9.571349658373906,7.0,True
val_select,2022.03.18 08:00,2022,9.810481461318098,4.3400000000001455,True
val_select,2022.03.18 09:00,2022,9.565138981763777,5.309999999999945,True
val_select,2022.03.18 11:00,2022,11.877083180195463,7.529999999999973,True
val_select,2022.03.18 13:00,2022,14.186216064299169,18.210000000000036,True
val_select,2022.03.18 15:00,2022,13.410392339828862,7.120000000000118,True
val_select,2022.03.18 16:00,2022,13.19968840545698,9.900000000000091,True
val_select,2022.03.18 17:00,2022,11.977660692103271,9.400000000000091,True
val_select,2022.03.18 19:00,2022,9.716296876929468,11.470000000000027,True
val_select,2022.03.21 10:00,2022,10.430398321710685,3.519999999999982,True
val_select,2022.03.21 12:00,2022,12.769515833952497,7.899999999999864,True
val_select,2022.03.21 13:00,2022,13.177222664933254,12.179999999999836,True
val_select,2022.03.21 16:00,2022,11.990082871807788,6.339999999999918,True
val_select,2022.03.21 17:00,2022,10.80202235263387,8.089999999999918,True
val_select,2022.03.22 09:00,2022,9.184758553477414,10.460000000000036,True
val_select,2022.03.22 12:00,2022,12.091615469572005,7.720000000000027,True
val_select,2022.03.22 13:00,2022,13.037151827415329,17.069999999999936,True
val_select,2022.03.22 15:00,2022,11.647024328764614,12.909999999999854,True
val_select,2022.03.22 17:00,2022,11.040881940286342,6.899999999999864,True
val_select,2022.03.23 14:00,2022,12.106646739611357,7.819999999999936,True
val_select,2022.03.23 15:00,2022,10.630283213149939,9.3599999999999,True
val_select,2022.03.23 17:00,2022,9.21636276919842,10.509999999999991,True
val_select,2022.03.24 12:00,2022,9.70499576857699,14.0300000000002,True
val_select,2022.03.24 15:00,2022,10.633822501324207,12.769999999999982,True
val_select,2022.03.24 15:00,2022,10.238899077711137,12.769999999999982,True
val_select,2022.03.25 14:00,2022,11.252569027678051,13.190000000000055,True
val_select,2022.03.25 15:00,2022,10.244019817329715,13.110000000000127,True
val_select,2022.03.25 16:00,2022,9.228599300122486,9.0,True
val_select,2022.03.28 13:00,2022,9.171409417946942,17.679999999999836,True
val_select,2022.03.28 14:00,2022,9.665998199426383,15.589999999999918,True
val_select,2022.03.29 13:00,2022,9.999120727129052,22.220000000000027,True
val_select,2022.03.29 14:00,2022,10.367561435034961,18.00999999999999,True
val_select,2022.03.29 16:00,2022,9.970462857057306,10.649999999999864,True
val_select,2022.03.30 13:00,2022,10.037925955416943,14.600000000000136,True
val_select,2022.03.31 13:00,2022,9.629808085793654,12.169999999999845,True
val_select,2022.04.01 13:00,2022,9.607849966716165,6.2999999999999545,True
val_select,2022.04.05 13:00,2022,9.164513478380627,14.740000000000009,True
val_select,2022.04.05 14:00,2022,9.289083333338622,16.699999999999818,True
val_select,2022.04.06 13:00,2022,9.265457928517444,9.5300000000002,True
val_select,2022.04.07 13:00,2022,9.387958064972514,7.389999999999873,True
val_select,2022.04.08 14:00,2022,9.488571814773614,14.340000000000146,True
val_select,2022.04.12 13:00,2022,9.206098583218001,17.75999999999999,True
val_select,2022.04.12 14:00,2022,9.168061704634061,22.110000000000127,True
val_select,2022.04.13 14:00,2022,9.515633376105706,6.210000000000036,True
val_select,2022.04.14 14:00,2022,9.488345795110677,16.899999999999864,True
val_select,2022.04.19 14:00,2022,9.10935924321499,28.74000000000001,True
val_select,2022.04.22 14:00,2022,9.539397254208508,11.049999999999955,True
val_select,2022.04.22 14:00,2022,9.50942006717985,11.049999999999955,True
val_select,2022.04.26 14:00,2022,9.374367444530927,7.710000000000036,True
val_select,2022.04.27 13:00,2022,9.489698701222247,16.0,True
val_select,2022.04.28 12:00,2022,9.0634032187024,7.670000000000073,True
val_select,2022.04.28 13:00,2022,9.574940134283903,6.769999999999982,True
val_select,2022.04.28 14:00,2022,9.89839346731924,9.120000000000118,True
val_select,2022.05.04 14:00,2022,9.765085457430212,7.220000000000027,True
val_select,2022.05.05 12:00,2022,9.13276517998577,12.319999999999936,True
val_select,2022.05.06 13:00,2022,9.98259916483578,10.269999999999982,True
val_select,2022.05.09 14:00,2022,9.395416044982703,10.8900000000001,True
val_select,2022.05.10 14:00,2022,9.599236986092722,15.080000000000155,True
val_select,2022.05.11 13:00,2022,9.705278738620814,17.480000000000018,True
val_select,2022.05.11 16:00,2022,9.35241362122844,6.9099999999998545,True
val_select,2022.05.12 14:00,2022,10.251407219014283,6.710000000000036,True
val_select,2022.05.12 15:00,2022,9.721478045712734,11.63000000000011,True
val_select,2022.05.13 12:00,2022,9.750748406112274,14.560000000000173,True
val_select,2022.05.13 17:00,2022,9.392101171177595,7.589999999999918,True
val_select,2022.05.16 13:00,2022,9.327932791222818,8.320000000000164,True
val_select,2022.05.16 16:00,2022,10.18331345561731,8.670000000000073,True
val_select,2022.05.17 15:00,2022,9.35350163939786,14.370000000000118,True
val_select,2022.05.17 15:00,2022,9.393127550651933,14.370000000000118,True
val_select,2022.05.18 14:00,2022,10.413700791817602,6.889999999999873,True
val_select,2022.05.18 16:00,2022,9.319115859261887,14.240000000000009,True
val_select,2022.05.19 16:00,2022,9.018405925977893,9.600000000000136,True
val_select,2022.05.19 16:00,2022,9.018405925977893,9.600000000000136,True
val_select,2022.05.20 14:00,2022,9.961319291039429,10.199999999999818,True
val_select,2022.05.24 14:00,2022,9.15106840240144,10.86999999999989,True
val_select,2022.05.26 14:00,2022,9.232682871060772,6.970000000000027,True
val_select,2022.06.24 14:00,2022,9.462670021673645,8.019999999999982,True
val_select,2022.07.15 14:00,2022,9.118707830399382,9.589999999999918,True
val_select,2022.09.23 14:00,2022,9.143513900971119,10.170000000000073,True
val_select,2022.09.28 14:00,2022,9.102986024215026,29.6099999999999,True
val_select,2022.09.28 14:00,2022,9.06553613214397,29.6099999999999,True
val_select,2022.09.29 13:00,2022,9.529241846276545,8.120000000000118,True
val_select,2022.10.04 13:00,2022,9.308483918791561,7.970000000000027,True
val_select,2022.10.04 14:00,2022,9.448124893712757,16.74000000000001,True
val_select,2022.10.05 14:00,2022,10.07602468828881,8.069999999999936,True
val_select,2022.10.05 16:00,2022,9.058351915695026,7.990000000000009,True
val_select,2022.10.05 16:00,2022,9.015396545866059,7.990000000000009,True
val_select,2022.10.06 15:00,2022,9.24126554186635,7.289999999999964,True
val_select,2022.10.07 13:00,2022,9.649217790562693,18.299999999999955,True
val_select,2022.10.07 14:00,2022,9.883282455918307,18.529999999999973,True
val_select,2022.10.11 14:00,2022,9.039812180881427,6.670000000000073,True
val_select,2022.10.13 14:00,2022,9.168313775644718,36.32999999999993,True
val_select,2022.10.14 13:00,2022,9.144504053401944,8.019999999999982,True
val_select,2022.10.26 14:00,2022,9.115785168764765,7.9099999999998545,True
val_select,2022.10.27 14:00,2022,9.179259629661807,7.169999999999845,True
val_select,2022.11.18 14:00,2022,9.093644500612188,10.1099999999999,True
val_select,2023.01.13 14:00,2023,9.13832886665545,19.8599999999999,True
val_select,2023.01.20 14:00,2023,9.10311243664385,8.009999999999991,True
val_select,2023.01.26 14:00,2023,9.0691566149557,13.649999999999864,True
val_select,2023.02.03 14:00,2023,9.240915785355204,46.169999999999845,True
val_select,2023.02.07 14:00,2023,9.113530958514083,9.370000000000118,True
val_select,2023.02.08 13:00,2023,9.474388697822013,11.220000000000027,True
val_select,2023.02.08 13:00,2023,9.483363213401779,11.220000000000027,True
val_select,2023.02.09 13:00,2023,9.438333386599695,8.1099999999999,True
val_select,2023.02.09 14:00,2023,9.605415084676556,9.580000000000155,True
val_select,2023.02.10 13:00,2023,9.576756863874783,4.599999999999909,True
val_select,2023.02.14 14:00,2023,9.35712409226913,16.819999999999936,True
val_select,2023.02.15 14:00,2023,9.841470499062249,5.369999999999891,True
val_select,2023.02.15 16:00,2023,9.064624373211542,4.5499999999999545,True
val_select,2023.02.15 16:00,2023,9.14363691033532,4.5499999999999545,True
val_select,2023.02.16 14:00,2023,9.724392482189364,12.240000000000009,True
val_select,2023.02.17 14:00,2023,9.895690115442124,14.190000000000055,True
val_select,2023.03.17 14:00,2023,9.63595432511786,20.019999999999982,True
val_select,2023.03.17 21:00,2023,9.757293115156926,11.850000000000136,True
val_select,2023.03.20 00:00,2023,10.91265333694482,9.230000000000018,True
val_select,2023.03.20 01:00,2023,9.96212040510645,8.790000000000191,True
val_select,2023.03.20 10:00,2023,10.809198995527796,22.460000000000036,True
val_select,2023.03.20 13:00,2023,9.960035447113402,18.0,True
val_select,2023.03.20 15:00,2023,10.581670614869697,12.100000000000136,True
val_select,2023.03.20 15:00,2023,10.06862745504022,12.100000000000136,True
val_select,2023.03.21 13:00,2023,10.419164173571705,20.950000000000045,True
val_select,2023.03.22 12:00,2023,9.714510436780737,5.480000000000018,True
val_select,2023.03.22 15:00,2023,10.57364878685742,9.049999999999955,True
val_select,2023.03.23 11:00,2023,9.04250898659304,11.549999999999955,True
val_select,2023.03.23 13:00,2023,10.931443642195473,11.830000000000155,True
val_select,2023.03.23 15:00,2023,10.944283380748844,11.090000000000146,True
val_select,2023.03.23 16:00,2023,11.030564396092386,20.720000000000027,True
val_select,2023.03.24 13:00,2023,11.479287833776832,9.939999999999827,True
val_select,2023.03.24 14:00,2023,12.100027885343252,13.059999999999945,True
val_select,2023.03.24 15:00,2023,11.380154557909142,8.809999999999945,True
val_select,2023.03.24 17:00,2023,9.098036015278243,11.980000000000018,True
val_select,2023.03.27 14:00,2023,10.836181092291993,10.150000000000091,True
val_select,2023.03.27 16:00,2023,9.968722395486072,9.720000000000027,True
val_select,2023.03.28 13:00,2023,11.22831448156227,10.63000000000011,True
val_select,2023.03.28 16:00,2023,9.809703502093162,6.730000000000018,True
val_select,2023.03.29 14:00,2023,11.434153763932907,5.660000000000082,True
val_select,2023.03.29 16:00,2023,9.634557735909734,6.089999999999918,True
val_select,2023.03.30 12:00,2023,9.478695676614027,7.930000000000064,True
val_select,2023.03.30 14:00,2023,10.902132546876791,6.690000000000055,True
val_select,2023.03.30 16:00,2023,9.622648142265424,17.699999999999818,True
val_select,2023.03.31 12:00,2023,9.311909912739637,9.230000000000018,True
val_select,2023.03.31 16:00,2023,9.32570489660638,4.7000000000000455,True
val_select,2023.04.04 13:00,2023,9.220116801101536,11.069999999999936,True
val_select,2023.04.04 14:00,2023,9.516502585615612,43.039999999999964,True
val_select,2023.04.05 13:00,2023,9.792064821047607,9.940000000000055,True
val_select,2023.04.05 14:00,2023,10.336097565163987,12.990000000000009,True
val_select,2023.04.05 15:00,2023,9.613795017971794,21.699999999999818,True
val_select,2023.04.05 16:00,2023,10.11993424551873,12.730000000000018,True
val_select,2023.04.06 15:00,2023,9.059218780225159,12.100000000000136,True
val_select,2023.04.12 14:00,2023,9.060074841265747,20.579999999999927,True
val_select,2023.04.13 14:00,2023,9.219137114825669,20.110000000000127,True
val_select,2023.04.14 14:00,2023,9.240104135340442,35.34999999999991,True
val_select,2023.04.18 13:00,2023,9.158222360060597,12.3599999999999,True
val_select,2023.04.20 13:00,2023,9.023197462296796,7.7999999999999545,True
val_select,2023.04.20 14:00,2023,9.371228438799209,11.27000000000021,True
val_select,2023.04.21 14:00,2023,9.494311038686146,16.420000000000073,True
val_select,2023.04.27 14:00,2023,9.734895589131428,22.720000000000027,True
val_select,2023.05.03 13:00,2023,9.378650727973197,8.789999999999964,True
val_select,2023.05.04 15:00,2023,9.13916816345422,22.63000000000011,True
val_select,2023.05.10 14:00,2023,9.311467474794867,18.829999999999927,True
val_select,2023.05.11 13:00,2023,9.314716641429595,18.00999999999999,True
val_select,2023.05.12 13:00,2023,9.263544812579818,16.470000000000027,True
val_select,2023.05.12 14:00,2023,9.556736742167063,17.789999999999964,True
val_select,2023.05.17 14:00,2023,9.400600956852221,12.529999999999973,True
val_select,2023.05.17 14:00,2023,9.380556707481214,12.529999999999973,True
val_eval,2025.04.04 14:00,2025,14.901562428821402,54.08999999999969,True
val_eval,2025.04.07 14:00,2025,14.494796031759924,51.01000000000022,True
val_eval,2025.04.08 12:00,2025,15.061430440493913,12.990000000000236,True
val_eval,2025.04.08 14:00,2025,15.61762194020683,20.179999999999836,True
val_eval,2025.04.08 15:00,2025,14.925149725989508,25.970000000000255,True
val_eval,2025.04.08 16:00,2025,14.683404553164797,31.440000000000055,True
val_eval,2025.04.09 14:00,2025,15.685888798485708,38.43000000000029,True
val_eval,2025.04.10 12:00,2025,14.856859093098898,16.409999999999854,True
val_eval,2025.04.10 14:00,2025,14.925029784274685,51.6899999999996,True
val_eval,2025.04.10 16:00,2025,15.01841885164545,19.019999999999982,True
val_eval,2025.04.11 13:00,2025,15.856363254489766,30.110000000000127,True
val_eval,2025.04.11 13:00,2025,15.535844007095685,30.110000000000127,True
val_eval,2025.04.11 15:00,2025,15.786195120658789,21.240000000000236,True
val_eval,2025.04.11 16:00,2025,15.794012582383322,15.2800000000002,True
val_eval,2025.04.14 12:00,2025,14.569473312190865,21.679999999999836,True
val_eval,2025.04.14 13:00,2025,14.593175531164931,29.960000000000036,True
val_eval,2025.04.14 15:00,2025,14.685010281649587,11.259999999999764,True
val_eval,2025.04.15 16:00,2025,14.883617153551073,8.070000000000164,True
val_eval,2025.04.16 14:00,2025,15.93147178690275,20.570000000000164,True
val_eval,2025.04.16 14:00,2025,15.845289827139679,20.570000000000164,True
val_eval,2025.04.16 16:00,2025,16.112679231843728,24.590000000000146,True
val_eval,2025.04.16 18:00,2025,14.556685595876596,16.25,True
val_eval,2025.04.17 13:00,2025,15.414485912438474,43.57999999999993,True
val_eval,2025.04.17 15:00,2025,15.566932195463068,31.049999999999727,True
val_eval,2025.04.17 17:00,2025,14.706721583985383,25.549999999999727,True
val_eval,2025.04.21 10:00,2025,14.34680230136587,13.099999999999909,True
val_eval,2025.04.21 14:00,2025,15.664319496941514,15.289999999999964,True
val_eval,2025.04.21 17:00,2025,15.112898432755472,16.829999999999927,True
val_eval,2025.04.22 06:00,2025,14.402783875639583,23.449999999999818,True
val_eval,2025.04.22 08:00,2025,14.931112973648439,36.54999999999973,True
val_eval,2025.04.22 09:00,2025,15.044478849306941,25.360000000000127,True
val_eval,2025.04.22 11:00,2025,14.834461131833907,30.36999999999989,True
val_eval,2025.04.22 13:00,2025,15.871780619011219,48.039999999999964,True
val_eval,2025.04.22 15:00,2025,16.575658326466073,46.82999999999993,True
val_eval,2025.04.22 16:00,2025,16.33615575442195,57.909999999999854,True
val_eval,2025.04.23 12:00,2025,15.109136126010883,58.82999999999993,True
val_eval,2025.04.23 13:00,2025,15.317287973727483,64.75999999999976,True
val_eval,2025.04.23 14:00,2025,15.594686415047114,51.940000000000055,True
val_eval,2025.04.23 17:00,2025,15.400849660805648,24.550000000000182,True
val_eval,2025.04.24 12:00,2025,14.72364618350371,16.920000000000073,True
val_eval,2025.04.24 12:00,2025,14.820068313758908,16.920000000000073,True
val_eval,2025.04.24 15:00,2025,14.348991083096365,20.26000000000022,True
val_eval,2025.04.24 17:00,2025,14.533809358015384,10.759999999999764,True
val_eval,2025.04.25 12:00,2025,15.111401841150718,32.789999999999964,True
val_eval,2025.04.25 14:00,2025,15.472794291173953,27.480000000000018,True
val_eval,2025.04.25 15:00,2025,15.195026472633243,10.940000000000055,True
val_eval,2025.04.25 16:00,2025,15.012780755145515,17.110000000000127,True
val_eval,2025.04.29 13:00,2025,15.378759485935902,11.83999999999969,True
val_eval,2025.04.29 14:00,2025,15.487502798396898,12.799999999999727,True
val_eval,2025.04.29 16:00,2025,15.358135248449585,15.449999999999818,True
val_eval,2025.04.30 15:00,2025,14.967215261324517,15.75,True
val_eval,2025.04.30 16:00,2025,15.12784116571187,11.039999999999964,True
val_eval,2025.05.01 15:00,2025,14.482775113430343,19.769999999999982,True
val_eval,2025.05.01 16:00,2025,14.749817438927579,14.050000000000182,True
val_eval,2025.05.02 12:00,2025,15.060970814854096,19.83999999999969,True
val_eval,2025.05.02 12:00,2025,15.208411691346697,19.83999999999969,True
val_eval,2025.05.02 14:00,2025,15.521948717353522,20.09999999999991,True
val_eval,2025.05.02 16:00,2025,15.271324815509303,40.00999999999976,True
val_eval,2025.05.06 15:00,2025,15.295266183652833,19.670000000000073,True
val_eval,2025.05.06 17:00,2025,14.480519404335718,22.670000000000073,True
val_eval,2025.05.07 13:00,2025,15.063893030938688,11.2800000000002,True
val_eval,2025.05.07 13:00,2025,15.063893030938688,11.2800000000002,True
val_eval,2025.05.07 16:00,2025,15.65543463370296,7.220000000000255,True
val_eval,2025.05.08 13:00,2025,14.798232215541292,24.710000000000036,True
val_eval,2025.05.08 13:00,2025,14.532592324916232,24.710000000000036,True
val_eval,2025.05.08 16:00,2025,14.982294956443425,59.25,True
val_eval,2025.05.09 13:00,2025,15.032454319632501,12.609999999999673,True
val_eval,2025.05.09 14:00,2025,14.987555363124384,13.069999999999709,True
val_eval,2025.05.12 13:00,2025,14.31309537547814,24.15000000000009,True
val_eval,2025.05.13 14:00,2025,14.878660493781853,16.529999999999745,True
val_eval,2025.05.14 12:00,2025,14.742537761735909,60.73999999999978,True
val_eval,2025.05.14 14:00,2025,15.469877882038391,13.929999999999836,True
val_eval,2025.05.14 16:00,2025,15.250311161374626,9.110000000000127,True
val_eval,2025.05.16 12:00,2025,15.354310363929718,21.61999999999989,True
val_eval,2025.05.16 14:00,2025,15.48618522962766,11.239999999999782,True
val_eval,2025.05.16 17:00,2025,14.409037899090912,8.75,True
val_eval,2025.05.16 17:00,2025,14.785630323835917,8.75,True
val_eval,2025.05.19 14:00,2025,14.78373191320015,12.349999999999909,True
val_eval,2025.05.20 12:00,2025,14.671389457476437,26.230000000000018,True
val_eval,2025.05.20 16:00,2025,14.767951957031778,9.079999999999927,True
val_eval,2025.05.21 13:00,2025,15.196789017683173,20.26000000000022,True
val_eval,2025.05.21 15:00,2025,14.985738217716614,11.550000000000182,True
val_eval,2025.05.22 14:00,2025,14.721624842425896,24.789999999999964,True
val_eval,2025.05.22 14:00,2025,15.168186189479547,24.789999999999964,True
val_eval,2025.05.22 16:00,2025,14.354060573706988,15.66000000000031,True
val_eval,2025.05.23 12:00,2025,15.338758512112905,35.95000000000027,True
val_eval,2025.05.23 13:00,2025,15.251842685292607,17.100000000000364,True
val_eval,2025.05.23 16:00,2025,15.13426566826144,7.110000000000127,True
val_eval,2025.05.27 14:00,2025,15.865431994625837,10.849999999999909,True
val_eval,2025.05.27 16:00,2025,14.681355163366149,10.139999999999873,True
val_eval,2025.05.28 12:00,2025,14.506779768391349,15.800000000000182,True
val_eval,2025.05.28 16:00,2025,14.670021967780707,13.990000000000236,True
val_eval,2025.05.28 16:00,2025,14.670021967780707,13.990000000000236,True
val_eval,2025.05.29 12:00,2025,14.603925624014645,25.340000000000146,True
val_eval,2025.05.30 13:00,2025,15.06298663555287,22.259999999999764,True
val_eval,2025.05.30 16:00,2025,14.619895513212155,12.980000000000018,True
val_eval,2025.06.02 12:00,2025,14.393932862344455,26.699999999999818,True
val_eval,2025.06.04 14:00,2025,14.553901122394436,25.730000000000018,True
val_eval,2025.06.04 17:00,2025,14.41711458301961,10.420000000000073,True
val_eval,2025.06.05 14:00,2025,15.012874548430572,43.9699999999998,True
val_eval,2025.06.06 14:00,2025,15.019517222370446,36.59999999999991,True
val_eval,2025.06.10 14:00,2025,14.600278693622714,13.730000000000018,True
val_eval,2025.06.11 14:00,2025,14.511585498550472,9.179999999999836,True
val_eval,2025.06.12 16:00,2025,14.385038318439667,7.449999999999818,True
val_eval,2025.06.13 13:00,2025,15.326700946374567,24.5600000000004,True
val_eval,2025.06.13 13:00,2025,15.326700946374567,24.5600000000004,True
val_eval,2025.06.13 16:00,2025,16.094021752401133,8.509999999999764,True
val_eval,2025.06.16 14:00,2025,14.67396716450952,32.909999999999854,True
val_eval,2025.06.17 14:00,2025,14.760574621902862,20.610000000000127,True
val_eval,2025.06.19 13:00,2025,14.39561584979547,10.429999999999836,True
val_eval,2025.06.20 12:00,2025,15.02404912609803,18.390000000000327,True
val_eval,2025.06.20 15:00,2025,15.323763155955133,5.069999999999709,True
val_eval,2025.06.24 12:00,2025,14.674846511964043,30.01000000000022,True
val_eval,2025.06.24 14:00,2025,15.181788799411104,19.170000000000073,True
val_eval,2025.06.24 16:00,2025,14.745980601603776,16.61999999999989,True
val_eval,2025.06.25 14:00,2025,14.461679949122505,8.690000000000055,True
val_eval,2025.06.25 16:00,2025,14.646723894885868,11.86999999999989,True
val_eval,2025.06.26 16:00,2025,14.341132778509744,19.159999999999854,True
val_eval,2025.06.27 13:00,2025,14.92701593084175,25.40000000000009,True
val_eval,2025.06.27 16:00,2025,15.864890122839398,10.2800000000002,True
val_eval,2025.06.27 17:00,2025,14.370907798089492,8.190000000000055,True
val_eval,2025.06.30 14:00,2025,14.426441532675788,8.970000000000255,True
val_eval,2025.09.08 14:00,2025,14.4071423282057,21.98999999999978,True
val_eval,2025.09.09 15:00,2025,14.50296030583236,39.120000000000346,True
val_eval,2025.09.09 17:00,2025,14.875715436328422,5.650000000000091,True
val_eval,2025.09.10 13:00,2025,14.585274077173986,8.890000000000327,True
val_eval,2025.09.10 15:00,2025,14.896773589605694,12.830000000000382,True
val_eval,2025.09.10 15:00,2025,14.88753525649451,12.830000000000382,True
val_eval,2025.09.11 15:00,2025,14.480275693000996,11.680000000000291,True
val_eval,2025.09.11 15:00,2025,14.382718980717238,11.680000000000291,True
val_eval,2025.09.12 12:00,2025,14.760006226669319,12.699999999999818,True
val_eval,2025.09.12 13:00,2025,14.748647312070032,8.819999999999709,True
val_eval,2025.09.12 15:00,2025,15.202000649363661,8.349999999999909,True
val_eval,2025.09.12 17:00,2025,14.528713512065657,6.989999999999782,True
val_eval,2025.09.16 12:00,2025,14.699294994886216,7.940000000000055,True
val_eval,2025.09.16 14:00,2025,15.178370176834841,14.150000000000091,True
val_eval,2025.09.16 16:00,2025,15.273246628536429,7.460000000000036,True
val_eval,2025.09.16 17:00,2025,14.732188082483965,5.019999999999982,True
val_eval,2025.09.17 14:00,2025,14.621097199021051,8.409999999999854,True
val_eval,2025.09.23 12:00,2025,14.955331331228885,8.640000000000327,True
val_eval,2025.09.23 14:00,2025,15.864999298283777,16.5,True
val_eval,2025.09.23 16:00,2025,15.847609140494077,11.579999999999927,True
val_eval,2025.09.23 17:00,2025,14.960601008997209,23.25,True
val_eval,2025.09.24 14:00,2025,14.637656310666094,28.279999999999745,True
val_eval,2025.09.24 16:00,2025,15.106664156895631,20.679999999999836,True
val_eval,2025.09.25 16:00,2025,14.434409572333232,12.5300000000002,True
val_eval,2025.09.26 13:00,2025,15.027294801989022,35.16000000000031,True
val_eval,2025.09.26 13:00,2025,14.624582030570629,35.16000000000031,True
val_eval,2025.09.29 12:00,2025,15.27747546986434,13.509999999999764,True
val_eval,2025.09.29 13:00,2025,14.86528889496666,19.699999999999818,True
val_eval,2025.09.29 14:00,2025,15.607006522571673,19.08999999999969,True
val_eval,2025.09.29 16:00,2025,15.085327464588355,6.269999999999982,True
val_eval,2025.09.30 09:00,2025,14.785453167296668,50.55000000000018,True
val_eval,2025.09.30 12:00,2025,14.80794744296881,18.0300000000002,True
val_eval,2025.09.30 17:00,2025,15.150477872799286,10.38000000000011,True
val_eval,2025.10.01 11:00,2025,14.403882582991754,24.429999999999836,True
val_eval,2025.10.01 15:00,2025,16.25224236914878,16.5,True
val_eval,2025.10.01 17:00,2025,15.740414871245482,13.510000000000218,True
val_eval,2025.10.01 17:00,2025,15.740414871245482,13.510000000000218,True
val_eval,2025.10.02 16:00,2025,16.158434603929845,20.529999999999745,True
val_eval,2025.10.03 12:00,2025,14.744988491793867,24.639999999999873,True
val_eval,2025.10.03 13:00,2025,14.767519474709168,28.34999999999991,True
val_eval,2025.10.03 14:00,2025,15.166640391462744,17.5300000000002,True
val_eval,2025.10.03 16:00,2025,15.454716154726086,11.590000000000146,True
val_eval,2025.10.06 11:00,2025,14.391020922889359,15.75,True
val_eval,2025.10.06 13:00,2025,15.350798514634375,20.970000000000255,True
val_eval,2025.10.06 15:00,2025,15.86283668857092,25.670000000000073,True
val_eval,2025.10.07 12:00,2025,15.566815159039647,25.40000000000009,True
val_eval,2025.10.07 18:00,2025,15.156513957289732,11.08999999999969,True
val_eval,2025.10.07 18:00,2025,15.113035268939393,11.08999999999969,True
val_eval,2025.10.08 12:00,2025,15.356886033548475,12.329999999999927,True
val_eval,2025.10.08 13:00,2025,15.418534273392345,11.539999999999964,True
val_eval,2025.10.08 16:00,2025,16.17481193240859,11.110000000000127,True
val_eval,2025.10.08 16:00,2025,16.466268633651733,11.110000000000127,True
val_eval,2025.10.08 19:00,2025,14.432228132721471,18.83999999999969,True
val_eval,2025.10.09 14:00,2025,15.750952662443714,49.399999999999636,True
val_eval,2025.10.09 16:00,2025,16.025870981443237,79.5,True
val_eval,2025.10.09 17:00,2025,15.381716478185533,69.63000000000011,True
val_eval,2025.10.10 12:00,2025,15.175480444878199,18.4699999999998,True
val_eval,2025.10.10 16:00,2025,15.384260351237765,32.41000000000031,True
val_eval,2025.10.10 17:00,2025,15.07520156292368,22.730000000000018,True
val_eval,2025.10.13 13:00,2025,15.24359480864782,29.840000000000146,True
val_eval,2025.10.13 15:00,2025,15.812801409554503,22.93000000000029,True
val_eval,2025.10.14 08:00,2025,15.136435666276777,32.97999999999956,True
val_eval,2025.10.14 11:00,2025,14.918790277031844,23.829999999999927,True
val_eval,2025.10.14 12:00,2025,15.687144667386862,34.13999999999942,True
val_eval,2025.10.14 16:00,2025,16.941022825767053,26.19000000000051,True
val_eval,2025.10.14 19:00,2025,14.911090305807447,13.69000000000051,True
val_eval,2025.10.15 11:00,2025,14.648618653999156,15.850000000000364,True
val_eval,2025.10.15 12:00,2025,15.232401531607442,26.020000000000437,True
val_eval,2025.10.15 15:00,2025,16.0670576315767,19.720000000000255,True
val_eval,2025.10.15 17:00,2025,15.820827058655134,14.38000000000011,True
val_eval,2025.10.15 18:00,2025,14.8636629601351,16.31999999999971,True
val_eval,2025.10.16 12:00,2025,15.371407485010058,15.800000000000182,True
val_eval,2025.10.16 15:00,2025,16.16725600225707,46.0600000000004,True
val_eval,2025.10.17 17:00,2025,15.427309005796127,51.23000000000047,True
val_eval,2025.10.20 13:00,2025,14.702337281434,54.69000000000051,True
val_eval,2025.10.20 15:00,2025,15.832666678551432,55.17000000000007,True
val_eval,2025.10.20 17:00,2025,14.420829653752362,15.149999999999636,True
val_eval,2025.10.21 11:00,2025,14.405105570007732,58.13000000000011,True
val_eval,2025.10.21 14:00,2025,15.85694752503454,130.03999999999996,True
val_eval,2025.10.21 17:00,2025,15.3097396180111,45.1899999999996,True
val_eval,2025.10.22 14:00,2025,15.365018763302624,49.7800000000002,True
val_eval,2025.10.22 16:00,2025,15.76716075963144,55.84999999999991,True
val_eval,2025.10.22 17:00,2025,15.208297575169174,44.289999999999964,True
val_eval,2025.10.23 12:00,2025,14.905366162144619,42.26999999999953,True
val_eval,2025.10.23 13:00,2025,14.59236561561441,45.43000000000029,True
val_eval,2025.10.24 14:00,2025,15.663846795489034,52.929999999999836,True
val_eval,2025.10.27 14:00,2025,14.643862021633582,74.16000000000031,True
val_eval,2025.10.27 16:00,2025,14.371537003550065,20.90000000000009,True
val_eval,2025.10.28 12:00,2025,15.153077074955727,20.800000000000182,True
val_eval,2025.10.28 13:00,2025,15.22401447803766,30.2800000000002,True
val_eval,2025.10.28 15:00,2025,15.31466054459563,30.960000000000036,True
val_eval,2025.10.29 13:00,2025,15.35230109467859,14.099999999999909,True
val_eval,2025.10.29 14:00,2025,15.632439285100725,36.24000000000024,True
val_eval,2025.10.29 15:00,2025,14.56310244334287,23.019999999999982,True
val_eval,2025.10.29 16:00,2025,14.759658464636445,23.13000000000011,True
val_eval,2025.10.30 12:00,2025,14.487084850078745,24.38000000000011,True
val_eval,2025.10.30 16:00,2025,14.59031079308005,21.490000000000236,True
val_eval,2025.10.31 12:00,2025,14.641580683053538,28.90000000000009,True
val_eval,2025.10.31 13:00,2025,14.99110475567574,25.970000000000255,True
val_eval,2025.10.31 14:00,2025,15.290331848877306,13.559999999999945,True
val_eval,2025.10.31 15:00,2025,14.498396842487232,44.059999999999945,True
val_eval,2025.11.03 14:00,2025,14.529168394996525,17.539999999999964,True
val_eval,2025.11.04 13:00,2025,14.52974373456986,66.40999999999985,True
val_eval,2025.11.04 14:00,2025,14.616399932748315,55.40000000000009,True
val_eval,2025.11.05 13:00,2025,14.67387265620355,18.7800000000002,True
val_eval,2025.11.06 14:00,2025,14.783033416994547,29.730000000000018,True
val_eval,2025.11.07 14:00,2025,14.892997005109512,11.710000000000036,True
val_eval,2025.11.10 12:00,2025,14.588088433998072,24.889999999999873,True
val_eval,2025.11.10 12:00,2025,14.377392830928203,24.889999999999873,True
val_eval,2025.11.10 14:00,2025,15.016868286959076,22.809999999999945,True
val_eval,2025.11.10 16:00,2025,14.371325711742202,18.550000000000182,True
val_eval,2025.11.11 12:00,2025,15.269481268528802,8.800000000000182,True
val_eval,2025.11.11 14:00,2025,15.492396595157986,36.89000000000033,True
val_eval,2025.11.11 15:00,2025,15.096046069313962,45.31999999999971,True
val_eval,2025.11.11 16:00,2025,15.389935112421275,27.409999999999854,True
val_eval,2025.11.12 12:00,2025,14.591574883404268,11.970000000000255,True
val_eval,2025.11.12 13:00,2025,15.17880968515974,14.0,True
val_eval,2025.11.12 15:00,2025,14.835765695013917,70.75999999999931,True
val_eval,2025.11.12 16:00,2025,14.968690042188108,70.21000000000004,True
val_eval,2025.11.13 13:00,2025,15.472451121372421,45.73999999999978,True
val_eval,2025.11.13 14:00,2025,15.539953705705997,57.55999999999949,True
val_eval,2025.11.13 15:00,2025,15.772683394199923,47.340000000000146,True
val_eval,2025.11.13 17:00,2025,14.980335289451205,57.17000000000007,True
val_eval,2025.11.14 17:00,2025,14.442327961610891,17.699999999999818,True
val_eval,2025.11.17 13:00,2025,14.4080477494457,18.179999999999836,True
val_eval,2025.11.17 14:00,2025,14.68821117243622,16.949999999999818,True
val_eval,2025.11.17 16:00,2025,14.451260716826278,23.86999999999989,True
val_eval,2025.11.18 13:00,2025,15.223145833658448,42.879999999999654,True
val_eval,2025.11.18 15:00,2025,14.766359545510952,24.51000000000022,True
val_eval,2025.11.19 13:00,2025,15.284907860286637,16.039999999999964,True
val_eval,2025.11.19 14:00,2025,15.494654136957855,24.480000000000018,True
val_eval,2025.11.19 15:00,2025,14.772386522315495,41.19999999999982,True
val_eval,2025.11.19 16:00,2025,15.108256472307415,71.82000000000016,True
val_eval,2025.11.20 14:00,2025,14.77609568699365,25.460000000000036,True
val_eval,2025.11.21 14:00,2025,15.35274176167441,17.59999999999991,True
val_eval,2025.11.24 14:00,2025,14.413948419187546,13.269999999999982,True
val_eval,2025.11.25 13:00,2025,15.192812596477994,22.280000000000655,True
val_eval,2025.11.25 15:00,2025,14.417811983596977,36.159999999999854,True
val_eval,2025.11.25 16:00,2025,14.524286372896704,34.149999999999636,True
val_eval,2025.11.26 13:00,2025,14.801163967678162,31.76000000000022,True
val_eval,2025.11.26 15:00,2025,14.810520940641128,16.600000000000364,True
val_eval,2025.11.26 15:00,2025,14.810520940641128,16.600000000000364,True
val_eval,2025.11.27 14:00,2025,14.7471921978405,7.780000000000655,True
val_eval,2025.11.28 14:00,2025,15.738903509094422,32.19999999999982,True
val_eval,2025.11.28 16:00,2025,14.576797191713167,18.75,True
val_eval,2025.11.28 17:00,2025,14.360908740266469,23.039999999999964,True
val_eval,2025.12.01 13:00,2025,14.651592932717259,34.86999999999989,True
val_eval,2025.12.01 15:00,2025,14.55237880538042,27.670000000000073,True
val_eval,2025.12.01 16:00,2025,15.095859055811188,20.789999999999964,True
val_eval,2025.12.02 12:00,2025,15.01364753250805,29.390000000000327,True
val_eval,2025.12.02 17:00,2025,14.346592068016156,27.590000000000146,True
val_eval,2025.12.03 13:00,2025,15.239721810561543,32.94000000000051,True
val_eval,2025.12.03 17:00,2025,14.98523812107012,21.140000000000327,True
val_eval,2025.12.03 17:00,2025,14.98523812107012,21.140000000000327,True
val_eval,2025.12.04 12:00,2025,14.979450284619366,11.55999999999949,True
val_eval,2025.12.04 14:00,2025,14.975941524694719,22.93000000000029,True
val_eval,2025.12.04 16:00,2025,14.780210859711525,18.230000000000473,True
val_eval,2025.12.05 12:00,2025,15.343958589223005,16.11999999999989,True
val_eval,2025.12.05 13:00,2025,15.142375024247784,21.710000000000036,True
val_eval,2025.12.05 14:00,2025,15.2463552808801,30.26000000000022,True
val_eval,2025.12.05 16:00,2025,15.011934299011294,43.51000000000022,True
val_eval,2025.12.08 14:00,2025,14.488015379574867,37.279999999999745,True
val_eval,2025.12.09 12:00,2025,14.924490961487914,8.220000000000255,True
val_eval,2025.12.10 13:00,2025,14.801056616302866,9.449999999999818,True
val_eval,2025.12.11 12:00,2025,14.650026137552125,11.579999999999927,True
val_eval,2025.12.11 13:00,2025,14.7628292148791,33.02000000000044,True
val_eval,2025.12.11 16:00,2025,14.393851625923324,50.159999999999854,True
val_eval,2025.12.12 14:00,2025,16.2589418906877,37.849999999999454,True
val_eval,2025.12.12 16:00,2025,15.61881919475099,92.11999999999989,True
val_eval,2025.12.12 17:00,2025,15.469854265180446,31.00999999999931,True
val_eval,2025.12.15 09:00,2025,14.442624998947535,11.039999999999964,True
val_eval,2025.12.15 12:00,2025,15.471187480174988,8.920000000000073,True
val_eval,2025.12.15 14:00,2025,15.408169905178552,33.970000000000255,True
val_eval,2025.12.15 15:00,2025,16.047345040702936,45.73000000000047,True
val_eval,2025.12.16 14:00,2025,15.36693279061875,40.57999999999993,True
val_eval,2025.12.16 18:00,2025,14.631462389855242,14.450000000000728,True
val_eval,2025.12.17 11:00,2025,14.356535647536283,10.319999999999709,True
val_eval,2025.12.17 12:00,2025,15.152923919106918,25.449999999999818,True
val_eval,2025.12.17 13:00,2025,15.179004737843568,29.609999999999673,True
val_eval,2025.12.17 15:00,2025,15.887753924665853,22.079999999999927,True
val_eval,2025.12.17 18:00,2025,14.360418263021488,11.960000000000036,True
val_eval,2025.12.18 12:00,2025,14.83597281249186,17.579999999999927,True
val_eval,2025.12.18 14:00,2025,15.07128803249885,22.210000000000036,True
val_eval,2025.12.18 16:00,2025,14.966552456836533,47.150000000000546,True
val_eval,2025.12.18 17:00,2025,14.661091336302798,38.07999999999993,True
val_eval,2025.12.19 12:00,2025,14.782661404499393,7.75,True
val_eval,2025.12.19 13:00,2025,14.96944414781065,10.659999999999854,True
val_eval,2025.12.19 15:00,2025,14.772463699388668,26.600000000000364,True
val_eval,2025.12.19 17:00,2025,14.313707741246304,11.150000000000546,True
val_eval,2025.12.22 13:00,2025,15.367810823341017,18.909999999999854,True
val_eval,2025.12.22 13:00,2025,15.30345357971949,18.909999999999854,True
val_eval,2025.12.23 05:00,2025,14.594111413405805,17.390000000000327,True
val_eval,2025.12.23 09:00,2025,14.924057007726885,8.480000000000473,True
val_eval,2025.12.23 11:00,2025,15.177544564056852,13.789999999999964,True
val_eval,2025.12.23 12:00,2025,15.692622916474091,13.1899999999996,True
val_eval,2025.12.23 16:00,2025,16.49108500728582,29.0600000000004,True
val_eval,2025.12.23 18:00,2025,14.697366342774613,22.670000000000073,True
val_eval,2025.12.24 08:00,2025,14.323049972948683,15.329999999999927,True
val_eval,2025.12.24 13:00,2025,15.48512506143814,29.19000000000051,True
val_eval,2025.12.24 15:00,2025,16.197195656327022,39.63000000000011,True
val_eval,2025.12.24 18:00,2025,14.934435770159803,26.590000000000146,True
val_eval,2025.12.26 13:00,2025,15.639341786901026,24.649999999999636,True
val_eval,2025.12.26 14:00,2025,15.854550661105245,39.350000000000364,True
val_eval,2025.12.26 16:00,2025,16.036993686896647,27.649999999999636,True
val_eval,2025.12.29 14:00,2025,15.114645804474103,161.10999999999967,True
val_eval,2025.12.29 16:00,2025,15.367194586054465,57.63000000000011,True
val_eval,2025.12.30 13:00,2025,15.25114175715664,28.30999999999949,True
val_eval,2025.12.30 16:00,2025,15.76998353288707,14.659999999999854,True
val_eval,2025.12.30 17:00,2025,14.827878935049824,14.55999999999949,True
val_eval,2025.12.31 13:00,2025,15.15278589493555,42.3700000000008,True
val_eval,2025.12.31 15:00,2025,14.995857285573521,30.079999999999927,True
low_n_disclosure,2026.01.02 14:00,2026,15.479234893649464,64.02000000000044,True
low_n_disclosure,2026.01.12 12:00,2026,15.763949682154296,26.109999999999673,True
low_n_disclosure,2026.01.12 15:00,2026,15.797133252052545,30.949999999999818,True
low_n_disclosure,2026.01.12 16:00,2026,15.974721736975122,28.220000000000255,True
low_n_disclosure,2026.01.13 13:00,2026,15.631187442786038,45.82000000000062,True
low_n_disclosure,2026.01.13 15:00,2026,15.755731740955754,26.57000000000062,True
low_n_disclosure,2026.01.13 17:00,2026,15.867829523118552,38.600000000000364,True
low_n_disclosure,2026.01.14 14:00,2026,15.608891037000516,36.44000000000051,True
low_n_disclosure,2026.01.14 16:00,2026,16.416309760000708,18.480000000000473,True
low_n_disclosure,2026.01.20 12:00,2026,15.686819518577344,11.289999999999964,True
low_n_disclosure,2026.01.20 14:00,2026,16.02503622384863,23.079999999999927,True
low_n_disclosure,2026.01.20 14:00,2026,16.119295282094498,23.079999999999927,True
low_n_disclosure,2026.01.20 16:00,2026,15.984892873335125,25.899999999999636,True
low_n_disclosure,2026.01.20 17:00,2026,15.928959591921208,30.399999999999636,True
low_n_disclosure,2026.01.21 12:00,2026,15.523326441849946,18.210000000000036,True
low_n_disclosure,2026.01.21 14:00,2026,15.848348979908907,51.61999999999989,True
low_n_disclosure,2026.01.21 14:00,2026,15.923088004560078,51.61999999999989,True
low_n_disclosure,2026.01.21 17:00,2026,15.870494535109932,49.18000000000029,True
low_n_disclosure,2026.01.22 14:00,2026,15.489812033677957,54.289999999999964,True
low_n_disclosure,2026.01.22 16:00,2026,15.73066053957487,68.01000000000022,True
low_n_disclosure,2026.01.23 12:00,2026,15.655041376900817,18.050000000000182,True
low_n_disclosure,2026.01.23 13:00,2026,15.735924320196036,33.4399999999996,True
low_n_disclosure,2026.01.23 14:00,2026,15.830075636825777,23.769999999999527,True
low_n_disclosure,2026.01.26 12:00,2026,16.009632075800752,37.05000000000018,True
low_n_disclosure,2026.01.26 12:00,2026,16.009632075800752,37.05000000000018,True
low_n_disclosure,2026.01.26 15:00,2026,16.057415156128336,35.01000000000022,True
low_n_disclosure,2026.01.26 16:00,2026,15.955588923428705,30.98999999999978,True
low_n_disclosure,2026.01.27 13:00,2026,15.86587221949044,29.520000000000437,True
low_n_disclosure,2026.01.27 14:00,2026,16.177561218400218,37.68000000000029,True
low_n_disclosure,2026.01.27 16:00,2026,16.425033250627376,49.19999999999982,True
low_n_disclosure,2026.01.27 17:00,2026,15.907958538458532,17.960000000000036,True
low_n_disclosure,2026.01.28 14:00,2026,15.952019270208352,40.710000000000036,True
low_n_disclosure,2026.01.28 16:00,2026,15.969415407598056,45.840000000000146,True
low_n_disclosure,2026.01.29 14:00,2026,15.82111789583747,438.66000000000076,True
low_n_disclosure,2026.01.29 15:00,2026,15.696099536258872,410.60000000000036,True
low_n_disclosure,2026.01.30 15:00,2026,15.826961080146189,95.14000000000033,True
low_n_disclosure,2026.01.30 16:00,2026,15.559071019122342,229.10999999999967,True
low_n_disclosure,2026.02.24 13:00,2026,15.5539437310414,72.11000000000058,True
low_n_disclosure,2026.02.24 13:00,2026,15.555616587940307,72.11000000000058,True
low_n_disclosure,2026.03.02 14:00,2026,15.600359448524017,90.00999999999931,True
low_n_disclosure,2026.03.02 16:00,2026,16.137341376049577,69.60000000000036,True
low_n_disclosure,2026.03.06 14:00,2026,15.560491598855409,88.88999999999942,True
low_n_disclosure,2026.03.18 16:00,2026,16.016815472003813,32.780000000000655,True
low_n_disclosure,2026.03.19 16:00,2026,16.11158670436598,39.79000000000087,True
low_n_disclosure,2026.03.20 14:00,2026,16.06880160943378,137.85000000000036,True
low_n_disclosure,2026.03.20 15:00,2026,16.151138371987617,111.73000000000047,True
low_n_disclosure,2026.03.23 12:00,2026,16.038756596085843,222.90000000000055,True
low_n_disclosure,2026.03.24 14:00,2026,15.767211554073418,53.18000000000029,True
low_n_disclosure,2026.03.24 16:00,2026,16.493403862757557,39.61000000000058,True
low_n_disclosure,2026.03.25 14:00,2026,15.476430236557126,33.42000000000007,True
low_n_disclosure,2026.03.25 15:00,2026,15.887753924665853,35.02000000000044,True
low_n_disclosure,2026.04.01 14:00,2026,15.602517787301968,56.69999999999982,True
low_n_disclosure,2026.04.24 14:00,2026,15.522995972181269,45.470000000000255,True
low_n_disclosure,2026.04.28 15:00,2026,16.32181985834735,22.840000000000146,True
low_n_disclosure,2026.04.28 17:00,2026,15.60997878345659,17.710000000000036,True
low_n_disclosure,2026.04.29 16:00,2026,16.295562584503642,29.280000000000655,True
low_n_disclosure,2026.05.15 14:00,2026,15.540808421347217,39.81999999999971,True
low_n_disclosure,2026.05.19 16:00,2026,15.666314489078113,20.389999999999418,True
low_n_disclosure,2026.05.27 16:00,2026,15.721747946262317,20.520000000000437,True
