stop_policy_id;entry_id;mask_id;exit_id;split;spread;n_trades;gross_profit;gross_loss;pf;mean_pnl_r;median_pnl_r;max_drawdown_r;win_rate;ambiguous_same_bar_rate;exit_reason_counts;risk_distance_atr;tp_distance_atr;bs_p05;negative_years;pf_without_best_year;effective_profit_years;n_years
S0_current_0_5;E1_simple_limit_at_fractal0;M0_no_mask;X0_fixed_r_0_7;val_select;0.2;2639;1360.0999999999963;696.0;1.9541666666666613;0.25164835164835025;0.6999999999999877;8.10000000000025;0.7362637362637363;0.011746873815839333;{'TP': 1943, 'SL': 696};0.5;0.35;1.8234617355877063;0;1.632615384615373;2.1423559821699594;3
S0_current_0_5;E1_simple_limit_at_fractal0;M0_no_mask;X0_fixed_r_0_7;val_eval;0.2;2690;1367.1000000000013;737.0;1.8549525101763924;0.2342379182156139;0.6999999999999829;12.900000000000546;0.7260223048327138;0.00929368029739777;{'TP': 1953, 'SL': 737};0.5;0.35;1.7141025641025665;0;1.8045325779036925;1.9907674995524423;2
S0_current_0_5;E1_simple_limit_at_fractal0;M0_no_mask;X1_ml_opposite_strong_p0_55;val_select;0.2;2639;2474.224287007295;1486.3496270287949;1.6646314178133557;0.3743367411816976;-1.0;42.06713328065507;0.3421750663129973;0.0;{'SL': 1367, 'ML_CLOSE': 991, 'TIME': 281};0.5;;1.4885238264737337;0;1.6014519098305258;2.1990857581159355;3
S0_current_0_5;E1_simple_limit_at_fractal0;M0_no_mask;X1_ml_opposite_strong_p0_55;val_eval;0.2;2690;2574.6482372475084;1539.4970638680288;1.6723956788710164;0.3848145625946019;-1.0;55.328993447016785;0.31784386617100374;0.0;{'SL': 1367, 'ML_CLOSE': 1047, 'TIME': 276};0.5;;1.4770079746860636;0;1.3330255056305558;1.9169882529757634;2
S0_current_0_5;E1_simple_limit_at_fractal0;M0_no_mask;X1_ml_opposite_strong_p0_65;val_select;0.2;2639;2131.172084561852;1941.8549450544278;1.0974929358084045;0.07173821125707618;-1.0;111.9441301764048;0.20045471769609702;0.0;{'SL': 1853, 'ML_CLOSE': 501, 'TIME': 285};0.5;;0.9747807076839043;1;1.0501150808474966;2.203769751439197;3
S0_current_0_5;E1_simple_limit_at_fractal0;M0_no_mask;X1_ml_opposite_strong_p0_65;val_eval;0.2;2690;2230.8101102085584;2010.2935564700736;1.1096937076820241;0.0819764140291766;-1.0;164.8081768914011;0.1758364312267658;0.0;{'SL': 1878, 'ML_CLOSE': 532, 'TIME': 280};0.5;;0.955587775093759;1;0.8821599478779806;1.9107809768684967;2
S0_current_0_5;E1_simple_limit_at_fractal0;M0_no_mask;X1_ml_opposite_strong_p0_75;val_select;0.2;2639;1984.2657385835462;2294.9437928073853;0.8646249833231038;-0.11772567420380427;-1.0;410.5698539277097;0.11481621826449413;0.0;{'SL': 2270, 'TIME': 286, 'ML_CLOSE': 83};0.5;;0.7566811123408843;2;0.8238867993128386;2.226865737057163;3
S0_current_0_5;E1_simple_limit_at_fractal0;M0_no_mask;X1_ml_opposite_strong_p0_75;val_eval;0.2;2690;2129.444973552323;2343.697157106898;0.9085836739167054;-0.07964765187902406;-1.0;386.25114783439125;0.1100371747211896;0.0;{'SL': 2297, 'TIME': 282, 'ML_CLOSE': 111};0.5;;0.783924767889037;1;0.7346961343495829;1.905552565780825;2
S0_current_0_5;E1_simple_limit_at_fractal0;M0_no_mask;X2_ml_opposite_any_p0_50;val_select;0.2;2639;2108.218757626719;1297.9880792499998;1.6242204310881534;0.30702185614881355;-0.3896103896103758;25.587477572203113;0.3796892762410004;0.0;{'ML_CLOSE': 1326, 'SL': 1136, 'TIME': 177};0.5;;1.450812024782958;0;1.5629426003104017;2.3079567483208248;3
S0_current_0_5;E1_simple_limit_at_fractal0;M0_no_mask;X2_ml_opposite_any_p0_50;val_eval;0.2;2690;1966.657490815921;1332.2395445126836;1.4762041097761436;0.23584310271495815;-0.40904977375563617;43.74723657952275;0.35055762081784386;0.0;{'ML_CLOSE': 1430, 'SL': 1112, 'TIME': 148};0.5;;1.2991707085231559;0;1.4000084604260323;1.9870830673532853;2
S0_current_0_5;E1_simple_limit_at_fractal0;M0_no_mask;X2_ml_opposite_any_p0_55;val_select;0.2;2639;2315.139728616165;1305.3187369919233;1.7736202377293309;0.38265289565147464;-0.41111111111106713;19.725143319522772;0.3823417961348996;0.0;{'ML_CLOSE': 1278, 'SL': 1148, 'TIME': 213};0.5;;1.5792882900389287;0;1.7198046844994797;2.244005926857756;3
S0_current_0_5;E1_simple_limit_at_fractal0;M0_no_mask;X2_ml_opposite_any_p0_55;val_eval;0.2;2690;2225.8268815449114;1337.6511406131538;1.6639815972680552;0.33017685536496566;-0.4144155844156091;43.129123917120246;0.3553903345724907;0.0;{'ML_CLOSE': 1374, 'SL': 1120, 'TIME': 196};0.5;;1.4891454794551187;0;1.4619818586971127;1.9576843620488082;2
S0_current_0_5;E1_simple_limit_at_fractal0;M0_no_mask;X2_ml_opposite_any_p0_60;val_select;0.2;2639;2360.7513753586313;1328.6200273286272;1.776844640905531;0.3911069905380842;-0.4701298701298393;25.79688072662293;0.3834785903751421;0.0;{'ML_CLOSE': 1224, 'SL': 1178, 'TIME': 237};0.5;;1.5926676042065766;0;1.7101777942392948;2.252864507731044;3
S0_current_0_5;E1_simple_limit_at_fractal0;M0_no_mask;X2_ml_opposite_any_p0_60;val_eval;0.2;2690;2433.700561726483;1356.8386745276218;1.7936550655690637;0.4003204041631455;-0.4373546511627764;37.554116494770824;0.35724907063197026;0.0;{'ML_CLOSE': 1305, 'SL': 1149, 'TIME': 236};0.5;;1.5837138488623603;0;1.5499954366792885;1.954398194359005;2
S0_current_0_5;E1_simple_limit_at_fractal0;M0_no_mask;X3_ml_hold_close_p0_50;val_select;0.2;2639;2386.948300673002;1914.3119355542144;1.2468962118140658;0.179096765865399;-1.0;87.03624885256292;0.23114816218264495;0.0;{'SL': 1859, 'ML_CLOSE': 497, 'TIME': 283};0.5;;1.128527413579984;0;1.197957645099158;2.2262128376641606;3
S0_current_0_5;E1_simple_limit_at_fractal0;M0_no_mask;X3_ml_hold_close_p0_50;val_eval;0.2;2690;2514.8134988450392;1992.6828253917415;1.262023974312446;0.19410062210159762;-1.0;109.2175201391832;0.20817843866171004;0.0;{'SL': 1912, 'ML_CLOSE': 501, 'TIME': 277};0.5;;1.1187482339829558;0;1.0428552712118522;1.9278449001458415;2
S0_current_0_5;E1_simple_limit_at_fractal0;M0_no_mask;X3_ml_hold_close_p0_60;val_select;0.2;2639;2022.4338330809655;2321.5196518274006;0.8711680865974977;-0.1133330120297215;-1.0;394.00063004995974;0.11633194391815081;0.0;{'SL': 2318, 'TIME': 285, 'ML_CLOSE': 36};0.5;;0.772985453396917;2;0.831610403427472;2.2143164820403216;3
S0_current_0_5;E1_simple_limit_at_fractal0;M0_no_mask;X3_ml_hold_close_p0_60;val_eval;0.2;2690;2153.0241930171633;2381.428887790563;0.9040892230944135;-0.08490880846594791;-1.0;404.71164455382564;0.11152416356877323;0.0;{'SL': 2376, 'TIME': 282, 'ML_CLOSE': 32};0.5;;0.8061470978675728;1;0.7341173033559395;1.90709678267724;2
S0_current_0_5;E1_simple_limit_at_fractal0;M0_no_mask;X3_ml_hold_close_p0_70;val_select;0.2;2639;1974.0964072414458;2353.898732888733;0.8386496749666078;-0.14391903207551618;-1.0;464.0300170650478;0.10685865858279651;0.0;{'SL': 2353, 'TIME': 286};0.5;;0.7385039892405224;2;0.7999524403045298;2.224491491807731;3
S0_current_0_5;E1_simple_limit_at_fractal0;M0_no_mask;X3_ml_hold_close_p0_70;val_eval;0.2;2690;2123.77765655908;2407.597142857143;0.8821150427345794;-0.10550910271303465;-1.0;438.827716784427;0.10446096654275093;0.0;{'SL': 2407, 'TIME': 282, 'ML_CLOSE': 1};0.5;;0.7670676829626645;1;0.711868327123351;1.904320103139091;2
S0_current_0_5;E1_simple_limit_at_fractal0;M0_no_mask;X7_time_6;val_select;0.2;2639;1501.8729175697576;2029.1395297749839;0.7401526092867078;-0.19979788260902842;-1.0;535.4838901960524;0.22053808260704813;0.0;{'SL': 2019, 'TIME': 620};0.5;;0.6683922115628542;3;0.7225905017125944;2.2693775755895267;3
S0_current_0_5;E1_simple_limit_at_fractal0;M0_no_mask;X7_time_6;val_eval;0.2;2690;1540.3033127455808;2149.7668316484264;0.7164978499386777;-0.2265663639044035;-1.0;616.9016671380659;0.19219330855018588;0.0;{'SL': 2135, 'TIME': 555};0.5;;0.6564759172661673;2;0.6571322053958543;1.9676942331528129;2
S0_current_0_5;E1_simple_limit_at_fractal0;M0_no_mask;X7_time_12;val_select;0.2;2639;1741.5297917317969;2205.6159228371275;0.7895888734298003;-0.17585681360565764;-1.0;516.1866219787765;0.16066691928760896;0.0;{'SL': 2202, 'TIME': 437};0.5;;0.7139956298611142;2;0.7580340455980836;2.308174306420422;3
S0_current_0_5;E1_simple_limit_at_fractal0;M0_no_mask;X7_time_12;val_eval;0.2;2690;1820.3537079783196;2299.6959528155685;0.7915627740917752;-0.1781941430621745;-1.0;488.7494920443621;0.14312267657992564;0.0;{'SL': 2296, 'TIME': 394};0.5;;0.7221625470914831;2;0.7346548224966005;1.9749288101362987;2
S0_current_0_5;E1_simple_limit_at_fractal0;M1_frozen_movement_top5;X0_fixed_r_0_7;val_select;0.2;137;66.49999999999942;42.0;1.5833333333333195;0.17883211678831681;0.6999999999999834;12.100000000000113;0.6934306569343066;0.0072992700729927005;{'TP': 95, 'SL': 42};0.5;0.35;1.1442307692307643;1;0.8076923076922935;1.7811328202091896;3
S0_current_0_5;E1_simple_limit_at_fractal0;M1_frozen_movement_top5;X0_fixed_r_0_7;val_eval;0.2;11;6.3000000000001135;2.0;3.1500000000000568;0.39090909090910125;0.7;2.0;0.8181818181818182;0.09090909090909091;{'TP': 9, 'SL': 2};0.5;0.35;1.2250000000000019;0;3.1500000000000568;1.0;1
S0_current_0_5;E1_simple_limit_at_fractal0;M1_frozen_movement_top5;X1_ml_opposite_strong_p0_55;val_select;0.2;137;94.28286449392672;82.4941751793732;1.142903293340657;0.08604882711352928;-1.0;21.558196472370568;0.291970802919708;0.0;{'SL': 78, 'ML_CLOSE': 45, 'TIME': 14};0.5;;0.6210539470097444;1;0.9927602416679315;1.870293370155793;3
S0_current_0_5;E1_simple_limit_at_fractal0;M1_frozen_movement_top5;X1_ml_opposite_strong_p0_55;val_eval;0.2;11;5.982170542635505;6.327444444444462;0.9454323297753946;-0.03138853652808704;-0.5950000000000273;5.111940568475466;0.2727272727272727;0.0;{'SL': 5, 'ML_CLOSE': 5, 'TIME': 1};0.5;;0.006675098369874762;1;0.9454323297753946;1.0;1
S0_current_0_5;E1_simple_limit_at_fractal0;M1_frozen_movement_top5;X1_ml_opposite_strong_p0_65;val_select;0.2;137;82.06285291891555;111.52367085648277;0.7358334987423463;-0.21504246669757107;-1.0;35.37039164864285;0.13138686131386862;0.0;{'SL': 107, 'ML_CLOSE': 16, 'TIME': 14};0.5;;0.4125157045495868;3;0.630980694908594;1.821616034508337;3
S0_current_0_5;E1_simple_limit_at_fractal0;M1_frozen_movement_top5;X1_ml_opposite_strong_p0_65;val_eval;0.2;11;4.7666666666665085;9.595000000000027;0.496786520757321;-0.4389393939394108;-1.0;9.595000000000027;0.09090909090909091;0.0;{'SL': 9, 'TIME': 1, 'ML_CLOSE': 1};0.5;;0.0;1;0.496786520757321;1.0;1
S0_current_0_5;E1_simple_limit_at_fractal0;M1_frozen_movement_top5;X1_ml_opposite_strong_p0_75;val_select;0.2;137;81.67146575535449;122.41875;0.6671483392483136;-0.29742543244266806;-1.0;40.139876837238006;0.10218978102189781;0.0;{'SL': 122, 'TIME': 14, 'ML_CLOSE': 1};0.5;;0.3540915829305385;3;0.5596539783666394;1.819724675625595;3
S0_current_0_5;E1_simple_limit_at_fractal0;M1_frozen_movement_top5;X1_ml_opposite_strong_p0_75;val_eval;0.2;11;4.7666666666665085;9.595000000000027;0.496786520757321;-0.4389393939394108;-1.0;9.595000000000027;0.09090909090909091;0.0;{'SL': 9, 'TIME': 1, 'ML_CLOSE': 1};0.5;;0.0;1;0.496786520757321;1.0;1
S0_current_0_5;E1_simple_limit_at_fractal0;M1_frozen_movement_top5;X2_ml_opposite_any_p0_50;val_select;0.2;137;67.67833768302394;72.25729107777254;0.9366298773943775;-0.033423017479916724;-0.6097560975609891;21.148242083286956;0.29927007299270075;0.0;{'SL': 66, 'ML_CLOSE': 64, 'TIME': 7};0.5;;0.5278480430251133;1;0.679793476388827;1.8180422646643954;3
S0_current_0_5;E1_simple_limit_at_fractal0;M1_frozen_movement_top5;X2_ml_opposite_any_p0_50;val_eval;0.2;11;5.3498914728681255;4.978574879227035;1.0745829082917682;0.03375605396737182;-0.24444444444442423;4.395350073025418;0.36363636363636365;0.0;{'ML_CLOSE': 6, 'SL': 4, 'TIME': 1};0.5;;0.011239778383790483;0;1.0745829082917682;1.0;1
S0_current_0_5;E1_simple_limit_at_fractal0;M1_frozen_movement_top5;X2_ml_opposite_any_p0_55;val_select;0.2;137;96.41798952437117;73.02743085811763;1.3202982549351656;0.17073400486316442;-0.6747663551402222;18.715206644149845;0.30656934306569344;0.0;{'SL': 67, 'ML_CLOSE': 59, 'TIME': 11};0.5;;0.8195277704689266;0;1.0908162583352286;1.8898147042295994;3
S0_current_0_5;E1_simple_limit_at_fractal0;M1_frozen_movement_top5;X2_ml_opposite_any_p0_55;val_eval;0.2;11;5.3498914728681255;4.978574879227035;1.0745829082917682;0.03375605396737182;-0.24444444444442423;4.395350073025418;0.36363636363636365;0.0;{'ML_CLOSE': 6, 'SL': 4, 'TIME': 1};0.5;;0.0230233546879838;0;1.0745829082917682;1.0;1
S0_current_0_5;E1_simple_limit_at_fractal0;M1_frozen_movement_top5;X2_ml_opposite_any_p0_60;val_select;0.2;137;93.23214122173117;75.16425133076422;1.2403787647861781;0.13188240796326245;-1.0;18.431374534230734;0.29927007299270075;0.0;{'SL': 69, 'ML_CLOSE': 56, 'TIME': 12};0.5;;0.7250473608571607;1;1.0215934436999619;1.857019490792328;3
S0_current_0_5;E1_simple_limit_at_fractal0;M1_frozen_movement_top5;X2_ml_opposite_any_p0_60;val_eval;0.2;11;6.06617054263552;4.978574879227035;1.2184552185699662;0.098872333037135;-0.24444444444442423;3.6790710032580236;0.36363636363636365;0.0;{'ML_CLOSE': 6, 'SL': 4, 'TIME': 1};0.5;;0.03936224216429311;0;1.2184552185699662;1.0;1
S0_current_0_5;E1_simple_limit_at_fractal0;M1_frozen_movement_top5;X3_ml_hold_close_p0_50;val_select;0.2;137;85.20686948206246;114.7441531125567;0.7425813618449033;-0.21560061044156398;-1.0;36.874817610062905;0.13138686131386862;0.0;{'SL': 113, 'TIME': 14, 'ML_CLOSE': 10};0.5;;0.3961074070938862;3;0.6251218475813526;1.8097815675373765;3
S0_current_0_5;E1_simple_limit_at_fractal0;M1_frozen_movement_top5;X3_ml_hold_close_p0_50;val_eval;0.2;11;4.7666666666665085;9.595000000000027;0.496786520757321;-0.4389393939394108;-1.0;9.595000000000027;0.09090909090909091;0.0;{'SL': 9, 'TIME': 1, 'ML_CLOSE': 1};0.5;;0.0;1;0.496786520757321;1.0;1
S0_current_0_5;E1_simple_limit_at_fractal0;M1_frozen_movement_top5;X3_ml_hold_close_p0_60;val_select;0.2;137;81.67146575535449;123.0;0.6639956565475975;-0.30166813317259505;-1.0;40.721126837238;0.10218978102189781;0.0;{'SL': 123, 'TIME': 14};0.5;;0.33098808373530486;3;0.5596539783666394;1.819724675625595;3
S0_current_0_5;E1_simple_limit_at_fractal0;M1_frozen_movement_top5;X3_ml_hold_close_p0_60;val_eval;0.2;11;4.7666666666665085;10.0;0.47666666666665086;-0.47575757575759015;-1.0;10.0;0.09090909090909091;0.0;{'SL': 10, 'TIME': 1};0.5;;0.0;1;0.47666666666665086;1.0;1
S0_current_0_5;E1_simple_limit_at_fractal0;M1_frozen_movement_top5;X3_ml_hold_close_p0_70;val_select;0.2;137;81.67146575535449;123.0;0.6639956565475975;-0.30166813317259505;-1.0;40.721126837238;0.10218978102189781;0.0;{'SL': 123, 'TIME': 14};0.5;;0.3283712954082748;3;0.5596539783666394;1.819724675625595;3
S0_current_0_5;E1_simple_limit_at_fractal0;M1_frozen_movement_top5;X3_ml_hold_close_p0_70;val_eval;0.2;11;4.7666666666665085;10.0;0.47666666666665086;-0.47575757575759015;-1.0;10.0;0.09090909090909091;0.0;{'SL': 10, 'TIME': 1};0.5;;0.0;1;0.47666666666665086;1.0;1
S0_current_0_5;E1_simple_limit_at_fractal0;M1_frozen_movement_top5;X7_time_6;val_select;0.2;137;72.04392794516582;113.0;0.637556884470494;-0.2989494310571838;-1.0;45.80314493416511;0.17518248175182483;0.0;{'SL': 113, 'TIME': 24};0.5;;0.36744878980726353;2;0.4196251106234145;1.7125033543158048;3
S0_current_0_5;E1_simple_limit_at_fractal0;M1_frozen_movement_top5;X7_time_6;val_eval;0.2;11;6.1098837209300445;9.0;0.6788759689922271;-0.2627378435518142;-1.0;6.86511627906979;0.18181818181818182;0.0;{'SL': 9, 'TIME': 2};0.5;;0.0;1;0.6788759689922271;1.0;1
S0_current_0_5;E1_simple_limit_at_fractal0;M1_frozen_movement_top5;X7_time_12;val_select;0.2;137;80.20710677884244;117.83464473168823;0.6806750846618631;-0.27465356169960425;-1.0;39.26827869358644;0.12408759124087591;0.0;{'SL': 117, 'TIME': 20};0.5;;0.3805083093327839;3;0.40815623621660696;1.6113426631656231;3
S0_current_0_5;E1_simple_limit_at_fractal0;M1_frozen_movement_top5;X7_time_12;val_eval;0.2;11;3.3249999999998816;10.0;0.33249999999998814;-0.6068181818181926;-1.0;10.0;0.09090909090909091;0.0;{'SL': 10, 'TIME': 1};0.5;;0.0;1;0.33249999999998814;1.0;1
S0_current_0_5;E2_open_pullback_0_5atr;M0_no_mask;X0_fixed_r_0_7;val_select;0.2;3266;1478.0235004876504;1123.4607924357038;1.3155986487817184;0.10856175996691572;0.6999999999999855;22.07215916414956;0.6497244335578689;0.005511328842620943;{'TP': 2108, 'SL': 1114, 'TIME': 44};0.7450806451612838;0.5215564516128987;1.2369623368887337;0;1.1813392746569396;2.16196018777692;3
S0_current_0_5;E2_open_pullback_0_5atr;M0_no_mask;X0_fixed_r_0_7;val_eval;0.2;3311;1481.7080250507179;1162.3940482066732;1.274703726620657;0.09644034335368304;0.6999999999999829;16.59999999999991;0.6424041075203866;0.006040471156750227;{'TP': 2113, 'SL': 1152, 'TIME': 46};0.7309090909090876;0.5116363636363613;1.192987403429456;0;1.2064964623152235;1.997460261491406;2
S0_current_0_5;E2_open_pullback_0_5atr;M0_no_mask;X1_ml_opposite_strong_p0_55;val_select;0.2;3266;2439.7833150128336;1348.1897412384114;1.8096735499349765;0.3342295081979247;-0.21584313725493226;43.237460726189745;0.40416411512553585;0.0;{'ML_CLOSE': 1552, 'SL': 1067, 'TIME': 647};0.7450806451612838;;1.6488173653027518;0;1.753585760851423;2.1172917399572393;3
S0_current_0_5;E2_open_pullback_0_5atr;M0_no_mask;X1_ml_opposite_strong_p0_55;val_eval;0.2;3311;2506.141827122401;1419.843312939195;1.7650833752454538;0.3280877421272142;-0.25661914460281077;26.04132192056244;0.3793415886439142;0.0;{'ML_CLOSE': 1611, 'SL': 1077, 'TIME': 623};0.7309090909090876;;1.5958241626002168;0;1.5650164790985996;1.9622354711276802;2
S0_current_0_5;E2_open_pullback_0_5atr;M0_no_mask;X1_ml_opposite_strong_p0_65;val_select;0.2;3266;2157.6042867204587;1973.844073156834;1.0930976342369998;0.056264609174410514;-1.0;149.35507370168523;0.2581139007960808;0.0;{'SL': 1721, 'ML_CLOSE': 862, 'TIME': 683};0.7450806451612838;;1.0011402956053217;1;1.055047526180763;2.121019839329639;3
S0_current_0_5;E2_open_pullback_0_5atr;M0_no_mask;X1_ml_opposite_strong_p0_65;val_eval;0.2;3311;2244.1744998784334;2050.850170885475;1.0942654571930472;0.058388501659002834;-1.0;206.63282428033637;0.24161884627000907;0.0;{'SL': 1766, 'ML_CLOSE': 872, 'TIME': 673};0.7309090909090876;;0.9807920407468744;1;0.9527006704506616;1.959949760592869;2
S0_current_0_5;E2_open_pullback_0_5atr;M0_no_mask;X1_ml_opposite_strong_p0_75;val_select;0.2;3266;2077.808595600426;2518.643327539221;0.8249713537765978;-0.13497695405351948;-1.0;515.2514340381483;0.19473361910593998;0.0;{'SL': 2462, 'TIME': 685, 'ML_CLOSE': 119};0.7450806451612838;;0.7527378206248582;2;0.7946932968901109;2.1275220253937306;3
S0_current_0_5;E2_open_pullback_0_5atr;M0_no_mask;X1_ml_opposite_strong_p0_75;val_eval;0.2;3311;2162.4029160976434;2581.536382619511;0.837641851827566;-0.12658818076770395;-1.0;525.0929626481334;0.1893687707641196;0.0;{'SL': 2508, 'TIME': 681, 'ML_CLOSE': 122};0.7309090909090876;;0.7728838001488751;2;0.7570015143581017;1.9605280218255798;2
S0_current_0_5;E2_open_pullback_0_5atr;M0_no_mask;X2_ml_opposite_any_p0_50;val_select;0.2;3266;1479.6017623241455;1145.5618565025798;1.2915948221612366;0.10227798708559883;-0.10881211038306209;49.85058357536795;0.4124311083894672;0.0;{'ML_CLOSE': 2234, 'SL': 863, 'TIME': 169};0.7450806451612838;;1.1613892286272096;0;1.2700213245558434;2.1325217631078823;3
S0_current_0_5;E2_open_pullback_0_5atr;M0_no_mask;X2_ml_opposite_any_p0_50;val_eval;0.2;3311;1561.084981345727;1177.1626053313348;1.3261421780437292;0.11595360193729758;-0.13108614232215607;42.892585981452044;0.38024765931742677;0.0;{'ML_CLOSE': 2315, 'SL': 835, 'TIME': 161};0.7309090909090876;;1.1791958626188213;0;1.288952100406726;1.9984446133098945;2
S0_current_0_5;E2_open_pullback_0_5atr;M0_no_mask;X2_ml_opposite_any_p0_55;val_select;0.2;3266;1870.2649211259;1151.671708031042;1.623956643272415;0.22002241674674153;-0.10249138116786669;41.71627857294124;0.4252908756889161;0.0;{'ML_CLOSE': 2079, 'SL': 876, 'TIME': 311};0.7450806451612838;;1.501023600757156;0;1.5864480540316224;2.102806534747971;3
S0_current_0_5;E2_open_pullback_0_5atr;M0_no_mask;X2_ml_opposite_any_p0_55;val_eval;0.2;3311;1976.457598791963;1176.7972883704258;1.6795225637619113;0.24151625201496138;-0.1242532855436054;32.419415224334784;0.39897311990335244;0.0;{'ML_CLOSE': 2179, 'SL': 842, 'TIME': 290};0.7309090909090876;;1.522091550492562;0;1.6787700400988095;1.9940261094864675;2
S0_current_0_5;E2_open_pullback_0_5atr;M0_no_mask;X2_ml_opposite_any_p0_60;val_select;0.2;3266;2099.393573744749;1170.1152936412268;1.7941766808394966;0.28453101044198464;-0.10338465453620832;43.26619072663;0.4295774647887324;0.0;{'ML_CLOSE': 1953, 'SL': 900, 'TIME': 413};0.7450806451612838;;1.6245337211015891;0;1.7376048515543592;2.101171603562115;3
S0_current_0_5;E2_open_pullback_0_5atr;M0_no_mask;X2_ml_opposite_any_p0_60;val_eval;0.2;3311;2203.290443733611;1191.4818672041342;1.8492018253737517;0.3055900261339405;-0.1261261261261251;21.5780401321924;0.4110540622168529;0.0;{'ML_CLOSE': 2037, 'SL': 865, 'TIME': 409};0.7309090909090876;;1.668076836698968;0;1.7618003128680944;1.9847072607581238;2
S0_current_0_5;E2_open_pullback_0_5atr;M0_no_mask;X3_ml_hold_close_p0_50;val_select;0.2;3266;2317.4625684600273;2172.1448556969835;1.0669005625393317;0.04449409453859273;-1.0;146.79317010003706;0.2709736680955297;0.0;{'SL': 2073, 'TIME': 685, 'ML_CLOSE': 508};0.7450806451612838;;0.9662499796181931;1;1.0392698282467772;2.1206887869319395;3
S0_current_0_5;E2_open_pullback_0_5atr;M0_no_mask;X3_ml_hold_close_p0_50;val_eval;0.2;3311;2442.9545746679014;2227.722170640134;1.096615460789673;0.06500525642638699;-1.0;169.48424346727782;0.26155240108728484;0.0;{'SL': 2111, 'TIME': 675, 'ML_CLOSE': 525};0.7309090909090876;;0.9896214956566488;1;0.9953394014713655;1.9687109413086148;2
S0_current_0_5;E2_open_pullback_0_5atr;M0_no_mask;X3_ml_hold_close_p0_60;val_select;0.2;3266;2088.403799869684;2577.9460161578295;0.8101037751683571;-0.14989045201719084;-1.0;555.1260342795542;0.19320269442743418;0.0;{'SL': 2559, 'TIME': 685, 'ML_CLOSE': 22};0.7450806451612838;;0.7377007176439395;2;0.7807303843166277;2.1182749750816994;3
S0_current_0_5;E2_open_pullback_0_5atr;M0_no_mask;X3_ml_hold_close_p0_60;val_eval;0.2;3311;2176.3755350503334;2636.0450157243695;0.8256215360769469;-0.13883101198249342;-1.0;555.9261922956528;0.18755662941709453;0.0;{'SL': 2609, 'TIME': 681, 'ML_CLOSE': 21};0.7309090909090876;;0.7474222965217251;2;0.7486372507963167;1.9615228156719438;2
S0_current_0_5;E2_open_pullback_0_5atr;M0_no_mask;X3_ml_hold_close_p0_70;val_select;0.2;3266;2071.754478687428;2597.911858564204;0.7974691180756345;-0.16110146352626334;-1.0;576.4351186676224;0.18922229026331905;0.0;{'SL': 2581, 'TIME': 685};0.7450806451612838;;0.7239945068219883;2;0.7679536771969592;2.125991551526049;3
S0_current_0_5;E2_open_pullback_0_5atr;M0_no_mask;X3_ml_hold_close_p0_70;val_eval;0.2;3311;2154.3421121410047;2651.678118781903;0.8124448050016875;-0.15020719016638412;-1.0;577.3202822437966;0.1839323467230444;0.0;{'SL': 2627, 'TIME': 681, 'ML_CLOSE': 3};0.7309090909090876;;0.7272561082164064;2;0.733751443711266;1.9606680459248913;2
S0_current_0_5;E2_open_pullback_0_5atr;M0_no_mask;X7_time_6;val_select;0.2;3266;1518.148235014466;2043.7578155479507;0.7428219838305236;-0.1609337356195605;-1.0;525.5443323065336;0.31200244947948563;0.0;{'SL': 1957, 'TIME': 1309};0.7450806451612838;;0.6751180920302372;3;0.6732501817098252;2.124985317766118;3
S0_current_0_5;E2_open_pullback_0_5atr;M0_no_mask;X7_time_6;val_eval;0.2;3311;1696.4094087654835;2144.257162682962;0.7911408380899997;-0.1352605720076951;-1.0;475.28874483536043;0.29417094533373606;0.0;{'SL': 2051, 'TIME': 1260};0.7309090909090876;;0.7234946224087327;2;0.7877979839374474;1.9950583694809276;2
S0_current_0_5;E2_open_pullback_0_5atr;M0_no_mask;X7_time_12;val_select;0.2;3266;1769.882553743369;2320.3337438707867;0.7627706826307006;-0.16853986225579237;-1.0;553.6711446899824;0.2541334966319657;0.0;{'SL': 2268, 'TIME': 998};0.7450806451612838;;0.6948439666674797;3;0.75205729940987;2.1387646997765675;3
S0_current_0_5;E2_open_pullback_0_5atr;M0_no_mask;X7_time_12;val_eval;0.2;3311;1962.613643320201;2405.242017951179;0.8159734565887821;-0.13368419650588279;-1.0;487.7752617163441;0.24192086982784658;0.0;{'SL': 2350, 'TIME': 961};0.7309090909090876;;0.7309179585647997;2;0.7827554129913167;1.9847475104569436;2
S0_current_0_5;E2_open_pullback_0_5atr;M1_frozen_movement_top5;X0_fixed_r_0_7;val_select;0.2;172;76.99999999999956;58.96524179400054;1.3058540532913405;0.10485324538371535;0.6999999999999871;12.266794680024804;0.6395348837209303;0.005813953488372093;{'TP': 110, 'SL': 58, 'TIME': 4};0.736596736596761;0.5156177156177326;0.9955487426236758;1;0.929421567761626;1.8632583923621784;3
S0_current_0_5;E2_open_pullback_0_5atr;M1_frozen_movement_top5;X0_fixed_r_0_7;val_eval;0.2;14;7.7000000000000455;3.0;2.566666666666682;0.33571428571428896;0.6999999999999985;1.0;0.7857142857142857;0.0;{'TP': 11, 'SL': 3};0.7374929098128236;0.5162450368689764;0.9333333333333419;0;2.566666666666682;1.0;1
S0_current_0_5;E2_open_pullback_0_5atr;M1_frozen_movement_top5;X1_ml_opposite_strong_p0_55;val_select;0.2;172;93.19105452456793;79.53484021444555;1.1717010340789251;0.0793965948262929;-0.3316303523733558;24.481808673449592;0.32558139534883723;0.0;{'ML_CLOSE': 77, 'SL': 64, 'TIME': 31};0.736596736596761;;0.7734784882924187;2;0.5826320388860197;1.5392066318011712;3
S0_current_0_5;E2_open_pullback_0_5atr;M1_frozen_movement_top5;X1_ml_opposite_strong_p0_55;val_eval;0.2;14;9.821623579243623;2.9452417264953015;3.3347427787976134;0.49117013233916573;-0.00505925586185503;1.3795113984827871;0.5;0.0;{'ML_CLOSE': 11, 'TIME': 2, 'SL': 1};0.7374929098128236;;0.5744855917490109;0;3.3347427787976134;1.0;1
S0_current_0_5;E2_open_pullback_0_5atr;M1_frozen_movement_top5;X1_ml_opposite_strong_p0_65;val_select;0.2;172;84.45166283559017;122.67691362723184;0.6884071365881149;-0.22223983018396315;-1.0;45.89079596679866;0.18023255813953487;0.0;{'SL': 114, 'TIME': 35, 'ML_CLOSE': 23};0.736596736596761;;0.42612495645471654;3;0.41269133605111297;1.5546362551478343;3
S0_current_0_5;E2_open_pullback_0_5atr;M1_frozen_movement_top5;X1_ml_opposite_strong_p0_65;val_eval;0.2;14;7.935326086956406;11.215885488466043;0.707507766115905;-0.2343256715364026;-1.0;7.396654719235362;0.14285714285714285;0.0;{'SL': 10, 'TIME': 2, 'ML_CLOSE': 2};0.7374929098128236;;0.0;1;0.707507766115905;1.0;1
S0_current_0_5;E2_open_pullback_0_5atr;M1_frozen_movement_top5;X1_ml_opposite_strong_p0_75;val_select;0.2;172;82.8930556601245;138.3170243427106;0.599297563362402;-0.32223237606154687;-1.0;56.28321723007369;0.1511627906976744;0.0;{'SL': 136, 'TIME': 35, 'ML_CLOSE': 1};0.736596736596761;;0.3949862955204029;3;0.328331755036383;1.5298326914145721;3
S0_current_0_5;E2_open_pullback_0_5atr;M1_frozen_movement_top5;X1_ml_opposite_strong_p0_75;val_eval;0.2;14;7.935326086956406;12.0;0.6612771739130339;-0.29033385093168523;-1.0;8.0;0.14285714285714285;0.0;{'SL': 12, 'TIME': 2};0.7374929098128236;;0.0;1;0.6612771739130339;1.0;1
S0_current_0_5;E2_open_pullback_0_5atr;M1_frozen_movement_top5;X2_ml_opposite_any_p0_50;val_select;0.2;172;66.48417767385452;58.16859080580306;1.1429566498492838;0.048346435279368924;-0.06655756620917284;23.24005537931927;0.42441860465116277;0.0;{'ML_CLOSE': 121, 'SL': 45, 'TIME': 6};0.736596736596761;;0.7588005074346958;1;0.6538844083211843;1.7089204613955222;3
S0_current_0_5;E2_open_pullback_0_5atr;M1_frozen_movement_top5;X2_ml_opposite_any_p0_50;val_eval;0.2;14;5.671696028582078;2.8426435170704623;1.9952188850000956;0.20207517939368685;-0.11857825567502259;2.279720440147388;0.35714285714285715;0.0;{'ML_CLOSE': 12, 'TIME': 1, 'SL': 1};0.7374929098128236;;0.12152238042944342;0;1.9952188850000956;1.0;1
S0_current_0_5;E2_open_pullback_0_5atr;M1_frozen_movement_top5;X2_ml_opposite_any_p0_55;val_select;0.2;172;88.60720771420809;58.352229652022544;1.518488809127054;0.17590103524526465;-0.06655756620917284;21.94043675853368;0.43023255813953487;0.0;{'ML_CLOSE': 116, 'SL': 45, 'TIME': 11};0.736596736596761;;0.9675578163803698;1;0.6631753942243614;1.5154860777310304;3
S0_current_0_5;E2_open_pullback_0_5atr;M1_frozen_movement_top5;X2_ml_opposite_any_p0_55;val_eval;0.2;14;6.799696028582052;2.706643517070404;2.512224452794528;0.2923608936794036;-0.08693941778127375;2.2797204401473863;0.42857142857142855;0.0;{'ML_CLOSE': 12, 'TIME': 1, 'SL': 1};0.7374929098128236;;0.3172491443289995;0;2.512224452794528;1.0;1
S0_current_0_5;E2_open_pullback_0_5atr;M1_frozen_movement_top5;X2_ml_opposite_any_p0_60;val_select;0.2;172;83.19261970059955;63.271123784731024;1.3148592078694215;0.11582265067365421;-0.11119274980156271;26.38676528497914;0.4186046511627907;0.0;{'ML_CLOSE': 107, 'SL': 50, 'TIME': 15};0.736596736596761;;0.8458809893709355;2;0.3374271081304509;1.2837097139014708;3
S0_current_0_5;E2_open_pullback_0_5atr;M1_frozen_movement_top5;X2_ml_opposite_any_p0_60;val_eval;0.2;14;7.232291602022732;2.4289775210945614;2.9775045422255166;0.34309386292344085;0.045599151643667006;1.5694588707308643;0.5;0.0;{'ML_CLOSE': 12, 'TIME': 1, 'SL': 1};0.7374929098128236;;0.43200977903985577;0;2.9775045422255166;1.0;1
S0_current_0_5;E2_open_pullback_0_5atr;M1_frozen_movement_top5;X3_ml_hold_close_p0_50;val_select;0.2;172;85.99293143652191;130.7242157779047;0.6578194477955065;-0.26006560663594636;-1.0;51.53717108355931;0.1744186046511628;0.0;{'SL': 127, 'TIME': 35, 'ML_CLOSE': 10};0.736596736596761;;0.3929504052257904;3;0.3850164509502881;1.5429192292018499;3
S0_current_0_5;E2_open_pullback_0_5atr;M1_frozen_movement_top5;X3_ml_hold_close_p0_50;val_eval;0.2;14;7.935326086956406;12.0;0.6612771739130339;-0.29033385093168523;-1.0;8.0;0.14285714285714285;0.0;{'SL': 12, 'TIME': 2};0.7374929098128236;;0.0;1;0.6612771739130339;1.0;1
S0_current_0_5;E2_open_pullback_0_5atr;M1_frozen_movement_top5;X3_ml_hold_close_p0_60;val_select;0.2;172;82.8930556601245;138.90869100937724;0.5967449196863333;-0.32567229854216695;-1.0;56.87488389674034;0.1511627906976744;0.0;{'SL': 137, 'TIME': 35};0.736596736596761;;0.3544833195760576;3;0.328331755036383;1.5298326914145721;3
S0_current_0_5;E2_open_pullback_0_5atr;M1_frozen_movement_top5;X3_ml_hold_close_p0_60;val_eval;0.2;14;7.935326086956406;12.0;0.6612771739130339;-0.29033385093168523;-1.0;8.0;0.14285714285714285;0.0;{'SL': 12, 'TIME': 2};0.7374929098128236;;0.0;1;0.6612771739130339;1.0;1
S0_current_0_5;E2_open_pullback_0_5atr;M1_frozen_movement_top5;X3_ml_hold_close_p0_70;val_select;0.2;172;82.8930556601245;138.90869100937724;0.5967449196863333;-0.32567229854216695;-1.0;56.87488389674034;0.1511627906976744;0.0;{'SL': 137, 'TIME': 35};0.736596736596761;;0.3471464981320237;3;0.328331755036383;1.5298326914145721;3
S0_current_0_5;E2_open_pullback_0_5atr;M1_frozen_movement_top5;X3_ml_hold_close_p0_70;val_eval;0.2;14;7.935326086956406;12.0;0.6612771739130339;-0.29033385093168523;-1.0;8.0;0.14285714285714285;0.0;{'SL': 12, 'TIME': 2};0.7374929098128236;;0.0;1;0.6612771739130339;1.0;1
S0_current_0_5;E2_open_pullback_0_5atr;M1_frozen_movement_top5;X7_time_6;val_select;0.2;172;80.2324368176056;109.00879114323092;0.7360180401614128;-0.16730438561410083;-1.0;35.84475477009578;0.27906976744186046;0.0;{'SL': 103, 'TIME': 69};0.736596736596761;;0.49460005029999843;2;0.7035618763979293;1.6853348101048675;3
S0_current_0_5;E2_open_pullback_0_5atr;M1_frozen_movement_top5;X7_time_6;val_eval;0.2;14;10.351758948001452;8.0;1.2939698685001815;0.1679827820001037;-1.0;3.0020120724345603;0.42857142857142855;0.0;{'SL': 8, 'TIME': 6};0.7374929098128236;;0.34828692445811965;0;1.2939698685001815;1.0;1
S0_current_0_5;E2_open_pullback_0_5atr;M1_frozen_movement_top5;X7_time_12;val_select;0.2;172;91.9567681423039;122.5115926187346;0.7505964633769832;-0.17764432835134122;-1.0;46.506790908262346;0.25;0.0;{'SL': 120, 'TIME': 52};0.736596736596761;;0.5139627725521366;3;0.48306779226232666;1.6649244212176824;3
S0_current_0_5;E2_open_pullback_0_5atr;M1_frozen_movement_top5;X7_time_12;val_eval;0.2;14;8.131601888488788;10.0;0.8131601888488789;-0.13345700796508655;-1.0;4.34466622745318;0.2857142857142857;0.0;{'SL': 10, 'TIME': 4};0.7374929098128236;;0.15995975855131367;1;0.8131601888488789;1.0;1
S0_current_0_5;E3_open_pullback_1_0atr;M0_no_mask;X0_fixed_r_0_7;val_select;0.2;2294;1287.2771179470765;441.950529548989;2.9127176728597752;0.3684945895370913;0.6999999999999922;9.199999999999818;0.8042720139494333;0.013513513513513514;{'TP': 1836, 'SL': 437, 'TIME': 21};0.5000000000000117;0.35000000000000814;2.695315335720301;0;2.3520374370341814;2.1590944987070726;3
S0_current_0_5;E3_open_pullback_1_0atr;M0_no_mask;X0_fixed_r_0_7;val_eval;0.2;2298;1272.3958020418045;466.98803522850193;2.7246860862703013;0.3504820569248488;0.6999999999999883;7.300000000000011;0.7924281984334204;0.0073977371627502175;{'TP': 1817, 'SL': 462, 'TIME': 19};0.5000000000000117;0.35000000000000814;2.5120146737087437;0;2.649154333064076;1.985599875865133;2
S0_current_0_5;E3_open_pullback_1_0atr;M0_no_mask;X1_ml_opposite_strong_p0_55;val_select;0.2;2294;2205.652295498706;1096.1194050376191;2.0122372483890176;0.483667345449471;-0.3173497267760499;20.9253243418215;0.3918918918918919;0.0;{'SL': 958, 'ML_CLOSE': 950, 'TIME': 386};0.5000000000000117;;1.7728235040262843;0;1.9763884207120748;2.1913882560035347;3
S0_current_0_5;E3_open_pullback_1_0atr;M0_no_mask;X1_ml_opposite_strong_p0_55;val_eval;0.2;2298;1961.3772181384688;1098.709924544395;1.7851638310737916;0.37539917040647247;-0.35395423524688435;40.36489607982428;0.37684943429068757;0.0;{'ML_CLOSE': 1044, 'SL': 927, 'TIME': 327};0.5000000000000117;;1.5716495538172768;0;1.6391601422842654;1.9613768220701775;2
S0_current_0_5;E3_open_pullback_1_0atr;M0_no_mask;X1_ml_opposite_strong_p0_65;val_select;0.2;2294;1933.7175393252046;1505.8486315709772;1.2841380592867777;0.18651652474029107;-1.0;49.77755549254077;0.25806451612903225;0.0;{'SL': 1396, 'ML_CLOSE': 496, 'TIME': 402};0.5000000000000117;;1.1312074635493323;0;1.251057460431827;2.198920730086857;3
S0_current_0_5;E3_open_pullback_1_0atr;M0_no_mask;X1_ml_opposite_strong_p0_65;val_eval;0.2;2298;1657.2142629489044;1545.997890865561;1.0719382430858793;0.04839702875689442;-1.0;113.60089694978615;0.22019147084421237;0.0;{'SL': 1407, 'ML_CLOSE': 543, 'TIME': 348};0.5000000000000117;;0.9145936835005766;1;0.9353069104090097;1.9394464648303895;2
S0_current_0_5;E3_open_pullback_1_0atr;M0_no_mask;X1_ml_opposite_strong_p0_75;val_select;0.2;2294;1849.670716545708;1839.1715870277342;1.0057086188107882;0.004576778342621679;-1.0;133.85979560174755;0.17654751525719267;0.0;{'SL': 1811, 'TIME': 403, 'ML_CLOSE': 80};0.5000000000000117;;0.9021296557220952;1;0.9739353484508106;2.2068605503485617;3
S0_current_0_5;E3_open_pullback_1_0atr;M0_no_mask;X1_ml_opposite_strong_p0_75;val_eval;0.2;2298;1577.4516703737822;1883.5010982216681;0.8375103533855932;-0.13318077800169104;-1.0;337.57118666777;0.15056570931244562;0.0;{'SL': 1831, 'TIME': 351, 'ML_CLOSE': 116};0.5000000000000117;;0.7432604617721617;2;0.7369683844698557;1.934569297965616;2
S0_current_0_5;E3_open_pullback_1_0atr;M0_no_mask;X2_ml_opposite_any_p0_50;val_select;0.2;2294;1763.0247762517697;905.3564302604075;1.947326729368533;0.3738746059247437;-0.10638297872340838;23.804250095445013;0.43766346992153443;0.0;{'ML_CLOSE': 1368, 'SL': 756, 'TIME': 170};0.5000000000000117;;1.7331270115089217;0;1.5899493437997225;2.044857476703398;3
S0_current_0_5;E3_open_pullback_1_0atr;M0_no_mask;X2_ml_opposite_any_p0_50;val_eval;0.2;2298;1575.0222183811386;914.9580902188262;1.7214146038147473;0.2872341723943918;-0.14865616311398402;30.73704926258253;0.4164490861618799;0.0;{'ML_CLOSE': 1420, 'SL': 743, 'TIME': 135};0.5000000000000117;;1.5216438711052758;0;1.6617102689773917;1.9948255143178768;2
S0_current_0_5;E3_open_pullback_1_0atr;M0_no_mask;X2_ml_opposite_any_p0_55;val_select;0.2;2294;1982.1349747805907;916.5970527978036;2.1624932883324894;0.464489067995984;-0.1051107679515812;18.58063398780564;0.44507410636442896;0.0;{'ML_CLOSE': 1285, 'SL': 769, 'TIME': 240};0.5000000000000117;;1.926090315557039;0;1.7656850472929606;2.06301252748586;3
S0_current_0_5;E3_open_pullback_1_0atr;M0_no_mask;X2_ml_opposite_any_p0_55;val_eval;0.2;2298;1752.9943890480413;919.9128854423662;1.905609125373936;0.3625245881660901;-0.14865616311398402;29.12361347453053;0.42645778938207135;0.0;{'ML_CLOSE': 1349, 'SL': 753, 'TIME': 196};0.5000000000000117;;1.7256772977104824;0;1.8896239409232978;1.98367825114132;2
S0_current_0_5;E3_open_pullback_1_0atr;M0_no_mask;X2_ml_opposite_any_p0_60;val_select;0.2;2294;2073.638325097916;939.2250534668739;2.2078183683917803;0.49451319600306987;-0.1222581017183115;19.80323679124126;0.44594594594594594;0.0;{'ML_CLOSE': 1208, 'SL': 796, 'TIME': 290};0.5000000000000117;;1.9847178837804385;0;1.8174723055173314;2.0852177996949814;3
S0_current_0_5;E3_open_pullback_1_0atr;M0_no_mask;X2_ml_opposite_any_p0_60;val_eval;0.2;2298;1787.00207035617;941.7830349143632;1.8974668305833977;0.36780636877363215;-0.16263530823734115;29.27811601628801;0.42036553524804177;0.0;{'ML_CLOSE': 1283, 'SL': 777, 'TIME': 238};0.5000000000000117;;1.6750699506827016;0;1.8519457646163808;1.9811702329831413;2
S0_current_0_5;E3_open_pullback_1_0atr;M0_no_mask;X3_ml_hold_close_p0_50;val_select;0.2;2294;2130.481489713302;1532.7078384066742;1.3900114792445004;0.26058136499852985;-1.0;32.814386224075974;0.2833478639930253;0.0;{'SL': 1477, 'ML_CLOSE': 417, 'TIME': 400};0.5000000000000117;;1.2521930898381104;0;1.362443357799945;2.2215188510833204;3
S0_current_0_5;E3_open_pullback_1_0atr;M0_no_mask;X3_ml_hold_close_p0_50;val_eval;0.2;2298;1904.689507074253;1573.8691763947422;1.2101955712973045;0.14396010908594906;-1.0;79.49805616401878;0.25369886858137514;0.0;{'SL': 1509, 'ML_CLOSE': 443, 'TIME': 346};0.5000000000000117;;1.0847713313496044;0;1.1186124586039068;1.9602107529914687;2
S0_current_0_5;E3_open_pullback_1_0atr;M0_no_mask;X3_ml_hold_close_p0_60;val_select;0.2;2294;1866.7950218197993;1871.8107921064143;0.9973203646929664;-0.002186473533833813;-1.0;139.67420195515948;0.17654751525719267;0.0;{'SL': 1864, 'TIME': 402, 'ML_CLOSE': 28};0.5000000000000117;;0.8755130662320002;1;0.9669938563963506;2.1990953209033033;3
S0_current_0_5;E3_open_pullback_1_0atr;M0_no_mask;X3_ml_hold_close_p0_60;val_eval;0.2;2298;1592.7937286558913;1931.432520496683;0.8246696230662471;-0.14736239853820357;-1.0;368.3969142970394;0.14882506527415143;0.0;{'SL': 1918, 'TIME': 351, 'ML_CLOSE': 29};0.5000000000000117;;0.7138365969086312;2;0.7239527337977082;1.9343013244325928;2
S0_current_0_5;E3_open_pullback_1_0atr;M0_no_mask;X3_ml_hold_close_p0_70;val_select;0.2;2294;1835.743235776366;1897.608649352659;0.9673982232335431;-0.02696835814136574;-1.0;165.1480632756897;0.16782911944202267;0.0;{'SL': 1891, 'TIME': 403};0.5000000000000117;;0.848257893770039;1;0.935186522464574;2.2137514599699455;3
S0_current_0_5;E3_open_pullback_1_0atr;M0_no_mask;X3_ml_hold_close_p0_70;val_eval;0.2;2298;1572.1983357505496;1954.0235463437002;0.8045953891867842;-0.16615544412234576;-1.0;411.58333304939794;0.1414273281114012;0.0;{'SL': 1945, 'TIME': 351, 'ML_CLOSE': 2};0.5000000000000117;;0.6969411485925456;2;0.7066251556010738;1.935289689104289;2
S0_current_0_5;E3_open_pullback_1_0atr;M0_no_mask;X7_time_6;val_select;0.2;2294;1515.6574550120677;1578.976095619652;0.9598989238765293;-0.027601848564770888;-1.0;114.19066015887829;0.2816041848299913;0.0;{'SL': 1549, 'TIME': 745};0.5000000000000117;;0.8675591369842441;3;0.9238154667047807;2.163005268362043;3
S0_current_0_5;E3_open_pullback_1_0atr;M0_no_mask;X7_time_6;val_eval;0.2;2298;1295.8786801997926;1658.213548920278;0.7814908285145694;-0.1576740072761033;-1.0;387.5356685169717;0.24369016536118362;0.0;{'SL': 1621, 'TIME': 677};0.5000000000000117;;0.6997882061192424;2;0.7482474694206279;1.976237506870587;2
S0_current_0_5;E3_open_pullback_1_0atr;M0_no_mask;X7_time_12;val_select;0.2;2294;1656.6228171863918;1733.902493159202;0.9554302065556147;-0.03368774017995216;-1.0;167.65143145252142;0.22188317349607672;0.0;{'SL': 1715, 'TIME': 579};0.5000000000000117;;0.8518025363964227;2;0.9484556021602536;2.243056623992984;3
S0_current_0_5;E3_open_pullback_1_0atr;M0_no_mask;X7_time_12;val_eval;0.2;2298;1391.142942662298;1803.5222758410714;0.7713478016308613;-0.1794514069533392;-1.0;437.10761812588044;0.19451697127937337;0.0;{'SL': 1783, 'TIME': 515};0.5000000000000117;;0.6854290109841359;2;0.7160441006021656;1.9636071145388354;2
S0_current_0_5;E3_open_pullback_1_0atr;M1_frozen_movement_top5;X0_fixed_r_0_7;val_select;0.2;117;64.39999999999976;24.771500000000003;2.599761823062784;0.33870512820512616;0.6999999999999913;3.200000000000047;0.7863247863247863;0.0;{'TP': 92, 'SL': 24, 'TIME': 1};0.5000000000000098;0.3500000000000068;1.8987117060022822;0;1.80871471636064;1.8520787746170684;2
S0_current_0_5;E3_open_pullback_1_0atr;M1_frozen_movement_top5;X0_fixed_r_0_7;val_eval;0.2;9;4.2000000000000774;3.0;1.400000000000026;0.13333333333334194;0.7;1.0;0.6666666666666666;0.1111111111111111;{'TP': 6, 'SL': 3};0.5000000000000212;0.3500000000000148;0.5494999999999884;0;1.400000000000026;1.0;1
S0_current_0_5;E3_open_pullback_1_0atr;M1_frozen_movement_top5;X1_ml_opposite_strong_p0_55;val_select;0.2;117;67.16542179482043;61.204770255042305;1.0973886759960032;0.0509457396562232;-0.49662921348312344;13.622447123338631;0.38461538461538464;0.0;{'SL': 56, 'ML_CLOSE': 43, 'TIME': 18};0.5000000000000098;;0.6857428901139947;1;0.9647287614016871;1.9999328311061346;2
S0_current_0_5;E3_open_pullback_1_0atr;M1_frozen_movement_top5;X1_ml_opposite_strong_p0_55;val_eval;0.2;9;0.8083967918184537;5.0;0.16167935836369074;-0.4657336897979495;-1.0;4.720000000000013;0.4444444444444444;0.0;{'SL': 5, 'ML_CLOSE': 4};0.5000000000000212;;0.03499999999999837;1;0.16167935836369074;1.0;1
S0_current_0_5;E3_open_pullback_1_0atr;M1_frozen_movement_top5;X1_ml_opposite_strong_p0_65;val_select;0.2;117;58.719120888808135;82.23372569544549;0.714051569380132;-0.2009795282618577;-1.0;28.058407861605062;0.23931623931623933;0.0;{'SL': 78, 'TIME': 21, 'ML_CLOSE': 18};0.5000000000000098;;0.4064078994576355;2;0.5701381579145424;1.9921516003044013;2
S0_current_0_5;E3_open_pullback_1_0atr;M1_frozen_movement_top5;X1_ml_opposite_strong_p0_65;val_eval;0.2;9;0.0;8.207221350078486;0.0;-0.911913483342054;-1.0;7.207221350078486;0.0;0.0;{'SL': 8, 'ML_CLOSE': 1};0.5000000000000212;;0.0;1;0.0;0.0;1
S0_current_0_5;E3_open_pullback_1_0atr;M1_frozen_movement_top5;X1_ml_opposite_strong_p0_75;val_select;0.2;117;56.52269658724301;96.7715;0.5840841217428996;-0.34400686677570086;-1.0;42.04260262613255;0.17094017094017094;0.0;{'SL': 96, 'TIME': 21};0.5000000000000098;;0.282876801112394;2;0.4429121648491779;1.9887084613978367;2
S0_current_0_5;E3_open_pullback_1_0atr;M1_frozen_movement_top5;X1_ml_opposite_strong_p0_75;val_eval;0.2;9;0.0;9.0;0.0;-1.0;-1.0;8.0;0.0;0.0;{'SL': 9};0.5000000000000212;;0.0;1;0.0;0.0;1
S0_current_0_5;E3_open_pullback_1_0atr;M1_frozen_movement_top5;X2_ml_opposite_any_p0_50;val_select;0.2;117;57.096868588692544;46.52838433472919;1.2271405810683813;0.09032892524755005;-0.05515239477505132;7.629232137700595;0.4700854700854701;0.0;{'ML_CLOSE': 73, 'SL': 40, 'TIME': 4};0.5000000000000098;;0.7757770661172565;1;0.8612429951111621;1.8116137080362142;2
S0_current_0_5;E3_open_pullback_1_0atr;M1_frozen_movement_top5;X2_ml_opposite_any_p0_50;val_eval;0.2;9;1.6903144343496073;2.1628571428571144;0.7815192232792211;-0.052504745389723;0.06382978723407755;1.1920506114371132;0.6666666666666666;0.0;{'ML_CLOSE': 7, 'SL': 2};0.5000000000000212;;0.12347207106879084;1;0.7815192232792211;1.0;1
S0_current_0_5;E3_open_pullback_1_0atr;M1_frozen_movement_top5;X2_ml_opposite_any_p0_55;val_select;0.2;117;74.35779876321197;47.19578839036857;1.5755176743352477;0.23215393481062735;-0.05515239477505132;7.274983771687452;0.47863247863247865;0.0;{'ML_CLOSE': 68, 'SL': 41, 'TIME': 8};0.5000000000000098;;0.9933837508480702;0;1.4318108071002562;1.976353573001838;2
S0_current_0_5;E3_open_pullback_1_0atr;M1_frozen_movement_top5;X2_ml_opposite_any_p0_55;val_eval;0.2;9;3.4484539692332414;2.1628571428571144;1.5943974758674377;0.14284409181956967;0.06382978723407755;1.1628571428571142;0.6666666666666666;0.0;{'ML_CLOSE': 7, 'SL': 2};0.5000000000000212;;0.14876862538431976;0;1.5943974758674377;1.0;1
S0_current_0_5;E3_open_pullback_1_0atr;M1_frozen_movement_top5;X2_ml_opposite_any_p0_60;val_select;0.2;117;74.59418545396525;49.04956570914833;1.520791965749302;0.21833008328903344;-0.09696969696974124;7.188969521045031;0.47863247863247865;0.0;{'ML_CLOSE': 60, 'SL': 43, 'TIME': 14};0.5000000000000098;;0.84316376350802;0;1.5093610745908983;1.9910655847680174;2
S0_current_0_5;E3_open_pullback_1_0atr;M1_frozen_movement_top5;X2_ml_opposite_any_p0_60;val_eval;0.2;9;3.04601953083642;3.0;1.01533984361214;0.005113281204046638;0.09230769230760351;2.0;0.6666666666666666;0.0;{'ML_CLOSE': 6, 'SL': 3};0.5000000000000212;;0.1319572536060319;0;1.01533984361214;1.0;1
S0_current_0_5;E3_open_pullback_1_0atr;M1_frozen_movement_top5;X3_ml_hold_close_p0_50;val_select;0.2;117;62.89091522973293;83.68401724198029;0.7515283957733276;-0.17771882061749875;-1.0;26.978227818537885;0.24786324786324787;0.0;{'SL': 82, 'TIME': 21, 'ML_CLOSE': 14};0.5000000000000098;;0.4207006694554699;2;0.6045142976767344;1.996129438527561;2
S0_current_0_5;E3_open_pullback_1_0atr;M1_frozen_movement_top5;X3_ml_hold_close_p0_50;val_eval;0.2;9;0.0;8.207221350078486;0.0;-0.911913483342054;-1.0;7.207221350078486;0.0;0.0;{'SL': 8, 'ML_CLOSE': 1};0.5000000000000212;;0.0;1;0.0;0.0;1
S0_current_0_5;E3_open_pullback_1_0atr;M1_frozen_movement_top5;X3_ml_hold_close_p0_60;val_select;0.2;117;56.52269658724301;96.7715;0.5840841217428996;-0.34400686677570086;-1.0;42.04260262613255;0.17094017094017094;0.0;{'SL': 96, 'TIME': 21};0.5000000000000098;;0.319915324514855;2;0.4429121648491779;1.9887084613978367;2
S0_current_0_5;E3_open_pullback_1_0atr;M1_frozen_movement_top5;X3_ml_hold_close_p0_60;val_eval;0.2;9;0.0;9.0;0.0;-1.0;-1.0;8.0;0.0;0.0;{'SL': 9};0.5000000000000212;;0.0;1;0.0;0.0;1
S0_current_0_5;E3_open_pullback_1_0atr;M1_frozen_movement_top5;X3_ml_hold_close_p0_70;val_select;0.2;117;56.52269658724301;96.7715;0.5840841217428996;-0.34400686677570086;-1.0;42.04260262613255;0.17094017094017094;0.0;{'SL': 96, 'TIME': 21};0.5000000000000098;;0.323833440591938;2;0.4429121648491779;1.9887084613978367;2
S0_current_0_5;E3_open_pullback_1_0atr;M1_frozen_movement_top5;X3_ml_hold_close_p0_70;val_eval;0.2;9;0.0;9.0;0.0;-1.0;-1.0;8.0;0.0;0.0;{'SL': 9};0.5000000000000212;;0.0;1;0.0;0.0;1
S0_current_0_5;E3_open_pullback_1_0atr;M1_frozen_movement_top5;X7_time_6;val_select;0.2;117;58.65235794336541;84.26854990775664;0.6960171737566194;-0.2189418116614636;-1.0;28.497939517482592;0.24786324786324787;0.0;{'SL': 82, 'TIME': 35};0.5000000000000098;;0.4386222171993832;2;0.6702154158584042;1.9176765804022056;2
S0_current_0_5;E3_open_pullback_1_0atr;M1_frozen_movement_top5;X7_time_6;val_eval;0.2;9;4.627478617374404;6.0;0.7712464362290673;-0.1525023758472884;-1.0;4.0;0.3333333333333333;0.0;{'SL': 6, 'TIME': 3};0.5000000000000212;;0.12035714285713114;1;0.7712464362290673;1.0;1
S0_current_0_5;E3_open_pullback_1_0atr;M1_frozen_movement_top5;X7_time_12;val_select;0.2;117;52.50724735653607;90.421;0.5806974857227422;-0.32404916789285415;-1.0;40.5179635479875;0.2222222222222222;0.0;{'SL': 90, 'TIME': 27};0.5000000000000098;;0.3425279514410078;2;0.5294805035399878;1.8683354379032642;2
S0_current_0_5;E3_open_pullback_1_0atr;M1_frozen_movement_top5;X7_time_12;val_eval;0.2;9;2.2605471124618495;7.0;0.3229353017802642;-0.5266058763931278;-1.0;4.0;0.2222222222222222;0.0;{'SL': 7, 'TIME': 2};0.5000000000000212;;0.0;1;0.3229353017802642;1.0;1
S1_fractal0_buffer_0_5_entry_floor_1;E1_simple_limit_at_fractal0;M0_no_mask;X0_fixed_r_0_7;val_select;0.2;2639;1236.3174496644278;869.7142857142857;1.4215213777350517;0.13891745507773473;0.6999999999999883;20.900000000000276;0.669571807502842;0.0018946570670708603;{'TP': 1766, 'SL': 869, 'TIME': 4};1.0;0.7;1.3389553987974223;0;1.291601049868765;2.1612393749610894;3
S1_fractal0_buffer_0_5_entry_floor_1;E1_simple_limit_at_fractal0;M0_no_mask;X0_fixed_r_0_7;val_eval;0.2;2690;1262.100000000003;887.0;1.422886133032698;0.13944237918215732;0.6999999999999886;21.59999999999991;0.6702602230483271;0.002973977695167286;{'TP': 1803, 'SL': 887};1.0;0.7;1.3202779924467232;0;1.3810416666666696;1.9949182133663075;2
S1_fractal0_buffer_0_5_entry_floor_1;E1_simple_limit_at_fractal0;M0_no_mask;X1_ml_opposite_strong_p0_55;val_select;0.2;2639;1945.251815838319;1222.7153870549046;1.5909277305520404;0.27379175020212754;-0.3495412844036618;29.299380063350668;0.3516483516483517;0.0;{'ML_CLOSE': 1100, 'SL': 951, 'TIME': 588};1.0;;1.4596318075845653;0;1.5754121974040103;2.225114318753094;3
S1_fractal0_buffer_0_5_entry_floor_1;E1_simple_limit_at_fractal0;M0_no_mask;X1_ml_opposite_strong_p0_55;val_eval;0.2;2690;2130.78939165433;1281.3235866393256;1.6629596254003218;0.3157865446152432;-0.3949874686716621;24.84496872780977;0.33271375464684017;0.0;{'ML_CLOSE': 1159, 'SL': 968, 'TIME': 563};1.0;;1.5045419234740771;0;1.5450802953509393;1.9796020382508002;2
S1_fractal0_buffer_0_5_entry_floor_1;E1_simple_limit_at_fractal0;M0_no_mask;X1_ml_opposite_strong_p0_65;val_select;0.2;2639;1809.5524996304048;1711.6679051515619;1.0571866739945537;0.03709154773734099;-1.0;92.26567933751299;0.2493368700265252;0.0;{'SL': 1509, 'TIME': 601, 'ML_CLOSE': 529};1.0;;0.9755159984874845;0;1.0454308875130138;2.2275563259261393;3
S1_fractal0_buffer_0_5_entry_floor_1;E1_simple_limit_at_fractal0;M0_no_mask;X1_ml_opposite_strong_p0_65;val_eval;0.2;2690;1998.728295628276;1780.9356015736355;1.1222911675538403;0.08096382678611175;-1.0;71.64711738242217;0.2379182156133829;0.0;{'SL': 1559, 'TIME': 572, 'ML_CLOSE': 559};1.0;;1.0168749942151123;0;1.032259460434901;1.9740832762148541;2
S1_fractal0_buffer_0_5_entry_floor_1;E1_simple_limit_at_fractal0;M0_no_mask;X1_ml_opposite_strong_p0_75;val_select;0.2;2639;1774.7993950343;1999.1218217959067;0.8877895162186329;-0.08500281423327277;-1.0;244.77139861972145;0.22015915119363394;0.0;{'SL': 1959, 'TIME': 609, 'ML_CLOSE': 71};1.0;;0.811818786958597;3;0.8765988316930312;2.2395693977284807;3
S1_fractal0_buffer_0_5_entry_floor_1;E1_simple_limit_at_fractal0;M0_no_mask;X1_ml_opposite_strong_p0_75;val_eval;0.2;2690;1972.3269744412999;2084.2701948474387;0.946291406611832;-0.041614580076631394;-1.0;176.41550081979867;0.2100371747211896;0.0;{'SL': 2044, 'TIME': 573, 'ML_CLOSE': 73};1.0;;0.8505300040412622;1;0.875778717586005;1.9732743172899951;2
S1_fractal0_buffer_0_5_entry_floor_1;E1_simple_limit_at_fractal0;M0_no_mask;X2_ml_opposite_any_p0_50;val_select;0.2;2639;1694.355102985939;763.7294473220901;2.2185279210156907;0.3526432950601928;-0.012820512820500861;16.325052172670112;0.4892004547176961;0.0;{'ML_CLOSE': 1783, 'SL': 518, 'TIME': 338};1.0;;2.0086023252943694;0;2.0319674575345585;2.180610575022339;3
S1_fractal0_buffer_0_5_entry_floor_1;E1_simple_limit_at_fractal0;M0_no_mask;X2_ml_opposite_any_p0_50;val_eval;0.2;2690;1819.6978596601662;789.7790559446366;2.304059402390289;0.38286944376042;-0.060771632471001834;17.74247613921864;0.4617100371747212;0.0;{'ML_CLOSE': 1858, 'SL': 495, 'TIME': 337};1.0;;2.0884376739645933;0;2.1182716181268173;1.9667495395899748;2
S1_fractal0_buffer_0_5_entry_floor_1;E1_simple_limit_at_fractal0;M0_no_mask;X2_ml_opposite_any_p0_55;val_select;0.2;2639;1745.2388791815529;768.3625748402112;2.2713741355043133;0.3701691187348774;-0.006711409395982269;16.242479273870785;0.49261083743842365;0.0;{'ML_CLOSE': 1723, 'SL': 527, 'TIME': 389};1.0;;2.0446333252045474;0;2.032384761053474;2.175275393746162;3
S1_fractal0_buffer_0_5_entry_floor_1;E1_simple_limit_at_fractal0;M0_no_mask;X2_ml_opposite_any_p0_55;val_eval;0.2;2690;1906.7550324482363;794.8447318470933;2.3989025227823295;0.41334955412681895;-0.057697368421068235;17.82208875473566;0.4646840148698885;0.0;{'ML_CLOSE': 1803, 'SL': 504, 'TIME': 383};1.0;;2.157679872279022;0;2.2779814961998737;1.9774205198208146;2
S1_fractal0_buffer_0_5_entry_floor_1;E1_simple_limit_at_fractal0;M0_no_mask;X2_ml_opposite_any_p0_60;val_select;0.2;2639;1828.2846058985865;808.5625294530455;2.261154257463965;0.38640472771714335;-0.030188679245298722;15.192942395654683;0.4759378552482001;0.0;{'ML_CLOSE': 1626, 'SL': 568, 'TIME': 445};1.0;;2.0343883977999235;0;1.9819993156310458;2.1565933101907717;3
S1_fractal0_buffer_0_5_entry_floor_1;E1_simple_limit_at_fractal0;M0_no_mask;X2_ml_opposite_any_p0_60;val_eval;0.2;2690;1937.3003895676716;840.6039479690054;2.304652975100116;0.40769384446047063;-0.08550420168068047;13.9472044456773;0.45055762081784384;0.0;{'ML_CLOSE': 1705, 'SL': 552, 'TIME': 433};1.0;;2.071800501858286;0;2.159521468640121;1.9790247736979327;2
S1_fractal0_buffer_0_5_entry_floor_1;E1_simple_limit_at_fractal0;M0_no_mask;X3_ml_hold_close_p0_50;val_select;0.2;2639;2031.3303192133258;1441.400837015221;1.4092751072766827;0.2235428125040184;-0.8035714285714416;39.056514881546065;0.3543008715422509;0.0;{'SL': 1313, 'ML_CLOSE': 728, 'TIME': 598};1.0;;1.2874313699560922;0;1.3990184899274638;2.2389413941072953;3
S1_fractal0_buffer_0_5_entry_floor_1;E1_simple_limit_at_fractal0;M0_no_mask;X3_ml_hold_close_p0_50;val_eval;0.2;2690;2227.5328870110857;1534.2720382402977;1.4518500184399563;0.2577177876471331;-1.0;34.431231942618325;0.3308550185873606;0.0;{'SL': 1391, 'ML_CLOSE': 735, 'TIME': 564};1.0;;1.312740618896828;0;1.3482406477442157;1.9795633216939392;2
S1_fractal0_buffer_0_5_entry_floor_1;E1_simple_limit_at_fractal0;M0_no_mask;X3_ml_hold_close_p0_60;val_select;0.2;2639;1792.160442247238;1994.1287560417118;0.8987185189609446;-0.0765321386110169;-1.0;227.9657963845491;0.22811671087533156;0.0;{'SL': 1977, 'TIME': 608, 'ML_CLOSE': 54};1.0;;0.8177451032655053;3;0.8879495911811777;2.229119555970481;3
S1_fractal0_buffer_0_5_entry_floor_1;E1_simple_limit_at_fractal0;M0_no_mask;X3_ml_hold_close_p0_60;val_eval;0.2;2690;1990.755120570733;2079.035493018636;0.9575378233106906;-0.03281798232264059;-1.0;161.96067557754048;0.21821561338289963;0.0;{'SL': 2065, 'TIME': 573, 'ML_CLOSE': 52};1.0;;0.8709956047459488;1;0.8913098148530834;1.973484800581947;2
S1_fractal0_buffer_0_5_entry_floor_1;E1_simple_limit_at_fractal0;M0_no_mask;X3_ml_hold_close_p0_70;val_select;0.2;2639;1772.5558661139598;2036.8387992905537;0.8702484785400565;-0.10014510540984983;-1.0;284.2694050347083;0.21864342553997726;0.0;{'SL': 2027, 'TIME': 609, 'ML_CLOSE': 3};1.0;;0.7936402517504139;3;0.8586026457415072;2.2382306314581877;3
S1_fractal0_buffer_0_5_entry_floor_1;E1_simple_limit_at_fractal0;M0_no_mask;X3_ml_hold_close_p0_70;val_eval;0.2;2690;1971.5728023529373;2121.084651209537;0.9295116068227918;-0.05558061295784366;-1.0;195.50758659027676;0.20743494423791822;0.0;{'SL': 2116, 'TIME': 573, 'ML_CLOSE': 1};1.0;;0.8390967216787317;2;0.8655711486763547;1.9736182495598147;2
S1_fractal0_buffer_0_5_entry_floor_1;E1_simple_limit_at_fractal0;M0_no_mask;X7_time_6;val_select;0.2;2639;1217.139762165441;1502.9268081001367;0.8098463315748811;-0.10829368925149514;-1.0;299.1878703790683;0.37703675634710115;0.0;{'SL': 1445, 'TIME': 1194};1.0;;0.7446182954852927;3;0.8059030652804414;2.238007817952399;3
S1_fractal0_buffer_0_5_entry_floor_1;E1_simple_limit_at_fractal0;M0_no_mask;X7_time_6;val_eval;0.2;2690;1293.515417025786;1598.0720599067488;0.8094224593985241;-0.11321808285537639;-1.0;307.27694309631073;0.3483271375464684;0.0;{'SL': 1525, 'TIME': 1165};1.0;;0.7547326542412713;2;0.7937175504044165;1.9961428004617445;2
S1_fractal0_buffer_0_5_entry_floor_1;E1_simple_limit_at_fractal0;M0_no_mask;X7_time_12;val_select;0.2;2639;1487.6818361298365;1801.5508215836833;0.8257784450521718;-0.11893481828489832;-1.0;334.3289084240218;0.2913982569154983;0.0;{'SL': 1779, 'TIME': 860};1.0;;0.751766231663491;3;0.8187982596745507;2.2854959738078784;3
S1_fractal0_buffer_0_5_entry_floor_1;E1_simple_limit_at_fractal0;M0_no_mask;X7_time_12;val_eval;0.2;2690;1598.2961891283376;1892.0623226284124;0.844737601934813;-0.10920674107809474;-1.0;301.82794852928777;0.2762081784386617;0.0;{'SL': 1871, 'TIME': 819};1.0;;0.7689857245484064;2;0.840875182942113;1.9921415205050845;2
S1_fractal0_buffer_0_5_entry_floor_1;E1_simple_limit_at_fractal0;M1_frozen_movement_top5;X0_fixed_r_0_7;val_select;0.2;137;56.69999999999998;56.0;1.0124999999999997;0.005109489051094717;0.6999999999999855;13.800000000000084;0.5912408759124088;0.0;{'TP': 81, 'SL': 56};1.0;0.7;0.7519459520578905;1;0.6066666666666634;1.797041906327029;3
S1_fractal0_buffer_0_5_entry_floor_1;E1_simple_limit_at_fractal0;M1_frozen_movement_top5;X0_fixed_r_0_7;val_eval;0.2;11;6.300000000000004;2.0;3.150000000000002;0.3909090909090913;0.6999999999999886;2.0;0.8181818181818182;0.09090909090909091;{'TP': 9, 'SL': 2};0.9999999999999895;0.6999999999999926;0.8400000000000174;0;3.150000000000002;1.0;1
S1_fractal0_buffer_0_5_entry_floor_1;E1_simple_limit_at_fractal0;M1_frozen_movement_top5;X1_ml_opposite_strong_p0_55;val_select;0.2;137;61.311780714471546;75.65982388943505;0.8103611343857883;-0.10473024215301817;-0.5561643835616398;17.431692704012026;0.24817518248175183;0.0;{'SL': 62, 'ML_CLOSE': 48, 'TIME': 27};1.0;;0.5017607802153435;3;0.6913723195475782;1.8571347625985;3
S1_fractal0_buffer_0_5_entry_floor_1;E1_simple_limit_at_fractal0;M1_frozen_movement_top5;X1_ml_opposite_strong_p0_55;val_eval;0.2;11;3.811594202898599;6.814750000000004;0.5593153384788286;-0.2730141633728549;-0.7479166666667041;5.3864891304347715;0.18181818181818182;0.0;{'SL': 5, 'ML_CLOSE': 4, 'TIME': 2};0.9999999999999895;;0.0;1;0.5593153384788286;1.0;1
S1_fractal0_buffer_0_5_entry_floor_1;E1_simple_limit_at_fractal0;M1_frozen_movement_top5;X1_ml_opposite_strong_p0_65;val_select;0.2;137;57.19971739685688;98.30195524549947;0.5818777180373087;-0.30001633466162475;-1.0;40.77366642007114;0.1897810218978102;0.0;{'SL': 93, 'TIME': 27, 'ML_CLOSE': 17};1.0;;0.33791398622624363;3;0.4912637726325309;1.8389084471009491;3
S1_fractal0_buffer_0_5_entry_floor_1;E1_simple_limit_at_fractal0;M1_frozen_movement_top5;X1_ml_opposite_strong_p0_65;val_eval;0.2;11;3.811594202898599;8.297500000000014;0.45936658064460295;-0.40780961791831044;-1.0;6.869239130434782;0.18181818181818182;0.0;{'SL': 8, 'TIME': 2, 'ML_CLOSE': 1};0.9999999999999895;;0.0;1;0.45936658064460295;1.0;1
S1_fractal0_buffer_0_5_entry_floor_1;E1_simple_limit_at_fractal0;M1_frozen_movement_top5;X1_ml_opposite_strong_p0_75;val_select;0.2;137;57.13957246932062;109.90663373323927;0.5198919348945521;-0.3851610311234938;-1.0;51.76706126391867;0.17518248175182483;0.0;{'SL': 109, 'TIME': 28};1.0;;0.3276966735955877;3;0.4370082927850713;1.8385075998346172;3
S1_fractal0_buffer_0_5_entry_floor_1;E1_simple_limit_at_fractal0;M1_frozen_movement_top5;X1_ml_opposite_strong_p0_75;val_eval;0.2;11;3.811594202898599;9.0;0.42351046698873324;-0.47167325428194556;-1.0;7.571739130434769;0.18181818181818182;0.0;{'SL': 9, 'TIME': 2};0.9999999999999895;;0.0;1;0.42351046698873324;1.0;1
S1_fractal0_buffer_0_5_entry_floor_1;E1_simple_limit_at_fractal0;M1_frozen_movement_top5;X2_ml_opposite_any_p0_50;val_select;0.2;137;64.14753302732404;45.93156218710504;1.396589403295606;0.13296329080451835;-0.07500000000001858;15.12614575620617;0.39416058394160586;0.0;{'ML_CLOSE': 86, 'SL': 36, 'TIME': 15};1.0;;0.9114096739627235;1;0.891691949302332;1.8139845080203438;3
S1_fractal0_buffer_0_5_entry_floor_1;E1_simple_limit_at_fractal0;M1_frozen_movement_top5;X2_ml_opposite_any_p0_50;val_eval;0.2;11;2.6782461240310886;3.2687499719132083;0.8193487256731061;-0.05368216798928361;-0.12790697674417684;2.973837181215487;0.36363636363636365;0.0;{'ML_CLOSE': 8, 'SL': 2, 'TIME': 1};0.9999999999999895;;0.014724014502419109;1;0.8193487256731061;1.0;1
S1_fractal0_buffer_0_5_entry_floor_1;E1_simple_limit_at_fractal0;M1_frozen_movement_top5;X2_ml_opposite_any_p0_55;val_select;0.2;137;62.15136418397531;45.30721014373238;1.3717764564802517;0.12295002949082438;-0.065625000000012;15.334540340345418;0.40875912408759124;0.0;{'ML_CLOSE': 84, 'SL': 36, 'TIME': 17};1.0;;0.9121432786317837;1;0.8822015467597518;1.8181092907144687;3
S1_fractal0_buffer_0_5_entry_floor_1;E1_simple_limit_at_fractal0;M1_frozen_movement_top5;X2_ml_opposite_any_p0_55;val_eval;0.2;11;3.557315891472952;3.2687499719132083;1.0882802055951821;0.026233265414522148;-0.12790697674417684;2.094767413773624;0.36363636363636365;0.0;{'ML_CLOSE': 8, 'SL': 2, 'TIME': 1};0.9999999999999895;;0.03445747817136159;0;1.0882802055951821;1.0;1
S1_fractal0_buffer_0_5_entry_floor_1;E1_simple_limit_at_fractal0;M1_frozen_movement_top5;X2_ml_opposite_any_p0_60;val_select;0.2;137;61.15194626288797;47.94922368572506;1.2753479944471653;0.0963702377895103;-0.07551020408163393;15.882041537443548;0.40145985401459855;0.0;{'ML_CLOSE': 79, 'SL': 38, 'TIME': 20};1.0;;0.7422807920699461;2;0.832006421842705;1.7899688607789819;3
S1_fractal0_buffer_0_5_entry_floor_1;E1_simple_limit_at_fractal0;M1_frozen_movement_top5;X2_ml_opposite_any_p0_60;val_eval;0.2;11;4.386012807549775;4.793351421188586;0.9150200813906098;-0.03703078305807368;-0.29750000000001364;2.790671946972178;0.2727272727272727;0.0;{'ML_CLOSE': 6, 'SL': 3, 'TIME': 2};0.9999999999999895;;0.09330227107172337;1;0.9150200813906098;1.0;1
S1_fractal0_buffer_0_5_entry_floor_1;E1_simple_limit_at_fractal0;M1_frozen_movement_top5;X3_ml_hold_close_p0_50;val_select;0.2;137;60.145706643408005;92.39177104938062;0.6509855364852994;-0.23537273289031108;-1.0;31.917492977401167;0.23357664233576642;0.0;{'SL': 89, 'TIME': 28, 'ML_CLOSE': 20};1.0;;0.3902493487019045;3;0.5593100128854676;1.859465384487101;3
S1_fractal0_buffer_0_5_entry_floor_1;E1_simple_limit_at_fractal0;M1_frozen_movement_top5;X3_ml_hold_close_p0_50;val_eval;0.2;11;3.811594202898599;8.297500000000014;0.45936658064460295;-0.40780961791831044;-1.0;6.869239130434782;0.18181818181818182;0.0;{'SL': 8, 'TIME': 2, 'ML_CLOSE': 1};0.9999999999999895;;0.0;1;0.45936658064460295;1.0;1
S1_fractal0_buffer_0_5_entry_floor_1;E1_simple_limit_at_fractal0;M1_frozen_movement_top5;X3_ml_hold_close_p0_60;val_select;0.2;137;57.13957246932062;109.90663373323927;0.5198919348945521;-0.3851610311234938;-1.0;51.76706126391867;0.17518248175182483;0.0;{'SL': 109, 'TIME': 28};1.0;;0.3048132805085805;3;0.4370082927850713;1.8385075998346172;3
S1_fractal0_buffer_0_5_entry_floor_1;E1_simple_limit_at_fractal0;M1_frozen_movement_top5;X3_ml_hold_close_p0_60;val_eval;0.2;11;3.811594202898599;9.0;0.42351046698873324;-0.47167325428194556;-1.0;7.571739130434769;0.18181818181818182;0.0;{'SL': 9, 'TIME': 2};0.9999999999999895;;0.0;1;0.42351046698873324;1.0;1
S1_fractal0_buffer_0_5_entry_floor_1;E1_simple_limit_at_fractal0;M1_frozen_movement_top5;X3_ml_hold_close_p0_70;val_select;0.2;137;57.13957246932062;109.90663373323927;0.5198919348945521;-0.3851610311234938;-1.0;51.76706126391867;0.17518248175182483;0.0;{'SL': 109, 'TIME': 28};1.0;;0.3364127875739138;3;0.4370082927850713;1.8385075998346172;3
S1_fractal0_buffer_0_5_entry_floor_1;E1_simple_limit_at_fractal0;M1_frozen_movement_top5;X3_ml_hold_close_p0_70;val_eval;0.2;11;3.811594202898599;9.0;0.42351046698873324;-0.47167325428194556;-1.0;7.571739130434769;0.18181818181818182;0.0;{'SL': 9, 'TIME': 2};0.9999999999999895;;0.0;1;0.42351046698873324;1.0;1
S1_fractal0_buffer_0_5_entry_floor_1;E1_simple_limit_at_fractal0;M1_frozen_movement_top5;X7_time_6;val_select;0.2;137;54.230889928830976;85.6853526911845;0.6329073549394443;-0.22959461870331044;-1.0;34.164822563842264;0.3284671532846715;0.0;{'SL': 83, 'TIME': 54};1.0;;0.43794690734993436;2;0.4040467951884018;1.7345513613995558;3
S1_fractal0_buffer_0_5_entry_floor_1;E1_simple_limit_at_fractal0;M1_frozen_movement_top5;X7_time_6;val_eval;0.2;11;5.361354903943424;6.0;0.8935591506572372;-0.0580586450960524;-1.0;4.0;0.45454545454545453;0.0;{'SL': 6, 'TIME': 5};0.9999999999999895;;0.23831280193237034;1;0.8935591506572372;1.0;1
S1_fractal0_buffer_0_5_entry_floor_1;E1_simple_limit_at_fractal0;M1_frozen_movement_top5;X7_time_12;val_select;0.2;137;61.36944709739638;96.53602253694766;0.6357155130760456;-0.25669033167555677;-1.0;37.68965236262811;0.24817518248175183;0.0;{'SL': 95, 'TIME': 42};1.0;;0.4193465565176064;3;0.41538395813827605;1.6953533986997145;3
S1_fractal0_buffer_0_5_entry_floor_1;E1_simple_limit_at_fractal0;M1_frozen_movement_top5;X7_time_12;val_eval;0.2;11;3.12428743961358;8.0;0.3905359299516975;-0.44324659639876546;-1.0;6.538212560386439;0.2727272727272727;0.0;{'SL': 8, 'TIME': 3};0.9999999999999895;;0.004222222222223434;1;0.3905359299516975;1.0;1
S1_fractal0_buffer_0_5_entry_floor_1;E2_open_pullback_0_5atr;M0_no_mask;X0_fixed_r_0_7;val_select;0.2;3266;1390.5235004876508;1247.3042059566078;1.114823067097094;0.04385159048715343;0.6999999999999857;33.70939874748261;0.6114513165952236;0.002449479485609308;{'TP': 1983, 'SL': 1237, 'TIME': 46};1.000000000000011;0.7000000000000078;1.0474661810262127;1;1.0284159963384116;2.175543281890794;3
S1_fractal0_buffer_0_5_entry_floor_1;E2_open_pullback_0_5atr;M0_no_mask;X0_fixed_r_0_7;val_eval;0.2;3311;1402.6080250507202;1275.3940482066732;1.0997448412299886;0.038421617893097885;0.6999999999999857;48.09011267802574;0.6082754454847478;0.0030202355783751134;{'TP': 2000, 'SL': 1265, 'TIME': 46};1.0000000000000122;0.7000000000000085;1.0339004733425983;0;1.0522023382855452;1.9970906662088215;2
S1_fractal0_buffer_0_5_entry_floor_1;E2_open_pullback_0_5atr;M0_no_mask;X1_ml_opposite_strong_p0_55;val_select;0.2;3266;2211.386286237105;1360.1411592031188;1.6258505753422792;0.26063843448682994;-0.2667297979797987;23.309922389419057;0.3606858542559706;0.0;{'ML_CLOSE': 1436, 'SL': 957, 'TIME': 873};1.000000000000011;;1.509190908073539;0;1.57440810005954;2.170329839302333;3
S1_fractal0_buffer_0_5_entry_floor_1;E2_open_pullback_0_5atr;M0_no_mask;X1_ml_opposite_strong_p0_55;val_eval;0.2;3311;2241.4603287786376;1412.0388278421322;1.587392842592028;0.250504832659772;-0.31315789473686023;38.862119191818934;0.34793113862881303;0.0;{'ML_CLOSE': 1539, 'SL': 952, 'TIME': 820};1.0000000000000122;;1.4617817011497813;0;1.438970313437104;1.9764578877202994;2
S1_fractal0_buffer_0_5_entry_floor_1;E2_open_pullback_0_5atr;M0_no_mask;X1_ml_opposite_strong_p0_65;val_select;0.2;3266;2097.3716970681758;1943.815581912778;1.0789972652674662;0.0470165692453759;-1.0;129.1433873410099;0.273423147581139;0.0;{'SL': 1643, 'TIME': 897, 'ML_CLOSE': 726};1.000000000000011;;1.0025371273284578;1;1.0491373986937425;2.168037570800531;3
S1_fractal0_buffer_0_5_entry_floor_1;E2_open_pullback_0_5atr;M0_no_mask;X1_ml_opposite_strong_p0_65;val_eval;0.2;3311;2113.0501179361518;2040.1545944426655;1.0357303920458047;0.022016165355930654;-1.0;139.65355550176645;0.25460585925702206;0.0;{'SL': 1692, 'TIME': 849, 'ML_CLOSE': 770};1.0000000000000122;;0.9492899164746866;1;0.9420596341796909;1.9715541087008384;2
S1_fractal0_buffer_0_5_entry_floor_1;E2_open_pullback_0_5atr;M0_no_mask;X1_ml_opposite_strong_p0_75;val_select;0.2;3266;2073.58057523637;2336.6525862512844;0.8874150087339412;-0.08054868677737755;-1.0;309.2028852077273;0.25137783221065524;0.0;{'SL': 2278, 'TIME': 903, 'ML_CLOSE': 85};1.000000000000011;;0.8163329193802481;2;0.8579711381329204;2.1774979890598947;3
S1_fractal0_buffer_0_5_entry_floor_1;E2_open_pullback_0_5atr;M0_no_mask;X1_ml_opposite_strong_p0_75;val_eval;0.2;3311;2090.756354136968;2433.705296418392;0.8590836192097164;-0.10357865970444716;-1.0;382.3310422011375;0.23588039867109634;0.0;{'SL': 2351, 'TIME': 854, 'ML_CLOSE': 106};1.0000000000000122;;0.7892026982870615;2;0.8026972506841246;1.9726950613284133;2
S1_fractal0_buffer_0_5_entry_floor_1;E2_open_pullback_0_5atr;M0_no_mask;X2_ml_opposite_any_p0_50;val_select;0.2;3266;1780.6075237601149;817.6643768269998;2.177675308137893;0.2948386855275919;-0.012757498256228603;10.58646826677466;0.48928352725045926;0.0;{'ML_CLOSE': 2324, 'SL': 498, 'TIME': 444};1.000000000000011;;1.9862214435144878;0;2.140137271397361;2.0676568696849653;3
S1_fractal0_buffer_0_5_entry_floor_1;E2_open_pullback_0_5atr;M0_no_mask;X2_ml_opposite_any_p0_50;val_eval;0.2;3311;1834.5443322467563;846.8156670039504;2.1664033906427456;0.2983173256547285;-0.03902439024392327;11.62934434088038;0.4630021141649049;0.0;{'ML_CLOSE': 2408, 'SL': 481, 'TIME': 422};1.0000000000000122;;1.9729164901171237;0;2.1577000121802272;1.9922366225564996;2
S1_fractal0_buffer_0_5_entry_floor_1;E2_open_pullback_0_5atr;M0_no_mask;X2_ml_opposite_any_p0_55;val_select;0.2;3266;1895.8564082481175;817.3923947829003;2.3193957031514314;0.3302094346188662;-0.012757498256228603;11.466398135343923;0.4889773423147581;0.0;{'ML_CLOSE': 2240, 'TIME': 526, 'SL': 500};1.000000000000011;;2.1217590545981877;0;2.2687378914045953;2.1232806442184557;3
S1_fractal0_buffer_0_5_entry_floor_1;E2_open_pullback_0_5atr;M0_no_mask;X2_ml_opposite_any_p0_55;val_eval;0.2;3311;1950.9901394809986;859.9897272835665;2.2686202841556664;0.3295078260940598;-0.04576271186444153;11.822635527405708;0.46330413772274237;0.0;{'ML_CLOSE': 2312, 'TIME': 505, 'SL': 494};1.0000000000000122;;2.0717285905633056;0;2.2659805686766794;1.9941154707961493;2
S1_fractal0_buffer_0_5_entry_floor_1;E2_open_pullback_0_5atr;M0_no_mask;X2_ml_opposite_any_p0_60;val_select;0.2;3266;1962.0865362371237;866.4363317038255;2.26454785474973;0.3354715874259946;-0.030986303255540554;25.218331787367106;0.4739742804654011;0.0;{'ML_CLOSE': 2129, 'TIME': 596, 'SL': 541};1.000000000000011;;2.0898976765347244;0;2.2150199966091413;2.0924740342521053;3
S1_fractal0_buffer_0_5_entry_floor_1;E2_open_pullback_0_5atr;M0_no_mask;X2_ml_opposite_any_p0_60;val_eval;0.2;3311;2037.5103299904706;906.2511959116067;2.2482842937833802;0.3416669085106806;-0.05952380952380888;12.537995382528976;0.452431289640592;0.0;{'ML_CLOSE': 2169, 'TIME': 603, 'SL': 539};1.0000000000000122;;2.049499900234197;0;2.162551808367691;1.9892045976580293;2
S1_fractal0_buffer_0_5_entry_floor_1;E2_open_pullback_0_5atr;M0_no_mask;X3_ml_hold_close_p0_50;val_select;0.2;3266;2292.717301305813;1731.0598042142442;1.3244587481750894;0.17197106463305842;-0.600000000000013;36.54355583112957;0.3582363747703613;0.0;{'SL': 1559, 'TIME': 896, 'ML_CLOSE': 811};1.000000000000011;;1.2143440119891895;0;1.2830503028185094;2.186559838111396;3
S1_fractal0_buffer_0_5_entry_floor_1;E2_open_pullback_0_5atr;M0_no_mask;X3_ml_hold_close_p0_50;val_eval;0.2;3311;2333.480965665862;1808.4379477343973;1.2903295734250857;0.1585753602934054;-0.7150170648464379;67.98974637211577;0.34068257324071277;0.0;{'SL': 1608, 'ML_CLOSE': 857, 'TIME': 846};1.0000000000000122;;1.2007537002459234;0;1.1816824423581245;1.9756646693341648;2
S1_fractal0_buffer_0_5_entry_floor_1;E2_open_pullback_0_5atr;M0_no_mask;X3_ml_hold_close_p0_60;val_select;0.2;3266;2078.624769423279;2345.5111500583635;0.8862139791454653;-0.0817165892942697;-1.0;314.9197099904808;0.2541334966319657;0.0;{'SL': 2313, 'TIME': 903, 'ML_CLOSE': 50};1.000000000000011;;0.8146364891218991;2;0.8568452549528206;2.1731441913274345;3
S1_fractal0_buffer_0_5_entry_floor_1;E2_open_pullback_0_5atr;M0_no_mask;X3_ml_hold_close_p0_60;val_eval;0.2;3311;2102.5373125598217;2440.8339302104573;0.8614012147801197;-0.1021735480672412;-1.0;387.0367347054631;0.239806704922984;0.0;{'SL': 2403, 'TIME': 854, 'ML_CLOSE': 54};1.0000000000000122;;0.7832944655287559;2;0.8021324220390925;1.9715387482791453;2
S1_fractal0_buffer_0_5_entry_floor_1;E2_open_pullback_0_5atr;M0_no_mask;X3_ml_hold_close_p0_70;val_select;0.2;3266;2069.7128424643743;2387.5535755050205;0.8668759786999058;-0.097318044409261;-1.0;358.09188011048775;0.2483159828536436;0.0;{'SL': 2363, 'TIME': 903};1.000000000000011;;0.8043257692047842;2;0.8375766535877726;2.176693549469073;3
S1_fractal0_buffer_0_5_entry_floor_1;E2_open_pullback_0_5atr;M0_no_mask;X3_ml_hold_close_p0_70;val_eval;0.2;3311;2085.775809827476;2481.919704170525;0.840388110188503;-0.11964478838509474;-1.0;427.26512337512037;0.23316218665055874;0.0;{'SL': 2455, 'TIME': 854, 'ML_CLOSE': 2};1.0000000000000122;;0.7756105467226846;2;0.7849109928501744;1.9724523834433145;2
S1_fractal0_buffer_0_5_entry_floor_1;E2_open_pullback_0_5atr;M0_no_mask;X7_time_6;val_select;0.2;3266;1393.794844247453;1716.7333196364184;0.8118878036005269;-0.09887889632240213;-0.6136870155038806;326.55428609583066;0.3860992039191672;0.0;{'TIME': 1664, 'SL': 1602};1.000000000000011;;0.7471588418221;3;0.7461083565639752;2.1394640346552523;3
S1_fractal0_buffer_0_5_entry_floor_1;E2_open_pullback_0_5atr;M0_no_mask;X7_time_6;val_eval;0.2;3311;1484.5434323881718;1817.537516381632;0.8167883298186948;-0.10057205798654793;-1.0;354.3261591194414;0.3672606463304138;0.0;{'SL': 1680, 'TIME': 1631};1.0000000000000122;;0.7642377740548006;2;0.791210731339121;1.9979266045982103;2
S1_fractal0_buffer_0_5_entry_floor_1;E2_open_pullback_0_5atr;M0_no_mask;X7_time_12;val_select;0.2;3266;1728.1976286285803;2053.6316737372385;0.8415324182664036;-0.099643002176564;-1.0;336.5736296779666;0.32363747703612983;0.0;{'SL': 1984, 'TIME': 1282};1.000000000000011;;0.7764702896406759;3;0.833678860714612;2.185343941179945;3
S1_fractal0_buffer_0_5_entry_floor_1;E2_open_pullback_0_5atr;M0_no_mask;X7_time_12;val_eval;0.2;3311;1764.796707222057;2155.5191447840007;0.8187339516295055;-0.11800738071940303;-1.0;425.8051108738571;0.30806402899426155;0.0;{'SL': 2087, 'TIME': 1224};1.0000000000000122;;0.7555429843578716;2;0.8104382193524827;1.9907733821684244;2
S1_fractal0_buffer_0_5_entry_floor_1;E2_open_pullback_0_5atr;M1_frozen_movement_top5;X0_fixed_r_0_7;val_select;0.2;172;67.90000000000005;71.96524179400055;0.9435110382087343;-0.023635126709305197;0.6999999999999886;19.166794680024584;0.563953488372093;0.005813953488372093;{'TP': 97, 'SL': 71, 'TIME': 4};1.0000000000000064;0.7000000000000044;0.7007495482106914;1;0.6815389276038541;1.8539901477832514;3
S1_fractal0_buffer_0_5_entry_floor_1;E2_open_pullback_0_5atr;M1_frozen_movement_top5;X0_fixed_r_0_7;val_eval;0.2;14;7.700000000000031;3.0;2.566666666666677;0.33571428571428796;0.6999999999999985;2.0;0.7857142857142857;0.0;{'TP': 11, 'SL': 3};0.9999999999999906;0.6999999999999934;0.9333333333333411;0;2.566666666666677;1.0;1
S1_fractal0_buffer_0_5_entry_floor_1;E2_open_pullback_0_5atr;M1_frozen_movement_top5;X1_ml_opposite_strong_p0_55;val_select;0.2;172;84.59845591881339;76.15475799745874;1.110875513800942;0.04909126698461994;-0.28838511326859706;13.753386175334166;0.3313953488372093;0.0;{'ML_CLOSE': 65, 'SL': 58, 'TIME': 49};1.0000000000000064;;0.7768291882192251;2;0.8443735342831679;1.7392869761734204;3
S1_fractal0_buffer_0_5_entry_floor_1;E2_open_pullback_0_5atr;M1_frozen_movement_top5;X1_ml_opposite_strong_p0_55;val_eval;0.2;14;4.507979689820739;6.903912979351018;0.6529600971657233;-0.17113809210930558;-0.34841666666667503;3.855394161692831;0.35714285714285715;0.0;{'SL': 6, 'ML_CLOSE': 6, 'TIME': 2};0.9999999999999906;;0.059480846584985717;1;0.6529600971657233;1.0;1
S1_fractal0_buffer_0_5_entry_floor_1;E2_open_pullback_0_5atr;M1_frozen_movement_top5;X1_ml_opposite_strong_p0_65;val_select;0.2;172;81.71819298144825;110.1797891315739;0.7416804263789475;-0.16547439622166069;-1.0;32.43172923288407;0.23837209302325582;0.0;{'SL': 100, 'TIME': 51, 'ML_CLOSE': 21};1.0000000000000064;;0.48780870049505337;3;0.5914819645116302;1.7379319774318627;3
S1_fractal0_buffer_0_5_entry_floor_1;E2_open_pullback_0_5atr;M1_frozen_movement_top5;X1_ml_opposite_strong_p0_65;val_eval;0.2;14;3.967663043478316;11.396654719235363;0.34814277884383593;-0.5306422625540747;-1.0;8.822741675757118;0.14285714285714285;0.0;{'SL': 11, 'TIME': 2, 'ML_CLOSE': 1};0.9999999999999906;;0.0;1;0.34814277884383593;1.0;1
S1_fractal0_buffer_0_5_entry_floor_1;E2_open_pullback_0_5atr;M1_frozen_movement_top5;X1_ml_opposite_strong_p0_75;val_select;0.2;172;81.40661106054431;123.41195134668087;0.6596331244440186;-0.2442170946868404;-1.0;41.90271200077983;0.22674418604651161;0.0;{'SL': 121, 'TIME': 51};1.0000000000000064;;0.4219272151678585;3;0.5110846782312061;1.7316794641519466;3
S1_fractal0_buffer_0_5_entry_floor_1;E2_open_pullback_0_5atr;M1_frozen_movement_top5;X1_ml_opposite_strong_p0_75;val_eval;0.2;14;3.967663043478316;12.0;0.3306385869565263;-0.5737383540372631;-1.0;9.426086956521756;0.14285714285714285;0.0;{'SL': 12, 'TIME': 2};0.9999999999999906;;0.0;1;0.3306385869565263;1.0;1
S1_fractal0_buffer_0_5_entry_floor_1;E2_open_pullback_0_5atr;M1_frozen_movement_top5;X2_ml_opposite_any_p0_50;val_select;0.2;172;79.47216007840065;43.024051025465425;1.8471566062285028;0.21190761077287928;-0.013388310483458624;12.023702061543213;0.48255813953488375;0.0;{'ML_CLOSE': 126, 'SL': 29, 'TIME': 17};1.0000000000000064;;1.2321766746079013;1;0.771676904253695;1.526521253719832;3
S1_fractal0_buffer_0_5_entry_floor_1;E2_open_pullback_0_5atr;M1_frozen_movement_top5;X2_ml_opposite_any_p0_50;val_eval;0.2;14;4.12771030774035;1.5385477016322175;2.682861443529724;0.18494018615058083;0.014787664307366524;0.8839521281915581;0.5;0.0;{'ML_CLOSE': 13, 'TIME': 1};0.9999999999999906;;0.6545970896563125;0;2.682861443529724;1.0;1
S1_fractal0_buffer_0_5_entry_floor_1;E2_open_pullback_0_5atr;M1_frozen_movement_top5;X2_ml_opposite_any_p0_55;val_select;0.2;172;76.40982845683008;44.6051574474006;1.7130267625875835;0.18491087796179928;-0.019694244604326762;10.946257211514524;0.47674418604651164;0.0;{'ML_CLOSE': 121, 'SL': 29, 'TIME': 22};1.0000000000000064;;1.171144531807627;1;1.69002766634166;1.6235182731499356;3
S1_fractal0_buffer_0_5_entry_floor_1;E2_open_pullback_0_5atr;M1_frozen_movement_top5;X2_ml_opposite_any_p0_55;val_eval;0.2;14;5.625536394696873;1.5385477016322175;3.6563938763347035;0.2919277637903326;0.03896640826874752;0.8839521281915568;0.5;0.0;{'ML_CLOSE': 12, 'TIME': 2};0.9999999999999906;;0.9028911428397098;0;3.6563938763347035;1.0;1
S1_fractal0_buffer_0_5_entry_floor_1;E2_open_pullback_0_5atr;M1_frozen_movement_top5;X2_ml_opposite_any_p0_60;val_select;0.2;172;80.38408500635202;44.70967970836676;1.7979123431588648;0.20740933312782137;-0.03345260514752589;10.953778678592812;0.46511627906976744;0.0;{'ML_CLOSE': 109, 'TIME': 34, 'SL': 29};1.0000000000000064;;1.2309317317105304;2;0.8378650359266065;1.5626076859529345;3
S1_fractal0_buffer_0_5_entry_floor_1;E2_open_pullback_0_5atr;M1_frozen_movement_top5;X2_ml_opposite_any_p0_60;val_eval;0.2;14;5.930956707269979;1.9607860737252814;3.0247852056608107;0.28358361668176413;0.02966408268736053;0.7770783272463473;0.5;0.0;{'ML_CLOSE': 12, 'TIME': 2};0.9999999999999906;;0.7261456405785617;0;3.0247852056608107;1.0;1
S1_fractal0_buffer_0_5_entry_floor_1;E2_open_pullback_0_5atr;M1_frozen_movement_top5;X3_ml_hold_close_p0_50;val_select;0.2;172;84.40961333748157;104.21105282799087;0.809987146726238;-0.11512464820063531;-1.0;28.090095391288582;0.28488372093023256;0.0;{'SL': 99, 'TIME': 51, 'ML_CLOSE': 22};1.0000000000000064;;0.546191336234387;3;0.6225802193493323;1.7340478968716826;3
S1_fractal0_buffer_0_5_entry_floor_1;E2_open_pullback_0_5atr;M1_frozen_movement_top5;X3_ml_hold_close_p0_50;val_eval;0.2;14;3.967663043478316;11.396654719235363;0.34814277884383593;-0.5306422625540747;-1.0;8.822741675757118;0.14285714285714285;0.0;{'SL': 11, 'TIME': 2, 'ML_CLOSE': 1};0.9999999999999906;;0.0;1;0.34814277884383593;1.0;1
S1_fractal0_buffer_0_5_entry_floor_1;E2_open_pullback_0_5atr;M1_frozen_movement_top5;X3_ml_hold_close_p0_60;val_select;0.2;172;81.40661106054431;123.41195134668087;0.6596331244440186;-0.2442170946868404;-1.0;41.90271200077983;0.22674418604651161;0.0;{'SL': 121, 'TIME': 51};1.0000000000000064;;0.4580863213544311;3;0.5110846782312061;1.7316794641519466;3
S1_fractal0_buffer_0_5_entry_floor_1;E2_open_pullback_0_5atr;M1_frozen_movement_top5;X3_ml_hold_close_p0_60;val_eval;0.2;14;3.967663043478316;12.0;0.3306385869565263;-0.5737383540372631;-1.0;9.426086956521756;0.14285714285714285;0.0;{'SL': 12, 'TIME': 2};0.9999999999999906;;0.0;1;0.3306385869565263;1.0;1
S1_fractal0_buffer_0_5_entry_floor_1;E2_open_pullback_0_5atr;M1_frozen_movement_top5;X3_ml_hold_close_p0_70;val_select;0.2;172;81.40661106054431;123.41195134668087;0.6596331244440186;-0.2442170946868404;-1.0;41.90271200077983;0.22674418604651161;0.0;{'SL': 121, 'TIME': 51};1.0000000000000064;;0.4506349940926376;3;0.5110846782312061;1.7316794641519466;3
S1_fractal0_buffer_0_5_entry_floor_1;E2_open_pullback_0_5atr;M1_frozen_movement_top5;X3_ml_hold_close_p0_70;val_eval;0.2;14;3.967663043478316;12.0;0.3306385869565263;-0.5737383540372631;-1.0;9.426086956521756;0.14285714285714285;0.0;{'SL': 12, 'TIME': 2};0.9999999999999906;;0.0;1;0.3306385869565263;1.0;1
S1_fractal0_buffer_0_5_entry_floor_1;E2_open_pullback_0_5atr;M1_frozen_movement_top5;X7_time_6;val_select;0.2;172;72.54056354236018;91.16044371477423;0.7957460559245132;-0.10825511728147709;-0.5772932118701283;26.84567515961408;0.3546511627906977;0.0;{'TIME': 87, 'SL': 85};1.0000000000000064;;0.5535688242931562;2;0.7747792887207833;1.7620889994783175;3
S1_fractal0_buffer_0_5_entry_floor_1;E2_open_pullback_0_5atr;M1_frozen_movement_top5;X7_time_6;val_eval;0.2;14;7.028272400176229;7.0;1.0040389143108899;0.002019457155444953;-0.3920353982300878;3.0020120724345603;0.5;0.0;{'SL': 7, 'TIME': 7};0.9999999999999906;;0.40500228354667334;0;1.0040389143108899;1.0;1
S1_fractal0_buffer_0_5_entry_floor_1;E2_open_pullback_0_5atr;M1_frozen_movement_top5;X7_time_12;val_select;0.2;172;84.34516685998773;110.20691874068874;0.7653345890056831;-0.15035902256221514;-1.0;35.4357330436597;0.313953488372093;0.0;{'SL': 108, 'TIME': 64};1.0000000000000064;;0.5460538179048385;3;0.5486145439168807;1.730620330001494;3
S1_fractal0_buffer_0_5_entry_floor_1;E2_open_pullback_0_5atr;M1_frozen_movement_top5;X7_time_12;val_eval;0.2;14;5.151245608295679;8.60208333333336;0.59883698037828;-0.2464884089312629;-1.0;4.123754391704405;0.35714285714285715;0.0;{'SL': 8, 'TIME': 6};0.9999999999999906;;0.1871315389200943;1;0.59883698037828;1.0;1
S1_fractal0_buffer_0_5_entry_floor_1;E3_open_pullback_1_0atr;M0_no_mask;X0_fixed_r_0_7;val_select;0.2;2294;1182.9771179470788;590.9505295489889;2.0018208949739367;0.2580761065379642;0.6999999999999929;8.900000000000034;0.7393199651264167;0.0034873583260680036;{'TP': 1687, 'SL': 586, 'TIME': 21};1.0000000000000056;0.7000000000000038;1.8309204768365537;0;1.715843716320925;2.168588888092307;3
S1_fractal0_buffer_0_5_entry_floor_1;E3_open_pullback_1_0atr;M0_no_mask;X0_fixed_r_0_7;val_eval;0.2;2298;1151.995802041807;638.988035228502;1.8028440886688177;0.22324097772554627;0.6999999999999889;7.099999999999994;0.7175805047867712;0.0026109660574412533;{'TP': 1645, 'SL': 634, 'TIME': 19};1.000000000000008;0.7000000000000055;1.651206330937048;0;1.744119738206366;1.9903155640786327;2
S1_fractal0_buffer_0_5_entry_floor_1;E3_open_pullback_1_0atr;M0_no_mask;X1_ml_opposite_strong_p0_55;val_select;0.2;2294;1793.1159558467714;955.7668515122228;1.8761018474429065;0.36501704635333415;-0.2533333333333303;22.53526230421707;0.3931996512641674;0.0;{'ML_CLOSE': 970, 'SL': 725, 'TIME': 599};1.0000000000000056;;1.7007017587794437;0;1.8388660565155426;2.2007934880458473;3
S1_fractal0_buffer_0_5_entry_floor_1;E3_open_pullback_1_0atr;M0_no_mask;X1_ml_opposite_strong_p0_55;val_eval;0.2;2298;1627.341145150841;1016.3376747683128;1.6011815615531662;0.26588488702459884;-0.3118823529411816;23.700056044403027;0.34551784160139254;0.0;{'ML_CLOSE': 1009, 'SL': 757, 'TIME': 532};1.000000000000008;;1.4421032269458331;0;1.5025525226789558;1.9674246826680668;2
S1_fractal0_buffer_0_5_entry_floor_1;E3_open_pullback_1_0atr;M0_no_mask;X1_ml_opposite_strong_p0_65;val_select;0.2;2294;1679.8634481540626;1378.9879026758472;1.2181857758827206;0.13115760482921335;-1.0;33.809373253325994;0.28596338273757627;0.0;{'SL': 1197, 'TIME': 614, 'ML_CLOSE': 483};1.0000000000000056;;1.0993952055189744;0;1.1968887244609843;2.1897399724476916;3
S1_fractal0_buffer_0_5_entry_floor_1;E3_open_pullback_1_0atr;M0_no_mask;X1_ml_opposite_strong_p0_65;val_eval;0.2;2298;1522.5165384206741;1460.624417182327;1.0423737413329994;0.02693303796272716;-1.0;71.05164008279469;0.24978241949521324;0.0;{'SL': 1259, 'TIME': 542, 'ML_CLOSE': 497};1.000000000000008;;0.9333897627859947;1;0.9615546624510782;1.9597127095258038;2
S1_fractal0_buffer_0_5_entry_floor_1;E3_open_pullback_1_0atr;M0_no_mask;X1_ml_opposite_strong_p0_75;val_select;0.2;2294;1650.2816553898724;1641.8165244551055;1.0051559542791033;0.0036901181058268144;-1.0;106.52171879577924;0.25719267654751526;0.0;{'SL': 1598, 'TIME': 621, 'ML_CLOSE': 75};1.0000000000000056;;0.9004937496906362;1;0.9836010317408037;2.197359323592934;3
S1_fractal0_buffer_0_5_entry_floor_1;E3_open_pullback_1_0atr;M0_no_mask;X1_ml_opposite_strong_p0_75;val_eval;0.2;2298;1498.976910533879;1732.9345203611983;0.8649933929537308;-0.10180922968986922;-1.0;259.3616888056948;0.21888598781549173;0.0;{'SL': 1692, 'TIME': 543, 'ML_CLOSE': 63};1.000000000000008;;0.7728975923359405;2;0.8076762202848252;1.9599161353883985;2
S1_fractal0_buffer_0_5_entry_floor_1;E3_open_pullback_1_0atr;M0_no_mask;X2_ml_opposite_any_p0_50;val_select;0.2;2294;1562.892175179512;564.9917217390405;2.7662213711183963;0.4350045568615829;0.053586956521737075;8.837593203897537;0.5326939843068875;0.0;{'ML_CLOSE': 1573, 'SL': 374, 'TIME': 347};1.0000000000000056;;2.5183387667553747;0;2.3018362759655377;2.0773542742130595;3
S1_fractal0_buffer_0_5_entry_floor_1;E3_open_pullback_1_0atr;M0_no_mask;X2_ml_opposite_any_p0_50;val_eval;0.2;2298;1389.288915947046;596.0900409345982;2.330669564230274;0.34516922324301463;-9.529491845902382e-15;10.461120688259939;0.49825935596170584;0.0;{'ML_CLOSE': 1613, 'SL': 395, 'TIME': 290};1.000000000000008;;2.09320141983292;0;2.3213997914015034;1.9765146768536106;2
S1_fractal0_buffer_0_5_entry_floor_1;E3_open_pullback_1_0atr;M0_no_mask;X2_ml_opposite_any_p0_55;val_select;0.2;2294;1678.0173666269561;570.148256827639;2.943124611068023;0.48294207053152455;0.056262204259534404;9.56149366174543;0.532258064516129;0.0;{'ML_CLOSE': 1507, 'TIME': 407, 'SL': 380};1.0000000000000056;;2.6666213236003853;0;2.6110280961686985;2.183759764978069;3
S1_fractal0_buffer_0_5_entry_floor_1;E3_open_pullback_1_0atr;M0_no_mask;X2_ml_opposite_any_p0_55;val_eval;0.2;2298;1437.3888152761842;605.8137589393284;2.3726579234396974;0.3618690410517216;-0.008179993308791628;10.565287354926568;0.4930374238468233;0.0;{'ML_CLOSE': 1559, 'SL': 402, 'TIME': 337};1.000000000000008;;2.153155103622587;0;2.3198456545792494;1.970727762330109;2
S1_fractal0_buffer_0_5_entry_floor_1;E3_open_pullback_1_0atr;M0_no_mask;X2_ml_opposite_any_p0_60;val_select;0.2;2294;1692.2235768220664;628.0432945375721;2.694437774497775;0.4638972459827787;0.008733790999179902;9.822895513100207;0.505231037489102;0.0;{'ML_CLOSE': 1420, 'TIME': 448, 'SL': 426};1.0000000000000056;;2.433202051621731;0;2.360179683651348;2.161470865251948;3
S1_fractal0_buffer_0_5_entry_floor_1;E3_open_pullback_1_0atr;M0_no_mask;X2_ml_opposite_any_p0_60;val_eval;0.2;2298;1460.4088725774095;651.5024708288352;2.2416014335594023;0.35200452643541086;-0.04037037037037665;12.512679994938992;0.469538729329852;0.0;{'ML_CLOSE': 1476, 'SL': 442, 'TIME': 380};1.000000000000008;;2.009471521529555;0;2.191303556111649;1.9782123747756284;2
S1_fractal0_buffer_0_5_entry_floor_1;E3_open_pullback_1_0atr;M0_no_mask;X3_ml_hold_close_p0_50;val_select;0.2;2294;1847.3102985242394;1162.7913261193214;1.5886859981054546;0.2983953672209755;-0.43899613899613443;27.99783801388628;0.39145597210113336;0.0;{'SL': 1054, 'ML_CLOSE': 622, 'TIME': 618};1.0000000000000056;;1.4624044077647895;0;1.5612904403840273;2.201888451436438;3
S1_fractal0_buffer_0_5_entry_floor_1;E3_open_pullback_1_0atr;M0_no_mask;X3_ml_hold_close_p0_50;val_eval;0.2;2298;1718.215442966973;1252.4422619115194;1.3718919388304374;0.2026863277003714;-0.8011111111111;31.203948370444422;0.3429068755439513;0.0;{'SL': 1141, 'ML_CLOSE': 619, 'TIME': 538};1.000000000000008;;1.2242164718541588;0;1.3369507409227608;1.9677222020495837;2
S1_fractal0_buffer_0_5_entry_floor_1;E3_open_pullback_1_0atr;M0_no_mask;X3_ml_hold_close_p0_60;val_select;0.2;2294;1663.890605780201;1637.7103891995964;1.0159858646273836;0.011412474533829289;-1.0;95.31155354159667;0.2654751525719268;0.0;{'SL': 1616, 'TIME': 620, 'ML_CLOSE': 58};1.0000000000000056;;0.924075321337589;1;0.9968516885266248;2.1904807936518353;3
S1_fractal0_buffer_0_5_entry_floor_1;E3_open_pullback_1_0atr;M0_no_mask;X3_ml_hold_close_p0_60;val_eval;0.2;2298;1515.549035714016;1729.7934335581008;0.8761445189421292;-0.09323080846130744;-1.0;238.87177645464482;0.2288946910356832;0.0;{'SL': 1712, 'TIME': 543, 'ML_CLOSE': 43};1.000000000000008;;0.7923727238923366;2;0.8123779899979671;1.9580083515962647;2
S1_fractal0_buffer_0_5_entry_floor_1;E3_open_pullback_1_0atr;M0_no_mask;X3_ml_hold_close_p0_70;val_select;0.2;2294;1648.7982724203787;1683.7620632400758;0.9792347199268666;-0.015241408378246267;-1.0;121.12778881774955;0.25414123801220573;0.0;{'SL': 1671, 'TIME': 621, 'ML_CLOSE': 2};1.0000000000000056;;0.881712006592612;1;0.9580558632200586;2.1967900621805274;3
S1_fractal0_buffer_0_5_entry_floor_1;E3_open_pullback_1_0atr;M0_no_mask;X3_ml_hold_close_p0_70;val_eval;0.2;2298;1497.5292426135834;1765.6545540490524;0.8481439583860864;-0.11667768121647908;-1.0;291.2638011571403;0.21714534377719757;0.0;{'SL': 1752, 'TIME': 543, 'ML_CLOSE': 3};1.000000000000008;;0.7615714842147414;2;0.788757605886136;1.9597933927403488;2
S1_fractal0_buffer_0_5_entry_floor_1;E3_open_pullback_1_0atr;M0_no_mask;X7_time_6;val_select;0.2;2294;1211.2569481630376;1262.5080111221987;0.9594053562372203;-0.022341352641308244;-1.0;79.08129762055275;0.3910200523103749;0.0;{'SL': 1197, 'TIME': 1097};1.0000000000000056;;0.8729781774804108;2;0.872435573704368;2.1037122823967382;3
S1_fractal0_buffer_0_5_entry_floor_1;E3_open_pullback_1_0atr;M0_no_mask;X7_time_6;val_eval;0.2;2298;1086.1928263469754;1330.6776978750881;0.8162704072379646;-0.10639028351963134;-1.0;258.8462069672886;0.3516100957354221;0.0;{'SL': 1257, 'TIME': 1041};1.000000000000008;;0.7444635798197095;2;0.805458768572753;1.9793168013153466;2
S1_fractal0_buffer_0_5_entry_floor_1;E3_open_pullback_1_0atr;M0_no_mask;X7_time_12;val_select;0.2;2294;1413.7803387764136;1470.7755748584111;0.9612481760941098;-0.02484535138709572;-1.0;107.48310995334847;0.32519616390584133;0.0;{'SL': 1443, 'TIME': 851};1.0000000000000056;;0.8714346665502889;2;0.9053778553704354;2.1782075073097116;3
S1_fractal0_buffer_0_5_entry_floor_1;E3_open_pullback_1_0atr;M0_no_mask;X7_time_12;val_eval;0.2;2298;1289.4875753732063;1548.5591801949963;0.832701514972668;-0.1127378611060878;-1.0;267.77800299267386;0.2919930374238468;0.0;{'SL': 1514, 'TIME': 784};1.000000000000008;;0.7564683385806927;2;0.7872821281851246;1.967870182573583;2
S1_fractal0_buffer_0_5_entry_floor_1;E3_open_pullback_1_0atr;M1_frozen_movement_top5;X0_fixed_r_0_7;val_select;0.2;117;55.99999999999998;36.7715;1.522918564649252;0.16434615384615367;0.6999999999999931;7.799999999999957;0.6837606837606838;0.0;{'TP': 80, 'SL': 36, 'TIME': 1};1.0;0.7;1.1257161363814039;0;1.1028894578397965;1.8348623853210992;2
S1_fractal0_buffer_0_5_entry_floor_1;E3_open_pullback_1_0atr;M1_frozen_movement_top5;X0_fixed_r_0_7;val_eval;0.2;9;4.200000000000057;3.0;1.400000000000019;0.13333333333333958;0.7000000000000053;1.0;0.6666666666666666;0.1111111111111111;{'TP': 6, 'SL': 3};0.9999999999999895;0.6999999999999926;0.560000000000006;0;1.400000000000019;1.0;1
S1_fractal0_buffer_0_5_entry_floor_1;E3_open_pullback_1_0atr;M1_frozen_movement_top5;X1_ml_opposite_strong_p0_55;val_select;0.2;117;65.4111935773787;51.7051360685619;1.2650811611953274;0.11714579067364794;-0.17849462365592364;11.935671191553592;0.42735042735042733;0.0;{'SL': 45, 'ML_CLOSE': 43, 'TIME': 29};1.0;;0.830605415174236;0;1.2043810360471727;1.9805297830908621;2
S1_fractal0_buffer_0_5_entry_floor_1;E3_open_pullback_1_0atr;M1_frozen_movement_top5;X1_ml_opposite_strong_p0_55;val_eval;0.2;9;2.4148359355668165;3.6908888888889377;0.654269474986485;-0.1417836614802357;-0.26200000000003454;2.391111111111109;0.4444444444444444;0.0;{'ML_CLOSE': 4, 'SL': 3, 'TIME': 2};0.9999999999999895;;0.10079580470263859;1;0.654269474986485;1.0;1
S1_fractal0_buffer_0_5_entry_floor_1;E3_open_pullback_1_0atr;M1_frozen_movement_top5;X1_ml_opposite_strong_p0_65;val_select;0.2;117;59.10283264834861;79.64060427362314;0.7421193395932505;-0.17553650961773087;-1.0;23.162603362098288;0.2564102564102564;0.0;{'SL': 77, 'TIME': 31, 'ML_CLOSE': 9};1.0;;0.48840842662706296;2;0.6640365996580808;1.9856960243617936;2
S1_fractal0_buffer_0_5_entry_floor_1;E3_open_pullback_1_0atr;M1_frozen_movement_top5;X1_ml_opposite_strong_p0_65;val_eval;0.2;9;1.9767441860464796;6.083221350078508;0.3249502315119551;-0.4562752404480032;-1.0;4.0;0.2222222222222222;0.0;{'SL': 5, 'ML_CLOSE': 2, 'TIME': 2};0.9999999999999895;;0.0;1;0.3249502315119551;1.0;1
S1_fractal0_buffer_0_5_entry_floor_1;E3_open_pullback_1_0atr;M1_frozen_movement_top5;X1_ml_opposite_strong_p0_75;val_select;0.2;117;59.09605298733163;86.19167184942717;0.6856353023360503;-0.23158648600081647;-1.0;28.743242621711307;0.24786324786324787;0.0;{'SL': 85, 'TIME': 31, 'ML_CLOSE': 1};1.0;;0.4424505619902859;2;0.6037396106549527;1.9857311372997453;2
S1_fractal0_buffer_0_5_entry_floor_1;E3_open_pullback_1_0atr;M1_frozen_movement_top5;X1_ml_opposite_strong_p0_75;val_eval;0.2;9;1.9767441860464796;7.0;0.2823920265780685;-0.5581395348837245;-1.0;4.02325581395352;0.2222222222222222;0.0;{'SL': 7, 'TIME': 2};0.9999999999999895;;0.0;1;0.2823920265780685;1.0;1
S1_fractal0_buffer_0_5_entry_floor_1;E3_open_pullback_1_0atr;M1_frozen_movement_top5;X2_ml_opposite_any_p0_50;val_select;0.2;117;49.42705467957257;31.05116538128515;1.5917938690108795;0.1570588828913456;0.06595744680854676;6.330191241734085;0.5299145299145299;0.0;{'ML_CLOSE': 85, 'SL': 21, 'TIME': 11};1.0;;0.9846015999341294;0;1.3183385536894894;1.9503366394809538;2
S1_fractal0_buffer_0_5_entry_floor_1;E3_open_pullback_1_0atr;M1_frozen_movement_top5;X2_ml_opposite_any_p0_50;val_eval;0.2;9;3.5328746292265207;1.3066666666666404;2.7037305835917795;0.24735644028443105;0.10000000000001587;1.3066666666666404;0.7777777777777778;0.0;{'ML_CLOSE': 8, 'SL': 1};0.9999999999999895;;0.43387269128173495;0;2.7037305835917795;1.0;1
S1_fractal0_buffer_0_5_entry_floor_1;E3_open_pullback_1_0atr;M1_frozen_movement_top5;X2_ml_opposite_any_p0_55;val_select;0.2;117;56.497632004832006;30.353620864340343;1.8613144131086463;0.22345308667086894;0.07653061224487512;5.843398788903864;0.5641025641025641;0.0;{'ML_CLOSE': 79, 'SL': 21, 'TIME': 17};1.0;;1.1757961418782865;0;1.6074725117757418;1.955102000677079;2
S1_fractal0_buffer_0_5_entry_floor_1;E3_open_pullback_1_0atr;M1_frozen_movement_top5;X2_ml_opposite_any_p0_55;val_eval;0.2;9;4.022590391500396;1.0;4.022590391500396;0.3358433768333773;0.10465116279065648;1.0;0.8888888888888888;0.0;{'ML_CLOSE': 8, 'SL': 1};0.9999999999999895;;0.9124946972854606;0;4.022590391500396;1.0;1
S1_fractal0_buffer_0_5_entry_floor_1;E3_open_pullback_1_0atr;M1_frozen_movement_top5;X2_ml_opposite_any_p0_60;val_select;0.2;117;57.61782462169244;33.070251961262855;1.7422856254371335;0.20980831333700511;0.0;5.843398788903863;0.49572649572649574;0.0;{'ML_CLOSE': 73, 'SL': 23, 'TIME': 21};1.0;;0.9995143930030765;0;1.5293872965493132;1.99995298221812;2
S1_fractal0_buffer_0_5_entry_floor_1;E3_open_pullback_1_0atr;M1_frozen_movement_top5;X2_ml_opposite_any_p0_60;val_eval;0.2;9;2.186156282973288;1.0465116279069877;2.0889937815077864;0.12662718389625555;0.04799999999995634;1.0;0.7777777777777778;0.0;{'ML_CLOSE': 7, 'SL': 1, 'TIME': 1};0.9999999999999895;;0.40499085038535837;0;2.0889937815077864;1.0;1
S1_fractal0_buffer_0_5_entry_floor_1;E3_open_pullback_1_0atr;M1_frozen_movement_top5;X3_ml_hold_close_p0_50;val_select;0.2;117;67.62063741093483;65.83209937411402;1.0271681756137963;0.015286649887357444;-1.0;13.138235294117653;0.37606837606837606;0.0;{'SL': 64, 'TIME': 31, 'ML_CLOSE': 22};1.0;;0.6980375688368652;0;1.0085504796674472;1.9664918193213257;2
S1_fractal0_buffer_0_5_entry_floor_1;E3_open_pullback_1_0atr;M1_frozen_movement_top5;X3_ml_hold_close_p0_50;val_eval;0.2;9;1.9767441860464796;6.207221350078487;0.3184587876862946;-0.47005301822577855;-1.0;4.0;0.2222222222222222;0.0;{'SL': 6, 'TIME': 2, 'ML_CLOSE': 1};0.9999999999999895;;0.07539244186046022;1;0.3184587876862946;1.0;1
S1_fractal0_buffer_0_5_entry_floor_1;E3_open_pullback_1_0atr;M1_frozen_movement_top5;X3_ml_hold_close_p0_60;val_select;0.2;117;59.09605298733163;86.86188461538462;0.6803450471861484;-0.2373148002397691;-1.0;29.413455387668765;0.24786324786324787;0.0;{'SL': 86, 'TIME': 31};1.0;;0.4463994621992537;2;0.6037396106549527;1.9857311372997453;2
S1_fractal0_buffer_0_5_entry_floor_1;E3_open_pullback_1_0atr;M1_frozen_movement_top5;X3_ml_hold_close_p0_60;val_eval;0.2;9;1.9767441860464796;7.0;0.2823920265780685;-0.5581395348837245;-1.0;4.02325581395352;0.2222222222222222;0.0;{'SL': 7, 'TIME': 2};0.9999999999999895;;0.0;1;0.2823920265780685;1.0;1
S1_fractal0_buffer_0_5_entry_floor_1;E3_open_pullback_1_0atr;M1_frozen_movement_top5;X3_ml_hold_close_p0_70;val_select;0.2;117;59.09605298733163;86.86188461538462;0.6803450471861484;-0.2373148002397691;-1.0;29.413455387668765;0.24786324786324787;0.0;{'SL': 86, 'TIME': 31};1.0;;0.4163581109079579;2;0.6037396106549527;1.9857311372997453;2
S1_fractal0_buffer_0_5_entry_floor_1;E3_open_pullback_1_0atr;M1_frozen_movement_top5;X3_ml_hold_close_p0_70;val_eval;0.2;9;1.9767441860464796;7.0;0.2823920265780685;-0.5581395348837245;-1.0;4.02325581395352;0.2222222222222222;0.0;{'SL': 7, 'TIME': 2};0.9999999999999895;;0.0;1;0.2823920265780685;1.0;1
S1_fractal0_buffer_0_5_entry_floor_1;E3_open_pullback_1_0atr;M1_frozen_movement_top5;X7_time_6;val_select;0.2;117;48.395709364109415;67.36269241157926;0.7184349026374497;-0.16211096621769097;-1.0;21.75570985725953;0.3504273504273504;0.0;{'SL': 63, 'TIME': 54};1.0;;0.4716477166006505;2;0.5171542233472302;1.743263155767756;2
S1_fractal0_buffer_0_5_entry_floor_1;E3_open_pullback_1_0atr;M1_frozen_movement_top5;X7_time_6;val_eval;0.2;9;2.604651162790668;3.5657674418605225;0.7304601899196294;-0.10679069767442825;-0.20697674418607195;2.469767441860519;0.3333333333333333;0.0;{'TIME': 6, 'SL': 3};0.9999999999999895;;0.13567710299290353;1;0.7304601899196294;1.0;1
S1_fractal0_buffer_0_5_entry_floor_1;E3_open_pullback_1_0atr;M1_frozen_movement_top5;X7_time_12;val_select;0.2;117;50.54327203269395;74.94545128994994;0.6744007963492203;-0.20856563467740166;-1.0;30.101150236260295;0.3418803418803419;0.0;{'SL': 74, 'TIME': 43};1.0;;0.43099978790907906;2;0.5931134663734065;1.836532069028158;2
S1_fractal0_buffer_0_5_entry_floor_1;E3_open_pullback_1_0atr;M1_frozen_movement_top5;X7_time_12;val_eval;0.2;9;3.259328165374623;5.0;0.6518656330749246;-0.19340798162504186;-1.0;2.0;0.4444444444444444;0.0;{'SL': 5, 'TIME': 4};0.9999999999999895;;0.1101439645625663;1;0.6518656330749246;1.0;1
S2_fractal0_buffer_0_5_entry_floor_2;E1_simple_limit_at_fractal0;M0_no_mask;X0_fixed_r_0_7;val_select;0.2;2639;1040.4622329495462;1053.704302503329;0.9874328409570663;-0.00501783613254369;0.6999999999999899;49.1769443028837;0.5763546798029556;0.0015157256536566881;{'TP': 1470, 'SL': 1019, 'TIME': 150};2.0;1.4;0.9365319846744399;2;0.9410507953129877;2.168187230717623;3
S2_fractal0_buffer_0_5_entry_floor_2;E1_simple_limit_at_fractal0;M0_no_mask;X0_fixed_r_0_7;val_eval;0.2;2690;1090.2816780371377;1076.6339751702706;1.0126762699130953;0.0050734954895416936;0.6999999999999899;73.50883866211694;0.587732342007435;0.0011152416356877324;{'TP': 1547, 'SL': 1062, 'TIME': 81};2.0;1.4;0.9533690681999668;1;0.9772934204527335;1.9962556784962482;2
S2_fractal0_buffer_0_5_entry_floor_2;E1_simple_limit_at_fractal0;M0_no_mask;X1_ml_opposite_strong_p0_55;val_select;0.2;2639;1384.9755112728503;1149.488971950557;1.2048619387123813;0.08923324718540865;-0.31269841269841364;29.36983243704458;0.40166729821902236;0.0;{'TIME': 1190, 'SL': 802, 'ML_CLOSE': 647};2.0;;1.1122642361972712;0;1.1903027849108052;2.214074034637705;3
S2_fractal0_buffer_0_5_entry_floor_2;E1_simple_limit_at_fractal0;M0_no_mask;X1_ml_opposite_strong_p0_55;val_eval;0.2;2690;1495.7198591172578;1225.4230703831859;1.2205742614667365;0.10048207759630927;-0.3614682539682499;31.640971433760257;0.38996282527881043;0.0;{'TIME': 1156, 'SL': 860, 'ML_CLOSE': 674};2.0;;1.1236730096704213;0;1.1571193643396134;1.9791219919263963;2
S2_fractal0_buffer_0_5_entry_floor_2;E1_simple_limit_at_fractal0;M0_no_mask;X1_ml_opposite_strong_p0_65;val_select;0.2;2639;1363.7195664514993;1407.411586339388;0.9689557622574861;-0.016556278851037734;-0.6693069306930669;86.65161014910208;0.37855248200075786;0.0;{'SL': 1245, 'TIME': 1214, 'ML_CLOSE': 180};2.0;;0.8912140340404495;3;0.9565097918976211;2.2142615656532887;3
S2_fractal0_buffer_0_5_entry_floor_2;E1_simple_limit_at_fractal0;M0_no_mask;X1_ml_opposite_strong_p0_65;val_eval;0.2;2690;1477.9094836484333;1495.5346607529586;0.9882147986488982;-0.006552110447778893;-1.0;78.00110879759008;0.37063197026022304;0.0;{'SL': 1351, 'TIME': 1167, 'ML_CLOSE': 172};2.0;;0.9033314103917947;1;0.9403547310127092;1.9788037571887105;2
S2_fractal0_buffer_0_5_entry_floor_2;E1_simple_limit_at_fractal0;M0_no_mask;X1_ml_opposite_strong_p0_75;val_select;0.2;2639;1359.5940024749357;1478.0679462171702;0.91984540085221;-0.044893498954995927;-1.0;149.88442925008727;0.3755210306934445;0.0;{'SL': 1401, 'TIME': 1214, 'ML_CLOSE': 24};2.0;;0.8519223194009252;3;0.9093983929848143;2.2178522362136124;3
S2_fractal0_buffer_0_5_entry_floor_2;E1_simple_limit_at_fractal0;M0_no_mask;X1_ml_opposite_strong_p0_75;val_eval;0.2;2690;1472.8828908794092;1573.4074203319306;0.9361102991167319;-0.03736971355112311;-1.0;137.0107903588304;0.3643122676579926;0.0;{'SL': 1508, 'TIME': 1172, 'ML_CLOSE': 10};2.0;;0.8580504427877149;2;0.8900775470897669;1.9785922986362368;2
S2_fractal0_buffer_0_5_entry_floor_2;E1_simple_limit_at_fractal0;M0_no_mask;X2_ml_opposite_any_p0_50;val_select;0.2;2639;1191.7316513174742;427.53135137749246;2.7874719537590695;0.28957949978779146;0.0048387096774149185;7.419859514687175;0.504357711254263;0.0;{'ML_CLOSE': 1830, 'TIME': 673, 'SL': 136};2.0;;2.526616807524752;0;2.576613434320367;2.200156868886963;3
S2_fractal0_buffer_0_5_entry_floor_2;E1_simple_limit_at_fractal0;M0_no_mask;X2_ml_opposite_any_p0_50;val_eval;0.2;2690;1290.558623740998;438.73502663634713;2.941544543720005;0.3166630472507996;-0.020809943865267452;6.891139822933297;0.47806691449814126;0.0;{'ML_CLOSE': 1901, 'TIME': 647, 'SL': 142};2.0;;2.688693477090567;0;2.7888645193797954;1.9814421107836167;2
S2_fractal0_buffer_0_5_entry_floor_2;E1_simple_limit_at_fractal0;M0_no_mask;X2_ml_opposite_any_p0_55;val_select;0.2;2639;1217.9545113308718;482.3343520138494;2.525124959990203;0.2787495867059577;-0.03235294117647482;9.508340355615871;0.4638120500189466;0.0;{'ML_CLOSE': 1745, 'TIME': 751, 'SL': 143};2.0;;2.351068996665806;0;2.339974801571341;2.2045113072659808;3
S2_fractal0_buffer_0_5_entry_floor_2;E1_simple_limit_at_fractal0;M0_no_mask;X2_ml_opposite_any_p0_55;val_eval;0.2;2690;1304.8634079222043;506.93531279172817;2.574023499637913;0.29662754465816954;-0.05913834227787945;10.53305079067286;0.4382899628252788;0.0;{'ML_CLOSE': 1813, 'TIME': 720, 'SL': 157};2.0;;2.34450476920935;0;2.5428871380584925;1.9913778732178622;2
S2_fractal0_buffer_0_5_entry_floor_2;E1_simple_limit_at_fractal0;M0_no_mask;X2_ml_opposite_any_p0_60;val_select;0.2;2639;1238.4371367635895;567.4859698322012;2.182322035432489;0.2542444740171991;-0.09375000000000815;14.834764865126829;0.4160666919287609;0.0;{'ML_CLOSE': 1631, 'TIME': 836, 'SL': 172};2.0;;1.988870774903767;0;2.11022963921094;2.202900142032292;3
S2_fractal0_buffer_0_5_entry_floor_2;E1_simple_limit_at_fractal0;M0_no_mask;X2_ml_opposite_any_p0_60;val_eval;0.2;2690;1345.1988168497628;581.6544334818873;2.312711361619239;0.2838454956757901;-0.09355144618303504;13.267732846421978;0.4029739776951673;0.0;{'ML_CLOSE': 1681, 'TIME': 810, 'SL': 199};2.0;;2.1466009136074153;0;2.280468095451514;1.9901633502902198;2
S2_fractal0_buffer_0_5_entry_floor_2;E1_simple_limit_at_fractal0;M0_no_mask;X3_ml_hold_close_p0_50;val_select;0.2;2639;1450.6344967994837;1056.7983020154652;1.3726692160963134;0.14923690594316735;-0.09400000000000545;25.483992758034788;0.45737021599090566;0.0;{'TIME': 1198, 'SL': 883, 'ML_CLOSE': 558};2.0;;1.2708112641426783;0;1.311778019394545;2.2257847940065254;3
S2_fractal0_buffer_0_5_entry_floor_2;E1_simple_limit_at_fractal0;M0_no_mask;X3_ml_hold_close_p0_50;val_eval;0.2;2690;1577.765921585089;1113.0183504297643;1.4175560726162997;0.17276861381238842;-0.12585887949260277;26.265386265131013;0.45427509293680296;0.0;{'TIME': 1163, 'SL': 955, 'ML_CLOSE': 572};2.0;;1.3152988360926605;0;1.371624226123729;1.9820335330076595;2
S2_fractal0_buffer_0_5_entry_floor_2;E1_simple_limit_at_fractal0;M0_no_mask;X3_ml_hold_close_p0_60;val_select;0.2;2639;1370.2877964683207;1441.2214980715166;0.9507822345849604;-0.026879007807198187;-1.0;106.08536578972745;0.38537324744221296;0.0;{'SL': 1367, 'TIME': 1214, 'ML_CLOSE': 58};2.0;;0.8753620439479538;3;0.9416347089395196;2.2099501414472793;3
S2_fractal0_buffer_0_5_entry_floor_2;E1_simple_limit_at_fractal0;M0_no_mask;X3_ml_hold_close_p0_60;val_eval;0.2;2690;1483.8123532973132;1535.9600687188317;0.966048781811746;-0.019385767814690865;-1.0;104.62651236445696;0.3754646840148699;0.0;{'SL': 1472, 'TIME': 1171, 'ML_CLOSE': 47};2.0;;0.894367247811346;1;0.9141890578169081;1.9785233219420486;2
S2_fractal0_buffer_0_5_entry_floor_2;E1_simple_limit_at_fractal0;M0_no_mask;X3_ml_hold_close_p0_70;val_select;0.2;2639;1360.957002474936;1484.3304171065677;0.9168827821556566;-0.04675006238409698;-1.0;154.55146770705247;0.37589996210685866;0.0;{'SL': 1419, 'TIME': 1214, 'ML_CLOSE': 6};2.0;;0.8422571945773438;3;0.906010759704244;2.2165255637642893;3
S2_fractal0_buffer_0_5_entry_floor_2;E1_simple_limit_at_fractal0;M0_no_mask;X3_ml_hold_close_p0_70;val_eval;0.2;2690;1472.8828908794092;1577.6024789956837;0.9336210550436381;-0.0389292149131132;-1.0;139.37918235591707;0.3643122676579926;0.0;{'SL': 1518, 'TIME': 1172};2.0;;0.8563575610486536;2;0.8889016607431035;1.9785922986362368;2
S2_fractal0_buffer_0_5_entry_floor_2;E1_simple_limit_at_fractal0;M0_no_mask;X7_time_6;val_select;0.2;2639;764.277064569937;927.6576125729463;0.8238783945836893;-0.0619100219791623;-0.04736842105263323;168.83011201818323;0.47555892383478593;0.0;{'TIME': 1932, 'SL': 707};2.0;;0.7591051206414343;3;0.8127224278372402;2.204437822973245;3
S2_fractal0_buffer_0_5_entry_floor_2;E1_simple_limit_at_fractal0;M0_no_mask;X7_time_6;val_eval;0.2;2690;805.6569442212184;991.6422159361846;0.8124472025029893;-0.06913950621374212;-0.11833003952569603;193.4068806142772;0.445724907063197;0.0;{'TIME': 1946, 'SL': 744};2.0;;0.7452031444852789;2;0.8020679609292016;1.994057901146126;2
S2_fractal0_buffer_0_5_entry_floor_2;E1_simple_limit_at_fractal0;M0_no_mask;X7_time_12;val_select;0.2;2639;1028.2808777449945;1188.6851976890866;0.8650573589576678;-0.0607822356741538;-0.20545454545454464;172.0590151274818;0.4312239484653278;0.0;{'TIME': 1589, 'SL': 1050};2.0;;0.7924419523818722;3;0.8392556540067292;2.244360338384266;3
S2_fractal0_buffer_0_5_entry_floor_2;E1_simple_limit_at_fractal0;M0_no_mask;X7_time_12;val_eval;0.2;2690;1095.5135909408075;1287.1976120716718;0.8510842318745763;-0.07125800042039562;-0.32054521276594933;199.51993600377392;0.41598513011152416;0.0;{'TIME': 1543, 'SL': 1147};2.0;;0.7900584734131207;2;0.8504842366964583;1.9918205639366156;2
S2_fractal0_buffer_0_5_entry_floor_2;E1_simple_limit_at_fractal0;M1_frozen_movement_top5;X0_fixed_r_0_7;val_select;0.2;137;48.91745704467354;62.86196654624492;0.7781725538078261;-0.10178474088738235;0.6999999999999857;15.144509501571363;0.5182481751824818;0.0;{'TP': 69, 'SL': 62, 'TIME': 6};2.0;1.4;0.5906130753687445;2;0.7518654344530823;1.969677796304408;3
S2_fractal0_buffer_0_5_entry_floor_2;E1_simple_limit_at_fractal0;M1_frozen_movement_top5;X0_fixed_r_0_7;val_eval;0.2;11;4.90000000000005;3.3648936170212798;1.4562124565286256;0.1395551257253427;0.7000000000000053;2.3648936170212798;0.6363636363636364;0.0;{'TP': 7, 'SL': 3, 'TIME': 1};2.0;1.4;0.5833333333333396;0;1.4562124565286256;1.0;1
S2_fractal0_buffer_0_5_entry_floor_2;E1_simple_limit_at_fractal0;M1_frozen_movement_top5;X1_ml_opposite_strong_p0_55;val_select;0.2;137;47.98263527020347;71.09352392017618;0.6749227302908543;-0.1686926178830126;-0.48611111111110805;22.110888649972722;0.35036496350364965;0.0;{'SL': 61, 'TIME': 60, 'ML_CLOSE': 16};2.0;;0.4310629250865703;3;0.5667249104915394;1.822171018698638;3
S2_fractal0_buffer_0_5_entry_floor_2;E1_simple_limit_at_fractal0;M1_frozen_movement_top5;X1_ml_opposite_strong_p0_55;val_eval;0.2;11;3.1296066252587895;4.624262759783305;0.6767795836509611;-0.13587783041131957;-0.3648936170212798;3.2754848891032364;0.36363636363636365;0.0;{'TIME': 6, 'ML_CLOSE': 3, 'SL': 2};2.0;;0.16812493008377702;1;0.6767795836509611;1.0;1
S2_fractal0_buffer_0_5_entry_floor_2;E1_simple_limit_at_fractal0;M1_frozen_movement_top5;X1_ml_opposite_strong_p0_65;val_select;0.2;137;47.98263527020347;78.60379255841886;0.6104366431752317;-0.22351209699427288;-1.0;29.621157288215386;0.35036496350364965;0.0;{'SL': 76, 'TIME': 60, 'ML_CLOSE': 1};2.0;;0.4264700416642094;3;0.5411878869991563;1.822171018698638;3
S2_fractal0_buffer_0_5_entry_floor_2;E1_simple_limit_at_fractal0;M1_frozen_movement_top5;X1_ml_opposite_strong_p0_65;val_eval;0.2;11;3.1296066252587895;6.117166344293999;0.5116105152474789;-0.27159633809410993;-0.7522727272727188;4.1792263857018925;0.36363636363636365;0.0;{'TIME': 6, 'SL': 5};2.0;;0.12380209579083945;1;0.5116105152474789;1.0;1
S2_fractal0_buffer_0_5_entry_floor_2;E1_simple_limit_at_fractal0;M1_frozen_movement_top5;X1_ml_opposite_strong_p0_75;val_select;0.2;137;47.98263527020347;79.34421809033375;0.604740161602891;-0.22891666292065896;-1.0;30.36158282013028;0.35036496350364965;0.0;{'SL': 77, 'TIME': 60};2.0;;0.4214558166878452;3;0.5283538756626961;1.822171018698638;3
S2_fractal0_buffer_0_5_entry_floor_2;E1_simple_limit_at_fractal0;M1_frozen_movement_top5;X1_ml_opposite_strong_p0_75;val_eval;0.2;11;3.1296066252587895;6.117166344293999;0.5116105152474789;-0.27159633809410993;-0.7522727272727188;4.1792263857018925;0.36363636363636365;0.0;{'TIME': 6, 'SL': 5};2.0;;0.14229005802564498;1;0.5116105152474789;1.0;1
S2_fractal0_buffer_0_5_entry_floor_2;E1_simple_limit_at_fractal0;M1_frozen_movement_top5;X2_ml_opposite_any_p0_50;val_select;0.2;137;36.36847875051975;27.458828079457845;1.3244730854965832;0.06503394650410149;-0.03645833333333562;6.13282430140706;0.41605839416058393;0.0;{'ML_CLOSE': 98, 'TIME': 29, 'SL': 10};2.0;;0.8326740953136259;1;1.024105884767792;1.8758189153624718;3
S2_fractal0_buffer_0_5_entry_floor_2;E1_simple_limit_at_fractal0;M1_frozen_movement_top5;X2_ml_opposite_any_p0_50;val_eval;0.2;11;2.831135030467331;1.532572605965489;1.8473089101600995;0.11805112950016747;-0.0714285714285869;0.7872108843537369;0.45454545454545453;0.0;{'ML_CLOSE': 9, 'TIME': 2};2.0;;0.4345607493285358;0;1.8473089101600995;1.0;1
S2_fractal0_buffer_0_5_entry_floor_2;E1_simple_limit_at_fractal0;M1_frozen_movement_top5;X2_ml_opposite_any_p0_55;val_select;0.2;137;40.29061025150991;29.56798559635684;1.3626430559569211;0.07826733324929253;-0.06973684210525831;6.518246115626356;0.3722627737226277;0.0;{'ML_CLOSE': 92, 'TIME': 35, 'SL': 10};2.0;;0.8731812776248903;1;1.0358046014260585;1.8003301942567596;3
S2_fractal0_buffer_0_5_entry_floor_2;E1_simple_limit_at_fractal0;M1_frozen_movement_top5;X2_ml_opposite_any_p0_55;val_eval;0.2;11;1.905797101449282;2.6812359642960724;0.7107905185620719;-0.07049444207698094;-0.14875000000000682;1.967105529513474;0.18181818181818182;0.0;{'ML_CLOSE': 9, 'TIME': 2};2.0;;0.0;1;0.7107905185620719;1.0;1
S2_fractal0_buffer_0_5_entry_floor_2;E1_simple_limit_at_fractal0;M1_frozen_movement_top5;X2_ml_opposite_any_p0_60;val_select;0.2;137;44.85118888847302;32.5806459602482;1.3766206152940053;0.08956600677536361;-0.1321839080459737;6.631759629139872;0.34306569343065696;0.0;{'ML_CLOSE': 84, 'TIME': 42, 'SL': 11};2.0;;0.8973290169897812;1;1.069511063708001;1.818369790741153;3
S2_fractal0_buffer_0_5_entry_floor_2;E1_simple_limit_at_fractal0;M1_frozen_movement_top5;X2_ml_opposite_any_p0_60;val_eval;0.2;11;2.5593685300207047;2.8121883452484413;0.9100985481093723;-0.022983619566157857;-0.2938775510203975;1.4444864818944203;0.2727272727272727;0.0;{'ML_CLOSE': 8, 'TIME': 3};2.0;;0.16902602750128512;1;0.9100985481093723;1.0;1
S2_fractal0_buffer_0_5_entry_floor_2;E1_simple_limit_at_fractal0;M1_frozen_movement_top5;X3_ml_hold_close_p0_50;val_select;0.2;137;48.850968603536785;74.44771708554677;0.6561781947914247;-0.18683758016065694;-1.0;24.596748482009996;0.36496350364963503;0.0;{'SL': 70, 'TIME': 60, 'ML_CLOSE': 7};2.0;;0.44246986887825823;3;0.5599330768081644;1.8098347954666738;3
S2_fractal0_buffer_0_5_entry_floor_2;E1_simple_limit_at_fractal0;M1_frozen_movement_top5;X3_ml_hold_close_p0_50;val_eval;0.2;11;3.1296066252587895;5.265916344294006;0.5943137757305887;-0.1942099744577469;-0.3648936170212798;3.4030359095114;0.36363636363636365;0.0;{'TIME': 6, 'SL': 4, 'ML_CLOSE': 1};2.0;;0.08633965770878373;1;0.5943137757305887;1.0;1
S2_fractal0_buffer_0_5_entry_floor_2;E1_simple_limit_at_fractal0;M1_frozen_movement_top5;X3_ml_hold_close_p0_60;val_select;0.2;137;47.98263527020347;79.34421809033375;0.604740161602891;-0.22891666292065896;-1.0;30.36158282013028;0.35036496350364965;0.0;{'SL': 77, 'TIME': 60};2.0;;0.4073898090399159;3;0.5283538756626961;1.822171018698638;3
S2_fractal0_buffer_0_5_entry_floor_2;E1_simple_limit_at_fractal0;M1_frozen_movement_top5;X3_ml_hold_close_p0_60;val_eval;0.2;11;3.1296066252587895;6.117166344293999;0.5116105152474789;-0.27159633809410993;-0.7522727272727188;4.1792263857018925;0.36363636363636365;0.0;{'TIME': 6, 'SL': 5};2.0;;0.13434375958311148;1;0.5116105152474789;1.0;1
S2_fractal0_buffer_0_5_entry_floor_2;E1_simple_limit_at_fractal0;M1_frozen_movement_top5;X3_ml_hold_close_p0_70;val_select;0.2;137;47.98263527020347;79.34421809033375;0.604740161602891;-0.22891666292065896;-1.0;30.36158282013028;0.35036496350364965;0.0;{'SL': 77, 'TIME': 60};2.0;;0.3998306120905315;3;0.5283538756626961;1.822171018698638;3
S2_fractal0_buffer_0_5_entry_floor_2;E1_simple_limit_at_fractal0;M1_frozen_movement_top5;X3_ml_hold_close_p0_70;val_eval;0.2;11;3.1296066252587895;6.117166344293999;0.5116105152474789;-0.27159633809410993;-0.7522727272727188;4.1792263857018925;0.36363636363636365;0.0;{'TIME': 6, 'SL': 5};2.0;;0.13180796860156635;1;0.5116105152474789;1.0;1
S2_fractal0_buffer_0_5_entry_floor_2;E1_simple_limit_at_fractal0;M1_frozen_movement_top5;X7_time_6;val_select;0.2;137;35.07418463154959;53.32975117643168;0.6576851355543194;-0.1332523105465846;-0.1828703703703608;18.79716708607566;0.4306569343065693;0.0;{'TIME': 95, 'SL': 42};2.0;;0.4803440181146953;2;0.5308327897500117;1.8654046127862525;3
S2_fractal0_buffer_0_5_entry_floor_2;E1_simple_limit_at_fractal0;M1_frozen_movement_top5;X7_time_6;val_eval;0.2;11;2.6918936028420957;3.7552380952380946;0.7168369979670811;-0.09666768112690897;-0.13928571428572145;2.3619047619047806;0.45454545454545453;0.0;{'TIME': 9, 'SL': 2};2.0;;0.18277717905199564;1;0.7168369979670811;1.0;1
S2_fractal0_buffer_0_5_entry_floor_2;E1_simple_limit_at_fractal0;M1_frozen_movement_top5;X7_time_12;val_select;0.2;137;44.95088011168032;66.28114612327366;0.6781850155107151;-0.15569537234739664;-0.2537735849056677;21.921867751779033;0.39416058394160586;0.0;{'TIME': 75, 'SL': 62};2.0;;0.4749250562472742;3;0.5921289972899468;1.8350310319884011;3
S2_fractal0_buffer_0_5_entry_floor_2;E1_simple_limit_at_fractal0;M1_frozen_movement_top5;X7_time_12;val_eval;0.2;11;1.9221473273103475;5.166066000868428;0.3720717712447402;-0.29490169759618917;-0.29361702127659195;4.075168673558091;0.45454545454545453;0.0;{'TIME': 7, 'SL': 4};2.0;;0.08221077326583266;1;0.3720717712447402;1.0;1
S2_fractal0_buffer_0_5_entry_floor_2;E2_open_pullback_0_5atr;M0_no_mask;X0_fixed_r_0_7;val_select;0.2;3266;1241.1312879008487;1366.9312184453038;0.9079690851690876;-0.03851804364496474;0.6999999999999886;130.69993054445524;0.5554194733619106;0.000612369871402327;{'TP': 1752, 'SL': 1328, 'TIME': 186};2.0;1.4;0.8569181769867117;3;0.8671024309145531;2.1713471573795293;3
S2_fractal0_buffer_0_5_entry_floor_2;E2_open_pullback_0_5atr;M0_no_mask;X0_fixed_r_0_7;val_eval;0.2;3311;1283.7715833625061;1386.2446744138656;0.9260786404141194;-0.030949287541938795;0.6999999999999886;138.9706735622341;0.5632739353669586;0.0006040471156750226;{'TP': 1817, 'SL': 1356, 'TIME': 138};2.0;1.4;0.8743737426606708;2;0.9034441875989269;1.995571875119471;2
S2_fractal0_buffer_0_5_entry_floor_2;E2_open_pullback_0_5atr;M0_no_mask;X1_ml_opposite_strong_p0_55;val_select;0.2;3266;1670.1731309113525;1401.0304207007666;1.1921034020631516;0.0824074434202651;-0.2952152014652075;32.838850747250206;0.39559093692590325;0.0;{'TIME': 1489, 'SL': 950, 'ML_CLOSE': 827};2.0;;1.1135512305898028;0;1.1855178570293332;2.1748357309502433;3
S2_fractal0_buffer_0_5_entry_floor_2;E2_open_pullback_0_5atr;M0_no_mask;X1_ml_opposite_strong_p0_55;val_eval;0.2;3311;1750.0193431304851;1513.6231042012853;1.1561790635152482;0.07139723314080337;-0.3799999999999792;43.58095563737051;0.37994563575958923;0.0;{'TIME': 1446, 'SL': 1056, 'ML_CLOSE': 809};2.0;;1.0813105975113309;0;1.1054593035483913;1.9745031080028175;2
S2_fractal0_buffer_0_5_entry_floor_2;E2_open_pullback_0_5atr;M0_no_mask;X1_ml_opposite_strong_p0_65;val_select;0.2;3266;1650.769258395865;1727.633575208514;0.9555089007787013;-0.023534695900994825;-0.6461143695014591;120.14095952157355;0.37783221065523576;0.0;{'SL': 1520, 'TIME': 1508, 'ML_CLOSE': 238};2.0;;0.8877114229326369;2;0.9475621101126296;2.1804707224975566;3
S2_fractal0_buffer_0_5_entry_floor_2;E2_open_pullback_0_5atr;M0_no_mask;X1_ml_opposite_strong_p0_65;val_eval;0.2;3311;1735.579032144603;1827.7182395392838;0.9495878492639508;-0.027828211233669808;-0.8821428571428573;145.0407607674117;0.3678646934460888;0.0;{'SL': 1635, 'TIME': 1456, 'ML_CLOSE': 220};2.0;;0.8909160862226454;2;0.9167786919053346;1.976017664595331;2
S2_fractal0_buffer_0_5_entry_floor_2;E2_open_pullback_0_5atr;M0_no_mask;X1_ml_opposite_strong_p0_75;val_select;0.2;3266;1648.0300474019477;1828.1950054179824;0.9014520018476676;-0.0551637960857424;-1.0;206.44980615318326;0.3741579914268218;0.0;{'SL': 1740, 'TIME': 1509, 'ML_CLOSE': 17};2.0;;0.8448273653065789;3;0.8921005314073346;2.181731576053629;3
S2_fractal0_buffer_0_5_entry_floor_2;E2_open_pullback_0_5atr;M0_no_mask;X1_ml_opposite_strong_p0_75;val_eval;0.2;3311;1728.989925062872;1931.1915071202038;0.8952969804849364;-0.061069641213328786;-1.0;228.7312858209047;0.36122017517366356;0.0;{'SL': 1845, 'TIME': 1460, 'ML_CLOSE': 6};2.0;;0.8340667629149298;2;0.8546915848547355;1.9753414933512226;2
S2_fractal0_buffer_0_5_entry_floor_2;E2_open_pullback_0_5atr;M0_no_mask;X2_ml_opposite_any_p0_50;val_select;0.2;3266;1389.112695706287;509.43692924676577;2.726760892187727;0.2693434679912803;-0.012333388640004574;8.155743131398935;0.4856093080220453;0.0;{'ML_CLOSE': 2298, 'TIME': 819, 'SL': 149};2.0;;2.5232504702813663;0;2.4745472692344603;2.16757233792295;3
S2_fractal0_buffer_0_5_entry_floor_2;E2_open_pullback_0_5atr;M0_no_mask;X2_ml_opposite_any_p0_50;val_eval;0.2;3311;1424.9414047261212;544.6952333784365;2.616034283773727;0.2658550804432754;-0.030319148936166898;6.111882106901703;0.4584717607973422;0.0;{'ML_CLOSE': 2365, 'TIME': 781, 'SL': 165};2.0;;2.3944797426059203;0;2.597270991154526;1.9912019909017464;2
S2_fractal0_buffer_0_5_entry_floor_2;E2_open_pullback_0_5atr;M0_no_mask;X2_ml_opposite_any_p0_55;val_select;0.2;3266;1462.0016109667768;573.8895666779615;2.5475312601164255;0.2719265291759997;-0.04135075088587877;9.452460919541863;0.451316595223515;0.0;{'ML_CLOSE': 2178, 'TIME': 929, 'SL': 159};2.0;;2.3356342555038183;0;2.5041004797646726;2.1929998853359045;3
S2_fractal0_buffer_0_5_entry_floor_2;E2_open_pullback_0_5atr;M0_no_mask;X2_ml_opposite_any_p0_55;val_eval;0.2;3311;1472.377351544274;606.6696996498952;2.426983500896736;0.261464105072298;-0.059615384615395464;7.781113797185185;0.42766535789791604;0.0;{'ML_CLOSE': 2245, 'TIME': 889, 'SL': 177};2.0;;2.2106266805116443;0;2.3849373669282663;1.9881906762462556;2
S2_fractal0_buffer_0_5_entry_floor_2;E2_open_pullback_0_5atr;M0_no_mask;X2_ml_opposite_any_p0_60;val_select;0.2;3266;1511.3635457090154;665.4610803134312;2.2711524241164716;0.25900259197660264;-0.07679487179488545;11.521645924899445;0.4075321494182486;0.0;{'ML_CLOSE': 2036, 'TIME': 1044, 'SL': 186};2.0;;2.0883856961006204;0;2.2407368787725814;2.1928366194362727;3
S2_fractal0_buffer_0_5_entry_floor_2;E2_open_pullback_0_5atr;M0_no_mask;X2_ml_opposite_any_p0_60;val_eval;0.2;3311;1516.2102143618356;733.6734631534703;2.0666008660649537;0.23634453373855788;-0.11666666666666162;9.251169240437605;0.38266384778012685;0.0;{'ML_CLOSE': 2101, 'TIME': 980, 'SL': 230};2.0;;1.9110296330191108;0;2.042130012287582;1.9876839202674397;2
S2_fractal0_buffer_0_5_entry_floor_2;E2_open_pullback_0_5atr;M0_no_mask;X3_ml_hold_close_p0_50;val_select;0.2;3266;1751.7546574692865;1310.2040333449681;1.337009055755258;0.135196149456313;-0.10935037721691476;19.21830985064858;0.45101041028781386;0.0;{'TIME': 1501, 'SL': 1104, 'ML_CLOSE': 661};2.0;;1.233349736549625;0;1.3188792433496843;2.187306045875883;3
S2_fractal0_buffer_0_5_entry_floor_2;E2_open_pullback_0_5atr;M0_no_mask;X3_ml_hold_close_p0_50;val_eval;0.2;3311;1842.8571556578559;1391.2364774816085;1.324618197902461;0.13640008401577994;-0.14986072423398594;37.41598319064565;0.43823618242222895;0.0;{'TIME': 1452, 'SL': 1192, 'ML_CLOSE': 667};2.0;;1.2229130579519922;0;1.2861335867342978;1.978049436152399;2
S2_fractal0_buffer_0_5_entry_floor_2;E2_open_pullback_0_5atr;M0_no_mask;X3_ml_hold_close_p0_60;val_select;0.2;3266;1655.809039827794;1787.7901390504321;0.9261764027332993;-0.040410624379252275;-1.0;161.64830499727688;0.3812002449479486;0.0;{'SL': 1698, 'TIME': 1509, 'ML_CLOSE': 59};2.0;;0.8498333759684512;3;0.9178517466953684;2.176726997977038;3
S2_fractal0_buffer_0_5_entry_floor_2;E2_open_pullback_0_5atr;M0_no_mask;X3_ml_hold_close_p0_60;val_eval;0.2;3311;1739.0096642766957;1886.0788562346484;0.9220238371944001;-0.04441836060342871;-1.0;183.66686468009925;0.3705829054666264;0.0;{'SL': 1797, 'TIME': 1460, 'ML_CLOSE': 54};2.0;;0.8520196470219596;2;0.8838735510821276;1.9761007381320677;2
S2_fractal0_buffer_0_5_entry_floor_2;E2_open_pullback_0_5atr;M0_no_mask;X3_ml_hold_close_p0_70;val_select;0.2;3266;1647.9374110383114;1833.5909873358564;0.8987486426472389;-0.056844328321354935;-1.0;211.5271036799768;0.3741579914268218;0.0;{'SL': 1753, 'TIME': 1509, 'ML_CLOSE': 4};2.0;;0.8432969038909706;3;0.8896916992489442;2.1818108947316825;3
S2_fractal0_buffer_0_5_entry_floor_2;E2_open_pullback_0_5atr;M0_no_mask;X3_ml_hold_close_p0_70;val_eval;0.2;3311;1730.4801689653111;1931.2389296375977;0.8960466477806764;-0.06063387516529346;-1.0;226.16513110252635;0.3618242222893386;0.0;{'SL': 1848, 'TIME': 1460, 'ML_CLOSE': 3};2.0;;0.8342237933205067;2;0.8579879939734117;1.9757571766980433;2
S2_fractal0_buffer_0_5_entry_floor_2;E2_open_pullback_0_5atr;M0_no_mask;X7_time_6;val_select;0.2;3266;932.8690885758862;1140.635951307805;0.8178499787827114;-0.06361508350640499;-0.06595860566449341;208.8471536850707;0.45927740355174523;0.0;{'TIME': 2420, 'SL': 846};2.0;;0.7611470238529716;3;0.7428166166064175;2.1210774153303587;3
S2_fractal0_buffer_0_5_entry_floor_2;E2_open_pullback_0_5atr;M0_no_mask;X7_time_6;val_eval;0.2;3311;1005.5798072597911;1212.7707374001468;0.829159029195809;-0.0625765418726535;-0.11224489795917492;218.36064667067376;0.4479009362730293;0.0;{'TIME': 2398, 'SL': 913};2.0;;0.7731857592052531;2;0.7942889489184815;1.9970358626314109;2
S2_fractal0_buffer_0_5_entry_floor_2;E2_open_pullback_0_5atr;M0_no_mask;X7_time_12;val_select;0.2;3266;1263.8258585676015;1437.878935059599;0.8789515081916246;-0.05329243003429193;-0.1956778606965262;185.83437433838625;0.43355786895284754;0.0;{'TIME': 2007, 'SL': 1259};2.0;;0.8172670351442931;3;0.8274669079698562;2.1532116389375857;3
S2_fractal0_buffer_0_5_entry_floor_2;E2_open_pullback_0_5atr;M0_no_mask;X7_time_12;val_eval;0.2;3311;1313.53962191973;1552.0478650725386;0.8463267476988146;-0.07203510817058544;-0.28750000000002274;258.1797751382778;0.42253095741467833;0.0;{'TIME': 1943, 'SL': 1368};2.0;;0.789134579429319;2;0.839666168808329;1.9914586778162413;2
S2_fractal0_buffer_0_5_entry_floor_2;E2_open_pullback_0_5atr;M1_frozen_movement_top5;X0_fixed_r_0_7;val_select;0.2;172;67.0463917525773;69.79052894075349;0.9606803784148744;-0.015954285977768577;0.6999999999999914;19.31449061616392;0.5581395348837209;0.0;{'TP': 95, 'SL': 67, 'TIME': 10};2.0;1.4;0.7414647047908534;1;0.7670725795906729;1.8913735202488327;3
S2_fractal0_buffer_0_5_entry_floor_2;E2_open_pullback_0_5atr;M1_frozen_movement_top5;X0_fixed_r_0_7;val_eval;0.2;14;7.000000000000005;4.0;1.7500000000000013;0.21428571428571472;0.6999999999999971;2.0;0.7142857142857143;0.0;{'TP': 10, 'SL': 4};2.0000000000000053;1.4000000000000035;0.6999999999999982;0;1.7500000000000013;1.0;1
S2_fractal0_buffer_0_5_entry_floor_2;E2_open_pullback_0_5atr;M1_frozen_movement_top5;X1_ml_opposite_strong_p0_55;val_select;0.2;172;64.91872492056281;82.1351017541899;0.7903895354613248;-0.10009521414899476;-0.3445772058823525;26.563564808369144;0.36046511627906974;0.0;{'TIME': 86, 'SL': 68, 'ML_CLOSE': 18};2.0;;0.5774609110359911;3;0.6532038165788523;1.7845411179438213;3
S2_fractal0_buffer_0_5_entry_floor_2;E2_open_pullback_0_5atr;M1_frozen_movement_top5;X1_ml_opposite_strong_p0_55;val_eval;0.2;14;3.0290696169772193;7.340339051249958;0.41266072259447073;-0.30794781673376714;-0.5528745644599109;4.993858719987086;0.2857142857142857;0.0;{'TIME': 7, 'SL': 5, 'ML_CLOSE': 2};2.0000000000000053;;0.09743986541297037;1;0.41266072259447073;1.0;1
S2_fractal0_buffer_0_5_entry_floor_2;E2_open_pullback_0_5atr;M1_frozen_movement_top5;X1_ml_opposite_strong_p0_65;val_select;0.2;172;64.91872492056281;91.20621287744986;0.7117796350977922;-0.1528342323074829;-0.6638732245071055;28.269588192500677;0.36046511627906974;0.0;{'TIME': 87, 'SL': 84, 'ML_CLOSE': 1};2.0;;0.5069652784608952;3;0.6092534924810924;1.7845411179438213;3
S2_fractal0_buffer_0_5_entry_floor_2;E2_open_pullback_0_5atr;M1_frozen_movement_top5;X1_ml_opposite_strong_p0_65;val_eval;0.2;14;3.0290696169772193;8.429398617728907;0.35934587440276106;-0.3857377857679777;-0.7971590909090805;5.597204000751724;0.2857142857142857;0.0;{'SL': 7, 'TIME': 7};2.0000000000000053;;0.11103884619277149;1;0.35934587440276106;1.0;1
S2_fractal0_buffer_0_5_entry_floor_2;E2_open_pullback_0_5atr;M1_frozen_movement_top5;X1_ml_opposite_strong_p0_75;val_select;0.2;172;64.91872492056281;91.79131926042858;0.7072425305967838;-0.15623601360387077;-0.7841913698302634;28.854694575479392;0.36046511627906974;0.0;{'TIME': 87, 'SL': 85};2.0;;0.5149297699429388;3;0.5991692617062583;1.7845411179438213;3
S2_fractal0_buffer_0_5_entry_floor_2;E2_open_pullback_0_5atr;M1_frozen_movement_top5;X1_ml_opposite_strong_p0_75;val_eval;0.2;14;3.0290696169772193;8.429398617728907;0.35934587440276106;-0.3857377857679777;-0.7971590909090805;5.597204000751724;0.2857142857142857;0.0;{'SL': 7, 'TIME': 7};2.0000000000000053;;0.10043998849790692;1;0.35934587440276106;1.0;1
S2_fractal0_buffer_0_5_entry_floor_2;E2_open_pullback_0_5atr;M1_frozen_movement_top5;X2_ml_opposite_any_p0_50;val_select;0.2;172;52.092612535328065;26.74725515930365;1.9475872281125788;0.14735672893037452;-0.019791666666672175;4.39386209370901;0.47093023255813954;0.0;{'ML_CLOSE': 123, 'TIME': 40, 'SL': 9};2.0;;1.3695274006432319;0;1.9395133997646712;1.710457810031137;3
S2_fractal0_buffer_0_5_entry_floor_2;E2_open_pullback_0_5atr;M1_frozen_movement_top5;X2_ml_opposite_any_p0_50;val_eval;0.2;14;3.071683538789977;1.4343665887068884;2.141491277734769;0.11695121072022063;-0.07049319727890108;0.5396168222626287;0.42857142857142855;0.0;{'ML_CLOSE': 12, 'TIME': 2};2.0000000000000053;;0.4532345865087917;0;2.141491277734769;1.0;1
S2_fractal0_buffer_0_5_entry_floor_2;E2_open_pullback_0_5atr;M1_frozen_movement_top5;X2_ml_opposite_any_p0_55;val_select;0.2;172;54.99987371389403;28.778941553875555;1.9111152371928495;0.1524472800001075;-0.05355074142725848;4.913927828251972;0.4127906976744186;0.0;{'ML_CLOSE': 116, 'TIME': 47, 'SL': 9};2.0;;1.3203251789253927;1;1.5166092943176286;1.7679712739631892;3
S2_fractal0_buffer_0_5_entry_floor_2;E2_open_pullback_0_5atr;M1_frozen_movement_top5;X2_ml_opposite_any_p0_55;val_eval;0.2;14;2.7796380842445165;1.2603590359759838;2.205433535129178;0.10851993201918096;-0.079983785628941;0.7702194513408933;0.42857142857142855;0.0;{'ML_CLOSE': 12, 'TIME': 2};2.0000000000000053;;0.6911302366347408;0;2.205433535129178;1.0;1
S2_fractal0_buffer_0_5_entry_floor_2;E2_open_pullback_0_5atr;M1_frozen_movement_top5;X2_ml_opposite_any_p0_60;val_select;0.2;172;55.26697967831754;37.52607433770268;1.4727620901925906;0.10314479849194694;-0.12016538149349468;5.920855422575873;0.36046511627906974;0.0;{'ML_CLOSE': 106, 'TIME': 56, 'SL': 10};2.0;;0.987711728298415;1;1.1553622214051669;1.7670429818121578;3
S2_fractal0_buffer_0_5_entry_floor_2;E2_open_pullback_0_5atr;M1_frozen_movement_top5;X2_ml_opposite_any_p0_60;val_eval;0.2;14;2.684992961924949;2.9689929546596963;0.9043446727318694;-0.020285713766767643;-0.16608771168041936;1.373542059637557;0.2857142857142857;0.0;{'ML_CLOSE': 11, 'TIME': 3};2.0000000000000053;;0.16831305266716923;1;0.9043446727318694;1.0;1
S2_fractal0_buffer_0_5_entry_floor_2;E2_open_pullback_0_5atr;M1_frozen_movement_top5;X3_ml_hold_close_p0_50;val_select;0.2;172;65.98465309894554;82.10475121593295;0.8036642474612455;-0.09372150068015947;-0.24568287037036546;22.23400300628071;0.38372093023255816;0.0;{'TIME': 87, 'SL': 74, 'ML_CLOSE': 11};2.0;;0.5930486726067732;3;0.6968965990770347;1.7835605877811087;3
S2_fractal0_buffer_0_5_entry_floor_2;E2_open_pullback_0_5atr;M1_frozen_movement_top5;X3_ml_hold_close_p0_50;val_eval;0.2;14;3.0290696169772193;7.826053336964269;0.3870494470910669;-0.34264169428478924;-0.5928907982261465;4.993858719987085;0.2857142857142857;0.0;{'TIME': 7, 'SL': 6, 'ML_CLOSE': 1};2.0000000000000053;;0.07270824521523807;1;0.3870494470910669;1.0;1
S2_fractal0_buffer_0_5_entry_floor_2;E2_open_pullback_0_5atr;M1_frozen_movement_top5;X3_ml_hold_close_p0_60;val_select;0.2;172;64.91872492056281;91.79131926042858;0.7072425305967838;-0.15623601360387077;-0.7841913698302634;28.854694575479392;0.36046511627906974;0.0;{'TIME': 87, 'SL': 85};2.0;;0.5363678307979142;3;0.5991692617062583;1.7845411179438213;3
S2_fractal0_buffer_0_5_entry_floor_2;E2_open_pullback_0_5atr;M1_frozen_movement_top5;X3_ml_hold_close_p0_60;val_eval;0.2;14;3.0290696169772193;8.429398617728907;0.35934587440276106;-0.3857377857679777;-0.7971590909090805;5.597204000751724;0.2857142857142857;0.0;{'SL': 7, 'TIME': 7};2.0000000000000053;;0.1060069825273484;1;0.35934587440276106;1.0;1
S2_fractal0_buffer_0_5_entry_floor_2;E2_open_pullback_0_5atr;M1_frozen_movement_top5;X3_ml_hold_close_p0_70;val_select;0.2;172;64.91872492056281;91.79131926042858;0.7072425305967838;-0.15623601360387077;-0.7841913698302634;28.854694575479392;0.36046511627906974;0.0;{'TIME': 87, 'SL': 85};2.0;;0.5060459210816429;3;0.5991692617062583;1.7845411179438213;3
S2_fractal0_buffer_0_5_entry_floor_2;E2_open_pullback_0_5atr;M1_frozen_movement_top5;X3_ml_hold_close_p0_70;val_eval;0.2;14;3.0290696169772193;8.429398617728907;0.35934587440276106;-0.3857377857679777;-0.7971590909090805;5.597204000751724;0.2857142857142857;0.0;{'SL': 7, 'TIME': 7};2.0000000000000053;;0.10697858757708137;1;0.35934587440276106;1.0;1
S2_fractal0_buffer_0_5_entry_floor_2;E2_open_pullback_0_5atr;M1_frozen_movement_top5;X7_time_6;val_select;0.2;172;48.75796631279583;57.82842290914718;0.8431488161003159;-0.05273521276948448;-0.07628105590062907;17.561610861343457;0.4476744186046512;0.0;{'TIME': 130, 'SL': 42};2.0;;0.6190469015692126;1;0.8263374361575361;1.7386554918202264;3
S2_fractal0_buffer_0_5_entry_floor_2;E2_open_pullback_0_5atr;M1_frozen_movement_top5;X7_time_6;val_eval;0.2;14;3.66831401127641;4.094557823129231;0.8958999163609156;-0.03044598656091581;-0.023028756957312532;2.3500000000000028;0.5;0.0;{'TIME': 11, 'SL': 3};2.0000000000000053;;0.27241230309837183;1;0.8958999163609156;1.0;1
S2_fractal0_buffer_0_5_entry_floor_2;E2_open_pullback_0_5atr;M1_frozen_movement_top5;X7_time_12;val_select;0.2;172;62.94486968078027;70.94233576623674;0.8872680748515379;-0.04649689584567706;-0.06796362552176625;19.66180568941354;0.4476744186046512;0.0;{'TIME': 108, 'SL': 64};2.0;;0.6264694525845614;2;0.8807560086385898;1.8035857927521026;3
S2_fractal0_buffer_0_5_entry_floor_2;E2_open_pullback_0_5atr;M1_frozen_movement_top5;X7_time_12;val_eval;0.2;14;2.960135817920138;5.5064264003473635;0.537578386180446;-0.1818778987448018;-0.14836626139818507;2.875606058617748;0.5;0.0;{'TIME': 10, 'SL': 4};2.0000000000000053;;0.16509928931751452;1;0.537578386180446;1.0;1
S2_fractal0_buffer_0_5_entry_floor_2;E3_open_pullback_1_0atr;M0_no_mask;X0_fixed_r_0_7;val_select;0.2;2294;958.4847991973596;851.8726941554617;1.1251502786429752;0.046474326522187484;0.6999999999999914;30.87472445337393;0.6111595466434177;0.00043591979075850045;{'TP': 1355, 'SL': 830, 'TIME': 109};2.0;1.4;1.0479606566514656;0;1.0581837330768744;2.192766640580744;3
S2_fractal0_buffer_0_5_entry_floor_2;E3_open_pullback_1_0atr;M0_no_mask;X0_fixed_r_0_7;val_eval;0.2;2298;951.2717149705677;889.2340458415838;1.0697652877991985;0.02699637472975796;0.6999999999999905;37.65912453930066;0.5992167101827677;0.0017406440382941688;{'TP': 1348, 'SL': 873, 'TIME': 77};2.0;1.4;0.9980989065021043;0;1.0609659246859446;1.986898428567101;2
S2_fractal0_buffer_0_5_entry_floor_2;E3_open_pullback_1_0atr;M0_no_mask;X1_ml_opposite_strong_p0_55;val_select;0.2;2294;1282.7941941514591;978.0910067798778;1.3115284623408827;0.13282614968246786;-0.258833333333332;20.441889649025967;0.4202266782911944;0.0;{'TIME': 1061, 'SL': 702, 'ML_CLOSE': 531};2.0;;1.1974551939374878;0;1.30172533164109;2.1918652081151473;3
S2_fractal0_buffer_0_5_entry_floor_2;E3_open_pullback_1_0atr;M0_no_mask;X1_ml_opposite_strong_p0_55;val_eval;0.2;2298;1223.4035171641353;1067.5234927112397;1.1460202286106134;0.06783290881327048;-0.3916666666666625;32.91571172166413;0.38511749347258484;0.0;{'TIME': 983, 'SL': 772, 'ML_CLOSE': 543};2.0;;1.0618659614081742;0;1.0940334934541005;1.9669141961521155;2
S2_fractal0_buffer_0_5_entry_floor_2;E3_open_pullback_1_0atr;M0_no_mask;X1_ml_opposite_strong_p0_65;val_select;0.2;2294;1261.9742097225235;1190.045224788495;1.0604422281067614;0.031355268061913084;-0.575059523809523;32.30480701533264;0.3949433304272014;0.0;{'TIME': 1071, 'SL': 1058, 'ML_CLOSE': 165};2.0;;0.9620262103311686;1;1.055705889052347;2.197923109598111;3
S2_fractal0_buffer_0_5_entry_floor_2;E3_open_pullback_1_0atr;M0_no_mask;X1_ml_opposite_strong_p0_65;val_eval;0.2;2298;1209.259179813939;1287.0681160839608;0.9395455956855153;-0.033859415261106064;-1.0;133.48993706555453;0.3642297650130548;0.0;{'SL': 1160, 'TIME': 991, 'ML_CLOSE': 147};2.0;;0.8496270882929495;2;0.8940617946231347;1.9676974632642645;2
S2_fractal0_buffer_0_5_entry_floor_2;E3_open_pullback_1_0atr;M0_no_mask;X1_ml_opposite_strong_p0_75;val_select;0.2;2294;1258.4337063488706;1265.0957677250656;0.9947339469895035;-0.0029041244011312056;-1.0;51.39509705403745;0.39145597210113336;0.0;{'SL': 1204, 'TIME': 1072, 'ML_CLOSE': 18};2.0;;0.9072880448022597;1;0.9899719799495958;2.2008572859344078;3
S2_fractal0_buffer_0_5_entry_floor_2;E3_open_pullback_1_0atr;M0_no_mask;X1_ml_opposite_strong_p0_75;val_eval;0.2;2298;1205.669844148075;1352.1624978139985;0.8916604669166954;-0.06374789106437044;-1.0;192.86751204835423;0.35944299390774587;0.0;{'SL': 1297, 'TIME': 993, 'ML_CLOSE': 8};2.0;;0.8036857608714654;2;0.8454544322256583;1.9670920905013327;2
S2_fractal0_buffer_0_5_entry_floor_2;E3_open_pullback_1_0atr;M0_no_mask;X2_ml_opposite_any_p0_50;val_select;0.2;2294;1151.25043234505;345.8125442314147;3.329117036236382;0.3511063156554644;0.022485580389331822;6.821666219349169;0.530514385353095;0.0;{'ML_CLOSE': 1533, 'TIME': 640, 'SL': 121};2.0;;3.0325580264049234;0;2.9806034477541914;2.1957835388080627;3
S2_fractal0_buffer_0_5_entry_floor_2;E3_open_pullback_1_0atr;M0_no_mask;X2_ml_opposite_any_p0_50;val_eval;0.2;2298;1033.2452704173227;370.6982139189016;2.7872949790995425;0.28831464599583156;-0.004501347708890754;8.385975843565632;0.4930374238468233;0.0;{'ML_CLOSE': 1614, 'TIME': 545, 'SL': 139};2.0;;2.5085407438224134;0;2.742403477599658;1.9795957989484827;2
S2_fractal0_buffer_0_5_entry_floor_2;E3_open_pullback_1_0atr;M0_no_mask;X2_ml_opposite_any_p0_55;val_select;0.2;2294;1173.7083333720022;382.5127189826843;3.0684164868910777;0.3448978266736347;-0.006439393939413951;6.20840465430922;0.4943330427201395;0.0;{'ML_CLOSE': 1466, 'TIME': 703, 'SL': 125};2.0;;2.7911683814518136;0;2.744741739765732;2.185346999928745;3
S2_fractal0_buffer_0_5_entry_floor_2;E3_open_pullback_1_0atr;M0_no_mask;X2_ml_opposite_any_p0_55;val_eval;0.2;2298;1065.3314098691078;434.74107014089043;2.450496359876596;0.274408328863454;-0.04530423280423957;10.10862626991161;0.4495213228894691;0.0;{'ML_CLOSE': 1519, 'TIME': 623, 'SL': 156};2.0;;2.225998287385319;0;2.29149254551992;1.9693723954744875;2
S2_fractal0_buffer_0_5_entry_floor_2;E3_open_pullback_1_0atr;M0_no_mask;X2_ml_opposite_any_p0_60;val_select;0.2;2294;1204.7335577238805;451.5840588437553;2.667794697643898;0.3283127719616936;-0.05000000000000651;9.100693374703042;0.45553618134263296;0.0;{'ML_CLOSE': 1369, 'TIME': 776, 'SL': 149};2.0;;2.4496116597449116;0;2.3557027226756957;2.1748550961192206;3
S2_fractal0_buffer_0_5_entry_floor_2;E3_open_pullback_1_0atr;M0_no_mask;X2_ml_opposite_any_p0_60;val_eval;0.2;2298;1090.9975966281286;524.3929851926141;2.080496168779595;0.24656423474130307;-0.0971194503171143;17.429776568025176;0.39947780678851175;0.0;{'ML_CLOSE': 1411, 'TIME': 695, 'SL': 192};2.0;;1.8995674709351074;0;1.9807078667840505;1.9679691951897313;2
S2_fractal0_buffer_0_5_entry_floor_2;E3_open_pullback_1_0atr;M0_no_mask;X3_ml_hold_close_p0_50;val_select;0.2;2294;1346.6221205094928;875.9867495279391;1.5372631164057842;0.2051592724418281;-0.05230263157895987;20.94344863731655;0.47602441150828245;0.0;{'TIME': 1066, 'SL': 738, 'ML_CLOSE': 490};2.0;;1.4118559442088527;0;1.5327946799962993;2.2027706231136404;3
S2_fractal0_buffer_0_5_entry_floor_2;E3_open_pullback_1_0atr;M0_no_mask;X3_ml_hold_close_p0_50;val_eval;0.2;2298;1289.2238765004977;956.1899132557548;1.3482926964903732;0.14492339566786025;-0.11803082965976958;28.26912905850611;0.4460400348128808;0.0;{'TIME': 986, 'SL': 828, 'ML_CLOSE': 484};2.0;;1.2571334732229837;0;1.316593921302889;1.9734379254737975;2
S2_fractal0_buffer_0_5_entry_floor_2;E3_open_pullback_1_0atr;M0_no_mask;X3_ml_hold_close_p0_60;val_select;0.2;2294;1268.1757795672856;1225.034839242126;1.0352160925903535;0.018805989679668487;-1.0;44.73038390973856;0.4032258064516129;0.0;{'SL': 1162, 'TIME': 1072, 'ML_CLOSE': 60};2.0;;0.9527695033438046;1;0.975409512093654;2.1937735847600655;3
S2_fractal0_buffer_0_5_entry_floor_2;E3_open_pullback_1_0atr;M0_no_mask;X3_ml_hold_close_p0_60;val_eval;0.2;2298;1216.3063771235575;1314.4007463545097;0.9253695119216746;-0.04268684474802099;-1.0;150.06089428004975;0.3711923411662315;0.0;{'SL': 1258, 'TIME': 993, 'ML_CLOSE': 47};2.0;;0.8441495662974398;2;0.8750507153716458;1.9673536958590394;2
S2_fractal0_buffer_0_5_entry_floor_2;E3_open_pullback_1_0atr;M0_no_mask;X3_ml_hold_close_p0_70;val_select;0.2;2294;1259.1522063488705;1269.8052047411359;0.991610525494391;-0.004643852830107015;-1.0;52.4712114358709;0.3918918918918919;0.0;{'SL': 1216, 'TIME': 1072, 'ML_CLOSE': 6};2.0;;0.9150853260753133;1;0.9875247647453668;2.2000480332958787;3
S2_fractal0_buffer_0_5_entry_floor_2;E3_open_pullback_1_0atr;M0_no_mask;X3_ml_hold_close_p0_70;val_eval;0.2;2298;1205.669844148075;1354.7571645531702;0.8899527352163754;-0.06487698886209542;-1.0;195.4621787875261;0.35944299390774587;0.0;{'SL': 1304, 'TIME': 993, 'ML_CLOSE': 1};2.0;;0.8176335760369424;2;0.8443981554245662;1.9670920905013327;2
S2_fractal0_buffer_0_5_entry_floor_2;E3_open_pullback_1_0atr;M0_no_mask;X7_time_6;val_select;0.2;2294;798.963018981151;802.6537213970971;0.9954018746595704;-0.0016088502249111062;-0.02918801229509182;33.20804007882971;0.48779424585876197;0.0;{'TIME': 1676, 'SL': 618};2.0;;0.9102316523726225;2;0.8839923826510306;2.1069129789406063;3
S2_fractal0_buffer_0_5_entry_floor_2;E3_open_pullback_1_0atr;M0_no_mask;X7_time_6;val_eval;0.2;2298;709.4283405041248;881.6336937308577;0.8046747141684184;-0.07493705536411352;-0.10691940615057796;182.83902807807826;0.438207136640557;0.0;{'TIME': 1613, 'SL': 685};2.0;;0.7348822471873632;2;0.7855340412734656;1.97933849183048;2
S2_fractal0_buffer_0_5_entry_floor_2;E3_open_pullback_1_0atr;M0_no_mask;X7_time_12;val_select;0.2;2294;980.4803569004603;1011.4858092044374;0.9693466264955671;-0.013515890280722387;-0.15914924825817028;64.43932768010987;0.44681778552746293;0.0;{'TIME': 1399, 'SL': 895};2.0;;0.8878622873144595;2;0.9265893518363593;2.196448565858679;3
S2_fractal0_buffer_0_5_entry_floor_2;E3_open_pullback_1_0atr;M0_no_mask;X7_time_12;val_eval;0.2;2298;919.9137174823227;1116.8090273308667;0.8236983181277495;-0.08568116181398786;-0.3392118863049183;207.7096487733884;0.4120974760661445;0.0;{'TIME': 1301, 'SL': 997};2.0;;0.7608638953296524;2;0.7789931255388578;1.9727168120463603;2
S2_fractal0_buffer_0_5_entry_floor_2;E3_open_pullback_1_0atr;M1_frozen_movement_top5;X0_fixed_r_0_7;val_select;0.2;117;49.11875000000003;42.7449944413283;1.149111156568761;0.05447654323651051;0.699999999999993;7.482430008338573;0.6068376068376068;0.008547008547008548;{'TP': 70, 'SL': 41, 'TIME': 6};2.0;1.4;0.8440526593532894;0;1.012503174586849;1.8520814561171404;2
S2_fractal0_buffer_0_5_entry_floor_2;E3_open_pullback_1_0atr;M1_frozen_movement_top5;X0_fixed_r_0_7;val_eval;0.2;9;4.200000000000051;3.0;1.400000000000017;0.13333333333333897;0.7000000000000054;1.0;0.6666666666666666;0.0;{'TP': 6, 'SL': 3};1.9999999999999885;1.399999999999992;0.5600000000000043;0;1.400000000000017;1.0;1
S2_fractal0_buffer_0_5_entry_floor_2;E3_open_pullback_1_0atr;M1_frozen_movement_top5;X1_ml_opposite_strong_p0_55;val_select;0.2;117;46.36077211845854;59.974401971877064;0.7730093272159317;-0.11635581071297886;-0.542105263157896;20.6526665328137;0.39316239316239315;0.0;{'TIME': 56, 'SL': 54, 'ML_CLOSE': 7};2.0;;0.5363603037522873;2;0.7178800224472058;1.9478880088934705;2
S2_fractal0_buffer_0_5_entry_floor_2;E3_open_pullback_1_0atr;M1_frozen_movement_top5;X1_ml_opposite_strong_p0_55;val_eval;0.2;9;2.6072535991140198;4.086590909090894;0.6380021042267798;-0.16437081221965277;-0.28749999999999837;1.6340909090909044;0.3333333333333333;0.0;{'TIME': 5, 'SL': 3, 'ML_CLOSE': 1};1.9999999999999885;;0.11953619523828682;1;0.6380021042267798;1.0;1
S2_fractal0_buffer_0_5_entry_floor_2;E3_open_pullback_1_0atr;M1_frozen_movement_top5;X1_ml_opposite_strong_p0_65;val_select;0.2;117;46.36077211845854;62.79341128041057;0.7383063154736036;-0.1404499073671113;-1.0;21.00527705964003;0.39316239316239315;0.0;{'SL': 60, 'TIME': 56, 'ML_CLOSE': 1};2.0;;0.511752006341403;2;0.6677764535164834;1.9478880088934705;2
S2_fractal0_buffer_0_5_entry_floor_2;E3_open_pullback_1_0atr;M1_frozen_movement_top5;X1_ml_opposite_strong_p0_65;val_eval;0.2;9;2.6072535991140198;4.921590909090902;0.5297582930548004;-0.25714858999743145;-0.6340909090909042;2.0;0.3333333333333333;0.0;{'TIME': 5, 'SL': 4};1.9999999999999885;;0.055631764453803856;1;0.5297582930548004;1.0;1
S2_fractal0_buffer_0_5_entry_floor_2;E3_open_pullback_1_0atr;M1_frozen_movement_top5;X1_ml_opposite_strong_p0_75;val_select;0.2;117;46.36077211845854;63.628517663389296;0.7286162529153762;-0.1475875687600919;-1.0;21.84038344261876;0.39316239316239315;0.0;{'SL': 61, 'TIME': 56};2.0;;0.513252913216002;2;0.6677764535164834;1.9478880088934705;2
S2_fractal0_buffer_0_5_entry_floor_2;E3_open_pullback_1_0atr;M1_frozen_movement_top5;X1_ml_opposite_strong_p0_75;val_eval;0.2;9;2.6072535991140198;4.921590909090902;0.5297582930548004;-0.25714858999743145;-0.6340909090909042;2.0;0.3333333333333333;0.0;{'TIME': 5, 'SL': 4};1.9999999999999885;;0.08809679403958554;1;0.5297582930548004;1.0;1
S2_fractal0_buffer_0_5_entry_floor_2;E3_open_pullback_1_0atr;M1_frozen_movement_top5;X2_ml_opposite_any_p0_50;val_select;0.2;117;42.1374134035995;16.830893828745378;2.5035754982681477;0.21629503910131737;0.03369565217393166;2.579905053018349;0.5641025641025641;0.0;{'ML_CLOSE': 77, 'TIME': 31, 'SL': 9};2.0;;1.4310526656688551;0;2.028829136464208;1.9474149764557842;2
S2_fractal0_buffer_0_5_entry_floor_2;E3_open_pullback_1_0atr;M1_frozen_movement_top5;X2_ml_opposite_any_p0_50;val_eval;0.2;9;0.825844691023222;1.0528516057586161;0.7843884992967952;-0.025222990526154905;0.024489795918345186;0.9275810429880342;0.6666666666666666;0.0;{'ML_CLOSE': 8, 'TIME': 1};1.9999999999999885;;0.14099997078317403;1;0.7843884992967952;1.0;1
S2_fractal0_buffer_0_5_entry_floor_2;E3_open_pullback_1_0atr;M1_frozen_movement_top5;X2_ml_opposite_any_p0_55;val_select;0.2;117;43.45189945917006;17.728234378607446;2.4509998306206513;0.21986038530395396;0.018556701030922593;3.661830140509469;0.5384615384615384;0.0;{'ML_CLOSE': 71, 'TIME': 37, 'SL': 9};2.0;;1.6791499041528497;0;1.7957369228223845;1.9311646317546818;2
S2_fractal0_buffer_0_5_entry_floor_2;E3_open_pullback_1_0atr;M1_frozen_movement_top5;X2_ml_opposite_any_p0_55;val_eval;0.2;9;0.6899912587412378;1.5939384950598072;0.43288449389971484;-0.10043858181317436;-0.13367346938777336;1.1468992248062242;0.4444444444444444;0.0;{'ML_CLOSE': 8, 'TIME': 1};1.9999999999999885;;0.025313510790180547;1;0.43288449389971484;1.0;1
S2_fractal0_buffer_0_5_entry_floor_2;E3_open_pullback_1_0atr;M1_frozen_movement_top5;X2_ml_opposite_any_p0_60;val_select;0.2;117;44.834292788302704;21.517445813373556;2.0836252210026354;0.19928929038400986;0.001546391752575906;5.2868553511478975;0.5042735042735043;0.0;{'ML_CLOSE': 63, 'TIME': 43, 'SL': 11};2.0;;1.349525031179998;0;1.8628944192762007;1.9779977060426495;2
S2_fractal0_buffer_0_5_entry_floor_2;E3_open_pullback_1_0atr;M1_frozen_movement_top5;X2_ml_opposite_any_p0_60;val_eval;0.2;9;1.3306547619047182;2.533476734598044;0.5252287276740424;-0.133646885854814;-0.21931818181819018;1.3998032652102705;0.3333333333333333;0.0;{'ML_CLOSE': 6, 'TIME': 2, 'SL': 1};1.9999999999999885;;0.05997587898490918;1;0.5252287276740424;1.0;1
S2_fractal0_buffer_0_5_entry_floor_2;E3_open_pullback_1_0atr;M1_frozen_movement_top5;X3_ml_hold_close_p0_50;val_select;0.2;117;47.74261025129644;58.80039266338928;0.8119437318149456;-0.09451096078711826;-0.3438144329896929;16.824170309780854;0.4188034188034188;0.0;{'SL': 56, 'TIME': 56, 'ML_CLOSE': 5};2.0;;0.5691278289937479;2;0.7701881606257488;1.9374653947510643;2
S2_fractal0_buffer_0_5_entry_floor_2;E3_open_pullback_1_0atr;M1_frozen_movement_top5;X3_ml_hold_close_p0_50;val_eval;0.2;9;2.6072535991140198;4.086590909090894;0.6380021042267798;-0.16437081221965277;-0.28749999999999837;1.6340909090909044;0.3333333333333333;0.0;{'TIME': 5, 'SL': 3, 'ML_CLOSE': 1};1.9999999999999885;;0.05545649242337054;1;0.6380021042267798;1.0;1
S2_fractal0_buffer_0_5_entry_floor_2;E3_open_pullback_1_0atr;M1_frozen_movement_top5;X3_ml_hold_close_p0_60;val_select;0.2;117;46.36077211845854;63.628517663389296;0.7286162529153762;-0.1475875687600919;-1.0;21.84038344261876;0.39316239316239315;0.0;{'SL': 61, 'TIME': 56};2.0;;0.4857299487114182;2;0.6677764535164834;1.9478880088934705;2
S2_fractal0_buffer_0_5_entry_floor_2;E3_open_pullback_1_0atr;M1_frozen_movement_top5;X3_ml_hold_close_p0_60;val_eval;0.2;9;2.6072535991140198;4.921590909090902;0.5297582930548004;-0.25714858999743145;-0.6340909090909042;2.0;0.3333333333333333;0.0;{'TIME': 5, 'SL': 4};1.9999999999999885;;0.049575316345982924;1;0.5297582930548004;1.0;1
S2_fractal0_buffer_0_5_entry_floor_2;E3_open_pullback_1_0atr;M1_frozen_movement_top5;X3_ml_hold_close_p0_70;val_select;0.2;117;46.36077211845854;63.628517663389296;0.7286162529153762;-0.1475875687600919;-1.0;21.84038344261876;0.39316239316239315;0.0;{'SL': 61, 'TIME': 56};2.0;;0.4998654166117862;2;0.6677764535164834;1.9478880088934705;2
S2_fractal0_buffer_0_5_entry_floor_2;E3_open_pullback_1_0atr;M1_frozen_movement_top5;X3_ml_hold_close_p0_70;val_eval;0.2;9;2.6072535991140198;4.921590909090902;0.5297582930548004;-0.25714858999743145;-0.6340909090909042;2.0;0.3333333333333333;0.0;{'TIME': 5, 'SL': 4};1.9999999999999885;;0.04470952042281616;1;0.5297582930548004;1.0;1
S2_fractal0_buffer_0_5_entry_floor_2;E3_open_pullback_1_0atr;M1_frozen_movement_top5;X7_time_6;val_select;0.2;117;33.32038900549802;43.59598570195598;0.7642994754905397;-0.08782561279023891;-0.0889534883720912;15.611682761489586;0.452991452991453;0.0;{'TIME': 83, 'SL': 34};2.0;;0.5205847710721669;2;0.641360667464557;1.8152468879617285;2
S2_fractal0_buffer_0_5_entry_floor_2;E3_open_pullback_1_0atr;M1_frozen_movement_top5;X7_time_6;val_eval;0.2;9;1.3170983086680645;3.106122448979606;0.4240329640258533;-0.19878046003461572;-0.10595238095239172;2.2404761904762127;0.3333333333333333;0.0;{'TIME': 7, 'SL': 2};1.9999999999999885;;0.06771215205129189;1;0.4240329640258533;1.0;1
S2_fractal0_buffer_0_5_entry_floor_2;E3_open_pullback_1_0atr;M1_frozen_movement_top5;X7_time_12;val_select;0.2;117;39.736074168573616;51.71631784392553;0.7683469323646157;-0.1023952450884779;-0.12916666666669252;17.512830347600364;0.4700854700854701;0.0;{'TIME': 69, 'SL': 48};2.0;;0.5120167944800795;2;0.7283661250147835;1.9244588509868001;2
S2_fractal0_buffer_0_5_entry_floor_2;E3_open_pullback_1_0atr;M1_frozen_movement_top5;X7_time_12;val_eval;0.2;9;1.6675865800865388;4.195111532985331;0.3975070905683045;-0.2808361058776436;-0.5183673469387937;2.0091576059599987;0.4444444444444444;0.0;{'TIME': 6, 'SL': 3};1.9999999999999885;;0.06855518869506246;1;0.3975070905683045;1.0;1
S3_fractal0_buffer_0_5_entry_floor_3;E1_simple_limit_at_fractal0;M0_no_mask;X0_fixed_r_0_7;val_select;0.2;2639;864.748526680932;990.8267846195523;0.8727544916066933;-0.047775012481477974;0.11272264631042854;130.28971627195386;0.5233042819249716;0.0007578628268283441;{'TP': 1164, 'SL': 842, 'TIME': 633};3.0;2.0999999999999996;0.8101504487022478;3;0.8447150211464789;2.195091615258447;3
S3_fractal0_buffer_0_5_entry_floor_3;E1_simple_limit_at_fractal0;M0_no_mask;X0_fixed_r_0_7;val_eval;0.2;2690;951.0516198938792;1002.1850284649976;0.948978075785629;-0.019008702071047698;0.3477955224611766;102.68134562509158;0.550185873605948;0.0;{'TP': 1296, 'SL': 900, 'TIME': 494};3.0;2.0999999999999996;0.889211854993202;2;0.9246020404941561;1.9927052738924917;2
S3_fractal0_buffer_0_5_entry_floor_3;E1_simple_limit_at_fractal0;M0_no_mask;X1_ml_opposite_strong_p0_55;val_select;0.2;2639;1017.1473653997443;991.7941175092618;1.0255630149875796;0.009607142057780422;-0.14195804195804052;45.80969275439882;0.4403183023872679;0.0;{'TIME': 1665, 'SL': 642, 'ML_CLOSE': 332};3.0;;0.9482374496334046;1;1.0185939438918596;2.2043236195954266;3
S3_fractal0_buffer_0_5_entry_floor_3;E1_simple_limit_at_fractal0;M0_no_mask;X1_ml_opposite_strong_p0_55;val_eval;0.2;2690;1134.725722045812;1074.05676837752;1.0564857980085531;0.02255351437482975;-0.12872841444270278;48.572710020909305;0.4516728624535316;0.0;{'TIME': 1639, 'SL': 761, 'ML_CLOSE': 290};3.0;;0.975351876068586;0;1.039011360224187;1.9837056771925867;2
S3_fractal0_buffer_0_5_entry_floor_3;E1_simple_limit_at_fractal0;M0_no_mask;X1_ml_opposite_strong_p0_65;val_select;0.2;2639;1015.8507937027175;1112.7688116340146;0.912903725447714;-0.03672528152000647;-0.17701863354037964;108.72400528796966;0.4346343311860553;0.0;{'TIME': 1679, 'SL': 898, 'ML_CLOSE': 62};3.0;;0.8399319429520573;3;0.9086444536232207;2.2028601230333296;3
S3_fractal0_buffer_0_5_entry_floor_3;E1_simple_limit_at_fractal0;M0_no_mask;X1_ml_opposite_strong_p0_65;val_eval;0.2;2690;1130.357287165184;1172.7398866541691;0.9638601876074133;-0.015755613192931252;-0.17147108843538827;90.04405595702653;0.4449814126394052;0.0;{'TIME': 1649, 'SL': 992, 'ML_CLOSE': 49};3.0;;0.8917492287710589;2;0.9485272733940372;1.9843398084375612;2
S3_fractal0_buffer_0_5_entry_floor_3;E1_simple_limit_at_fractal0;M0_no_mask;X1_ml_opposite_strong_p0_75;val_select;0.2;2639;1011.8994567163386;1135.148589315817;0.891424670074458;-0.04670296801799104;-0.18292682926829337;132.7464494313184;0.43160287987874196;0.0;{'TIME': 1679, 'SL': 950, 'ML_CLOSE': 10};3.0;;0.8117914393631986;3;0.8857353304749136;2.208072892588372;3
S3_fractal0_buffer_0_5_entry_floor_3;E1_simple_limit_at_fractal0;M0_no_mask;X1_ml_opposite_strong_p0_75;val_eval;0.2;2690;1128.8093724994005;1192.7569791267144;0.9463867260922392;-0.023772344471120442;-0.18057853389520895;99.67458516956899;0.44275092936802973;0.0;{'TIME': 1651, 'SL': 1036, 'ML_CLOSE': 3};3.0;;0.8796403757226117;2;0.9318515541878775;1.9839022622423352;2
S3_fractal0_buffer_0_5_entry_floor_3;E1_simple_limit_at_fractal0;M0_no_mask;X2_ml_opposite_any_p0_50;val_select;0.2;2639;941.9557695338104;406.3748015659445;2.3179482731311887;0.20294845318979385;-0.052173913043470355;11.17965991319221;0.4486547934823797;0.0;{'ML_CLOSE': 1583, 'TIME': 995, 'SL': 61};3.0;;2.12681852538853;0;2.3051021604534476;2.2173813810296874;3
S3_fractal0_buffer_0_5_entry_floor_3;E1_simple_limit_at_fractal0;M0_no_mask;X2_ml_opposite_any_p0_50;val_eval;0.2;2690;1006.1372734974163;415.02189408616863;2.424299266699693;0.21974549420492479;-0.059901960784325026;6.983996297059548;0.44200743494423794;0.0;{'ML_CLOSE': 1657, 'TIME': 972, 'SL': 61};3.0;;2.188463399662746;0;2.4146000188115466;1.9921574698391071;2
S3_fractal0_buffer_0_5_entry_floor_3;E1_simple_limit_at_fractal0;M0_no_mask;X2_ml_opposite_any_p0_55;val_select;0.2;2639;944.3671567300814;471.8219477800519;2.0015329112462457;0.17906222392952992;-0.08598130841122138;13.121493722112149;0.4244031830238727;0.0;{'ML_CLOSE': 1491, 'TIME': 1077, 'SL': 71};3.0;;1.822345487513846;0;1.9873402192819285;2.224758902820981;3
S3_fractal0_buffer_0_5_entry_floor_3;E1_simple_limit_at_fractal0;M0_no_mask;X2_ml_opposite_any_p0_55;val_eval;0.2;2690;1020.839245654261;492.40856846666725;2.073154918552895;0.19644263092475597;-0.09559182767044777;8.646197844390628;0.4211895910780669;0.0;{'ML_CLOSE': 1553, 'TIME': 1062, 'SL': 75};3.0;;1.8896876188850307;0;2.0351389463808895;1.9920128236411292;2
S3_fractal0_buffer_0_5_entry_floor_3;E1_simple_limit_at_fractal0;M0_no_mask;X2_ml_opposite_any_p0_60;val_select;0.2;2639;952.6170853473805;559.3108715022904;1.7031978706022335;0.1490360795168966;-0.12777777777777524;12.577084961381587;0.411898446381205;0.0;{'ML_CLOSE': 1379, 'TIME': 1170, 'SL': 90};3.0;;1.569768831706576;0;1.7003431272309257;2.2072497663859862;3
S3_fractal0_buffer_0_5_entry_floor_3;E1_simple_limit_at_fractal0;M0_no_mask;X2_ml_opposite_any_p0_60;val_eval;0.2;2690;1048.2383768455381;599.3808015325753;1.7488687895329063;0.16686155216095266;-0.13333333333333539;9.818378644467572;0.4130111524163569;0.0;{'ML_CLOSE': 1421, 'TIME': 1163, 'SL': 106};3.0;;1.6118031757245654;0;1.734551066034413;1.9862856117599939;2
S3_fractal0_buffer_0_5_entry_floor_3;E1_simple_limit_at_fractal0;M0_no_mask;X3_ml_hold_close_p0_50;val_select;0.2;2639;1047.988118954342;903.6981618524455;1.1596660955978086;0.05467599738609193;-0.04472049689441125;35.03642081240892;0.4702538840469875;0.0;{'TIME': 1672, 'SL': 662, 'ML_CLOSE': 305};3.0;;1.0695290539930888;0;1.118113534200418;2.2010922227087173;3
S3_fractal0_buffer_0_5_entry_floor_3;E1_simple_limit_at_fractal0;M0_no_mask;X3_ml_hold_close_p0_50;val_eval;0.2;2690;1160.2170919461312;973.3500329549063;1.19198341055574;0.06946730817517646;-0.050157232704405454;35.47818824920604;0.479182156133829;0.0;{'TIME': 1643, 'SL': 768, 'ML_CLOSE': 279};3.0;;1.0907858301857514;0;1.1734533795788287;1.9862699035449691;2
S3_fractal0_buffer_0_5_entry_floor_3;E1_simple_limit_at_fractal0;M0_no_mask;X3_ml_hold_close_p0_60;val_select;0.2;2639;1017.5123586020433;1110.175713511706;0.9165327129913966;-0.035113056047617566;-0.154726368159211;103.96538554621654;0.43804471390678285;0.0;{'TIME': 1679, 'SL': 921, 'ML_CLOSE': 39};3.0;;0.8495906736669554;3;0.9078452497190918;2.2026475307385813;3
S3_fractal0_buffer_0_5_entry_floor_3;E1_simple_limit_at_fractal0;M0_no_mask;X3_ml_hold_close_p0_60;val_eval;0.2;2690;1132.9808607509412;1163.0712003988763;0.9741285489335343;-0.01118599986912074;-0.15188746438746226;80.8375426918079;0.44869888475836434;0.0;{'TIME': 1651, 'SL': 1001, 'ML_CLOSE': 38};3.0;;0.9010966729901607;2;0.9542023117318823;1.984301401310841;2
S3_fractal0_buffer_0_5_entry_floor_3;E1_simple_limit_at_fractal0;M0_no_mask;X3_ml_hold_close_p0_70;val_select;0.2;2639;1013.8698482152199;1136.020251040685;0.8924751537540236;-0.04628662479176395;-0.18148148148148485;131.64771965730512;0.4331186055323986;0.0;{'TIME': 1679, 'SL': 954, 'ML_CLOSE': 6};3.0;;0.8275352997432928;3;0.8872462714995109;2.205470326705384;3
S3_fractal0_buffer_0_5_entry_floor_3;E1_simple_limit_at_fractal0;M0_no_mask;X3_ml_hold_close_p0_70;val_eval;0.2;2690;1128.8093724994005;1192.9771811469166;0.9462120402120133;-0.02385420395818439;-0.18057853389520895;99.894787189771;0.44275092936802973;0.0;{'TIME': 1651, 'SL': 1039};3.0;;0.8731233893974851;2;0.9318515541878775;1.9839022622423352;2
S3_fractal0_buffer_0_5_entry_floor_3;E1_simple_limit_at_fractal0;M0_no_mask;X7_time_6;val_select;0.2;2639;533.1506095642801;650.0601204068332;0.8201558484015501;-0.04430068618512813;-0.006666666666660603;120.11761098119581;0.4960212201591512;0.0;{'TIME': 2288, 'SL': 351};3.0;;0.7514478061386868;3;0.770121098671611;2.2057178725926416;3
S3_fractal0_buffer_0_5_entry_floor_3;E1_simple_limit_at_fractal0;M0_no_mask;X7_time_6;val_eval;0.2;2690;583.0248663599356;705.5154257279353;0.8263814582911257;-0.04553552392862439;-0.032408412483047405;130.5627778793079;0.4721189591078067;0.0;{'TIME': 2300, 'SL': 390};3.0;;0.7690977827194388;2;0.8096894555589531;1.9956661483654243;2
S3_fractal0_buffer_0_5_entry_floor_3;E1_simple_limit_at_fractal0;M0_no_mask;X7_time_12;val_select;0.2;2639;728.2896358968944;874.7067752488139;0.8326100317328964;-0.055482053562682605;-0.05201238390093084;150.87287577483994;0.4657067070860174;0.0;{'TIME': 2012, 'SL': 627};3.0;;0.7631950094322326;3;0.8300432747363364;2.243419954906971;3
S3_fractal0_buffer_0_5_entry_floor_3;E1_simple_limit_at_fractal0;M0_no_mask;X7_time_12;val_eval;0.2;2690;809.1121438267068;937.1250015050032;0.8633983113536503;-0.047588422928734754;-0.06750052115905322;137.3500299388079;0.4639405204460966;0.0;{'TIME': 2001, 'SL': 689};3.0;;0.7994282224404216;2;0.833471762966721;1.9948281642790204;2
S3_fractal0_buffer_0_5_entry_floor_3;E1_simple_limit_at_fractal0;M1_frozen_movement_top5;X0_fixed_r_0_7;val_select;0.2;137;41.05006228223449;54.919553595899835;0.7474580471699098;-0.10123716287346965;0.04166666666667274;15.04786641800574;0.5036496350364964;0.0;{'TP': 55, 'SL': 49, 'TIME': 33};3.0;2.0999999999999996;0.5748059097610446;2;0.6472843935075618;1.899233821146841;3
S3_fractal0_buffer_0_5_entry_floor_3;E1_simple_limit_at_fractal0;M1_frozen_movement_top5;X0_fixed_r_0_7;val_eval;0.2;11;4.1999999999999895;3.827222222222219;1.0974016548120173;0.03388888888888817;0.6999999999999917;2.0;0.5454545454545454;0.0;{'TP': 6, 'SL': 3, 'TIME': 2};3.0;2.0999999999999996;0.44721016516116074;0;1.0974016548120173;1.0;1
S3_fractal0_buffer_0_5_entry_floor_3;E1_simple_limit_at_fractal0;M1_frozen_movement_top5;X1_ml_opposite_strong_p0_55;val_select;0.2;137;35.1578524557903;60.33017669942808;0.5827573260882492;-0.18373959301925397;-0.17304964539007592;24.172324243637778;0.40875912408759124;0.0;{'TIME': 83, 'SL': 52, 'ML_CLOSE': 2};3.0;;0.402877152703766;3;0.5371208505263649;1.8253420478004125;3
S3_fractal0_buffer_0_5_entry_floor_3;E1_simple_limit_at_fractal0;M1_frozen_movement_top5;X1_ml_opposite_strong_p0_55;val_eval;0.2;11;3.077427524997181;4.332565733672587;0.7103014043340404;-0.11410347351594599;-0.24500000000000455;2.0495826531198498;0.45454545454545453;0.0;{'TIME': 8, 'SL': 3};3.0;;0.17741712249071084;1;0.7103014043340404;1.0;1
S3_fractal0_buffer_0_5_entry_floor_3;E1_simple_limit_at_fractal0;M1_frozen_movement_top5;X1_ml_opposite_strong_p0_65;val_select;0.2;137;35.1578524557903;61.2608307577417;0.5739042716352211;-0.19053268833541176;-0.19105691056909901;25.102978301951385;0.40875912408759124;0.0;{'TIME': 83, 'SL': 54};3.0;;0.3979674790722381;3;0.5158812145154485;1.8253420478004125;3
S3_fractal0_buffer_0_5_entry_floor_3;E1_simple_limit_at_fractal0;M1_frozen_movement_top5;X1_ml_opposite_strong_p0_65;val_eval;0.2;11;3.077427524997181;4.332565733672587;0.7103014043340404;-0.11410347351594599;-0.24500000000000455;2.0495826531198498;0.45454545454545453;0.0;{'TIME': 8, 'SL': 3};3.0;;0.1634729669590098;1;0.7103014043340404;1.0;1
S3_fractal0_buffer_0_5_entry_floor_3;E1_simple_limit_at_fractal0;M1_frozen_movement_top5;X1_ml_opposite_strong_p0_75;val_select;0.2;137;35.1578524557903;61.2608307577417;0.5739042716352211;-0.19053268833541176;-0.19105691056909901;25.102978301951385;0.40875912408759124;0.0;{'TIME': 83, 'SL': 54};3.0;;0.39303925698366715;3;0.5158812145154485;1.8253420478004125;3
S3_fractal0_buffer_0_5_entry_floor_3;E1_simple_limit_at_fractal0;M1_frozen_movement_top5;X1_ml_opposite_strong_p0_75;val_eval;0.2;11;3.077427524997181;4.332565733672587;0.7103014043340404;-0.11410347351594599;-0.24500000000000455;2.0495826531198498;0.45454545454545453;0.0;{'TIME': 8, 'SL': 3};3.0;;0.21249008465821584;1;0.7103014043340404;1.0;1
S3_fractal0_buffer_0_5_entry_floor_3;E1_simple_limit_at_fractal0;M1_frozen_movement_top5;X2_ml_opposite_any_p0_50;val_select;0.2;137;31.84435698827492;25.369444158254996;1.255224859860126;0.04726213744540087;-0.09687500000000679;5.989140812965215;0.3722627737226277;0.0;{'ML_CLOSE': 80, 'TIME': 49, 'SL': 8};3.0;;0.8273232053047749;2;0.9496838627717785;1.8183796553752674;3
S3_fractal0_buffer_0_5_entry_floor_3;E1_simple_limit_at_fractal0;M1_frozen_movement_top5;X2_ml_opposite_any_p0_50;val_eval;0.2;11;2.092931400966177;1.554800397153307;1.346109381498832;0.04892100034662455;-0.09916666666667122;0.7327317532796944;0.36363636363636365;0.0;{'ML_CLOSE': 7, 'TIME': 4};3.0;;0.34381877794161647;0;1.346109381498832;1.0;1
S3_fractal0_buffer_0_5_entry_floor_3;E1_simple_limit_at_fractal0;M1_frozen_movement_top5;X2_ml_opposite_any_p0_55;val_select;0.2;137;31.60163581390379;30.29571133961525;1.0431059188427403;0.009532295432763052;-0.12324324324324176;6.567175069032906;0.36496350364963503;0.0;{'ML_CLOSE': 76, 'TIME': 52, 'SL': 9};3.0;;0.664146866258993;2;0.8841611051790226;1.8294163782974728;3
S3_fractal0_buffer_0_5_entry_floor_3;E1_simple_limit_at_fractal0;M1_frozen_movement_top5;X2_ml_opposite_any_p0_55;val_eval;0.2;11;2.092931400966177;2.013842926035854;1.0392724148978214;0.007189861357302047;-0.18857142857143572;1.1813243455824918;0.36363636363636365;0.0;{'ML_CLOSE': 7, 'TIME': 4};3.0;;0.3048307969606551;0;1.0392724148978214;1.0;1
S3_fractal0_buffer_0_5_entry_floor_3;E1_simple_limit_at_fractal0;M1_frozen_movement_top5;X2_ml_opposite_any_p0_60;val_select;0.2;137;33.456745279071434;36.78666515637745;0.9094802460850754;-0.024305984505883317;-0.14402515723271558;6.910025567387898;0.3795620437956204;0.0;{'ML_CLOSE': 64, 'TIME': 62, 'SL': 11};3.0;;0.6377321272815882;2;0.7654102616185035;1.8495689017013086;3
S3_fractal0_buffer_0_5_entry_floor_3;E1_simple_limit_at_fractal0;M1_frozen_movement_top5;X2_ml_opposite_any_p0_60;val_eval;0.2;11;2.092931400966177;2.5407878304465243;0.8237332436366243;-0.04071422086184977;-0.2885496183206056;1.5142521559760507;0.36363636363636365;0.0;{'ML_CLOSE': 7, 'TIME': 4};3.0;;0.14245060983896057;1;0.8237332436366243;1.0;1
S3_fractal0_buffer_0_5_entry_floor_3;E1_simple_limit_at_fractal0;M1_frozen_movement_top5;X3_ml_hold_close_p0_50;val_select;0.2;137;35.1578524557903;61.2608307577417;0.5739042716352211;-0.19053268833541176;-0.19105691056909901;25.102978301951385;0.40875912408759124;0.0;{'TIME': 83, 'SL': 54};3.0;;0.40380733624395243;3;0.5158812145154485;1.8253420478004125;3
S3_fractal0_buffer_0_5_entry_floor_3;E1_simple_limit_at_fractal0;M1_frozen_movement_top5;X3_ml_hold_close_p0_50;val_eval;0.2;11;3.077427524997181;4.332565733672587;0.7103014043340404;-0.11410347351594599;-0.24500000000000455;2.0495826531198498;0.45454545454545453;0.0;{'TIME': 8, 'SL': 3};3.0;;0.21423339716024717;1;0.7103014043340404;1.0;1
S3_fractal0_buffer_0_5_entry_floor_3;E1_simple_limit_at_fractal0;M1_frozen_movement_top5;X3_ml_hold_close_p0_60;val_select;0.2;137;35.1578524557903;61.2608307577417;0.5739042716352211;-0.19053268833541176;-0.19105691056909901;25.102978301951385;0.40875912408759124;0.0;{'TIME': 83, 'SL': 54};3.0;;0.3934496313801071;3;0.5158812145154485;1.8253420478004125;3
S3_fractal0_buffer_0_5_entry_floor_3;E1_simple_limit_at_fractal0;M1_frozen_movement_top5;X3_ml_hold_close_p0_60;val_eval;0.2;11;3.077427524997181;4.332565733672587;0.7103014043340404;-0.11410347351594599;-0.24500000000000455;2.0495826531198498;0.45454545454545453;0.0;{'TIME': 8, 'SL': 3};3.0;;0.1476303622804667;1;0.7103014043340404;1.0;1
S3_fractal0_buffer_0_5_entry_floor_3;E1_simple_limit_at_fractal0;M1_frozen_movement_top5;X3_ml_hold_close_p0_70;val_select;0.2;137;35.1578524557903;61.2608307577417;0.5739042716352211;-0.19053268833541176;-0.19105691056909901;25.102978301951385;0.40875912408759124;0.0;{'TIME': 83, 'SL': 54};3.0;;0.401005655391457;3;0.5158812145154485;1.8253420478004125;3
S3_fractal0_buffer_0_5_entry_floor_3;E1_simple_limit_at_fractal0;M1_frozen_movement_top5;X3_ml_hold_close_p0_70;val_eval;0.2;11;3.077427524997181;4.332565733672587;0.7103014043340404;-0.11410347351594599;-0.24500000000000455;2.0495826531198498;0.45454545454545453;0.0;{'TIME': 8, 'SL': 3};3.0;;0.2020904461738383;1;0.7103014043340404;1.0;1
S3_fractal0_buffer_0_5_entry_floor_3;E1_simple_limit_at_fractal0;M1_frozen_movement_top5;X7_time_6;val_select;0.2;137;24.324463862195397;36.98398994426328;0.6577025328758087;-0.0924052998691086;-0.0661538461538472;15.536179873002792;0.45255474452554745;0.0;{'TIME': 116, 'SL': 21};3.0;;0.44605472151741726;2;0.46075564206171515;1.8336537505018493;3
S3_fractal0_buffer_0_5_entry_floor_3;E1_simple_limit_at_fractal0;M1_frozen_movement_top5;X7_time_6;val_eval;0.2;11;1.7971610130556321;3.1746003044140005;0.5661062309345963;-0.12522175375985165;-0.09360000000000582;2.2432000000000154;0.45454545454545453;0.0;{'TIME': 9, 'SL': 2};3.0;;0.14841103983334153;1;0.5661062309345963;1.0;1
S3_fractal0_buffer_0_5_entry_floor_3;E1_simple_limit_at_fractal0;M1_frozen_movement_top5;X7_time_12;val_select;0.2;137;31.83846168768012;49.165750222055394;0.6475740031197087;-0.126476558645075;-0.06478873239437008;19.400203110598397;0.4306569343065693;0.0;{'TIME': 98, 'SL': 39};3.0;;0.470996348157008;3;0.4960910791835015;1.7929460797373427;3
S3_fractal0_buffer_0_5_entry_floor_3;E1_simple_limit_at_fractal0;M1_frozen_movement_top5;X7_time_12;val_eval;0.2;11;1.283458889257643;3.921140001786688;0.3273177924462856;-0.23978919204809498;-0.19714285714285648;3.1918477791957094;0.45454545454545453;0.0;{'TIME': 9, 'SL': 2};3.0;;0.05396459615811609;1;0.3273177924462856;1.0;1
S3_fractal0_buffer_0_5_entry_floor_3;E2_open_pullback_0_5atr;M0_no_mask;X0_fixed_r_0_7;val_select;0.2;3266;1082.604981546192;1224.5103719555723;0.8841125451777481;-0.04344929283814461;0.1325972264093977;145.47466124271335;0.5287813839559093;0.000612369871402327;{'TP': 1459, 'SL': 1053, 'TIME': 754};3.0;2.0999999999999996;0.8233522188082676;3;0.873585487083619;2.2049435871967695;3
S3_fractal0_buffer_0_5_entry_floor_3;E2_open_pullback_0_5atr;M0_no_mask;X0_fixed_r_0_7;val_eval;0.2;3311;1158.005373180279;1248.7488666422091;0.9273324718156243;-0.027406672745977054;0.2730158730158613;136.9237489716466;0.5433403805496829;0.0;{'TP': 1585, 'SL': 1112, 'TIME': 614};3.0;2.0999999999999996;0.8679886289152311;2;0.9088593983105391;1.9936912879518494;2
S3_fractal0_buffer_0_5_entry_floor_3;E2_open_pullback_0_5atr;M0_no_mask;X1_ml_opposite_strong_p0_55;val_select;0.2;3266;1293.301904313307;1234.6351466065505;1.047517485524371;0.01796287743623888;-0.1335949098621498;40.78257113618104;0.44580526638089407;0.0;{'TIME': 2074, 'SL': 822, 'ML_CLOSE': 370};3.0;;0.9678622805512127;1;1.002427899927461;2.1894858566096884;3
S3_fractal0_buffer_0_5_entry_floor_3;E2_open_pullback_0_5atr;M0_no_mask;X1_ml_opposite_strong_p0_55;val_eval;0.2;3311;1335.4807312314038;1311.6154291793725;1.0181953501926726;0.007207883434621247;-0.15315315315317898;79.79745925022267;0.4430685593476291;0.0;{'TIME': 2025, 'SL': 893, 'ML_CLOSE': 393};3.0;;0.9483971474164323;1;0.9651876072719766;1.9754556195992625;2
S3_fractal0_buffer_0_5_entry_floor_3;E2_open_pullback_0_5atr;M0_no_mask;X1_ml_opposite_strong_p0_65;val_select;0.2;3266;1290.893047835832;1366.8793274125924;0.9444089335079805;-0.023265854126380995;-0.16049382716049787;104.66691474821256;0.4402939375382731;0.0;{'TIME': 2084, 'SL': 1109, 'ML_CLOSE': 73};3.0;;0.8747129669137343;3;0.9399891868986076;2.191218295667182;3
S3_fractal0_buffer_0_5_entry_floor_3;E2_open_pullback_0_5atr;M0_no_mask;X1_ml_opposite_strong_p0_65;val_eval;0.2;3311;1332.1324885158315;1437.946856266105;0.9264128800802555;-0.031958431818264375;-0.18724832214764742;164.30821880798663;0.4376321353065539;0.0;{'TIME': 2039, 'SL': 1196, 'ML_CLOSE': 76};3.0;;0.8694776650521001;2;0.8884622660796024;1.9765534223426628;2
S3_fractal0_buffer_0_5_entry_floor_3;E2_open_pullback_0_5atr;M0_no_mask;X1_ml_opposite_strong_p0_75;val_select;0.2;3266;1289.3243295603127;1395.1247108628447;0.9241642123612752;-0.03239448294627436;-0.1658244274809096;124.08840596136149;0.438150642988365;0.0;{'TIME': 2084, 'SL': 1174, 'ML_CLOSE': 8};3.0;;0.854033549947089;3;0.9204320870444521;2.192921171461248;3
S3_fractal0_buffer_0_5_entry_floor_3;E2_open_pullback_0_5atr;M0_no_mask;X1_ml_opposite_strong_p0_75;val_eval;0.2;3311;1329.0707937816042;1468.1611134254572;0.9052622233541299;-0.042008553199593186;-0.19999999999998644;191.28917159187978;0.4349139232860163;0.0;{'TIME': 2043, 'SL': 1266, 'ML_CLOSE': 2};3.0;;0.8490661549655568;2;0.8662654359540337;1.9756416287465592;2
S3_fractal0_buffer_0_5_entry_floor_3;E2_open_pullback_0_5atr;M0_no_mask;X2_ml_opposite_any_p0_50;val_select;0.2;3266;1140.6349880528173;479.12797222990184;2.3806478731437997;0.20254348310560794;-0.050916288959767436;5.260314280184787;0.4396815676668708;0.0;{'ML_CLOSE': 1974, 'TIME': 1231, 'SL': 61};3.0;;2.233834353683078;0;2.353560753975151;2.207547896886526;3
S3_fractal0_buffer_0_5_entry_floor_3;E2_open_pullback_0_5atr;M0_no_mask;X2_ml_opposite_any_p0_50;val_eval;0.2;3311;1166.545240619951;509.49087294628623;2.289629319312528;0.19844589781747662;-0.06711409395973113;5.870810542902291;0.43008154636061613;0.0;{'ML_CLOSE': 2066, 'TIME': 1182, 'SL': 63};3.0;;2.0927922913837147;0;2.25234915337925;1.986810186825553;2
S3_fractal0_buffer_0_5_entry_floor_3;E2_open_pullback_0_5atr;M0_no_mask;X2_ml_opposite_any_p0_55;val_select;0.2;3266;1166.4377529583521;560.0158463013039;2.082865620075287;0.18567725249756528;-0.08911111111111424;6.718638956233221;0.4167176974892835;0.0;{'ML_CLOSE': 1861, 'TIME': 1339, 'SL': 66};3.0;;1.9390558747883067;0;2.0640908805529365;2.1841433401976733;3
S3_fractal0_buffer_0_5_entry_floor_3;E2_open_pullback_0_5atr;M0_no_mask;X2_ml_opposite_any_p0_55;val_eval;0.2;3311;1200.6594409001377;600.4203259491333;1.9996981930985724;0.18128635305074134;-0.10098039215685962;10.694367449734614;0.4074297795228028;0.0;{'ML_CLOSE': 1937, 'TIME': 1295, 'SL': 79};3.0;;1.8561123616769866;0;1.9447263505887982;1.9815960462964894;2
S3_fractal0_buffer_0_5_entry_floor_3;E2_open_pullback_0_5atr;M0_no_mask;X2_ml_opposite_any_p0_60;val_select;0.2;3266;1196.907079743201;662.1524051018691;1.807600592433191;0.1637338256709528;-0.11721099802521179;8.94836577668788;0.41334966319657074;0.0;{'ML_CLOSE': 1722, 'TIME': 1455, 'SL': 89};3.0;;1.6879933763517196;0;1.7903760903700137;2.186767748466973;3
S3_fractal0_buffer_0_5_entry_floor_3;E2_open_pullback_0_5atr;M0_no_mask;X2_ml_opposite_any_p0_60;val_eval;0.2;3311;1217.0866646159088;721.4457539682221;1.6870106420634898;0.14969523124363845;-0.13717948717949438;11.130134178884845;0.39565086076713984;0.0;{'ML_CLOSE': 1795, 'TIME': 1402, 'SL': 114};3.0;;1.5523859933127253;0;1.640753206178116;1.977138833724777;2
S3_fractal0_buffer_0_5_entry_floor_3;E2_open_pullback_0_5atr;M0_no_mask;X3_ml_hold_close_p0_50;val_select;0.2;3266;1322.8416489089695;1107.6998467309004;1.1942239161745904;0.06587317886652456;-0.040209738746480775;25.597916978522505;0.469993876301286;0.0;{'TIME': 2078, 'SL': 816, 'ML_CLOSE': 372};3.0;;1.1147072655598729;0;1.1874215616110246;2.188280811203441;3
S3_fractal0_buffer_0_5_entry_floor_3;E2_open_pullback_0_5atr;M0_no_mask;X3_ml_hold_close_p0_50;val_eval;0.2;3311;1366.7671619064586;1201.6528909628469;1.1374059615595904;0.04986839956013646;-0.06504065040651909;40.9961891986502;0.4693446088794926;0.0;{'TIME': 2033, 'SL': 943, 'ML_CLOSE': 335};3.0;;1.047920895071347;0;1.125307678615823;1.9778598535679661;2
S3_fractal0_buffer_0_5_entry_floor_3;E2_open_pullback_0_5atr;M0_no_mask;X3_ml_hold_close_p0_60;val_select;0.2;3266;1292.6426416360832;1363.101566914262;0.9483098493990575;-0.021573461505872315;-0.14833333333334797;99.84059509434071;0.44335578689528476;0.0;{'TIME': 2084, 'SL': 1137, 'ML_CLOSE': 45};3.0;;0.8762189786534924;3;0.9080288802397083;2.189948339755422;3
S3_fractal0_buffer_0_5_entry_floor_3;E2_open_pullback_0_5atr;M0_no_mask;X3_ml_hold_close_p0_60;val_eval;0.2;3311;1333.9542501779092;1433.0847368524983;0.9308271980536821;-0.02993974227562336;-0.16713286713287467;160.33413733437072;0.4403503473270915;0.0;{'TIME': 2043, 'SL': 1223, 'ML_CLOSE': 45};3.0;;0.8654871265853743;2;0.8877080628447817;1.976130865612761;2
S3_fractal0_buffer_0_5_entry_floor_3;E2_open_pullback_0_5atr;M0_no_mask;X3_ml_hold_close_p0_70;val_select;0.2;3266;1289.6730946609837;1394.1980482199065;0.9250286186439732;-0.03200396618460583;-0.16434389394448717;122.47816809116979;0.43906919779546844;0.0;{'TIME': 2084, 'SL': 1176, 'ML_CLOSE': 6};3.0;;0.8600737691177338;3;0.9214005336049057;2.1925423031049562;3
S3_fractal0_buffer_0_5_entry_floor_3;E2_open_pullback_0_5atr;M0_no_mask;X3_ml_hold_close_p0_70;val_eval;0.2;3311;1329.581449519309;1467.2237396880835;0.906188615651737;-0.04157121418567635;-0.1978102189781042;189.84114211680117;0.43521594684385384;0.0;{'TIME': 2043, 'SL': 1266, 'ML_CLOSE': 2};3.0;;0.8455619161548754;2;0.8682875044487657;1.9758262295868356;2
S3_fractal0_buffer_0_5_entry_floor_3;E2_open_pullback_0_5atr;M0_no_mask;X7_time_6;val_select;0.2;3266;666.8064394253066;807.1016465403841;0.8261740541399606;-0.04295627896971146;-0.023147514819871297;140.32185347557333;0.4782608695652174;0.0;{'TIME': 2836, 'SL': 430};3.0;;0.767783682685222;3;0.7211188268649553;2.1081271152496877;3
S3_fractal0_buffer_0_5_entry_floor_3;E2_open_pullback_0_5atr;M0_no_mask;X7_time_6;val_eval;0.2;3311;722.8373186269488;860.5330214927822;0.8399878918917368;-0.04158734607847581;-0.03559322033897628;147.35781951108945;0.4723648444578677;0.0;{'TIME': 2844, 'SL': 467};3.0;;0.7790690014633167;2;0.8188530117428583;1.995438647996383;2
S3_fractal0_buffer_0_5_entry_floor_3;E2_open_pullback_0_5atr;M0_no_mask;X7_time_12;val_select;0.2;3266;919.4622333703876;1056.7702820960053;0.8700682153426192;-0.04204165607030554;-0.053999748047369095;140.45668740729732;0.4684629516227802;0.0;{'TIME': 2516, 'SL': 750};3.0;;0.8032722711884154;3;0.8265699825684131;2.1700075084908246;3
S3_fractal0_buffer_0_5_entry_floor_3;E2_open_pullback_0_5atr;M0_no_mask;X7_time_12;val_eval;0.2;3311;971.4539545304267;1139.7330936109888;0.8523521515485636;-0.050824264294944715;-0.07302631578946689;182.24055848815019;0.46783449109030506;0.0;{'TIME': 2487, 'SL': 824};3.0;;0.799402486895268;2;0.8461325262429464;1.9908078033733518;2
S3_fractal0_buffer_0_5_entry_floor_3;E2_open_pullback_0_5atr;M1_frozen_movement_top5;X0_fixed_r_0_7;val_select;0.2;172;55.9673396855124;62.61915882962917;0.8937734190551061;-0.038673367116958006;0.11793426484597491;16.614299593990772;0.5174418604651163;0.0;{'TP': 75, 'SL': 53, 'TIME': 44};3.0;2.0999999999999996;0.6757399464983129;2;0.8728098827147329;1.8495818315806154;3
S3_fractal0_buffer_0_5_entry_floor_3;E2_open_pullback_0_5atr;M1_frozen_movement_top5;X0_fixed_r_0_7;val_eval;0.2;14;6.300000000000001;3.8961640211640423;1.6169750466813697;0.17170256991685415;0.6999999999999964;1.8961640211640423;0.6428571428571429;0.0;{'TP': 9, 'SL': 3, 'TIME': 2};3.0000000000000058;2.100000000000004;0.561638821560064;0;1.6169750466813697;1.0;1
S3_fractal0_buffer_0_5_entry_floor_3;E2_open_pullback_0_5atr;M1_frozen_movement_top5;X1_ml_opposite_strong_p0_55;val_select;0.2;172;46.52669922345678;72.03156061137699;0.6459210216821006;-0.1482840778367453;-0.1696778078891942;25.58179468394836;0.4011627906976744;0.0;{'TIME': 112, 'SL': 58, 'ML_CLOSE': 2};3.0;;0.4648720640820084;3;0.5641570085752415;1.7541938401156478;3
S3_fractal0_buffer_0_5_entry_floor_3;E2_open_pullback_0_5atr;M1_frozen_movement_top5;X1_ml_opposite_strong_p0_55;val_eval;0.2;14;2.9218535726322723;5.676961513871747;0.5146861689114284;-0.19679342437424818;-0.3757804257431776;2.5530246079061527;0.35714285714285715;0.0;{'TIME': 10, 'SL': 3, 'ML_CLOSE': 1};3.0000000000000058;;0.1583131471766695;1;0.5146861689114284;1.0;1
S3_fractal0_buffer_0_5_entry_floor_3;E2_open_pullback_0_5atr;M1_frozen_movement_top5;X1_ml_opposite_strong_p0_65;val_select;0.2;172;46.52669922345678;72.96262615701869;0.6376785167152472;-0.15369724961373202;-0.1696778078891942;26.512860229590075;0.4011627906976744;0.0;{'TIME': 112, 'SL': 60};3.0;;0.4723580090323272;3;0.5487699516855176;1.7541938401156478;3
S3_fractal0_buffer_0_5_entry_floor_3;E2_open_pullback_0_5atr;M1_frozen_movement_top5;X1_ml_opposite_strong_p0_65;val_eval;0.2;14;2.9218535726322723;6.046961513871752;0.48319367767258475;-0.22322199580281993;-0.3757804257431776;2.9230246079061573;0.35714285714285715;0.0;{'TIME': 10, 'SL': 4};3.0000000000000058;;0.14887599588860675;1;0.48319367767258475;1.0;1
S3_fractal0_buffer_0_5_entry_floor_3;E2_open_pullback_0_5atr;M1_frozen_movement_top5;X1_ml_opposite_strong_p0_75;val_select;0.2;172;46.52669922345678;72.96262615701869;0.6376785167152472;-0.15369724961373202;-0.1696778078891942;26.512860229590075;0.4011627906976744;0.0;{'TIME': 112, 'SL': 60};3.0;;0.44350813967050734;3;0.5487699516855176;1.7541938401156478;3
S3_fractal0_buffer_0_5_entry_floor_3;E2_open_pullback_0_5atr;M1_frozen_movement_top5;X1_ml_opposite_strong_p0_75;val_eval;0.2;14;2.9218535726322723;6.046961513871752;0.48319367767258475;-0.22322199580281993;-0.3757804257431776;2.9230246079061573;0.35714285714285715;0.0;{'TIME': 10, 'SL': 4};3.0000000000000058;;0.1791932107878579;1;0.48319367767258475;1.0;1
S3_fractal0_buffer_0_5_entry_floor_3;E2_open_pullback_0_5atr;M1_frozen_movement_top5;X2_ml_opposite_any_p0_50;val_select;0.2;172;41.92958823331896;27.412666385257864;1.5295698581101211;0.08440070841895979;-0.08768601190475611;5.019439000953086;0.37790697674418605;0.0;{'ML_CLOSE': 100, 'TIME': 65, 'SL': 7};3.0;;1.1407686491151714;1;1.2403702354446962;1.7963271796777958;3
S3_fractal0_buffer_0_5_entry_floor_3;E2_open_pullback_0_5atr;M1_frozen_movement_top5;X2_ml_opposite_any_p0_50;val_eval;0.2;14;1.7273543478260798;2.677052057693089;0.6452449599783286;-0.06783555070478636;-0.13942746750965412;1.6174773902323278;0.21428571428571427;0.0;{'ML_CLOSE': 11, 'TIME': 3};3.0000000000000058;;0.1255783061975171;1;0.6452449599783286;1.0;1
S3_fractal0_buffer_0_5_entry_floor_3;E2_open_pullback_0_5atr;M1_frozen_movement_top5;X2_ml_opposite_any_p0_55;val_select;0.2;172;43.38399525052223;31.356591017359566;1.383568616451453;0.06992676879745731;-0.09100923951670342;7.005004851682173;0.38953488372093026;0.0;{'ML_CLOSE': 90, 'TIME': 75, 'SL': 7};3.0;;0.964635713799321;1;1.0821969816285777;1.7754867477484155;3
S3_fractal0_buffer_0_5_entry_floor_3;E2_open_pullback_0_5atr;M1_frozen_movement_top5;X2_ml_opposite_any_p0_55;val_eval;0.2;14;2.0707876811594113;2.422221628686235;0.85491255491867;-0.025102424823344523;-0.14993149344293516;1.3276721019384201;0.35714285714285715;0.0;{'ML_CLOSE': 10, 'TIME': 4};3.0000000000000058;;0.23435506420624516;1;0.85491255491867;1.0;1
S3_fractal0_buffer_0_5_entry_floor_3;E2_open_pullback_0_5atr;M1_frozen_movement_top5;X2_ml_opposite_any_p0_60;val_select;0.2;172;45.66177139441026;37.832702467623434;1.2069391932412654;0.045517842597597814;-0.0926461442786095;9.869614302971396;0.38372093023255816;0.0;{'TIME': 85, 'ML_CLOSE': 76, 'SL': 11};3.0;;0.8655674556620666;2;0.9355298717798488;1.7662617753515466;3
S3_fractal0_buffer_0_5_entry_floor_3;E2_open_pullback_0_5atr;M1_frozen_movement_top5;X2_ml_opposite_any_p0_60;val_eval;0.2;14;2.0707876811594113;3.804814566678404;0.5442545608647638;-0.12385906325135658;-0.28277998536023824;2.2325714060669664;0.35714285714285715;0.0;{'ML_CLOSE': 10, 'TIME': 4};3.0000000000000058;;0.19368507217057201;1;0.5442545608647638;1.0;1
S3_fractal0_buffer_0_5_entry_floor_3;E2_open_pullback_0_5atr;M1_frozen_movement_top5;X3_ml_hold_close_p0_50;val_select;0.2;172;46.55719179577889;71.96262615701869;0.6469634903844883;-0.14770601372813832;-0.1566985264834712;25.482367657267957;0.4069767441860465;0.0;{'TIME': 112, 'SL': 59, 'ML_CLOSE': 1};3.0;;0.4683312337616065;3;0.5487699516855176;1.7537216853931739;3
S3_fractal0_buffer_0_5_entry_floor_3;E2_open_pullback_0_5atr;M1_frozen_movement_top5;X3_ml_hold_close_p0_50;val_eval;0.2;14;2.9218535726322723;6.046961513871752;0.48319367767258475;-0.22322199580281993;-0.3757804257431776;2.9230246079061573;0.35714285714285715;0.0;{'TIME': 10, 'SL': 4};3.0000000000000058;;0.13286308625135543;1;0.48319367767258475;1.0;1
S3_fractal0_buffer_0_5_entry_floor_3;E2_open_pullback_0_5atr;M1_frozen_movement_top5;X3_ml_hold_close_p0_60;val_select;0.2;172;46.52669922345678;72.96262615701869;0.6376785167152472;-0.15369724961373202;-0.1696778078891942;26.512860229590075;0.4011627906976744;0.0;{'TIME': 112, 'SL': 60};3.0;;0.4569083471756862;3;0.5487699516855176;1.7541938401156478;3
S3_fractal0_buffer_0_5_entry_floor_3;E2_open_pullback_0_5atr;M1_frozen_movement_top5;X3_ml_hold_close_p0_60;val_eval;0.2;14;2.9218535726322723;6.046961513871752;0.48319367767258475;-0.22322199580281993;-0.3757804257431776;2.9230246079061573;0.35714285714285715;0.0;{'TIME': 10, 'SL': 4};3.0000000000000058;;0.13180365563037277;1;0.48319367767258475;1.0;1
S3_fractal0_buffer_0_5_entry_floor_3;E2_open_pullback_0_5atr;M1_frozen_movement_top5;X3_ml_hold_close_p0_70;val_select;0.2;172;46.52669922345678;72.96262615701869;0.6376785167152472;-0.15369724961373202;-0.1696778078891942;26.512860229590075;0.4011627906976744;0.0;{'TIME': 112, 'SL': 60};3.0;;0.4434066509378436;3;0.5487699516855176;1.7541938401156478;3
S3_fractal0_buffer_0_5_entry_floor_3;E2_open_pullback_0_5atr;M1_frozen_movement_top5;X3_ml_hold_close_p0_70;val_eval;0.2;14;2.9218535726322723;6.046961513871752;0.48319367767258475;-0.22322199580281993;-0.3757804257431776;2.9230246079061573;0.35714285714285715;0.0;{'TIME': 10, 'SL': 4};3.0000000000000058;;0.13792494434608701;1;0.48319367767258475;1.0;1
S3_fractal0_buffer_0_5_entry_floor_3;E2_open_pullback_0_5atr;M1_frozen_movement_top5;X7_time_6;val_select;0.2;172;32.79354993883895;44.50391525099678;0.7368688744324456;-0.06808351925673156;-0.05100017356591724;18.546227612503067;0.4476744186046512;0.0;{'TIME': 146, 'SL': 26};3.0;;0.5392967219220083;2;0.7221165872594721;1.7344001205274835;3
S3_fractal0_buffer_0_5_entry_floor_3;E2_open_pullback_0_5atr;M1_frozen_movement_top5;X7_time_6;val_eval;0.2;14;2.450280750790131;3.478821511922864;0.7043421866837246;-0.07346719722376667;-0.01542141587366902;2.2352000000000043;0.5;0.0;{'TIME': 12, 'SL': 2};3.0000000000000058;;0.239903550156795;1;0.7043421866837246;1.0;1
S3_fractal0_buffer_0_5_entry_floor_3;E2_open_pullback_0_5atr;M1_frozen_movement_top5;X7_time_12;val_select;0.2;172;43.52539789395838;57.07103289863075;0.7626530602883594;-0.07875369188763004;-0.019837059916288865;22.28703432634999;0.47093023255813954;0.0;{'TIME': 126, 'SL': 46};3.0;;0.5540491085150112;2;0.7570495034921877;1.7843092997697239;3
S3_fractal0_buffer_0_5_entry_floor_3;E2_open_pullback_0_5atr;M1_frozen_movement_top5;X7_time_12;val_eval;0.2;14;1.9773325156930488;4.252756253044549;0.464953173433694;-0.16253026695367856;-0.09961428571429255;2.492651667336306;0.5;0.0;{'TIME': 12, 'SL': 2};3.0000000000000058;;0.13410061656572436;1;0.464953173433694;1.0;1
S3_fractal0_buffer_0_5_entry_floor_3;E3_open_pullback_1_0atr;M0_no_mask;X0_fixed_r_0_7;val_select;0.2;2294;783.1175339298984;849.4213022509452;0.9219424234530691;-0.02890312481301084;0.19080296372878086;73.10977549832691;0.541848299912816;0.0008718395815170009;{'TP': 1069, 'SL': 741, 'TIME': 484};3.0;2.0999999999999996;0.8518848435855275;3;0.9075443666634276;2.19636307945143;3
S3_fractal0_buffer_0_5_entry_floor_3;E3_open_pullback_1_0atr;M0_no_mask;X0_fixed_r_0_7;val_eval;0.2;2298;842.3356017725778;831.9435634021615;1.0124912780476585;0.004522209908797355;0.6147218184220938;78.39377237660472;0.5674499564838991;0.0;{'TP': 1147, 'SL': 752, 'TIME': 399};3.0;2.0999999999999996;0.9446517092898965;1;0.9987242163905985;1.9865044453326612;2
S3_fractal0_buffer_0_5_entry_floor_3;E3_open_pullback_1_0atr;M0_no_mask;X1_ml_opposite_strong_p0_55;val_select;0.2;2294;963.6229117307741;846.0971594166829;1.1389033765284309;0.05123180135749404;-0.10533333333332848;24.264308778327006;0.45902353966870096;0.0;{'TIME': 1435, 'SL': 559, 'ML_CLOSE': 300};3.0;;1.0560038136309244;0;1.0589202060246554;2.176137339900198;3
S3_fractal0_buffer_0_5_entry_floor_3;E3_open_pullback_1_0atr;M0_no_mask;X1_ml_opposite_strong_p0_55;val_eval;0.2;2298;961.9441796512274;905.9306708118011;1.061829796301336;0.024374895056321257;-0.1103570166136493;38.73695640309459;0.45691906005221933;0.0;{'TIME': 1395, 'SL': 648, 'ML_CLOSE': 255};3.0;;0.9704948168148841;0;1.011918409023752;1.9654397873179574;2
S3_fractal0_buffer_0_5_entry_floor_3;E3_open_pullback_1_0atr;M0_no_mask;X1_ml_opposite_strong_p0_65;val_select;0.2;2294;959.844382655697;954.4946203585049;1.0056048113662315;0.002332067261199727;-0.14455128205128948;43.5488782692391;0.45161290322580644;0.0;{'TIME': 1448, 'SL': 772, 'ML_CLOSE': 74};3.0;;0.9324555307944451;1;0.946638237470178;2.1779384238547634;3
S3_fractal0_buffer_0_5_entry_floor_3;E3_open_pullback_1_0atr;M0_no_mask;X1_ml_opposite_strong_p0_65;val_eval;0.2;2298;958.0962072685425;995.8797604090564;0.9620601254864398;-0.016441929129901663;-0.15652223166240853;88.82155462032802;0.44734551784160137;0.0;{'TIME': 1405, 'SL': 848, 'ML_CLOSE': 45};3.0;;0.8789964260263377;2;0.9203289308142167;1.965813970808037;2
S3_fractal0_buffer_0_5_entry_floor_3;E3_open_pullback_1_0atr;M0_no_mask;X1_ml_opposite_strong_p0_75;val_select;0.2;2294;957.3819475184955;980.1648042870418;0.9767560958433739;-0.009931498155425577;-0.15637779941577018;58.07410226518118;0.44856146469049696;0.0;{'TIME': 1449, 'SL': 837, 'ML_CLOSE': 8};3.0;;0.8987559430296322;2;0.9220983796190524;2.1815275389852378;3
S3_fractal0_buffer_0_5_entry_floor_3;E3_open_pullback_1_0atr;M0_no_mask;X1_ml_opposite_strong_p0_75;val_eval;0.2;2298;957.7587612233915;1012.8022256638982;0.9456523069897231;-0.02395276955635629;-0.163996620843252;103.85683584553443;0.44691035683202784;0.0;{'TIME': 1407, 'SL': 890, 'ML_CLOSE': 1};3.0;;0.8767711264402489;2;0.9082924149531784;1.9657020961620302;2
S3_fractal0_buffer_0_5_entry_floor_3;E3_open_pullback_1_0atr;M0_no_mask;X2_ml_opposite_any_p0_50;val_select;0.2;2294;892.933300450901;328.6005557286692;2.717382198185357;0.24600381199748556;-0.027103294926218397;5.643879306605527;0.479075850043592;0.0;{'ML_CLOSE': 1345, 'TIME': 895, 'SL': 54};3.0;;2.463475517475429;0;2.5088606258837074;2.17974188620012;3
S3_fractal0_buffer_0_5_entry_floor_3;E3_open_pullback_1_0atr;M0_no_mask;X2_ml_opposite_any_p0_50;val_eval;0.2;2298;851.3685866085085;362.39455213558784;2.349286383008246;0.21278243449648415;-0.05248766447368404;9.188557161706171;0.448651000870322;0.0;{'ML_CLOSE': 1411, 'TIME': 830, 'SL': 57};3.0;;2.138094006497541;0;2.3210668621743524;1.973009552510875;2
S3_fractal0_buffer_0_5_entry_floor_3;E3_open_pullback_1_0atr;M0_no_mask;X2_ml_opposite_any_p0_55;val_select;0.2;2294;893.1381976404092;387.68853323704747;2.3037519066737797;0.2203355119456677;-0.05398118170780784;6.778381831973547;0.45684394071490847;0.0;{'ML_CLOSE': 1270, 'TIME': 962, 'SL': 62};3.0;;2.1376986126752775;0;2.291122493106588;2.189315684069173;3
S3_fractal0_buffer_0_5_entry_floor_3;E3_open_pullback_1_0atr;M0_no_mask;X2_ml_opposite_any_p0_55;val_eval;0.2;2298;877.5179843369558;409.84672236869557;2.141088207965577;0.2035122985066406;-0.08648401826483795;7.7053746822558224;0.43124456048738036;0.0;{'ML_CLOSE': 1297, 'TIME': 930, 'SL': 71};3.0;;1.9611202528196394;0;2.116399307294544;1.9750121046575855;2
S3_fractal0_buffer_0_5_entry_floor_3;E3_open_pullback_1_0atr;M0_no_mask;X2_ml_opposite_any_p0_60;val_select;0.2;2294;899.2835298184898;468.88053859867426;1.9179374185717857;0.18762118187437468;-0.09973544973546171;8.805449905042934;0.43461203138622495;0.0;{'ML_CLOSE': 1179, 'TIME': 1034, 'SL': 81};3.0;;1.7815784295321608;0;1.7638974805730405;2.1919659519317967;3
S3_fractal0_buffer_0_5_entry_floor_3;E3_open_pullback_1_0atr;M0_no_mask;X2_ml_opposite_any_p0_60;val_eval;0.2;2298;894.0328250447196;508.72414866440744;1.7574019778536023;0.16767131261110188;-0.13110632911393344;8.411971146771634;0.4142732811140122;0.0;{'ML_CLOSE': 1196, 'TIME': 1001, 'SL': 101};3.0;;1.6144887770808904;0;1.669018922001492;1.96998486424734;2
S3_fractal0_buffer_0_5_entry_floor_3;E3_open_pullback_1_0atr;M0_no_mask;X3_ml_hold_close_p0_50;val_select;0.2;2294;989.5936965412341;750.3864647290586;1.318778713444073;0.10427516643948363;-0.016941982272353252;19.31469867832881;0.49128160418482997;0.0;{'TIME': 1441, 'SL': 551, 'ML_CLOSE': 302};3.0;;1.206827413000949;0;1.2438506972336176;2.166238711560759;3
S3_fractal0_buffer_0_5_entry_floor_3;E3_open_pullback_1_0atr;M0_no_mask;X3_ml_hold_close_p0_50;val_eval;0.2;2298;977.8783906959721;819.0391956915875;1.1939335697728881;0.06912062445795676;-0.02901575442586379;30.18442967521436;0.4865100087032202;0.0;{'TIME': 1400, 'SL': 655, 'ML_CLOSE': 243};3.0;;1.105186470641139;0;1.186792091560807;1.9689982599044293;2
S3_fractal0_buffer_0_5_entry_floor_3;E3_open_pullback_1_0atr;M0_no_mask;X3_ml_hold_close_p0_60;val_select;0.2;2294;961.8065800057789;950.5040655271055;1.0118910743137175;0.004926989746588186;-0.11324786324788183;37.86646312511557;0.45640802092414995;0.0;{'TIME': 1449, 'SL': 800, 'ML_CLOSE': 45};3.0;;0.9292298536106303;1;0.9397510612749008;2.176824082835055;3
S3_fractal0_buffer_0_5_entry_floor_3;E3_open_pullback_1_0atr;M0_no_mask;X3_ml_hold_close_p0_60;val_eval;0.2;2298;961.0777773958162;984.0648421529999;0.9766407011280973;-0.010003074306868493;-0.13802985074627025;76.22784356961878;0.45300261096605743;0.0;{'TIME': 1407, 'SL': 855, 'ML_CLOSE': 36};3.0;;0.9030464431668664;1;0.9322261965609229;1.965772691176568;2
S3_fractal0_buffer_0_5_entry_floor_3;E3_open_pullback_1_0atr;M0_no_mask;X3_ml_hold_close_p0_70;val_select;0.2;2294;958.4259475184955;979.5783812521925;0.9784065939607018;-0.009220764487226267;-0.14931397006416047;55.94431214172437;0.45030514385353093;0.0;{'TIME': 1449, 'SL': 838, 'ML_CLOSE': 7};3.0;;0.9015361331256972;2;0.9220983796190524;2.180004057309671;3
S3_fractal0_buffer_0_5_entry_floor_3;E3_open_pullback_1_0atr;M0_no_mask;X3_ml_hold_close_p0_70;val_eval;0.2;2298;957.524215768846;1012.8322256638982;0.945392723006223;-0.02406788942343438;-0.163996620843252;104.12138130007988;0.4464751958224543;0.0;{'TIME': 1407, 'SL': 890, 'ML_CLOSE': 1};3.0;;0.8691815345617165;2;0.9077203343649368;1.9655604210847621;2
S3_fractal0_buffer_0_5_entry_floor_3;E3_open_pullback_1_0atr;M0_no_mask;X7_time_6;val_select;0.2;2294;553.8142265425629;588.2851957076408;0.9414043232490098;-0.015026577665683436;0.004095197255579483;40.36825527769465;0.5039232781168265;0.0;{'TIME': 1945, 'SL': 349};3.0;;0.8563895309443299;2;0.8036450995682056;2.0983946147242416;3
S3_fractal0_buffer_0_5_entry_floor_3;E3_open_pullback_1_0atr;M0_no_mask;X7_time_6;val_eval;0.2;2298;526.3718993829959;627.3036153441026;0.8391022887605369;-0.04392154741562522;-0.034543166860254576;110.39418890713043;0.4691035683202785;0.0;{'TIME': 1933, 'SL': 365};3.0;;0.7659763061068913;2;0.8280597326611522;1.9799948717155664;2
S3_fractal0_buffer_0_5_entry_floor_3;E3_open_pullback_1_0atr;M0_no_mask;X7_time_12;val_select;0.2;2294;690.2293582342461;767.8996230737656;0.8988536229141261;-0.033858005597000584;-0.04126535626537805;83.91188024936241;0.4768962510897995;0.0;{'TIME': 1728, 'SL': 566};3.0;;0.8184604759853824;3;0.8324769344013981;2.1855981178779955;3
S3_fractal0_buffer_0_5_entry_floor_3;E3_open_pullback_1_0atr;M0_no_mask;X7_time_12;val_eval;0.2;2298;706.301274549301;803.939944358016;0.8785497965439644;-0.04248854212737817;-0.06639479593183029;112.07519310872486;0.46866840731070497;0.0;{'TIME': 1702, 'SL': 596};3.0;;0.8189336080677364;2;0.8445985954332594;1.9754033549971584;2
S3_fractal0_buffer_0_5_entry_floor_3;E3_open_pullback_1_0atr;M1_frozen_movement_top5;X0_fixed_r_0_7;val_select;0.2;117;39.94228432792829;44.98502241739497;0.8879018433584966;-0.0431003255509973;0.2723880597014975;12.946895756420659;0.5213675213675214;0.0;{'TP': 54, 'SL': 40, 'TIME': 23};3.0;2.0999999999999996;0.6354184917171889;2;0.7958650884480296;1.8532950421730545;2
S3_fractal0_buffer_0_5_entry_floor_3;E3_open_pullback_1_0atr;M1_frozen_movement_top5;X0_fixed_r_0_7;val_eval;0.2;9;4.32054794520547;1.5644444444444363;2.7617138854296472;0.3062337223067814;0.6999999999999983;1.0;0.7777777777777778;0.0;{'TP': 6, 'TIME': 2, 'SL': 1};3.0000000000000115;2.100000000000008;0.9819201995012453;0;2.7617138854296472;1.0;1
S3_fractal0_buffer_0_5_entry_floor_3;E3_open_pullback_1_0atr;M1_frozen_movement_top5;X1_ml_opposite_strong_p0_55;val_select;0.2;117;33.22114242602748;49.2498332209693;0.6745432472222622;-0.13699735722172493;-0.11935483870968622;19.57159825597637;0.4444444444444444;0.0;{'TIME': 72, 'SL': 43, 'ML_CLOSE': 2};3.0;;0.4401849265874983;2;0.6334154498278638;1.9362359307519688;2
S3_fractal0_buffer_0_5_entry_floor_3;E3_open_pullback_1_0atr;M1_frozen_movement_top5;X1_ml_opposite_strong_p0_55;val_eval;0.2;9;1.8641138366783045;3.183528413910071;0.5855496148654643;-0.14660161969241847;-0.1931297709923623;2.0;0.4444444444444444;0.0;{'TIME': 7, 'SL': 2};3.0000000000000115;;0.10664938039110584;1;0.5855496148654643;1.0;1
S3_fractal0_buffer_0_5_entry_floor_3;E3_open_pullback_1_0atr;M1_frozen_movement_top5;X1_ml_opposite_strong_p0_65;val_select;0.2;117;33.22114242602748;50.33265776614351;0.660031556060086;-0.1462522678642396;-0.15769230769231093;20.654422801150574;0.4444444444444444;0.0;{'TIME': 72, 'SL': 45};3.0;;0.4348417502095937;2;0.6334154498278638;1.9362359307519688;2
S3_fractal0_buffer_0_5_entry_floor_3;E3_open_pullback_1_0atr;M1_frozen_movement_top5;X1_ml_opposite_strong_p0_65;val_eval;0.2;9;1.8641138366783045;3.183528413910071;0.5855496148654643;-0.14660161969241847;-0.1931297709923623;2.0;0.4444444444444444;0.0;{'TIME': 7, 'SL': 2};3.0000000000000115;;0.09650489694881413;1;0.5855496148654643;1.0;1
S3_fractal0_buffer_0_5_entry_floor_3;E3_open_pullback_1_0atr;M1_frozen_movement_top5;X1_ml_opposite_strong_p0_75;val_select;0.2;117;33.22114242602748;50.33265776614351;0.660031556060086;-0.1462522678642396;-0.15769230769231093;20.654422801150574;0.4444444444444444;0.0;{'TIME': 72, 'SL': 45};3.0;;0.4705943610757044;2;0.6334154498278638;1.9362359307519688;2
S3_fractal0_buffer_0_5_entry_floor_3;E3_open_pullback_1_0atr;M1_frozen_movement_top5;X1_ml_opposite_strong_p0_75;val_eval;0.2;9;1.8641138366783045;3.183528413910071;0.5855496148654643;-0.14660161969241847;-0.1931297709923623;2.0;0.4444444444444444;0.0;{'TIME': 7, 'SL': 2};3.0000000000000115;;0.09641344242298858;1;0.5855496148654643;1.0;1
S3_fractal0_buffer_0_5_entry_floor_3;E3_open_pullback_1_0atr;M1_frozen_movement_top5;X2_ml_opposite_any_p0_50;val_select;0.2;117;31.59651000555105;17.33842135055069;1.822340648362863;0.12186400559829368;-0.001030927835050604;4.660565379270463;0.48717948717948717;0.0;{'ML_CLOSE': 64, 'TIME': 47, 'SL': 6};3.0;;1.1718000348891715;0;1.4857175909278348;1.935264126224691;2
S3_fractal0_buffer_0_5_entry_floor_3;E3_open_pullback_1_0atr;M1_frozen_movement_top5;X2_ml_opposite_any_p0_50;val_eval;0.2;9;0.8924999999999781;1.617936567342225;0.5516285483713881;-0.08060406303802745;-0.14732824427481248;0.9359028476372777;0.3333333333333333;0.0;{'ML_CLOSE': 7, 'TIME': 2};3.0000000000000115;;0.08911013216454021;1;0.5516285483713881;1.0;1
S3_fractal0_buffer_0_5_entry_floor_3;E3_open_pullback_1_0atr;M1_frozen_movement_top5;X2_ml_opposite_any_p0_55;val_select;0.2;117;31.628323684037326;23.522524021276887;1.3445973593407103;0.06928033899795251;-0.0447154471544865;4.930977855902691;0.4358974358974359;0.0;{'ML_CLOSE': 58, 'TIME': 52, 'SL': 7};3.0;;1.0000546376905939;0;1.2629411418191638;1.922977560810084;2
S3_fractal0_buffer_0_5_entry_floor_3;E3_open_pullback_1_0atr;M1_frozen_movement_top5;X2_ml_opposite_any_p0_55;val_eval;0.2;9;0.6799999999999818;2.0449054791589636;0.3325337072692743;-0.15165616435099802;-0.20916030534350996;1.0649054791589772;0.2222222222222222;0.0;{'ML_CLOSE': 7, 'TIME': 2};3.0000000000000115;;0.0;1;0.3325337072692743;1.0;1
S3_fractal0_buffer_0_5_entry_floor_3;E3_open_pullback_1_0atr;M1_frozen_movement_top5;X2_ml_opposite_any_p0_60;val_select;0.2;117;32.70265086154907;29.34468038848049;1.114432000233568;0.02870060233391947;-0.1011111111111202;9.847182408425125;0.4444444444444444;0.0;{'TIME': 58, 'ML_CLOSE': 51, 'SL': 8};3.0;;0.7763617783516048;0;1.0859656388862906;1.9335623887153817;2
S3_fractal0_buffer_0_5_entry_floor_3;E3_open_pullback_1_0atr;M1_frozen_movement_top5;X2_ml_opposite_any_p0_60;val_eval;0.2;9;0.6799999999999818;2.6676530672782928;0.25490571031928094;-0.22085034080870122;-0.3047945205479455;1.6828585467303656;0.2222222222222222;0.0;{'ML_CLOSE': 7, 'TIME': 2};3.0000000000000115;;0.0;1;0.25490571031928094;1.0;1
S3_fractal0_buffer_0_5_entry_floor_3;E3_open_pullback_1_0atr;M1_frozen_movement_top5;X3_ml_hold_close_p0_50;val_select;0.2;117;33.22114242602748;50.13990414295512;0.6625689257663887;-0.14460480099938147;-0.15769230769231093;20.46166917796218;0.4444444444444444;0.0;{'TIME': 72, 'SL': 44, 'ML_CLOSE': 1};3.0;;0.4577776460596819;2;0.6334154498278638;1.9362359307519688;2
S3_fractal0_buffer_0_5_entry_floor_3;E3_open_pullback_1_0atr;M1_frozen_movement_top5;X3_ml_hold_close_p0_50;val_eval;0.2;9;1.8641138366783045;3.183528413910071;0.5855496148654643;-0.14660161969241847;-0.1931297709923623;2.0;0.4444444444444444;0.0;{'TIME': 7, 'SL': 2};3.0000000000000115;;0.08364597228982404;1;0.5855496148654643;1.0;1
S3_fractal0_buffer_0_5_entry_floor_3;E3_open_pullback_1_0atr;M1_frozen_movement_top5;X3_ml_hold_close_p0_60;val_select;0.2;117;33.22114242602748;50.33265776614351;0.660031556060086;-0.1462522678642396;-0.15769230769231093;20.654422801150574;0.4444444444444444;0.0;{'TIME': 72, 'SL': 45};3.0;;0.46234657892607217;2;0.6334154498278638;1.9362359307519688;2
S3_fractal0_buffer_0_5_entry_floor_3;E3_open_pullback_1_0atr;M1_frozen_movement_top5;X3_ml_hold_close_p0_60;val_eval;0.2;9;1.8641138366783045;3.183528413910071;0.5855496148654643;-0.14660161969241847;-0.1931297709923623;2.0;0.4444444444444444;0.0;{'TIME': 7, 'SL': 2};3.0000000000000115;;0.09799709012488815;1;0.5855496148654643;1.0;1
S3_fractal0_buffer_0_5_entry_floor_3;E3_open_pullback_1_0atr;M1_frozen_movement_top5;X3_ml_hold_close_p0_70;val_select;0.2;117;33.22114242602748;50.33265776614351;0.660031556060086;-0.1462522678642396;-0.15769230769231093;20.654422801150574;0.4444444444444444;0.0;{'TIME': 72, 'SL': 45};3.0;;0.43108557328168146;2;0.6334154498278638;1.9362359307519688;2
S3_fractal0_buffer_0_5_entry_floor_3;E3_open_pullback_1_0atr;M1_frozen_movement_top5;X3_ml_hold_close_p0_70;val_eval;0.2;9;1.8641138366783045;3.183528413910071;0.5855496148654643;-0.14660161969241847;-0.1931297709923623;2.0;0.4444444444444444;0.0;{'TIME': 7, 'SL': 2};3.0000000000000115;;0.08531934885950505;1;0.5855496148654643;1.0;1
S3_fractal0_buffer_0_5_entry_floor_3;E3_open_pullback_1_0atr;M1_frozen_movement_top5;X7_time_6;val_select;0.2;117;22.653862213838366;33.06316390192558;0.6851692197708587;-0.08896839049647187;-0.047878787878785675;15.999845027226026;0.452991452991453;0.0;{'TIME': 97, 'SL': 20};3.0;;0.4532429670802108;2;0.5012091585141463;1.803276516492998;2
S3_fractal0_buffer_0_5_entry_floor_3;E3_open_pullback_1_0atr;M1_frozen_movement_top5;X7_time_6;val_eval;0.2;9;0.8814486064263933;2.7389211567732223;0.32182328587539394;-0.20638583892742546;-0.071200000000008;2.161600000000017;0.3333333333333333;0.0;{'TIME': 7, 'SL': 2};3.0000000000000115;;0.05979181526087096;1;0.32182328587539394;1.0;1
S3_fractal0_buffer_0_5_entry_floor_3;E3_open_pullback_1_0atr;M1_frozen_movement_top5;X7_time_12;val_select;0.2;117;27.335535725630763;41.320498356034605;0.66154903288185;-0.11952959513165679;-0.0026666666666793994;20.472941838587015;0.49572649572649574;0.0;{'TIME': 84, 'SL': 33};3.0;;0.4401902715939879;2;0.6314869169803162;1.9125250080457827;2
S3_fractal0_buffer_0_5_entry_floor_3;E3_open_pullback_1_0atr;M1_frozen_movement_top5;X7_time_12;val_eval;0.2;9;1.120415267175542;3.389478366547516;0.33055684267924224;-0.25211812215244156;-0.3479452054794594;2.0;0.4444444444444444;0.0;{'TIME': 7, 'SL': 2};3.0000000000000115;;0.0936378867205121;1;0.33055684267924224;1.0;1
