stop_policy_id;entry_id;mask_id;exit_id;split;spread;n_trades;gross_profit;gross_loss;pf;mean_pnl_r;median_pnl_r;max_drawdown_r;win_rate;ambiguous_same_bar_rate;exit_reason_counts;risk_distance_atr;tp_distance_atr;bs_p05;negative_years;pf_without_best_year;effective_profit_years;n_years;filter_id;filter_family;top_fraction;score_cutoff_on_val_select;entry_filter_score_col;selected_fraction;sl_rate;profile_id;model_id;target_id;eligible_for_winner;not_eligible_for_winner;not_eligible_reason
S2_fractal0_buffer_0_5_entry_floor_2;E3_open_pullback_1_0atr;M0_no_mask;X2_ml_opposite_any_p0_50;val_select;0.2;1109;552.7585645095264;161.09539897482665;3.431249855844129;0.3531678679302974;0.03223684210526366;6.116563557179745;0.5482416591523895;0.0;{'ML_CLOSE': 731, 'TIME': 324, 'SL': 54};2.0;;2.9675626067781744;0;2.8883884943831903;1.6877698586793963;3;top50;rich_entry_quality;0.5;-0.01676287964770079;rich_entry_score;0.483435047951177;0.04869251577998197;planned_geometry_only;linear;target_entry_ev_regression;True;False;
S2_fractal0_buffer_0_5_entry_floor_2;E3_open_pullback_1_0atr;M0_no_mask;X2_ml_opposite_any_p0_50;val_eval;0.2;708;305.12259922401734;100.3212589545679;3.041455045557164;0.28926742975910935;-0.008796296296298783;3.970505186308742;0.4887005649717514;0.0;{'ML_CLOSE': 497, 'TIME': 183, 'SL': 28};2.0;;2.525500059716553;0;3.033637946179461;1.574930591594131;2;top50;rich_entry_quality;0.5;-0.01676287964770079;rich_entry_score;0.30809399477806787;0.03954802259887006;planned_geometry_only;linear;target_entry_ev_regression;True;False;
S2_fractal0_buffer_0_5_entry_floor_2;E3_open_pullback_1_0atr;M0_no_mask;X2_ml_opposite_any_p0_50;val_select;0.2;883;431.9908463644798;120.55054478307171;3.58348315340954;0.35270702330850295;0.030821917808206912;4.483484575686475;0.5526613816534541;0.0;{'ML_CLOSE': 598, 'TIME': 245, 'SL': 40};2.0;;3.0415723833298127;0;2.730301418600324;1.5302907899712253;3;top40;rich_entry_quality;0.4;-0.006376833343023802;rich_entry_score;0.3849171752397559;0.045300113250283124;planned_geometry_only;linear;target_entry_ev_regression;True;False;
S2_fractal0_buffer_0_5_entry_floor_2;E3_open_pullback_1_0atr;M0_no_mask;X2_ml_opposite_any_p0_50;val_eval;0.2;374;153.55776931639784;48.923906374527135;3.1387062214710983;0.2797696870103495;-0.009954582989265352;3.970505186308742;0.48128342245989303;0.0;{'ML_CLOSE': 264, 'TIME': 100, 'SL': 10};2.0;;2.5167933330135446;0;3.0257137139704455;1.3263724487853092;2;top40;rich_entry_quality;0.4;-0.006376833343023802;rich_entry_score;0.16275021758050479;0.026737967914438502;planned_geometry_only;linear;target_entry_ev_regression;True;False;
S2_fractal0_buffer_0_5_entry_floor_2;E3_open_pullback_1_0atr;M0_no_mask;X2_ml_opposite_any_p0_50;val_select;0.2;643;297.3162657604639;82.85485846034248;3.588398692428772;0.3335325152412464;0.03486842105262968;4.55188881714227;0.5614307931570762;0.0;{'ML_CLOSE': 441, 'TIME': 177, 'SL': 25};2.0;;2.976517035352047;0;2.1373676966633517;1.3456946626675543;3;top30;rich_entry_quality;0.3;0.005547347245834111;rich_entry_score;0.28029642545771577;0.038880248833592534;planned_geometry_only;linear;target_entry_ev_regression;True;False;
S2_fractal0_buffer_0_5_entry_floor_2;E3_open_pullback_1_0atr;M0_no_mask;X2_ml_opposite_any_p0_50;val_eval;0.2;201;73.32254873572117;27.3268773818429;2.6831660167816938;0.22883418584019044;-0.024137931034460523;3.970505186308756;0.472636815920398;0.0;{'ML_CLOSE': 153, 'TIME': 44, 'SL': 4};2.0;;1.8493494529021743;0;2.6177874085214943;1.3003194800991855;2;top30;rich_entry_quality;0.3;0.005547347245834111;rich_entry_score;0.08746736292428199;0.01990049751243781;planned_geometry_only;linear;target_entry_ev_regression;True;False;
S2_fractal0_buffer_0_5_entry_floor_2;E3_open_pullback_1_0atr;M0_no_mask;X2_ml_opposite_any_p0_50;val_select;0.2;1092;612.7890885553977;167.93003561870069;3.649073772286853;0.40738008510686546;0.0528230676328503;5.623659588140697;0.5659340659340659;0.0;{'ML_CLOSE': 677, 'TIME': 336, 'SL': 79};2.0;;3.1632421655675644;0;2.980536148509239;1.9313100500338864;3;top50;rich_entry_quality;0.5;0.29270321738132044;rich_entry_score;0.47602441150828245;0.07234432234432235;planned_geometry_only;linear;target_entry_good_0_5r;True;False;
S2_fractal0_buffer_0_5_entry_floor_2;E3_open_pullback_1_0atr;M0_no_mask;X2_ml_opposite_any_p0_50;val_eval;0.2;1051;476.0647603966987;172.86625014355724;2.753948558503175;0.28848573763381685;-0.004081632653057532;6.511127334550153;0.49476688867745006;0.0;{'ML_CLOSE': 726, 'TIME': 256, 'SL': 69};2.0;;2.3216625036366083;0;2.6088814319064553;1.9811833638529892;2;top50;rich_entry_quality;0.5;0.29270321738132044;rich_entry_score;0.45735422106179285;0.06565176022835395;planned_geometry_only;linear;target_entry_good_0_5r;True;False;
S2_fractal0_buffer_0_5_entry_floor_2;E3_open_pullback_1_0atr;M0_no_mask;X2_ml_opposite_any_p0_50;val_select;0.2;851;445.8333584018717;124.06716146945931;3.5934839898115922;0.37810363916852213;0.05967741935482067;5.404329637753563;0.5734430082256169;0.0;{'ML_CLOSE': 535, 'TIME': 261, 'SL': 55};2.0;;3.02332340748545;0;3.2507145831304674;2.0239043329576303;3;top40;rich_entry_quality;0.4;0.3011924489416055;rich_entry_score;0.3709677419354839;0.06462984723854288;planned_geometry_only;linear;target_entry_good_0_5r;True;False;
S2_fractal0_buffer_0_5_entry_floor_2;E3_open_pullback_1_0atr;M0_no_mask;X2_ml_opposite_any_p0_50;val_eval;0.2;829;385.8964669421671;130.64965892263155;2.9536737418556007;0.3078972352467255;-0.0010869565217381365;5.874328128012209;0.49819059107358266;0.0;{'ML_CLOSE': 573, 'TIME': 206, 'SL': 50};2.0;;2.448730883799265;0;2.828652609434252;1.9692442926850322;2;top40;rich_entry_quality;0.4;0.3011924489416055;rich_entry_score;0.3607484769364665;0.06031363088057901;planned_geometry_only;linear;target_entry_good_0_5r;True;False;
S2_fractal0_buffer_0_5_entry_floor_2;E3_open_pullback_1_0atr;M0_no_mask;X2_ml_opposite_any_p0_50;val_select;0.2;620;298.55186948507213;93.69239143710391;3.1865113581340405;0.33041851298059394;0.04372258771929954;5.27508841548314;0.5564516129032258;0.0;{'ML_CLOSE': 397, 'TIME': 185, 'SL': 38};2.0;;2.7351088351628765;0;2.3793523357310353;1.740397766554073;3;top30;rich_entry_quality;0.3;0.3045143112893688;rich_entry_score;0.2702702702702703;0.06129032258064516;planned_geometry_only;linear;target_entry_good_0_5r;True;False;
S2_fractal0_buffer_0_5_entry_floor_2;E3_open_pullback_1_0atr;M0_no_mask;X2_ml_opposite_any_p0_50;val_eval;0.2;549;260.01094110772993;77.44500732234037;3.3573622122019633;0.3325426844906914;0.028571428571429344;3.948189865689841;0.5391621129326047;0.0;{'ML_CLOSE': 375, 'TIME': 146, 'SL': 28};2.0;;2.7743452060764104;0;3.2329423865658957;1.9353035918526962;2;top30;rich_entry_quality;0.3;0.3045143112893688;rich_entry_score;0.23890339425587467;0.051001821493624776;planned_geometry_only;linear;target_entry_good_0_5r;True;False;
S2_fractal0_buffer_0_5_entry_floor_2;E3_open_pullback_1_0atr;M0_no_mask;X2_ml_opposite_any_p0_50;val_select;0.2;1124;541.8178535103767;160.4391866537764;3.3770917492844537;0.33930486375142377;0.027776154295732235;7.345230537598695;0.5400355871886121;0.0;{'ML_CLOSE': 757, 'TIME': 314, 'SL': 53};2.0;;2.96911792256594;0;2.5870520746108436;1.5377166641117932;3;top50;rich_entry_quality;0.5;0.42565313077009986;rich_entry_score;0.4899738448125545;0.04715302491103203;planned_geometry_only;linear;target_entry_avoid_sl;True;False;
S2_fractal0_buffer_0_5_entry_floor_2;E3_open_pullback_1_0atr;M0_no_mask;X2_ml_opposite_any_p0_50;val_eval;0.2;653;265.6879962218188;101.3180383381305;2.6223168211679493;0.25171509629967587;-0.03285714285714546;4.402952190143139;0.4563552833078101;0.0;{'ML_CLOSE': 448, 'TIME': 173, 'SL': 32};2.000000000000005;;2.222546314393466;0;2.510844180056879;1.4723979233471507;2;top50;rich_entry_quality;0.5;0.42565313077009986;rich_entry_score;0.28416013925152306;0.04900459418070444;planned_geometry_only;linear;target_entry_avoid_sl;True;False;
S2_fractal0_buffer_0_5_entry_floor_2;E3_open_pullback_1_0atr;M0_no_mask;X2_ml_opposite_any_p0_50;val_select;0.2;903;426.8686544204162;123.60183034831307;3.4535787473170063;0.3358436589945771;0.024137931034473748;5.503991978756034;0.5393133997785161;0.0;{'ML_CLOSE': 619, 'TIME': 246, 'SL': 38};2.0000000000000044;;2.930752492229449;0;2.3128912594568782;1.466895874804526;3;top40;rich_entry_quality;0.4;0.4312874971202404;rich_entry_score;0.3936355710549259;0.042081949058693245;planned_geometry_only;linear;target_entry_avoid_sl;True;False;
S2_fractal0_buffer_0_5_entry_floor_2;E3_open_pullback_1_0atr;M0_no_mask;X2_ml_opposite_any_p0_50;val_eval;0.2;379;147.57778488741644;58.181343277352596;2.5365138818453836;0.23587451612154045;-0.0359649122806887;3.970505186308735;0.45118733509234826;0.0;{'ML_CLOSE': 263, 'TIME': 99, 'SL': 17};2.0000000000000084;;2.0405023001419837;0;2.3174718066311613;1.3376152430882937;2;top40;rich_entry_quality;0.4;0.4312874971202404;rich_entry_score;0.1649260226283725;0.044854881266490766;planned_geometry_only;linear;target_entry_avoid_sl;True;False;
S2_fractal0_buffer_0_5_entry_floor_2;E3_open_pullback_1_0atr;M0_no_mask;X2_ml_opposite_any_p0_50;val_select;0.2;669;315.8860160204495;86.37239641780232;3.6572565903166474;0.3430696855047043;0.0333333333333363;4.216675155758622;0.5560538116591929;0.0;{'ML_CLOSE': 462, 'TIME': 184, 'SL': 23};2.0000000000000053;;2.9830480695964985;0;2.287030769724414;1.344785860963753;3;top30;rich_entry_quality;0.3;0.43702818842984403;rich_entry_score;0.2916303400174368;0.0343796711509716;planned_geometry_only;linear;target_entry_avoid_sl;True;False;
S2_fractal0_buffer_0_5_entry_floor_2;E3_open_pullback_1_0atr;M0_no_mask;X2_ml_opposite_any_p0_50;val_eval;0.2;247;97.8094401355529;38.36379110762443;2.549524885618362;0.24067064383776712;-0.03285714285714546;3.9705051863087526;0.4493927125506073;0.0;{'ML_CLOSE': 174, 'TIME': 61, 'SL': 12};2.0000000000000124;;1.8840775982956166;0;2.543875260891631;1.5044855027365656;2;top30;rich_entry_quality;0.3;0.43702818842984403;rich_entry_score;0.10748476936466493;0.048582995951417005;planned_geometry_only;linear;target_entry_avoid_sl;True;False;
S2_fractal0_buffer_0_5_entry_floor_2;E3_open_pullback_1_0atr;M0_no_mask;X2_ml_opposite_any_p0_50;val_select;0.2;1150;596.4196654945574;178.57915703167833;3.3398055820632973;0.3633395725764165;0.011200716845867872;5.638340853158375;0.5165217391304348;0.0;{'ML_CLOSE': 767, 'TIME': 323, 'SL': 60};2.0;;2.882870101067624;0;3.229211082820479;2.2708437220124127;3;top50;rich_entry_quality;0.5;-0.05150922122909456;rich_entry_score;0.5013077593722755;0.05217391304347826;planned_geometry_only;hist_gradient_boosting;target_entry_ev_regression;True;False;
S2_fractal0_buffer_0_5_entry_floor_2;E3_open_pullback_1_0atr;M0_no_mask;X2_ml_opposite_any_p0_50;val_eval;0.2;1375;578.2206268649484;235.84570043415047;2.4516903458513166;0.24899994649512577;-0.016666666666651165;7.029170443025464;0.4727272727272727;0.0;{'ML_CLOSE': 983, 'TIME': 307, 'SL': 85};2.0;;2.0797186423647185;0;2.4488751072110553;1.9883541494727226;2;top50;rich_entry_quality;0.5;-0.05150922122909456;rich_entry_score;0.5983463881636205;0.06181818181818182;planned_geometry_only;hist_gradient_boosting;target_entry_ev_regression;True;False;
S2_fractal0_buffer_0_5_entry_floor_2;E3_open_pullback_1_0atr;M0_no_mask;X2_ml_opposite_any_p0_50;val_select;0.2;888;459.2202515167965;143.73051261121722;3.195008792315108;0.35528123750628293;0.01099033816424115;7.066951053437833;0.5168918918918919;0.0;{'ML_CLOSE': 585, 'TIME': 254, 'SL': 49};2.0;;2.6536859757185427;0;3.166976286246042;2.198244095150746;3;top40;rich_entry_quality;0.4;-0.03807415793634664;rich_entry_score;0.3870967741935484;0.05518018018018018;planned_geometry_only;hist_gradient_boosting;target_entry_ev_regression;True;False;
S2_fractal0_buffer_0_5_entry_floor_2;E3_open_pullback_1_0atr;M0_no_mask;X2_ml_opposite_any_p0_50;val_eval;0.2;1116;461.2510864346449;188.71687821881045;2.4441432625853463;0.24420627976329257;-0.015346790890267428;5.814780291425052;0.4767025089605735;0.0;{'ML_CLOSE': 797, 'TIME': 254, 'SL': 65};2.0;;2.1571802905471675;0;2.410802086513303;1.9934716084506923;2;top40;rich_entry_quality;0.4;-0.03807415793634664;rich_entry_score;0.4856396866840731;0.05824372759856631;planned_geometry_only;hist_gradient_boosting;target_entry_ev_regression;True;False;
S2_fractal0_buffer_0_5_entry_floor_2;E3_open_pullback_1_0atr;M0_no_mask;X2_ml_opposite_any_p0_50;val_select;0.2;663;340.04013512657446;105.82988847366587;3.213082240100708;0.3532582905775393;0.01129032258063481;5.777595317578744;0.5173453996983409;0.0;{'ML_CLOSE': 441, 'TIME': 189, 'SL': 33};2.0;;2.6706737951326747;0;3.076525197647287;2.2543293434132496;3;top30;rich_entry_quality;0.3;-0.019926036118016896;rich_entry_score;0.2890148212728858;0.049773755656108594;planned_geometry_only;hist_gradient_boosting;target_entry_ev_regression;True;False;
S2_fractal0_buffer_0_5_entry_floor_2;E3_open_pullback_1_0atr;M0_no_mask;X2_ml_opposite_any_p0_50;val_eval;0.2;812;344.72792613514935;130.32258197642716;2.645189505204125;0.2640459903432539;-0.003455910666160858;5.025850871107025;0.49137931034482757;0.0;{'ML_CLOSE': 582, 'TIME': 191, 'SL': 39};2.000000000000009;;2.2743549853535376;0;2.3572524256391443;1.9998858550547556;2;top30;rich_entry_quality;0.3;-0.019926036118016896;rich_entry_score;0.3533507397737163;0.0480295566502463;planned_geometry_only;hist_gradient_boosting;target_entry_ev_regression;True;False;
S2_fractal0_buffer_0_5_entry_floor_2;E3_open_pullback_1_0atr;M0_no_mask;X2_ml_opposite_any_p0_50;val_select;0.2;1149;607.7201928637338;175.32901360908014;3.466170146937167;0.37631956419029905;0.04270833333331757;7.195105892505751;0.5491731940818103;0.0;{'ML_CLOSE': 758, 'TIME': 322, 'SL': 69};2.0;;3.0258554671410227;0;3.1510267030298773;2.0547774863083585;3;top50;rich_entry_quality;0.5;0.2803812923407631;rich_entry_score;0.500871839581517;0.06005221932114883;planned_geometry_only;hist_gradient_boosting;target_entry_good_0_5r;True;False;
S2_fractal0_buffer_0_5_entry_floor_2;E3_open_pullback_1_0atr;M0_no_mask;X2_ml_opposite_any_p0_50;val_eval;0.2;1310;602.9786224723593;222.75613476248336;2.70690018533179;0.2902461738243328;-0.012880184331785473;6.882430417370443;0.4816793893129771;0.0;{'ML_CLOSE': 906, 'TIME': 321, 'SL': 83};2.0;;2.393884652300274;0;2.5957938124595445;1.9633749719125069;2;top50;rich_entry_quality;0.5;0.2803812923407631;rich_entry_score;0.5700609225413403;0.0633587786259542;planned_geometry_only;hist_gradient_boosting;target_entry_good_0_5r;True;False;
S2_fractal0_buffer_0_5_entry_floor_2;E3_open_pullback_1_0atr;M0_no_mask;X2_ml_opposite_any_p0_50;val_select;0.2;929;497.88417854213435;145.00567577418707;3.433549589586233;0.3798476886630218;0.04242424242423741;5.406940917647717;0.5511302475780409;0.0;{'ML_CLOSE': 608, 'TIME': 261, 'SL': 60};2.0;;3.025798668150193;0;3.0074604592307512;1.974375555734821;3;top40;rich_entry_quality;0.4;0.2862360731564767;rich_entry_score;0.4049694856146469;0.06458557588805167;planned_geometry_only;hist_gradient_boosting;target_entry_good_0_5r;True;False;
S2_fractal0_buffer_0_5_entry_floor_2;E3_open_pullback_1_0atr;M0_no_mask;X2_ml_opposite_any_p0_50;val_eval;0.2;1025;464.66575167558415;178.25337856537814;2.6067710773019557;0.2794267054733717;-0.012500000000012139;7.96580671383478;0.48;0.0;{'ML_CLOSE': 697, 'TIME': 257, 'SL': 71};2.0;;2.27813443769234;0;2.258948217189787;1.889552056178109;2;top40;rich_entry_quality;0.4;0.2862360731564767;rich_entry_score;0.4460400348128808;0.06926829268292684;planned_geometry_only;hist_gradient_boosting;target_entry_good_0_5r;True;False;
S2_fractal0_buffer_0_5_entry_floor_2;E3_open_pullback_1_0atr;M0_no_mask;X2_ml_opposite_any_p0_50;val_select;0.2;682;386.8199942450973;108.47840516393475;3.5658709552424477;0.4081254971864553;0.049691455696200766;5.035131847133869;0.5645161290322581;0.0;{'ML_CLOSE': 439, 'TIME': 198, 'SL': 45};2.0;;2.926994299157799;0;3.154332770574467;1.8852621659889879;3;top30;rich_entry_quality;0.3;0.29197774923570574;rich_entry_score;0.2972972972972973;0.06598240469208211;planned_geometry_only;hist_gradient_boosting;target_entry_good_0_5r;True;False;
S2_fractal0_buffer_0_5_entry_floor_2;E3_open_pullback_1_0atr;M0_no_mask;X2_ml_opposite_any_p0_50;val_eval;0.2;685;309.0827909631029;120.27856907519543;2.5697245431135065;0.2756266012962153;-0.01595744680852016;5.747102754440206;0.47007299270072994;0.0;{'ML_CLOSE': 472, 'TIME': 165, 'SL': 48};2.0;;2.101512166284963;0;2.0969616209329893;1.826916428295363;2;top30;rich_entry_quality;0.3;0.29197774923570574;rich_entry_score;0.29808529155787644;0.07007299270072993;planned_geometry_only;hist_gradient_boosting;target_entry_good_0_5r;True;False;
S2_fractal0_buffer_0_5_entry_floor_2;E3_open_pullback_1_0atr;M0_no_mask;X2_ml_opposite_any_p0_50;val_select;0.2;1092;544.0094363964024;162.53670886983585;3.346994289345806;0.349333999566453;0.013485294117634841;5.506219462538709;0.5192307692307693;0.0;{'ML_CLOSE': 726, 'TIME': 314, 'SL': 52};2.0;;2.854727805545137;0;3.144464728819846;2.22121204461397;3;top50;rich_entry_quality;0.5;0.4201988350960521;rich_entry_score;0.47602441150828245;0.047619047619047616;planned_geometry_only;hist_gradient_boosting;target_entry_avoid_sl;True;False;
S2_fractal0_buffer_0_5_entry_floor_2;E3_open_pullback_1_0atr;M0_no_mask;X2_ml_opposite_any_p0_50;val_eval;0.2;1249;553.6076825012431;217.72887883202554;2.5426470088441637;0.2689181774773559;-0.019444444444458215;7.725770507349466;0.4707766212970376;0.0;{'ML_CLOSE': 861, 'TIME': 310, 'SL': 78};2.0;;2.1893217286276325;0;2.3999145460059688;1.9892034051404928;2;top50;rich_entry_quality;0.5;0.4201988350960521;rich_entry_score;0.5435161009573543;0.06244995996797438;planned_geometry_only;hist_gradient_boosting;target_entry_avoid_sl;True;False;
S2_fractal0_buffer_0_5_entry_floor_2;E3_open_pullback_1_0atr;M0_no_mask;X2_ml_opposite_any_p0_50;val_select;0.2;877;435.1721822364235;128.45144945643435;3.387833956548826;0.34973857785631607;0.016000000000000607;4.127733042020537;0.5245153933865451;0.0;{'ML_CLOSE': 585, 'TIME': 252, 'SL': 40};2.000000000000006;;2.8920124403163276;0;3.1625506681303572;2.211054100712595;3;top40;rich_entry_quality;0.4;0.4275380050194019;rich_entry_score;0.38230165649520487;0.04561003420752566;planned_geometry_only;hist_gradient_boosting;target_entry_avoid_sl;True;False;
S2_fractal0_buffer_0_5_entry_floor_2;E3_open_pullback_1_0atr;M0_no_mask;X2_ml_opposite_any_p0_50;val_eval;0.2;886;366.0446519718615;155.9701292563616;2.3468894570844987;0.23710442744413093;-0.030312499999998285;4.5767094745039;0.46275395033860045;0.0;{'ML_CLOSE': 606, 'TIME': 225, 'SL': 55};2.00000000000001;;1.990493124590441;0;2.3459659163279576;1.9511453804374528;2;top40;rich_entry_quality;0.4;0.4275380050194019;rich_entry_score;0.3855526544821584;0.062076749435665914;planned_geometry_only;hist_gradient_boosting;target_entry_avoid_sl;True;False;
S2_fractal0_buffer_0_5_entry_floor_2;E3_open_pullback_1_0atr;M0_no_mask;X2_ml_opposite_any_p0_50;val_select;0.2;671;326.95513459407266;95.50826624625779;3.4233176608091074;0.3449282687746869;0.020967741935464648;4.127733042020537;0.5350223546944859;0.0;{'ML_CLOSE': 452, 'TIME': 194, 'SL': 25};2.0000000000000084;;2.8036223459448935;0;2.9650089870557514;1.9507531060428605;3;top30;rich_entry_quality;0.3;0.43675199036384993;rich_entry_score;0.2925021795989538;0.037257824143070044;planned_geometry_only;hist_gradient_boosting;target_entry_avoid_sl;True;False;
S2_fractal0_buffer_0_5_entry_floor_2;E3_open_pullback_1_0atr;M0_no_mask;X2_ml_opposite_any_p0_50;val_eval;0.2;622;269.781330478949;103.89553439317095;2.5966595393601604;0.26669742135977176;-0.020704881181782573;4.388181818181792;0.47106109324758844;0.0;{'ML_CLOSE': 425, 'TIME': 164, 'SL': 33};2.00000000000001;;2.123721921549302;0;2.2168096739608;1.9898719791476174;2;top30;rich_entry_quality;0.3;0.43675199036384993;rich_entry_score;0.27067014795474326;0.05305466237942122;planned_geometry_only;hist_gradient_boosting;target_entry_avoid_sl;True;False;
S2_fractal0_buffer_0_5_entry_floor_2;E3_open_pullback_1_0atr;M0_no_mask;X2_ml_opposite_any_p0_50;val_select;0.2;1116;573.1304619618745;174.68788496969557;3.280882712967186;0.3570273987385116;0.007820136852404923;8.472903901931545;0.510752688172043;0.0;{'ML_CLOSE': 742, 'TIME': 316, 'SL': 58};2.0;;2.849527424105636;0;3.099286422102131;2.2073331691735674;3;top50;rich_entry_quality;0.5;-0.03744991611228719;rich_entry_score;0.4864864864864865;0.05197132616487455;planned_geometry_only;extra_trees_shallow;target_entry_ev_regression;True;False;
S2_fractal0_buffer_0_5_entry_floor_2;E3_open_pullback_1_0atr;M0_no_mask;X2_ml_opposite_any_p0_50;val_eval;0.2;1327;574.7441240457903;227.61563001944134;2.5250643991218866;0.2615889178796902;-0.027272727272728448;8.343849420490159;0.46269781461944237;0.0;{'ML_CLOSE': 946, 'TIME': 306, 'SL': 75};2.0;;2.1808348216063127;0;2.4552158189012094;1.9782942382581;2;top50;rich_entry_quality;0.5;-0.03744991611228719;rich_entry_score;0.5774586597040905;0.05651846269781462;planned_geometry_only;extra_trees_shallow;target_entry_ev_regression;True;False;
S2_fractal0_buffer_0_5_entry_floor_2;E3_open_pullback_1_0atr;M0_no_mask;X2_ml_opposite_any_p0_50;val_select;0.2;899;451.90722888288826;140.5660938588781;3.2149092037556537;0.34631939379756416;0.0033333333333303017;9.386864774715264;0.5061179087875417;0.0;{'ML_CLOSE': 606, 'TIME': 250, 'SL': 43};2.0;;2.6343541640556163;0;3.103221672680591;2.1084463980303214;3;top40;rich_entry_quality;0.4;-0.021007157547972208;rich_entry_score;0.3918918918918919;0.047830923248053395;planned_geometry_only;extra_trees_shallow;target_entry_ev_regression;True;False;
S2_fractal0_buffer_0_5_entry_floor_2;E3_open_pullback_1_0atr;M0_no_mask;X2_ml_opposite_any_p0_50;val_eval;0.2;1041;435.4932060427485;177.61859991342078;2.4518446055482213;0.24771816150751944;-0.02794117647059645;8.710751133746896;0.4610951008645533;0.0;{'ML_CLOSE': 747, 'TIME': 240, 'SL': 54};2.0;;2.0492723294526765;0;2.3417559677137025;1.9996626287877448;2;top40;rich_entry_quality;0.4;-0.021007157547972208;rich_entry_score;0.45300261096605743;0.05187319884726225;planned_geometry_only;extra_trees_shallow;target_entry_ev_regression;True;False;
S2_fractal0_buffer_0_5_entry_floor_2;E3_open_pullback_1_0atr;M0_no_mask;X2_ml_opposite_any_p0_50;val_select;0.2;671;340.9481786945115;106.2933560547693;3.2076151450033494;0.34970912464939224;0.0033333333333303017;9.386864774715264;0.5052160953800298;0.0;{'ML_CLOSE': 451, 'TIME': 186, 'SL': 34};2.0;;2.6963819431763008;0;2.6374225925530874;2.0197977968427616;3;top30;rich_entry_quality;0.3;-0.00991500022739258;rich_entry_score;0.2925021795989538;0.05067064083457526;planned_geometry_only;extra_trees_shallow;target_entry_ev_regression;True;False;
S2_fractal0_buffer_0_5_entry_floor_2;E3_open_pullback_1_0atr;M0_no_mask;X2_ml_opposite_any_p0_50;val_eval;0.2;831;359.04513217166004;143.72545283124873;2.4981318555539564;0.25910912074658404;-0.026923076923052593;7.758978369846886;0.4693140794223827;0.0;{'ML_CLOSE': 594, 'TIME': 193, 'SL': 44};2.0;;2.0784385225316337;0;2.2293621224480966;1.9867506763621552;2;top30;rich_entry_quality;0.3;-0.00991500022739258;rich_entry_score;0.36161879895561355;0.052948255114320095;planned_geometry_only;extra_trees_shallow;target_entry_ev_regression;True;False;
S2_fractal0_buffer_0_5_entry_floor_2;E3_open_pullback_1_0atr;M0_no_mask;X2_ml_opposite_any_p0_50;val_select;0.2;1098;607.7499403087711;164.8428385537548;3.686844667568531;0.40337623110657217;0.05637374229145624;5.623659588140697;0.5728597449908925;0.0;{'ML_CLOSE': 687, 'TIME': 334, 'SL': 77};2.0;;3.1442145449426238;0;2.9341460172313076;1.9512447600053975;3;top50;rich_entry_quality;0.5;0.2816901498942274;rich_entry_score;0.47863993025283347;0.07012750455373407;planned_geometry_only;extra_trees_shallow;target_entry_good_0_5r;True;False;
S2_fractal0_buffer_0_5_entry_floor_2;E3_open_pullback_1_0atr;M0_no_mask;X2_ml_opposite_any_p0_50;val_eval;0.2;1065;488.09188483721755;177.0614025651273;2.7566249773588343;0.29204740119445094;-0.004166666666662818;6.511127334550153;0.49389671361502346;0.0;{'ML_CLOSE': 733, 'TIME': 260, 'SL': 72};2.0;;2.3818065211178374;0;2.6154385273910656;1.9749703326230938;2;top50;rich_entry_quality;0.5;0.2816901498942274;rich_entry_score;0.46344647519582244;0.0676056338028169;planned_geometry_only;extra_trees_shallow;target_entry_good_0_5r;True;False;
S2_fractal0_buffer_0_5_entry_floor_2;E3_open_pullback_1_0atr;M0_no_mask;X2_ml_opposite_any_p0_50;val_select;0.2;857;494.10509970556546;132.91930897101537;3.7173312405145813;0.42145366480110863;0.05740740740739633;5.223524992512296;0.5624270711785297;0.0;{'ML_CLOSE': 519, 'TIME': 273, 'SL': 65};2.0;;3.164106921370661;0;3.0175390796801556;2.0863154169065212;3;top40;rich_entry_quality;0.4;0.2930281582048499;rich_entry_score;0.3735832606800349;0.07584597432905485;planned_geometry_only;extra_trees_shallow;target_entry_good_0_5r;True;False;
S2_fractal0_buffer_0_5_entry_floor_2;E3_open_pullback_1_0atr;M0_no_mask;X2_ml_opposite_any_p0_50;val_eval;0.2;987;450.24768407331965;167.26590133016694;2.691807956629329;0.28670899973976977;-0.004285714285710388;6.46431882391186;0.49240121580547114;0.0;{'ML_CLOSE': 680, 'TIME': 237, 'SL': 70};2.0;;2.2610173072709756;0;2.5529602179063215;1.9875681267488645;2;top40;rich_entry_quality;0.4;0.2930281582048499;rich_entry_score;0.42950391644908614;0.07092198581560284;planned_geometry_only;extra_trees_shallow;target_entry_good_0_5r;True;False;
S2_fractal0_buffer_0_5_entry_floor_2;E3_open_pullback_1_0atr;M0_no_mask;X2_ml_opposite_any_p0_50;val_select;0.2;615;345.55078307819144;91.25089920155305;3.786820580419117;0.4134957461408754;0.069444444444444;4.763836945008251;0.5853658536585366;0.0;{'ML_CLOSE': 375, 'TIME': 197, 'SL': 43};2.0;;3.0257932315115434;0;3.569803600098571;2.131671365324508;3;top30;rich_entry_quality;0.3;0.29625439064781656;rich_entry_score;0.2680906713164778;0.06991869918699187;planned_geometry_only;extra_trees_shallow;target_entry_good_0_5r;True;False;
S2_fractal0_buffer_0_5_entry_floor_2;E3_open_pullback_1_0atr;M0_no_mask;X2_ml_opposite_any_p0_50;val_eval;0.2;785;381.33891138123266;126.7622864305858;3.008299409225719;0.3243014330581489;0.0038461538461503704;7.333588107684857;0.5044585987261146;0.0;{'ML_CLOSE': 537, 'TIME': 193, 'SL': 55};2.0;;2.562583811441653;0;2.5199228369433135;1.9764192782998629;2;top30;rich_entry_quality;0.3;0.29625439064781656;rich_entry_score;0.34160139251523064;0.07006369426751592;planned_geometry_only;extra_trees_shallow;target_entry_good_0_5r;True;False;
S2_fractal0_buffer_0_5_entry_floor_2;E3_open_pullback_1_0atr;M0_no_mask;X2_ml_opposite_any_p0_50;val_select;0.2;1067;580.9259020542038;152.2828187597346;3.814782959663783;0.40172735079144256;0.04277699859746847;7.244146511477766;0.5604498594189316;0.0;{'ML_CLOSE': 678, 'TIME': 332, 'SL': 57};2.0;;3.314233307988487;0;3.4023249746095487;2.0562188345569643;3;top50;rich_entry_quality;0.5;0.41411242654887087;rich_entry_score;0.46512641673932;0.053420805998125584;planned_geometry_only;extra_trees_shallow;target_entry_avoid_sl;True;False;
S2_fractal0_buffer_0_5_entry_floor_2;E3_open_pullback_1_0atr;M0_no_mask;X2_ml_opposite_any_p0_50;val_eval;0.2;1022;467.3597827342175;167.15580607380303;2.7959530315558867;0.29374166013739184;-0.005275157232699574;7.022426932019968;0.49021526418786693;0.0;{'ML_CLOSE': 693, 'TIME': 260, 'SL': 69};2.0;;2.389838652517354;0;2.658777503593655;1.9726394080121932;2;top50;rich_entry_quality;0.5;0.41411242654887087;rich_entry_score;0.44473455178416016;0.0675146771037182;planned_geometry_only;extra_trees_shallow;target_entry_avoid_sl;True;False;
S2_fractal0_buffer_0_5_entry_floor_2;E3_open_pullback_1_0atr;M0_no_mask;X2_ml_opposite_any_p0_50;val_select;0.2;848;474.59113852752574;111.90769905441842;4.240915884587546;0.42769273522772094;0.053659188034192055;7.074479853234408;0.5742924528301887;0.0;{'ML_CLOSE': 541, 'TIME': 267, 'SL': 40};2.0;;3.5534570110596175;0;4.102313929916257;2.024730146295181;3;top40;rich_entry_quality;0.4;0.41517756850115334;rich_entry_score;0.36965998256320837;0.04716981132075472;planned_geometry_only;extra_trees_shallow;target_entry_avoid_sl;True;False;
S2_fractal0_buffer_0_5_entry_floor_2;E3_open_pullback_1_0atr;M0_no_mask;X2_ml_opposite_any_p0_50;val_eval;0.2;828;392.5956027406174;129.44486568390394;3.03291753339457;0.31781489982694855;-9.529491845902382e-15;6.666347022901768;0.49879227053140096;0.0;{'ML_CLOSE': 571, 'TIME': 205, 'SL': 52};2.0;;2.5264696505771957;0;2.6711916584040187;1.975097872708537;2;top40;rich_entry_quality;0.4;0.41517756850115334;rich_entry_score;0.360313315926893;0.06280193236714976;planned_geometry_only;extra_trees_shallow;target_entry_avoid_sl;True;False;
S2_fractal0_buffer_0_5_entry_floor_2;E3_open_pullback_1_0atr;M0_no_mask;X2_ml_opposite_any_p0_50;val_select;0.2;625;369.5091915659267;82.92462820484451;4.455964404846614;0.4585353013777315;0.04536082474226173;6.747813186567754;0.5728;0.0;{'ML_CLOSE': 397, 'TIME': 198, 'SL': 30};2.0;;3.786320905197836;0;4.163269837898833;2.0203503509232137;3;top30;rich_entry_quality;0.3;0.41692616517309755;rich_entry_score;0.2724498692240628;0.048;planned_geometry_only;extra_trees_shallow;target_entry_avoid_sl;True;False;
S2_fractal0_buffer_0_5_entry_floor_2;E3_open_pullback_1_0atr;M0_no_mask;X2_ml_opposite_any_p0_50;val_eval;0.2;532;276.5031860852363;86.22074984891768;3.2069216119060138;0.3576737523239071;0.0031594867703850314;5.395209890741842;0.5018796992481203;0.0;{'ML_CLOSE': 358, 'TIME': 138, 'SL': 36};2.0;;2.651851280346623;0;2.826297656278577;1.9777281791407086;2;top30;rich_entry_quality;0.3;0.41692616517309755;rich_entry_score;0.23150565709312446;0.06766917293233082;planned_geometry_only;extra_trees_shallow;target_entry_avoid_sl;True;False;
S2_fractal0_buffer_0_5_entry_floor_2;E3_open_pullback_1_0atr;M0_no_mask;X2_ml_opposite_any_p0_50;val_select;0.2;1101;555.8012770026371;135.6243334796;4.098094071638244;0.38163210129249503;0.025555555555557576;5.371196978886346;0.5358764759309719;0.0;{'ML_CLOSE': 761, 'TIME': 304, 'SL': 36};2.0;;3.5928117825797945;0;3.859553488278089;2.3656726416964204;3;top50;rich_entry_quality;0.5;-0.04760170556175655;rich_entry_score;0.479947689625109;0.0326975476839237;time_only;linear;target_entry_ev_regression;True;False;
S2_fractal0_buffer_0_5_entry_floor_2;E3_open_pullback_1_0atr;M0_no_mask;X2_ml_opposite_any_p0_50;val_eval;0.2;1109;505.91241570908767;141.6739698673871;3.570962373558413;0.32843863466339096;0.016666666666651404;6.174901822267316;0.5166816952209198;0.0;{'ML_CLOSE': 786, 'TIME': 287, 'SL': 36};2.0;;3.172022393000705;0;2.994451199991655;1.9992021751683642;2;top50;rich_entry_quality;0.5;-0.04760170556175655;rich_entry_score;0.4825935596170583;0.032461677186654644;time_only;linear;target_entry_ev_regression;True;False;
S2_fractal0_buffer_0_5_entry_floor_2;E3_open_pullback_1_0atr;M0_no_mask;X2_ml_opposite_any_p0_50;val_select;0.2;871;449.7749838104702;106.98860653316834;4.203952162616793;0.39355496817141433;0.028431372549015916;3.5355601404198183;0.539609644087256;0.0;{'ML_CLOSE': 588, 'TIME': 254, 'SL': 29};2.0;;3.494339709498051;0;3.9150752767055605;2.2789158080287795;3;top40;rich_entry_quality;0.4;-0.03937717134494813;rich_entry_score;0.3796861377506539;0.03329506314580941;time_only;linear;target_entry_ev_regression;True;False;
S2_fractal0_buffer_0_5_entry_floor_2;E3_open_pullback_1_0atr;M0_no_mask;X2_ml_opposite_any_p0_50;val_eval;0.2;900;417.781979527948;111.655568385937;3.7417030387941455;0.3401404568244567;0.026524390243891638;4.9121701773837;0.5233333333333333;0.0;{'ML_CLOSE': 632, 'TIME': 241, 'SL': 27};2.0;;3.197219246313604;0;3.254886613380603;1.9932092479541277;2;top40;rich_entry_quality;0.4;-0.03937717134494813;rich_entry_score;0.391644908616188;0.03;time_only;linear;target_entry_ev_regression;True;False;
S2_fractal0_buffer_0_5_entry_floor_2;E3_open_pullback_1_0atr;M0_no_mask;X2_ml_opposite_any_p0_50;val_select;0.2;625;342.50512414909787;64.55149569334455;5.30592080741533;0.4447258055292054;0.05000000000001137;2.9655541579315354;0.568;0.0;{'ML_CLOSE': 419, 'TIME': 193, 'SL': 13};2.0;;4.419769810033542;0;4.976321646247657;2.2888026789764124;3;top30;rich_entry_quality;0.3;-0.026392849103777025;rich_entry_score;0.2724498692240628;0.0208;time_only;linear;target_entry_ev_regression;True;False;
S2_fractal0_buffer_0_5_entry_floor_2;E3_open_pullback_1_0atr;M0_no_mask;X2_ml_opposite_any_p0_50;val_eval;0.2;660;298.25991072399506;74.06949529403207;4.026757702884287;0.339682447621156;0.026524390243891638;3.390579268292761;0.5272727272727272;0.0;{'ML_CLOSE': 469, 'TIME': 178, 'SL': 13};2.0;;3.3954600158428163;0;3.5464977763184877;1.9922337231982863;2;top30;rich_entry_quality;0.3;-0.026392849103777025;rich_entry_score;0.28720626631853785;0.019696969696969695;time_only;linear;target_entry_ev_regression;True;False;
S2_fractal0_buffer_0_5_entry_floor_2;E3_open_pullback_1_0atr;M0_no_mask;X2_ml_opposite_any_p0_50;val_select;0.2;1098;568.4563423204658;146.33686520311932;3.8845737301495;0.3844439682307345;0.019960784313726016;5.295299871586437;0.5282331511839709;0.0;{'ML_CLOSE': 739, 'TIME': 314, 'SL': 45};2.0;;3.3674039950411974;0;3.762341621703751;2.318880239363862;3;top50;rich_entry_quality;0.5;0.2848849087924794;rich_entry_score;0.47863993025283347;0.040983606557377046;time_only;linear;target_entry_good_0_5r;True;False;
S2_fractal0_buffer_0_5_entry_floor_2;E3_open_pullback_1_0atr;M0_no_mask;X2_ml_opposite_any_p0_50;val_eval;0.2;1117;504.99138264744676;147.33603627934542;3.42748044130898;0.32019278994458483;0.019318181818190186;5.734665727829565;0.5165622202327663;0.0;{'ML_CLOSE': 792, 'TIME': 289, 'SL': 36};2.0;;2.9845531345919523;0;3.0611371569851795;1.9937322334414;2;top50;rich_entry_quality;0.5;0.2848849087924794;rich_entry_score;0.48607484769364667;0.03222918531781558;time_only;linear;target_entry_good_0_5r;True;False;
S2_fractal0_buffer_0_5_entry_floor_2;E3_open_pullback_1_0atr;M0_no_mask;X2_ml_opposite_any_p0_50;val_select;0.2;839;438.5334369203812;103.58708719255614;4.23347589748517;0.39922091743483323;0.027777777777783917;4.910030761014809;0.5363528009535161;0.0;{'ML_CLOSE': 563, 'TIME': 245, 'SL': 31};2.0;;3.606677415532866;0;3.9797083233663826;2.3411348379517736;3;top40;rich_entry_quality;0.4;0.29006348455379344;rich_entry_score;0.36573670444638184;0.03694874851013111;time_only;linear;target_entry_good_0_5r;True;False;
S2_fractal0_buffer_0_5_entry_floor_2;E3_open_pullback_1_0atr;M0_no_mask;X2_ml_opposite_any_p0_50;val_eval;0.2;858;397.02674921357834;103.92827737491093;3.8201994610316095;0.34160661053457747;0.023066595059082037;4.944728316918614;0.5209790209790209;0.0;{'ML_CLOSE': 608, 'TIME': 228, 'SL': 22};2.0;;3.237336338948647;0;3.409451712679273;1.9835792804270989;2;top40;rich_entry_quality;0.4;0.29006348455379344;rich_entry_score;0.3733681462140992;0.02564102564102564;time_only;linear;target_entry_good_0_5r;True;False;
S2_fractal0_buffer_0_5_entry_floor_2;E3_open_pullback_1_0atr;M0_no_mask;X2_ml_opposite_any_p0_50;val_select;0.2;618;307.1994592373237;80.61193516660013;3.810843377006602;0.3666464790788407;0.021351809954742715;5.624238452731795;0.529126213592233;0.0;{'ML_CLOSE': 415, 'TIME': 177, 'SL': 26};2.0;;3.104231514574721;0;3.5152507401123207;2.3420811966704687;3;top30;rich_entry_quality;0.3;0.29250404651267947;rich_entry_score;0.26939843068875324;0.042071197411003236;time_only;linear;target_entry_good_0_5r;True;False;
S2_fractal0_buffer_0_5_entry_floor_2;E3_open_pullback_1_0atr;M0_no_mask;X2_ml_opposite_any_p0_50;val_eval;0.2;638;284.54488788965483;76.6950786030131;3.710080139072652;0.3257834001358021;0.026630434782597804;4.120549106144239;0.5250783699059561;0.0;{'ML_CLOSE': 456, 'TIME': 167, 'SL': 15};2.0;;3.0832948555805433;0;3.3189460076065056;1.9687847479243683;2;top30;rich_entry_quality;0.3;0.29250404651267947;rich_entry_score;0.27763272410791995;0.023510971786833857;time_only;linear;target_entry_good_0_5r;True;False;
S2_fractal0_buffer_0_5_entry_floor_2;E3_open_pullback_1_0atr;M0_no_mask;X2_ml_opposite_any_p0_50;val_select;0.2;1060;525.3958752799338;157.2322353259647;3.341527735649841;0.3473241886358198;0.018564102564093257;7.779086493633471;0.519811320754717;0.0;{'ML_CLOSE': 707, 'TIME': 300, 'SL': 53};2.0;;2.8472404945163463;0;3.2291399557992806;2.200512621710499;3;top50;rich_entry_quality;0.5;0.4136379920274741;rich_entry_score;0.46207497820401044;0.05;time_only;linear;target_entry_avoid_sl;True;False;
S2_fractal0_buffer_0_5_entry_floor_2;E3_open_pullback_1_0atr;M0_no_mask;X2_ml_opposite_any_p0_50;val_eval;0.2;1043;421.97863837947637;156.67112828782706;2.6934039665830567;0.2543696165787625;-0.006779661016943012;5.989506080555472;0.4899328859060403;0.0;{'ML_CLOSE': 741, 'TIME': 262, 'SL': 40};2.0;;2.3524021110579216;0;2.6861474368702307;1.9856891439523725;2;top50;rich_entry_quality;0.5;0.4136379920274741;rich_entry_score;0.45387293298520454;0.038350910834132314;time_only;linear;target_entry_avoid_sl;True;False;
S2_fractal0_buffer_0_5_entry_floor_2;E3_open_pullback_1_0atr;M0_no_mask;X2_ml_opposite_any_p0_50;val_select;0.2;830;417.5878096878395;116.05325173387213;3.598243077629848;0.36329464813731005;0.019264507422401878;6.70584228123127;0.5228915662650603;0.0;{'ML_CLOSE': 558, 'TIME': 234, 'SL': 38};2.0;;3.019250105167737;0;3.4033155413303358;2.2713080036351947;3;top40;rich_entry_quality;0.4;0.41986568252287515;rich_entry_score;0.3618134263295554;0.04578313253012048;time_only;linear;target_entry_avoid_sl;True;False;
S2_fractal0_buffer_0_5_entry_floor_2;E3_open_pullback_1_0atr;M0_no_mask;X2_ml_opposite_any_p0_50;val_eval;0.2;786;334.22692181171766;102.48229705140257;3.261313723716378;0.29484048951694036;0.0006097560975604177;4.438798642533982;0.5;0.0;{'ML_CLOSE': 562, 'TIME': 205, 'SL': 19};2.0;;2.7527430477221246;0;3.0985047979773945;1.9749454986851873;2;top40;rich_entry_quality;0.4;0.41986568252287515;rich_entry_score;0.34203655352480417;0.024173027989821884;time_only;linear;target_entry_avoid_sl;True;False;
S2_fractal0_buffer_0_5_entry_floor_2;E3_open_pullback_1_0atr;M0_no_mask;X2_ml_opposite_any_p0_50;val_select;0.2;587;291.99274826502256;74.90512147981923;3.898168009028469;0.36982559929336173;0.035820895522424324;4.261514818927374;0.5434412265758092;0.0;{'ML_CLOSE': 398, 'TIME': 167, 'SL': 22};2.0;;3.1916388156744446;0;3.7707023939940134;2.2116011848215247;3;top30;rich_entry_quality;0.3;0.4290436711741816;rich_entry_score;0.25588491717523976;0.03747870528109029;time_only;linear;target_entry_avoid_sl;True;False;
S2_fractal0_buffer_0_5_entry_floor_2;E3_open_pullback_1_0atr;M0_no_mask;X2_ml_opposite_any_p0_50;val_eval;0.2;570;259.0921753577215;68.85262272144989;3.7629964570253853;0.33375360111626595;0.021440726035174683;3.5589674017136304;0.5245614035087719;0.0;{'ML_CLOSE': 400, 'TIME': 158, 'SL': 12};2.0;;3.107830087591563;0;3.629270497267263;1.9564252802070472;2;top30;rich_entry_quality;0.3;0.4290436711741816;rich_entry_score;0.24804177545691905;0.021052631578947368;time_only;linear;target_entry_avoid_sl;True;False;
S2_fractal0_buffer_0_5_entry_floor_2;E3_open_pullback_1_0atr;M0_no_mask;X2_ml_opposite_any_p0_50;val_select;0.2;1100;548.655376497566;151.1187035354257;3.6306252215097152;0.36139697542012744;0.022795622736570514;5.647431057261542;0.53;0.0;{'ML_CLOSE': 756, 'TIME': 302, 'SL': 42};2.0;;3.1055644144667616;0;3.2377405658259604;2.120376254265669;3;top50;rich_entry_quality;0.5;-0.05333141260051802;rich_entry_score;0.47951176983435045;0.038181818181818185;time_only;hist_gradient_boosting;target_entry_ev_regression;True;False;
S2_fractal0_buffer_0_5_entry_floor_2;E3_open_pullback_1_0atr;M0_no_mask;X2_ml_opposite_any_p0_50;val_eval;0.2;1159;555.6452511978321;173.98161425630286;3.19370097566331;0.32930425965619425;-0.006521739130428819;6.040500846525518;0.48921484037963764;0.0;{'ML_CLOSE': 807, 'TIME': 301, 'SL': 51};2.0;;2.805437095164135;0;3.140593093473874;1.9867475479010053;2;top50;rich_entry_quality;0.5;-0.05333141260051802;rich_entry_score;0.5043516100957354;0.04400345125107852;time_only;hist_gradient_boosting;target_entry_ev_regression;True;False;
S2_fractal0_buffer_0_5_entry_floor_2;E3_open_pullback_1_0atr;M0_no_mask;X2_ml_opposite_any_p0_50;val_select;0.2;909;449.8518761433033;126.83996102308247;3.5466100156041422;0.3553486414963926;0.022988505747118478;5.966509799869698;0.5335533553355336;0.0;{'ML_CLOSE': 622, 'TIME': 251, 'SL': 36};2.0;;3.0605447507888583;0;3.071111363376741;2.1433701315577625;3;top40;rich_entry_quality;0.4;-0.03869636981145094;rich_entry_score;0.3962510897994769;0.039603960396039604;time_only;hist_gradient_boosting;target_entry_ev_regression;True;False;
S2_fractal0_buffer_0_5_entry_floor_2;E3_open_pullback_1_0atr;M0_no_mask;X2_ml_opposite_any_p0_50;val_eval;0.2;960;469.95497297718873;146.24856066640396;3.213398961574507;0.3371941794904008;-0.00047169811321784737;4.276053783614742;0.4979166666666667;0.0;{'ML_CLOSE': 654, 'TIME': 260, 'SL': 46};2.0;;2.6887253213433273;0;3.17071316416023;1.988296755061817;2;top40;rich_entry_quality;0.4;-0.03869636981145094;rich_entry_score;0.4177545691906005;0.04791666666666667;time_only;hist_gradient_boosting;target_entry_ev_regression;True;False;
S2_fractal0_buffer_0_5_entry_floor_2;E3_open_pullback_1_0atr;M0_no_mask;X2_ml_opposite_any_p0_50;val_select;0.2;670;331.833943413852;92.68445724437595;3.5802544814922306;0.35693953159623293;0.013564241486070662;4.794883357383398;0.5253731343283582;0.0;{'ML_CLOSE': 460, 'TIME': 183, 'SL': 27};2.0;;3.0618450304625706;0;2.8277050958914725;2.16408933550724;3;top30;rich_entry_quality;0.3;-0.030429787438036024;rich_entry_score;0.2920662598081953;0.04029850746268657;time_only;hist_gradient_boosting;target_entry_ev_regression;True;False;
S2_fractal0_buffer_0_5_entry_floor_2;E3_open_pullback_1_0atr;M0_no_mask;X2_ml_opposite_any_p0_50;val_eval;0.2;741;369.0231539379332;115.16676973825079;3.2042502778939026;0.34258621349484797;-0.004166666666662818;3.972765139237879;0.4925775978407557;0.0;{'ML_CLOSE': 512, 'TIME': 194, 'SL': 35};2.0;;2.702498838807968;0;3.0453249455127773;1.9926804342057156;2;top30;rich_entry_quality;0.3;-0.030429787438036024;rich_entry_score;0.3224543080939948;0.04723346828609987;time_only;hist_gradient_boosting;target_entry_ev_regression;True;False;
S2_fractal0_buffer_0_5_entry_floor_2;E3_open_pullback_1_0atr;M0_no_mask;X2_ml_opposite_any_p0_50;val_select;0.2;1158;595.7797917297376;162.00357522952743;3.6775718738653387;0.3745908605355873;0.019264507422401878;6.9052268243727895;0.5284974093264249;0.0;{'ML_CLOSE': 785, 'TIME': 324, 'SL': 49};2.0;;3.1771621026758603;0;3.565814493101855;2.216160289991618;3;top50;rich_entry_quality;0.5;0.28595181807339853;rich_entry_score;0.5047951176983435;0.04231433506044905;time_only;hist_gradient_boosting;target_entry_good_0_5r;True;False;
S2_fractal0_buffer_0_5_entry_floor_2;E3_open_pullback_1_0atr;M0_no_mask;X2_ml_opposite_any_p0_50;val_eval;0.2;1137;534.6992400691144;172.71299592711483;3.095883070054313;0.3183696078645554;-0.004081632653057532;4.883454508008697;0.4916446789797713;0.0;{'ML_CLOSE': 791, 'TIME': 299, 'SL': 47};2.0;;2.636895504626705;0;3.0094817530042057;1.99202354936264;2;top50;rich_entry_quality;0.5;0.28595181807339853;rich_entry_score;0.49477806788511747;0.04133685136323659;time_only;hist_gradient_boosting;target_entry_good_0_5r;True;False;
S2_fractal0_buffer_0_5_entry_floor_2;E3_open_pullback_1_0atr;M0_no_mask;X2_ml_opposite_any_p0_50;val_select;0.2;935;494.63983493052535;131.28991580822867;3.76753867108142;0.38860953916823177;0.019298245614037327;6.953976824372731;0.5229946524064171;0.0;{'ML_CLOSE': 632, 'TIME': 265, 'SL': 38};2.0;;3.182722442542348;0;3.6111457089435404;2.164722048769213;3;top40;rich_entry_quality;0.4;0.293452555773854;rich_entry_score;0.4075850043591979;0.040641711229946524;time_only;hist_gradient_boosting;target_entry_good_0_5r;True;False;
S2_fractal0_buffer_0_5_entry_floor_2;E3_open_pullback_1_0atr;M0_no_mask;X2_ml_opposite_any_p0_50;val_eval;0.2;923;447.11129735824125;134.55759823774952;3.322824598639471;0.33862805971884263;0.0026881720430082883;5.526431997353086;0.5037919826652221;0.0;{'ML_CLOSE': 638, 'TIME': 249, 'SL': 36};2.0;;2.867317819858649;0;3.168711085293677;1.9805334186353936;2;top40;rich_entry_quality;0.4;0.293452555773854;rich_entry_score;0.4016536118363795;0.0390032502708559;time_only;hist_gradient_boosting;target_entry_good_0_5r;True;False;
S2_fractal0_buffer_0_5_entry_floor_2;E3_open_pullback_1_0atr;M0_no_mask;X2_ml_opposite_any_p0_50;val_select;0.2;687;360.0760385319025;105.84810387072244;3.40181850561708;0.3700552178474237;0.001388888888887617;4.93634660229759;0.5007278020378457;0.0;{'ML_CLOSE': 461, 'TIME': 192, 'SL': 34};2.0;;2.8779822073639036;0;2.7826707760487466;2.0545261270172954;3;top30;rich_entry_quality;0.3;0.29608801116108546;rich_entry_score;0.2994768962510898;0.049490538573508006;time_only;hist_gradient_boosting;target_entry_good_0_5r;True;False;
S2_fractal0_buffer_0_5_entry_floor_2;E3_open_pullback_1_0atr;M0_no_mask;X2_ml_opposite_any_p0_50;val_eval;0.2;715;346.3150926486196;107.66861649503471;3.216490597931946;0.3337712953196993;0.004545454545476273;5.46011789478905;0.5048951048951049;0.0;{'ML_CLOSE': 489, 'TIME': 194, 'SL': 32};2.0;;2.69010421016696;0;3.147321017574892;1.9798175321345015;2;top30;rich_entry_quality;0.3;0.29608801116108546;rich_entry_score;0.31114012184508266;0.044755244755244755;time_only;hist_gradient_boosting;target_entry_good_0_5r;True;False;
S2_fractal0_buffer_0_5_entry_floor_2;E3_open_pullback_1_0atr;M0_no_mask;X2_ml_opposite_any_p0_50;val_select;0.2;1082;524.349549564969;148.78773011761407;3.524145096846897;0.3470996482877587;0.013803475935826705;5.030603472219079;0.5203327171903882;0.0;{'ML_CLOSE': 744, 'TIME': 293, 'SL': 45};2.0;;3.0113139213826914;0;3.0709361979941514;2.0925646344136806;3;top50;rich_entry_quality;0.5;0.41160494967992006;rich_entry_score;0.47166521360069746;0.041589648798521256;time_only;hist_gradient_boosting;target_entry_avoid_sl;True;False;
S2_fractal0_buffer_0_5_entry_floor_2;E3_open_pullback_1_0atr;M0_no_mask;X2_ml_opposite_any_p0_50;val_eval;0.2;1104;481.6138339739508;161.5483506551259;2.9812364658683648;0.2899143870641531;-0.0031592803861421057;5.2443724308838;0.49184782608695654;0.0;{'ML_CLOSE': 768, 'TIME': 287, 'SL': 49};2.0;;2.616905366915442;0;2.9036500567739796;1.9760144270459707;2;top50;rich_entry_quality;0.5;0.41160494967992006;rich_entry_score;0.4804177545691906;0.044384057971014496;time_only;hist_gradient_boosting;target_entry_avoid_sl;True;False;
S2_fractal0_buffer_0_5_entry_floor_2;E3_open_pullback_1_0atr;M0_no_mask;X2_ml_opposite_any_p0_50;val_select;0.2;856;434.501173400243;121.44532320893634;3.577751385722122;0.36571945115806853;0.007141537324481719;5.194293159387625;0.5070093457943925;0.0;{'ML_CLOSE': 580, 'TIME': 237, 'SL': 39};2.0;;3.0106312419353713;0;2.895401734569016;2.029705604177025;3;top40;rich_entry_quality;0.4;0.41838757625317863;rich_entry_score;0.37314734088927637;0.0455607476635514;time_only;hist_gradient_boosting;target_entry_avoid_sl;True;False;
S2_fractal0_buffer_0_5_entry_floor_2;E3_open_pullback_1_0atr;M0_no_mask;X2_ml_opposite_any_p0_50;val_eval;0.2;874;403.127843951502;129.23321925183882;3.119382510822704;0.3133805774595688;0.0006097560975604177;4.45875839585193;0.5;0.0;{'ML_CLOSE': 599, 'TIME': 234, 'SL': 41};2.0;;2.6760809136807295;0;3.0947401009064137;1.9707672016558415;2;top40;rich_entry_quality;0.4;0.41838757625317863;rich_entry_score;0.3803307223672759;0.04691075514874142;time_only;hist_gradient_boosting;target_entry_avoid_sl;True;False;
S2_fractal0_buffer_0_5_entry_floor_2;E3_open_pullback_1_0atr;M0_no_mask;X2_ml_opposite_any_p0_50;val_select;0.2;670;334.87250510325634;100.04221154074762;3.3473120990219347;0.35049297546643093;-0.0016129032258049728;5.278121381241135;0.49850746268656715;0.0;{'ML_CLOSE': 451, 'TIME': 183, 'SL': 36};2.0;;2.824452230017908;0;2.875245695706744;2.1536925449593034;3;top30;rich_entry_quality;0.3;0.4296232406846549;rich_entry_score;0.2920662598081953;0.05373134328358209;time_only;hist_gradient_boosting;target_entry_avoid_sl;True;False;
S2_fractal0_buffer_0_5_entry_floor_2;E3_open_pullback_1_0atr;M0_no_mask;X2_ml_opposite_any_p0_50;val_eval;0.2;684;291.7784101863674;100.54925631920241;2.9018455319061864;0.2795747863555045;0.000980392156861849;5.228249234339444;0.5;0.0;{'ML_CLOSE': 471, 'TIME': 183, 'SL': 30};2.0;;2.4218055155950875;0;2.784873237850072;1.9861244951692827;2;top30;rich_entry_quality;0.3;0.4296232406846549;rich_entry_score;0.29765013054830286;0.043859649122807015;time_only;hist_gradient_boosting;target_entry_avoid_sl;True;False;
S2_fractal0_buffer_0_5_entry_floor_2;E3_open_pullback_1_0atr;M0_no_mask;X2_ml_opposite_any_p0_50;val_select;0.2;1109;579.4710275369731;152.43639792849703;3.801395437123778;0.3850627859409162;0.027586206896545912;4.102240566037793;0.5374211000901713;0.0;{'ML_CLOSE': 757, 'TIME': 310, 'SL': 42};2.0;;3.24749890586481;0;3.363671981341941;2.1046964227922005;3;top50;rich_entry_quality;0.5;-0.0477302846374268;rich_entry_score;0.483435047951177;0.03787195671776375;time_only;extra_trees_shallow;target_entry_ev_regression;True;False;
S2_fractal0_buffer_0_5_entry_floor_2;E3_open_pullback_1_0atr;M0_no_mask;X2_ml_opposite_any_p0_50;val_eval;0.2;1157;551.3372524634071;177.89005490705108;3.099314645506659;0.3227719944307312;-0.005833333333328028;5.438553783614708;0.4909248055315471;0.0;{'ML_CLOSE': 804, 'TIME': 299, 'SL': 54};2.0;;2.6932283420118295;0;3.0509578544454836;1.9762958391439696;2;top50;rich_entry_quality;0.5;-0.0477302846374268;rich_entry_score;0.5034812880765883;0.046672428694900604;time_only;extra_trees_shallow;target_entry_ev_regression;True;False;
S2_fractal0_buffer_0_5_entry_floor_2;E3_open_pullback_1_0atr;M0_no_mask;X2_ml_opposite_any_p0_50;val_select;0.2;892;457.5356655689702;124.17399382631552;3.6846335651322764;0.37372384724512864;0.023563218390796115;4.025991296103015;0.5325112107623319;0.0;{'ML_CLOSE': 604, 'TIME': 250, 'SL': 38};2.0;;3.1393152905528785;0;3.0460551298241416;2.137195062763006;3;top40;rich_entry_quality;0.4;-0.033031204774764795;rich_entry_score;0.3888404533565824;0.042600896860986545;time_only;extra_trees_shallow;target_entry_ev_regression;True;False;
S2_fractal0_buffer_0_5_entry_floor_2;E3_open_pullback_1_0atr;M0_no_mask;X2_ml_opposite_any_p0_50;val_eval;0.2;945;464.0992873640222;149.44186580804785;3.105550675873783;0.3329708164613486;-0.006521739130428819;5.320101402662374;0.48994708994708996;0.0;{'ML_CLOSE': 652, 'TIME': 246, 'SL': 47};2.0;;2.573888625449252;0;3.0680139807266475;1.9865817466143523;2;top40;rich_entry_quality;0.4;-0.033031204774764795;rich_entry_score;0.4112271540469974;0.04973544973544974;time_only;extra_trees_shallow;target_entry_ev_regression;True;False;
S2_fractal0_buffer_0_5_entry_floor_2;E3_open_pullback_1_0atr;M0_no_mask;X2_ml_opposite_any_p0_50;val_select;0.2;668;340.0205702865809;97.18866868945415;3.4985618680820165;0.36352081077414183;0.015288461538447677;3.7222222222222143;0.5269461077844312;0.0;{'ML_CLOSE': 455, 'TIME': 182, 'SL': 31};2.0;;2.834155327645125;0;2.7388580180307516;2.0573562398278904;3;top30;rich_entry_quality;0.3;-0.014848961554081528;rich_entry_score;0.2911944202266783;0.04640718562874251;time_only;extra_trees_shallow;target_entry_ev_regression;True;False;
S2_fractal0_buffer_0_5_entry_floor_2;E3_open_pullback_1_0atr;M0_no_mask;X2_ml_opposite_any_p0_50;val_eval;0.2;714;363.9465826601254;111.83983870102213;3.2541765697020733;0.35309067781387016;-0.006309650053030362;3.8763514026623795;0.49159663865546216;0.0;{'ML_CLOSE': 500, 'TIME': 180, 'SL': 34};2.0;;2.6947698618195477;0;3.173879873792499;1.9903531501536127;2;top30;rich_entry_quality;0.3;-0.014848961554081528;rich_entry_score;0.31070496083550914;0.047619047619047616;time_only;extra_trees_shallow;target_entry_ev_regression;True;False;
S2_fractal0_buffer_0_5_entry_floor_2;E3_open_pullback_1_0atr;M0_no_mask;X2_ml_opposite_any_p0_50;val_select;0.2;1131;568.8694871399106;162.16294773576436;3.5080115099218117;0.3595990622494662;0.01474358974357642;4.659904530052103;0.5216622458001768;0.0;{'ML_CLOSE': 770, 'TIME': 313, 'SL': 48};2.0;;3.0546230392402594;0;3.4795786311039185;2.1488940358054047;3;top50;rich_entry_quality;0.5;0.28527069083821965;rich_entry_score;0.493025283347864;0.042440318302387266;time_only;extra_trees_shallow;target_entry_good_0_5r;True;False;
S2_fractal0_buffer_0_5_entry_floor_2;E3_open_pullback_1_0atr;M0_no_mask;X2_ml_opposite_any_p0_50;val_eval;0.2;1174;560.6913761849924;183.39499638426872;3.057288297060036;0.3213768141403098;-0.0029775943396306856;4.276053783614742;0.49318568994889267;0.0;{'ML_CLOSE': 810, 'TIME': 308, 'SL': 56};2.0;;2.6427962024566067;0;3.034362760712711;1.9815956006451592;2;top50;rich_entry_quality;0.5;0.28527069083821965;rich_entry_score;0.5108790252393386;0.04770017035775128;time_only;extra_trees_shallow;target_entry_good_0_5r;True;False;
S2_fractal0_buffer_0_5_entry_floor_2;E3_open_pullback_1_0atr;M0_no_mask;X2_ml_opposite_any_p0_50;val_select;0.2;896;456.7984109271262;121.12712062188834;3.7712314845910755;0.3746331365013815;0.027507836990598306;5.391346401176875;0.5323660714285714;0.0;{'ML_CLOSE': 605, 'TIME': 257, 'SL': 34};2.0;;3.2247747824158637;0;3.4161825998694413;2.1752784569276917;3;top40;rich_entry_quality;0.4;0.2891804509608057;rich_entry_score;0.3905841325196164;0.03794642857142857;time_only;extra_trees_shallow;target_entry_good_0_5r;True;False;
S2_fractal0_buffer_0_5_entry_floor_2;E3_open_pullback_1_0atr;M0_no_mask;X2_ml_opposite_any_p0_50;val_eval;0.2;931;466.03059284515837;140.67320890239088;3.3128596161371684;0.34947087426720463;-0.0025641025641293977;4.614009507218725;0.49516648764769067;0.0;{'ML_CLOSE': 634, 'TIME': 255, 'SL': 42};2.0;;2.759417734786644;0;3.040125461372191;1.994858297362254;2;top40;rich_entry_quality;0.4;0.2891804509608057;rich_entry_score;0.4051348999129678;0.045112781954887216;time_only;extra_trees_shallow;target_entry_good_0_5r;True;False;
S2_fractal0_buffer_0_5_entry_floor_2;E3_open_pullback_1_0atr;M0_no_mask;X2_ml_opposite_any_p0_50;val_select;0.2;687;351.8142288681946;95.34198152457911;3.6900243024369814;0.3733220485351027;0.020588235294121123;5.616363611695931;0.5254730713245997;0.0;{'ML_CLOSE': 464, 'TIME': 194, 'SL': 29};2.0;;3.03667157520885;0;3.1561383653582538;2.1268043579117126;3;top30;rich_entry_quality;0.3;0.29540432288984597;rich_entry_score;0.2994768962510898;0.042212518195050945;time_only;extra_trees_shallow;target_entry_good_0_5r;True;False;
S2_fractal0_buffer_0_5_entry_floor_2;E3_open_pullback_1_0atr;M0_no_mask;X2_ml_opposite_any_p0_50;val_eval;0.2;715;362.48957578761684;112.83429142763083;3.2125834371912445;0.3491682298741063;0.0;4.357278737987883;0.4993006993006993;0.0;{'ML_CLOSE': 483, 'TIME': 196, 'SL': 36};2.0;;2.605297399149403;0;2.9762242017592495;1.9973732075790445;2;top30;rich_entry_quality;0.3;0.29540432288984597;rich_entry_score;0.31114012184508266;0.05034965034965035;time_only;extra_trees_shallow;target_entry_good_0_5r;True;False;
S2_fractal0_buffer_0_5_entry_floor_2;E3_open_pullback_1_0atr;M0_no_mask;X2_ml_opposite_any_p0_50;val_select;0.2;1091;545.7015025259749;148.95814847826978;3.6634551926213192;0.3636511036184282;0.016000000000000607;5.34404859417028;0.5215398716773603;0.0;{'ML_CLOSE': 734, 'TIME': 310, 'SL': 47};2.0;;3.1602748801736977;0;3.1963370247362124;2.1924713923174215;3;top50;rich_entry_quality;0.5;0.4126502703957954;rich_entry_score;0.475588491717524;0.04307974335472044;time_only;extra_trees_shallow;target_entry_avoid_sl;True;False;
S2_fractal0_buffer_0_5_entry_floor_2;E3_open_pullback_1_0atr;M0_no_mask;X2_ml_opposite_any_p0_50;val_eval;0.2;1072;462.38110823459004;154.8176467684786;2.9866175974503473;0.28690621405420846;-0.0013167013167154776;5.084929706425527;0.4944029850746269;0.0;{'ML_CLOSE': 751, 'TIME': 279, 'SL': 42};2.0;;2.568291279999984;0;2.9275463612422405;1.9656096652247956;2;top50;rich_entry_quality;0.5;0.4126502703957954;rich_entry_score;0.46649260226283723;0.03917910447761194;time_only;extra_trees_shallow;target_entry_avoid_sl;True;False;
S2_fractal0_buffer_0_5_entry_floor_2;E3_open_pullback_1_0atr;M0_no_mask;X2_ml_opposite_any_p0_50;val_select;0.2;864;421.93690732992445;122.40403197791147;3.447083404949156;0.3466815686944595;0.013078947368423998;5.033423594170256;0.5185185185185185;0.0;{'ML_CLOSE': 586, 'TIME': 239, 'SL': 39};2.0;;2.983904137877068;0;2.883561450418734;2.114806542995155;3;top40;rich_entry_quality;0.4;0.42093112589900655;rich_entry_score;0.37663469921534437;0.04513888888888889;time_only;extra_trees_shallow;target_entry_avoid_sl;True;False;
S2_fractal0_buffer_0_5_entry_floor_2;E3_open_pullback_1_0atr;M0_no_mask;X2_ml_opposite_any_p0_50;val_eval;0.2;885;400.64512886891237;128.0291263061959;3.129327992996882;0.30804068086182645;0.0;4.435352391511017;0.4994350282485876;0.0;{'ML_CLOSE': 609, 'TIME': 240, 'SL': 36};2.0;;2.6062524313606397;0;3.114178686155981;1.9570746216847106;2;top40;rich_entry_quality;0.4;0.42093112589900655;rich_entry_score;0.38511749347258484;0.04067796610169491;time_only;extra_trees_shallow;target_entry_avoid_sl;True;False;
S2_fractal0_buffer_0_5_entry_floor_2;E3_open_pullback_1_0atr;M0_no_mask;X2_ml_opposite_any_p0_50;val_select;0.2;632;301.1652673331067;87.56828198625752;3.4392049324476863;0.33796991352349565;0.014797794117642557;4.27659650357795;0.5253164556962026;0.0;{'ML_CLOSE': 428, 'TIME': 174, 'SL': 30};2.0;;2.813229282765133;0;3.122449835995555;2.0944657465641607;3;top30;rich_entry_quality;0.3;0.42929026634134315;rich_entry_score;0.27550130775937226;0.04746835443037975;time_only;extra_trees_shallow;target_entry_avoid_sl;True;False;
S2_fractal0_buffer_0_5_entry_floor_2;E3_open_pullback_1_0atr;M0_no_mask;X2_ml_opposite_any_p0_50;val_eval;0.2;655;285.1102602553812;88.57985797584264;3.2186804852761903;0.30004641569395196;0.005208333333328646;4.625352391511015;0.5083969465648855;0.0;{'ML_CLOSE': 448, 'TIME': 186, 'SL': 21};2.0;;2.6557839781142194;0;3.1439603914747902;1.9770278355124573;2;top30;rich_entry_quality;0.3;0.42929026634134315;rich_entry_score;0.28503046127067017;0.03206106870229008;time_only;extra_trees_shallow;target_entry_avoid_sl;True;False;
S2_fractal0_buffer_0_5_entry_floor_2;E3_open_pullback_1_0atr;M0_no_mask;X2_ml_opposite_any_p0_50;val_select;0.2;1107;596.5406866193493;163.52215468431902;3.648072567114691;0.39116398548783227;0.042857142857130485;5.977433173046336;0.5555555555555556;0.0;{'ML_CLOSE': 709, 'TIME': 335, 'SL': 63};2.0;;3.1067599809835427;0;3.058917553302792;1.8946162907895379;3;top50;rich_entry_quality;0.5;0.0037445050582826656;rich_entry_score;0.48256320836966;0.056910569105691054;structure_f0_only;linear;target_entry_ev_regression;True;False;
S2_fractal0_buffer_0_5_entry_floor_2;E3_open_pullback_1_0atr;M0_no_mask;X2_ml_opposite_any_p0_50;val_eval;0.2;1103;518.8784161670401;175.82992703499713;2.9510244639057532;0.3110140427307733;-0.004716981132071121;7.2809577614560865;0.4932003626473255;0.0;{'ML_CLOSE': 763, 'TIME': 278, 'SL': 62};2.0;;2.604306796810153;0;2.5950883517852152;1.9467914215067748;2;top50;rich_entry_quality;0.5;0.0037445050582826656;rich_entry_score;0.47998259355961703;0.056210335448776065;structure_f0_only;linear;target_entry_ev_regression;True;False;
S2_fractal0_buffer_0_5_entry_floor_2;E3_open_pullback_1_0atr;M0_no_mask;X2_ml_opposite_any_p0_50;val_select;0.2;888;488.23295648063794;126.34579706977945;3.8642595781084195;0.407530584922138;0.05956632653060856;4.623659588140697;0.5743243243243243;0.0;{'ML_CLOSE': 559, 'TIME': 278, 'SL': 51};2.0;;3.3045702989490056;0;3.658259815533738;1.8089985212654411;3;top40;rich_entry_quality;0.4;0.017620488793814476;rich_entry_score;0.3870967741935484;0.057432432432432436;structure_f0_only;linear;target_entry_ev_regression;True;False;
S2_fractal0_buffer_0_5_entry_floor_2;E3_open_pullback_1_0atr;M0_no_mask;X2_ml_opposite_any_p0_50;val_eval;0.2;920;424.2630841284275;151.43331268552012;2.801649627843049;0.2965540993944646;-0.004124149659860175;5.5595899063351055;0.4956521739130435;0.0;{'ML_CLOSE': 636, 'TIME': 228, 'SL': 56};2.0;;2.357544309060301;0;2.6064469865349738;1.977550971494962;2;top40;rich_entry_quality;0.4;0.017620488793814476;rich_entry_score;0.40034812880765885;0.06086956521739131;structure_f0_only;linear;target_entry_ev_regression;True;False;
S2_fractal0_buffer_0_5_entry_floor_2;E3_open_pullback_1_0atr;M0_no_mask;X2_ml_opposite_any_p0_50;val_select;0.2;665;341.7955797853089;95.92459576322737;3.5631693526128574;0.36973080304072414;0.06104651162790417;4.678521612723486;0.5774436090225564;0.0;{'ML_CLOSE': 424, 'TIME': 201, 'SL': 40};2.0;;2.975487903337662;0;3.422781931812437;1.6122569477724873;3;top30;rich_entry_quality;0.3;0.03266061091696723;rich_entry_score;0.2898866608544028;0.06015037593984962;structure_f0_only;linear;target_entry_ev_regression;True;False;
S2_fractal0_buffer_0_5_entry_floor_2;E3_open_pullback_1_0atr;M0_no_mask;X2_ml_opposite_any_p0_50;val_eval;0.2;744;360.4105853938535;121.10078553244219;2.97612095420555;0.3216529568029722;0.015748230535893575;5.026459162809658;0.5161290322580645;0.0;{'ML_CLOSE': 507, 'TIME': 188, 'SL': 49};2.0;;2.461944818187077;0;2.9113824027528663;1.9887479255156162;2;top30;rich_entry_quality;0.3;0.03266061091696723;rich_entry_score;0.3237597911227154;0.06586021505376344;structure_f0_only;linear;target_entry_ev_regression;True;False;
S2_fractal0_buffer_0_5_entry_floor_2;E3_open_pullback_1_0atr;M0_no_mask;X2_ml_opposite_any_p0_50;val_select;0.2;1121;613.2642366332573;174.51038079799463;3.5141991773150982;0.39139505426874444;0.05000000000001137;6.623659588140697;0.56021409455843;0.0;{'ML_CLOSE': 703, 'TIME': 340, 'SL': 78};2.0;;2.9695486776563254;0;2.954014383558259;2.01513528232582;3;top50;rich_entry_quality;0.5;0.2926228691889093;rich_entry_score;0.488666085440279;0.0695807314897413;structure_f0_only;linear;target_entry_good_0_5r;True;False;
S2_fractal0_buffer_0_5_entry_floor_2;E3_open_pullback_1_0atr;M0_no_mask;X2_ml_opposite_any_p0_50;val_eval;0.2;1126;516.9097285300777;185.38765607123645;2.788264005729981;0.29442457589595133;-0.0042261904761866035;7.707958268745216;0.4928952042628774;0.0;{'ML_CLOSE': 770, 'TIME': 284, 'SL': 72};2.0;;2.4555981023196187;0;2.5994319978333347;1.9905191060627647;2;top50;rich_entry_quality;0.5;0.2926228691889093;rich_entry_score;0.4899912967798085;0.06394316163410302;structure_f0_only;linear;target_entry_good_0_5r;True;False;
S2_fractal0_buffer_0_5_entry_floor_2;E3_open_pullback_1_0atr;M0_no_mask;X2_ml_opposite_any_p0_50;val_select;0.2;867;491.51592191185796;122.63587961109596;4.0079291922605185;0.4254671768174878;0.06465517241379234;4.895817909019826;0.5824682814302191;0.0;{'ML_CLOSE': 534, 'TIME': 278, 'SL': 55};2.0;;3.3960780680184395;0;3.736157004674465;2.0332991989264353;3;top40;rich_entry_quality;0.4;0.302288790409208;rich_entry_score;0.3779424585876199;0.06343713956170703;structure_f0_only;linear;target_entry_good_0_5r;True;False;
S2_fractal0_buffer_0_5_entry_floor_2;E3_open_pullback_1_0atr;M0_no_mask;X2_ml_opposite_any_p0_50;val_eval;0.2;955;439.04018517714024;157.291580363712;2.791250390910492;0.29502471708212386;-0.0025641025641293977;6.473693823911866;0.4973821989528796;0.0;{'ML_CLOSE': 655, 'TIME': 237, 'SL': 63};2.0;;2.351319657892905;0;2.6599746038554346;1.9941488587648588;2;top40;rich_entry_quality;0.4;0.302288790409208;rich_entry_score;0.4155787641427328;0.06596858638743455;structure_f0_only;linear;target_entry_good_0_5r;True;False;
S2_fractal0_buffer_0_5_entry_floor_2;E3_open_pullback_1_0atr;M0_no_mask;X2_ml_opposite_any_p0_50;val_select;0.2;637;362.23237185618063;89.29698026858608;4.056490720813444;0.4284700024922992;0.08448275862069189;6.148441977585378;0.5886970172684458;0.0;{'ML_CLOSE': 394, 'TIME': 205, 'SL': 38};2.0;;3.302642793553362;0;3.8119137419263183;1.9861673849061807;3;top30;rich_entry_quality;0.3;0.3109338745577371;rich_entry_score;0.27768090671316475;0.059654631083202514;structure_f0_only;linear;target_entry_good_0_5r;True;False;
S2_fractal0_buffer_0_5_entry_floor_2;E3_open_pullback_1_0atr;M0_no_mask;X2_ml_opposite_any_p0_50;val_eval;0.2;775;355.703472380062;126.42307787135212;2.8135960488323595;0.29584567033381914;0.005714285714312999;5.457736377103359;0.5083870967741936;0.0;{'ML_CLOSE': 535, 'TIME': 188, 'SL': 52};2.0;;2.300312835715138;0;2.710965681904892;1.998960049970245;2;top30;rich_entry_quality;0.3;0.3109338745577371;rich_entry_score;0.3372497824194952;0.06709677419354838;structure_f0_only;linear;target_entry_good_0_5r;True;False;
S2_fractal0_buffer_0_5_entry_floor_2;E3_open_pullback_1_0atr;M0_no_mask;X2_ml_opposite_any_p0_50;val_select;0.2;1122;590.7416053663088;170.03874941927984;3.474158727841876;0.37495798212747683;0.028501400560209098;4.869794248824917;0.533868092691622;0.0;{'ML_CLOSE': 730, 'TIME': 332, 'SL': 60};2.0;;3.092747815246066;0;2.800324171913231;1.9570446314527303;3;top50;rich_entry_quality;0.5;0.43978133527029883;rich_entry_score;0.4891020052310375;0.053475935828877004;structure_f0_only;linear;target_entry_avoid_sl;True;False;
S2_fractal0_buffer_0_5_entry_floor_2;E3_open_pullback_1_0atr;M0_no_mask;X2_ml_opposite_any_p0_50;val_eval;0.2;1223;593.0991096336238;203.85488146989056;2.90941823593871;0.3182700148517852;-0.00882352941175674;5.80289019213636;0.48650858544562553;0.0;{'ML_CLOSE': 831, 'TIME': 315, 'SL': 77};2.0;;2.5254900103341136;0;2.556053220398534;1.927041418982898;2;top50;rich_entry_quality;0.5;0.43978133527029883;rich_entry_score;0.5322019147084421;0.06295993458708095;structure_f0_only;linear;target_entry_avoid_sl;True;False;
S2_fractal0_buffer_0_5_entry_floor_2;E3_open_pullback_1_0atr;M0_no_mask;X2_ml_opposite_any_p0_50;val_select;0.2;892;486.48485834777927;135.26197071635556;3.5966122315927094;0.39374763187379347;0.028653530377655084;4.349264193193932;0.5392376681614349;0.0;{'ML_CLOSE': 575, 'TIME': 266, 'SL': 51};2.0;;3.0897708315479098;0;2.755000993571433;1.9151510139514358;3;top40;rich_entry_quality;0.4;0.4454370887978498;rich_entry_score;0.3888404533565824;0.05717488789237668;structure_f0_only;linear;target_entry_avoid_sl;True;False;
S2_fractal0_buffer_0_5_entry_floor_2;E3_open_pullback_1_0atr;M0_no_mask;X2_ml_opposite_any_p0_50;val_eval;0.2;996;475.2791971027077;163.05496555329393;2.9148403760041544;0.3134781441259174;-0.004399306892564327;5.025082070018101;0.4929718875502008;0.0;{'ML_CLOSE': 680, 'TIME': 253, 'SL': 63};2.0;;2.445578212025154;0;2.667513220700031;1.9455306175672396;2;top40;rich_entry_quality;0.4;0.4454370887978498;rich_entry_score;0.43342036553524804;0.06325301204819277;structure_f0_only;linear;target_entry_avoid_sl;True;False;
S2_fractal0_buffer_0_5_entry_floor_2;E3_open_pullback_1_0atr;M0_no_mask;X2_ml_opposite_any_p0_50;val_select;0.2;663;350.8573617596635;103.25922974369712;3.3978305148172927;0.37345117951126156;0.02109375000001642;5.421876443387163;0.521870286576169;0.0;{'ML_CLOSE': 432, 'TIME': 193, 'SL': 38};2.0;;2.674679915788378;0;2.6313515489900325;1.9217083880892152;3;top30;rich_entry_quality;0.3;0.4517919730248247;rich_entry_score;0.2890148212728858;0.05731523378582202;structure_f0_only;linear;target_entry_avoid_sl;True;False;
S2_fractal0_buffer_0_5_entry_floor_2;E3_open_pullback_1_0atr;M0_no_mask;X2_ml_opposite_any_p0_50;val_eval;0.2;738;346.1287721215467;119.77782245652313;2.8897567598307634;0.3067086038821458;-0.0061775362318784235;4.11329394218464;0.491869918699187;0.0;{'ML_CLOSE': 508, 'TIME': 183, 'SL': 47};2.0;;2.435031622008539;0;2.6799234511187597;1.971956911582633;2;top30;rich_entry_quality;0.3;0.4517919730248247;rich_entry_score;0.32114882506527415;0.06368563685636856;structure_f0_only;linear;target_entry_avoid_sl;True;False;
S2_fractal0_buffer_0_5_entry_floor_2;E3_open_pullback_1_0atr;M0_no_mask;X2_ml_opposite_any_p0_50;val_select;0.2;1158;539.520527637085;178.75787432380181;3.0181637014758755;0.31153942427744663;0.008771929824568293;5.248744642848379;0.5164075993091537;0.0;{'ML_CLOSE': 796, 'TIME': 312, 'SL': 50};2.0;;2.6612407995847485;0;2.951242907283231;2.3321079403538847;3;top50;rich_entry_quality;0.5;-0.03619310763587351;rich_entry_score;0.5047951176983435;0.04317789291882556;structure_f0_only;hist_gradient_boosting;target_entry_ev_regression;True;False;
S2_fractal0_buffer_0_5_entry_floor_2;E3_open_pullback_1_0atr;M0_no_mask;X2_ml_opposite_any_p0_50;val_eval;0.2;1517;685.8287968845652;263.42979925575986;2.60345943709544;0.2784436371976305;-0.0238095238095019;6.632884706568973;0.4693473961766645;0.0;{'ML_CLOSE': 1058, 'TIME': 363, 'SL': 96};2.0;;2.302242163573869;0;2.5643097859002126;1.999997213141911;2;top50;rich_entry_quality;0.5;-0.03619310763587351;rich_entry_score;0.6601392515230635;0.06328279499011207;structure_f0_only;hist_gradient_boosting;target_entry_ev_regression;True;False;
S2_fractal0_buffer_0_5_entry_floor_2;E3_open_pullback_1_0atr;M0_no_mask;X2_ml_opposite_any_p0_50;val_select;0.2;937;442.0990885542441;140.12392240654424;3.155057901330891;0.3222787258780147;0.013970588235281505;4.261574074074076;0.5240128068303095;0.0;{'ML_CLOSE': 645, 'TIME': 253, 'SL': 39};2.0;;2.691254457583016;0;3.092008024028147;2.3450195336838067;3;top40;rich_entry_quality;0.4;-0.005766178056441237;rich_entry_score;0.4084568439407149;0.0416221985058698;structure_f0_only;hist_gradient_boosting;target_entry_ev_regression;True;False;
S2_fractal0_buffer_0_5_entry_floor_2;E3_open_pullback_1_0atr;M0_no_mask;X2_ml_opposite_any_p0_50;val_eval;0.2;1317;611.3850597821627;233.23564455646672;2.621319142469861;0.28712939652672437;-0.02560975609756527;5.052172729059492;0.4677296886864085;0.0;{'ML_CLOSE': 909, 'TIME': 320, 'SL': 88};2.0;;2.30068757276879;0;2.6198381549244223;1.9995121508824278;2;top40;rich_entry_quality;0.4;-0.005766178056441237;rich_entry_score;0.5731070496083551;0.06681852695520121;structure_f0_only;hist_gradient_boosting;target_entry_ev_regression;True;False;
S2_fractal0_buffer_0_5_entry_floor_2;E3_open_pullback_1_0atr;M0_no_mask;X2_ml_opposite_any_p0_50;val_select;0.2;705;336.62202748110434;105.78481879960118;3.182139283320051;0.3274286647964583;0.010869565217381364;5.449886953159222;0.526241134751773;0.0;{'ML_CLOSE': 487, 'TIME': 186, 'SL': 32};2.0;;2.6013297219297624;0;3.0588346981553607;2.2204047227407684;3;top30;rich_entry_quality;0.3;0.011376846658888643;rich_entry_score;0.3073234524847428;0.04539007092198582;structure_f0_only;hist_gradient_boosting;target_entry_ev_regression;True;False;
S2_fractal0_buffer_0_5_entry_floor_2;E3_open_pullback_1_0atr;M0_no_mask;X2_ml_opposite_any_p0_50;val_eval;0.2;1142;529.9692366790027;204.12507795573126;2.59629655496782;0.28532763460881916;-0.028033088235297078;6.752621488290563;0.46234676007005254;0.0;{'ML_CLOSE': 789, 'TIME': 273, 'SL': 80};2.0;;2.2934439756730396;0;2.5630861112418435;1.9997508721633797;2;top30;rich_entry_quality;0.3;0.011376846658888643;rich_entry_score;0.4969538729329852;0.07005253940455342;structure_f0_only;hist_gradient_boosting;target_entry_ev_regression;True;False;
S2_fractal0_buffer_0_5_entry_floor_2;E3_open_pullback_1_0atr;M0_no_mask;X2_ml_opposite_any_p0_50;val_select;0.2;1152;581.265448617708;178.67224652089584;3.2532497908102846;0.3494732657090383;0.014338235294104704;5.7377426790650645;0.5208333333333334;0.0;{'ML_CLOSE': 767, 'TIME': 326, 'SL': 59};2.0;;2.824640262046809;0;3.2241241023728033;2.1174897223799047;3;top50;rich_entry_quality;0.5;0.28408782475641736;rich_entry_score;0.5021795989537925;0.051215277777777776;structure_f0_only;hist_gradient_boosting;target_entry_good_0_5r;True;False;
S2_fractal0_buffer_0_5_entry_floor_2;E3_open_pullback_1_0atr;M0_no_mask;X2_ml_opposite_any_p0_50;val_eval;0.2;1415;643.4916062820475;236.67054782777166;2.7189340295537114;0.28750604837758015;-0.022115384615408035;6.739925727381518;0.46713780918727915;0.0;{'ML_CLOSE': 994, 'TIME': 341, 'SL': 80};2.0;;2.3635790357761537;0;2.644719298803181;1.998302610963295;2;top50;rich_entry_quality;0.5;0.28408782475641736;rich_entry_score;0.6157528285465622;0.05653710247349823;structure_f0_only;hist_gradient_boosting;target_entry_good_0_5r;True;False;
S2_fractal0_buffer_0_5_entry_floor_2;E3_open_pullback_1_0atr;M0_no_mask;X2_ml_opposite_any_p0_50;val_select;0.2;923;479.1680224616571;141.32972690859776;3.390426295605521;0.36602198868153774;0.01999999999998181;5.7377426790650645;0.5254604550379198;0.0;{'ML_CLOSE': 611, 'TIME': 266, 'SL': 46};2.0;;2.877027986719071;0;3.374862701809061;2.0935818248872837;3;top40;rich_entry_quality;0.4;0.2909788541703617;rich_entry_score;0.4023539668700959;0.04983748645720477;structure_f0_only;hist_gradient_boosting;target_entry_good_0_5r;True;False;
S2_fractal0_buffer_0_5_entry_floor_2;E3_open_pullback_1_0atr;M0_no_mask;X2_ml_opposite_any_p0_50;val_eval;0.2;1273;567.9335748268154;213.9899419858424;2.6540199485842657;0.27803898887743356;-0.027500000000031832;5.739925727381518;0.46111547525530244;0.0;{'ML_CLOSE': 900, 'TIME': 302, 'SL': 71};2.0;;2.343816273597767;0;2.50237596444767;1.9877482348035576;2;top40;rich_entry_quality;0.4;0.2909788541703617;rich_entry_score;0.5539599651871192;0.05577376276512176;structure_f0_only;hist_gradient_boosting;target_entry_good_0_5r;True;False;
S2_fractal0_buffer_0_5_entry_floor_2;E3_open_pullback_1_0atr;M0_no_mask;X2_ml_opposite_any_p0_50;val_select;0.2;691;368.2201522986821;98.65563361050754;3.7323783632307843;0.39010784180633074;0.027777777777783917;5.783196073188691;0.532561505065123;0.0;{'ML_CLOSE': 456, 'TIME': 204, 'SL': 31};2.0;;3.107219662778093;0;3.5678889161680214;1.9397230870885869;3;top30;rich_entry_quality;0.3;0.29965545195883697;rich_entry_score;0.3012205754141238;0.04486251808972504;structure_f0_only;hist_gradient_boosting;target_entry_good_0_5r;True;False;
S2_fractal0_buffer_0_5_entry_floor_2;E3_open_pullback_1_0atr;M0_no_mask;X2_ml_opposite_any_p0_50;val_eval;0.2;1062;492.01645045950886;177.1339605613324;2.777651721331827;0.29649951967813226;-0.034975961538475285;8.787301182503949;0.4472693032015066;0.0;{'ML_CLOSE': 749, 'TIME': 256, 'SL': 57};2.0;;2.3884755372633935;0;2.5933622863210424;1.9755004242468002;2;top30;rich_entry_quality;0.3;0.29965545195883697;rich_entry_score;0.4621409921671018;0.05367231638418079;structure_f0_only;hist_gradient_boosting;target_entry_good_0_5r;True;False;
S2_fractal0_buffer_0_5_entry_floor_2;E3_open_pullback_1_0atr;M0_no_mask;X2_ml_opposite_any_p0_50;val_select;0.2;1159;532.0915852328098;177.023054824142;3.0057756361813976;0.30635766212999804;0.005263157894761878;5.8751756750313575;0.5099223468507333;0.0;{'ML_CLOSE': 795, 'TIME': 312, 'SL': 52};2.0;;2.6615666102689137;0;2.7529320217415396;2.1463322935389777;3;top50;rich_entry_quality;0.5;0.42322945917983484;rich_entry_score;0.505231037489102;0.04486626402070751;structure_f0_only;hist_gradient_boosting;target_entry_avoid_sl;True;False;
S2_fractal0_buffer_0_5_entry_floor_2;E3_open_pullback_1_0atr;M0_no_mask;X2_ml_opposite_any_p0_50;val_eval;0.2;1279;587.7506990193986;204.7450826732035;2.870646226739988;0.29945708862095005;-0.0028301886792641835;7.552997843489379;0.49648162627052383;0.0;{'ML_CLOSE': 890, 'TIME': 323, 'SL': 66};2.0;;2.4659375862368393;0;2.8669188026483194;1.9875820849922292;2;top50;rich_entry_quality;0.5;0.42322945917983484;rich_entry_score;0.5565709312445605;0.05160281469898358;structure_f0_only;hist_gradient_boosting;target_entry_avoid_sl;True;False;
S2_fractal0_buffer_0_5_entry_floor_2;E3_open_pullback_1_0atr;M0_no_mask;X2_ml_opposite_any_p0_50;val_select;0.2;915;370.54976316766937;135.32835696808846;2.738153122298293;0.25707257508150916;0.0013333333333321207;8.070397897253642;0.5005464480874317;0.0;{'ML_CLOSE': 641, 'TIME': 236, 'SL': 38};2.0;;2.3517410848836953;0;2.7181965956283958;2.094339152706484;3;top40;rich_entry_quality;0.4;0.4301229338612624;rich_entry_score;0.3988666085440279;0.041530054644808745;structure_f0_only;hist_gradient_boosting;target_entry_avoid_sl;True;False;
S2_fractal0_buffer_0_5_entry_floor_2;E3_open_pullback_1_0atr;M0_no_mask;X2_ml_opposite_any_p0_50;val_eval;0.2;961;441.86853906941946;144.6513362374868;3.0547145333242214;0.30927908723406106;0.0032608695652144096;6.617771304670043;0.5046826222684704;0.0;{'ML_CLOSE': 661, 'TIME': 256, 'SL': 44};2.0;;2.5706825664612962;0;3.0334585088486437;1.9648092540058624;2;top40;rich_entry_quality;0.4;0.4301229338612624;rich_entry_score;0.4181897302001741;0.045785639958376693;structure_f0_only;hist_gradient_boosting;target_entry_avoid_sl;True;False;
S2_fractal0_buffer_0_5_entry_floor_2;E3_open_pullback_1_0atr;M0_no_mask;X2_ml_opposite_any_p0_50;val_select;0.2;689;282.91630218294915;100.0013168701912;2.8291257659156086;0.26547893369050507;0.005208333333352207;6.541099682241104;0.5094339622641509;0.0;{'ML_CLOSE': 480, 'TIME': 181, 'SL': 28};2.0;;2.3883018677476944;0;2.763124155329878;1.9709054069530503;3;top30;rich_entry_quality;0.3;0.44406632402059576;rich_entry_score;0.3003487358326068;0.040638606676342524;structure_f0_only;hist_gradient_boosting;target_entry_avoid_sl;True;False;
S2_fractal0_buffer_0_5_entry_floor_2;E3_open_pullback_1_0atr;M0_no_mask;X2_ml_opposite_any_p0_50;val_eval;0.2;643;300.1754982671711;92.6239625068567;3.2407974150852157;0.3227862142462122;0.0032608695652144096;5.197705606909977;0.5069984447900466;0.0;{'ML_CLOSE': 437, 'TIME': 180, 'SL': 26};2.0;;2.7217815750984795;0;2.842991561218285;1.9252446296573684;2;top30;rich_entry_quality;0.3;0.44406632402059576;rich_entry_score;0.27980852915578763;0.04043545878693624;structure_f0_only;hist_gradient_boosting;target_entry_avoid_sl;True;False;
S2_fractal0_buffer_0_5_entry_floor_2;E3_open_pullback_1_0atr;M0_no_mask;X2_ml_opposite_any_p0_50;val_select;0.2;1124;593.1484720345;162.48661671279137;3.6504450891665696;0.3831511168342603;0.01572916666666127;8.213553136618089;0.5258007117437722;0.0;{'ML_CLOSE': 750, 'TIME': 333, 'SL': 41};2.0;;3.1705842251484113;0;3.4242020982764516;2.3930813289729267;3;top50;rich_entry_quality;0.5;-0.024190714913216345;rich_entry_score;0.4899738448125545;0.036476868327402136;structure_f0_only;extra_trees_shallow;target_entry_ev_regression;True;False;
S2_fractal0_buffer_0_5_entry_floor_2;E3_open_pullback_1_0atr;M0_no_mask;X2_ml_opposite_any_p0_50;val_eval;0.2;1250;537.793981517834;211.60673847713682;2.5414785246829004;0.26094979443255784;-0.032732919254653145;12.631780622789137;0.4592;0.0;{'ML_CLOSE': 888, 'TIME': 295, 'SL': 67};2.0;;2.2226956013205004;0;2.491532023734514;1.9596261423595935;2;top50;rich_entry_quality;0.5;-0.024190714913216345;rich_entry_score;0.5439512619669278;0.0536;structure_f0_only;extra_trees_shallow;target_entry_ev_regression;True;False;
S2_fractal0_buffer_0_5_entry_floor_2;E3_open_pullback_1_0atr;M0_no_mask;X2_ml_opposite_any_p0_50;val_select;0.2;912;496.61886751107374;127.20730918719389;3.9040120468256;0.4050565332498683;0.018948717948715638;8.213553136618117;0.5317982456140351;0.0;{'ML_CLOSE': 608, 'TIME': 274, 'SL': 30};2.0;;3.3052689972939397;0;3.6491203517314004;2.364012684117554;3;top40;rich_entry_quality;0.4;-0.007233456668776009;rich_entry_score;0.3975588491717524;0.03289473684210526;structure_f0_only;extra_trees_shallow;target_entry_ev_regression;True;False;
S2_fractal0_buffer_0_5_entry_floor_2;E3_open_pullback_1_0atr;M0_no_mask;X2_ml_opposite_any_p0_50;val_eval;0.2;1210;518.4570960335385;207.9927714072254;2.4926688198142255;0.2565820864680273;-0.03309523809524319;12.631780622789137;0.456198347107438;0.0;{'ML_CLOSE': 861, 'TIME': 282, 'SL': 67};2.0;;2.198976185102965;0;2.4814293810799763;1.9728362357846583;2;top40;rich_entry_quality;0.4;-0.007233456668776009;rich_entry_score;0.5265448215839861;0.05537190082644628;structure_f0_only;extra_trees_shallow;target_entry_ev_regression;True;False;
S2_fractal0_buffer_0_5_entry_floor_2;E3_open_pullback_1_0atr;M0_no_mask;X2_ml_opposite_any_p0_50;val_select;0.2;690;338.11414254390127;97.14623941408341;3.48046558037824;0.3492288451156781;0.012055555555544557;8.213553136618131;0.5144927536231884;0.0;{'ML_CLOSE': 478, 'TIME': 196, 'SL': 16};2.0;;2.9391800565092123;0;3.2488196630011985;2.200999105537705;3;top30;rich_entry_quality;0.3;0.014156311264420149;rich_entry_score;0.3007846556233653;0.02318840579710145;structure_f0_only;extra_trees_shallow;target_entry_ev_regression;True;False;
S2_fractal0_buffer_0_5_entry_floor_2;E3_open_pullback_1_0atr;M0_no_mask;X2_ml_opposite_any_p0_50;val_eval;0.2;1157;489.5340600703128;201.1483050833544;2.4336971662150146;0.2492530293750721;-0.0359649122806887;11.631780622789137;0.452895419187554;0.0;{'ML_CLOSE': 825, 'TIME': 268, 'SL': 64};2.0;;2.0692583829855193;0;2.4193384187760922;1.9869450655336938;2;top30;rich_entry_quality;0.3;0.014156311264420149;rich_entry_score;0.5034812880765883;0.055315471045808126;structure_f0_only;extra_trees_shallow;target_entry_ev_regression;True;False;
S2_fractal0_buffer_0_5_entry_floor_2;E3_open_pullback_1_0atr;M0_no_mask;X2_ml_opposite_any_p0_50;val_select;0.2;1099;568.3066001429645;169.81823958537223;3.3465580701492397;0.3625917748476728;0.04262295081968912;5.066790321199477;0.5450409463148317;0.0;{'ML_CLOSE': 719, 'TIME': 318, 'SL': 62};2.0;;2.920194264946294;0;3.1150167050029696;2.0267767789120494;3;top50;rich_entry_quality;0.5;0.29085906257619765;rich_entry_score;0.479075850043592;0.056414922656960874;structure_f0_only;extra_trees_shallow;target_entry_good_0_5r;True;False;
S2_fractal0_buffer_0_5_entry_floor_2;E3_open_pullback_1_0atr;M0_no_mask;X2_ml_opposite_any_p0_50;val_eval;0.2;1249;606.0515354806366;200.3036977895363;3.0256632412119964;0.3248581566782228;-0.002564102564100247;8.641975594216262;0.49639711769415534;0.0;{'ML_CLOSE': 862, 'TIME': 313, 'SL': 74};2.0;;2.6904513358643034;0;2.991215016793005;1.980811116927718;2;top50;rich_entry_quality;0.5;0.29085906257619765;rich_entry_score;0.5435161009573543;0.059247397918334666;structure_f0_only;extra_trees_shallow;target_entry_good_0_5r;True;False;
S2_fractal0_buffer_0_5_entry_floor_2;E3_open_pullback_1_0atr;M0_no_mask;X2_ml_opposite_any_p0_50;val_select;0.2;882;466.5676421439065;129.50126335801775;3.602803787744053;0.38216142719488516;0.042782738095224024;6.038883344455257;0.5487528344671202;0.0;{'ML_CLOSE': 585, 'TIME': 256, 'SL': 41};2.0;;3.0241550445167666;0;3.311653212076591;2.143180307484714;3;top40;rich_entry_quality;0.4;0.295645710526113;rich_entry_score;0.38448125544899736;0.046485260770975055;structure_f0_only;extra_trees_shallow;target_entry_good_0_5r;True;False;
S2_fractal0_buffer_0_5_entry_floor_2;E3_open_pullback_1_0atr;M0_no_mask;X2_ml_opposite_any_p0_50;val_eval;0.2;910;413.4733497915879;148.58070946518416;2.7828198645697957;0.29109081354549865;-0.0061678463093977655;5.629625265515273;0.4901098901098901;0.0;{'ML_CLOSE': 638, 'TIME': 217, 'SL': 55};2.0;;2.3259231746568276;0;2.556795717872873;1.9963567571317726;2;top40;rich_entry_quality;0.4;0.295645710526113;rich_entry_score;0.39599651871192343;0.06043956043956044;structure_f0_only;extra_trees_shallow;target_entry_good_0_5r;True;False;
S2_fractal0_buffer_0_5_entry_floor_2;E3_open_pullback_1_0atr;M0_no_mask;X2_ml_opposite_any_p0_50;val_select;0.2;645;362.2883619756203;94.07147334485958;3.8512032297771714;0.4158401374120322;0.04262295081968912;6.4657035975722295;0.5488372093023256;0.0;{'ML_CLOSE': 430, 'TIME': 189, 'SL': 26};2.0;;3.1582519456628644;0;3.5345471275339295;2.128370894732675;3;top30;rich_entry_quality;0.3;0.2991911436241454;rich_entry_score;0.28116826503923276;0.040310077519379844;structure_f0_only;extra_trees_shallow;target_entry_good_0_5r;True;False;
S2_fractal0_buffer_0_5_entry_floor_2;E3_open_pullback_1_0atr;M0_no_mask;X2_ml_opposite_any_p0_50;val_eval;0.2;558;258.67966593513825;89.6510136568399;2.885407039850044;0.3029187316815383;-0.0018255295429337672;3.523200784132314;0.4946236559139785;0.0;{'ML_CLOSE': 388, 'TIME': 139, 'SL': 31};2.0;;2.3735898261235135;0;2.6588688367538142;1.9237406803507675;2;top30;rich_entry_quality;0.3;0.2991911436241454;rich_entry_score;0.24281984334203655;0.05555555555555555;structure_f0_only;extra_trees_shallow;target_entry_good_0_5r;True;False;
S2_fractal0_buffer_0_5_entry_floor_2;E3_open_pullback_1_0atr;M0_no_mask;X2_ml_opposite_any_p0_50;val_select;0.2;1135;598.4032972250495;160.42515288882566;3.730108941455969;0.3858838276090078;0.019298245614037327;9.29267778593919;0.5295154185022026;0.0;{'ML_CLOSE': 756, 'TIME': 340, 'SL': 39};2.0;;3.2380409788006075;0;3.63308549843594;2.2295385781713493;3;top50;rich_entry_quality;0.5;0.4207664092664893;rich_entry_score;0.49476896251089797;0.03436123348017621;structure_f0_only;extra_trees_shallow;target_entry_avoid_sl;True;False;
S2_fractal0_buffer_0_5_entry_floor_2;E3_open_pullback_1_0atr;M0_no_mask;X2_ml_opposite_any_p0_50;val_eval;0.2;1314;576.9210191291179;207.47007520564733;2.7807432881935648;0.2811651019204494;-0.021239069215954455;8.229813622123658;0.4726027397260274;0.0;{'ML_CLOSE': 932, 'TIME': 320, 'SL': 62};2.0;;2.411526302870085;0;2.629913806936607;1.997566076876045;2;top50;rich_entry_quality;0.5;0.4207664092664893;rich_entry_score;0.5718015665796344;0.0471841704718417;structure_f0_only;extra_trees_shallow;target_entry_avoid_sl;True;False;
S2_fractal0_buffer_0_5_entry_floor_2;E3_open_pullback_1_0atr;M0_no_mask;X2_ml_opposite_any_p0_50;val_select;0.2;895;437.6299123583064;122.49974307863414;3.572496573134739;0.35210074779851647;0.01474358974357642;8.889980290756114;0.5195530726256983;0.0;{'ML_CLOSE': 605, 'TIME': 265, 'SL': 25};2.0;;3.0468385951984973;0;3.378480638033997;2.116876947009921;3;top40;rich_entry_quality;0.4;0.4235840474906124;rich_entry_score;0.3901482127288579;0.027932960893854747;structure_f0_only;extra_trees_shallow;target_entry_avoid_sl;True;False;
S2_fractal0_buffer_0_5_entry_floor_2;E3_open_pullback_1_0atr;M0_no_mask;X2_ml_opposite_any_p0_50;val_eval;0.2;1091;488.02385026368427;168.54643352424372;2.8954860690866346;0.29282989618647165;-0.01666666666665151;8.015767537419634;0.4784601283226398;0.0;{'ML_CLOSE': 775, 'TIME': 268, 'SL': 48};2.0;;2.504843075819331;0;2.7170530440282086;1.9945329094432607;2;top40;rich_entry_quality;0.4;0.4235840474906124;rich_entry_score;0.47476066144473456;0.043996333638863426;structure_f0_only;extra_trees_shallow;target_entry_avoid_sl;True;False;
S2_fractal0_buffer_0_5_entry_floor_2;E3_open_pullback_1_0atr;M0_no_mask;X2_ml_opposite_any_p0_50;val_select;0.2;677;323.35326318718495;90.23523398978045;3.583447938128095;0.34433977724875114;0.016000000000000607;8.223313624089428;0.51698670605613;0.0;{'ML_CLOSE': 467, 'TIME': 193, 'SL': 17};2.0;;2.986109674799953;0;3.3530872683564072;2.0637632612103354;3;top30;rich_entry_quality;0.3;0.42650749661463216;rich_entry_score;0.2951176983435048;0.025110782865583457;structure_f0_only;extra_trees_shallow;target_entry_avoid_sl;True;False;
S2_fractal0_buffer_0_5_entry_floor_2;E3_open_pullback_1_0atr;M0_no_mask;X2_ml_opposite_any_p0_50;val_eval;0.2;833;379.35249791081935;131.86564022053653;2.876810799813943;0.29710307045652207;-0.020512820512801976;7.13017773259034;0.47539015606242496;0.0;{'ML_CLOSE': 589, 'TIME': 205, 'SL': 39};2.0;;2.3164708515605508;0;2.845622208439352;1.9741682619787495;2;top30;rich_entry_quality;0.3;0.42650749661463216;rich_entry_score;0.36248912097476066;0.0468187274909964;structure_f0_only;extra_trees_shallow;target_entry_avoid_sl;True;False;
S2_fractal0_buffer_0_5_entry_floor_2;E3_open_pullback_1_0atr;M0_no_mask;X2_ml_opposite_any_p0_50;val_select;0.2;1133;520.7763660788777;173.50586594354183;3.0014914092203453;0.3065052957946477;0.009374999999991562;5.963054428664805;0.5101500441306267;0.0;{'ML_CLOSE': 765, 'TIME': 311, 'SL': 57};2.0;;2.5822856538024257;0;2.820893165697975;2.262120046414111;3;top50;rich_entry_quality;0.5;-0.013702979900641316;rich_entry_score;0.493897122929381;0.05030891438658429;structure_nearest_k20;linear;target_entry_ev_regression;True;False;
S2_fractal0_buffer_0_5_entry_floor_2;E3_open_pullback_1_0atr;M0_no_mask;X2_ml_opposite_any_p0_50;val_eval;0.2;1105;533.8203321540968;180.38014066644178;2.959418537882367;0.319855376911905;-0.005434782608715397;5.232639052598955;0.49230769230769234;0.0;{'ML_CLOSE': 745, 'TIME': 294, 'SL': 66};2.0;;2.553816813812593;0;2.8808707794945847;1.9775220566410823;2;top50;rich_entry_quality;0.5;-0.013702979900641316;rich_entry_score;0.48085291557876414;0.05972850678733032;structure_nearest_k20;linear;target_entry_ev_regression;True;False;
S2_fractal0_buffer_0_5_entry_floor_2;E3_open_pullback_1_0atr;M0_no_mask;X2_ml_opposite_any_p0_50;val_select;0.2;910;415.9105640372955;141.42926874163672;2.940767266477788;0.3016277970281965;0.00888364779873409;5.680122644840168;0.5087912087912088;0.0;{'ML_CLOSE': 618, 'TIME': 246, 'SL': 46};2.0;;2.548794184533091;0;2.8989387595874083;2.221042918621026;3;top40;rich_entry_quality;0.4;0.026307206816286982;rich_entry_score;0.3966870095902354;0.05054945054945055;structure_nearest_k20;linear;target_entry_ev_regression;True;False;
S2_fractal0_buffer_0_5_entry_floor_2;E3_open_pullback_1_0atr;M0_no_mask;X2_ml_opposite_any_p0_50;val_eval;0.2;879;413.8190848444376;143.64196328511815;2.8809066332728888;0.30736873897533495;-0.008510638297864517;4.975091882787638;0.4891922639362912;0.0;{'ML_CLOSE': 597, 'TIME': 230, 'SL': 52};2.0;;2.455340202243362;0;2.684020602151281;1.9482258535764652;2;top40;rich_entry_quality;0.4;0.026307206816286982;rich_entry_score;0.3825065274151436;0.05915813424345848;structure_nearest_k20;linear;target_entry_ev_regression;True;False;
S2_fractal0_buffer_0_5_entry_floor_2;E3_open_pullback_1_0atr;M0_no_mask;X2_ml_opposite_any_p0_50;val_select;0.2;667;300.8312164747417;101.02449982036174;2.977804562355363;0.2995602948341529;0.0038461538461503704;5.211545128210936;0.5037481259370314;0.0;{'ML_CLOSE': 454, 'TIME': 182, 'SL': 31};2.0;;2.5411425828946634;0;2.9403968422639264;2.0909700517195815;3;top30;rich_entry_quality;0.3;0.07348053285866604;rich_entry_score;0.2907585004359198;0.046476761619190406;structure_nearest_k20;linear;target_entry_ev_regression;True;False;
S2_fractal0_buffer_0_5_entry_floor_2;E3_open_pullback_1_0atr;M0_no_mask;X2_ml_opposite_any_p0_50;val_eval;0.2;651;291.3834036460487;115.2486629262998;2.5283018149406646;0.2705602776033008;-0.030263157894739597;4.235314035869052;0.4685099846390169;0.0;{'ML_CLOSE': 441, 'TIME': 167, 'SL': 43};2.0;;2.053845700202785;0;2.007285868218082;1.8499694194570098;2;top30;rich_entry_quality;0.3;0.07348053285866604;rich_entry_score;0.283289817232376;0.06605222734254992;structure_nearest_k20;linear;target_entry_ev_regression;True;False;
S2_fractal0_buffer_0_5_entry_floor_2;E3_open_pullback_1_0atr;M0_no_mask;X2_ml_opposite_any_p0_50;val_select;0.2;1166;563.9332521790163;185.54246252223498;3.039375701459367;0.32452040279312294;0.026829268292658377;6.825088120381523;0.5308747855917667;0.0;{'ML_CLOSE': 773, 'TIME': 326, 'SL': 67};2.0;;2.6421584734518984;0;2.9475339286502145;2.0963817221524166;3;top50;rich_entry_quality;0.5;0.2847941274063206;rich_entry_score;0.5082824760244115;0.057461406518010294;structure_nearest_k20;linear;target_entry_good_0_5r;True;False;
S2_fractal0_buffer_0_5_entry_floor_2;E3_open_pullback_1_0atr;M0_no_mask;X2_ml_opposite_any_p0_50;val_eval;0.2;1101;515.1663344219932;177.09812605100723;2.9089315957731627;0.307055593434138;-0.005833333333328028;6.256708003777021;0.48864668483197093;0.0;{'ML_CLOSE': 759, 'TIME': 272, 'SL': 70};2.0;;2.515324846021708;0;2.7649933743065804;1.94897419736465;2;top50;rich_entry_quality;0.5;0.2847941274063206;rich_entry_score;0.47911227154047;0.06357856494096276;structure_nearest_k20;linear;target_entry_good_0_5r;True;False;
S2_fractal0_buffer_0_5_entry_floor_2;E3_open_pullback_1_0atr;M0_no_mask;X2_ml_opposite_any_p0_50;val_select;0.2;931;456.5402837422504;148.81265889773871;3.0678860731597863;0.330534505740614;0.03048780487804861;5.535410826059717;0.5327604726100966;0.0;{'ML_CLOSE': 609, 'TIME': 268, 'SL': 54};2.0;;2.6829474651878384;0;2.9593669348814653;2.1254062083882133;3;top40;rich_entry_quality;0.4;0.29525269069725585;rich_entry_score;0.4058413251961639;0.05800214822771214;structure_nearest_k20;linear;target_entry_good_0_5r;True;False;
S2_fractal0_buffer_0_5_entry_floor_2;E3_open_pullback_1_0atr;M0_no_mask;X2_ml_opposite_any_p0_50;val_eval;0.2;874;386.43592377252054;141.4713502353247;2.731548989457721;0.2802798324224209;-0.009629629629631417;6.143656429041812;0.4816933638443936;0.0;{'ML_CLOSE': 604, 'TIME': 214, 'SL': 56};2.0;;2.3823631728372345;0;2.6075924363869003;1.9652641625109175;2;top40;rich_entry_quality;0.4;0.29525269069725585;rich_entry_score;0.3803307223672759;0.06407322654462243;structure_nearest_k20;linear;target_entry_good_0_5r;True;False;
S2_fractal0_buffer_0_5_entry_floor_2;E3_open_pullback_1_0atr;M0_no_mask;X2_ml_opposite_any_p0_50;val_select;0.2;694;349.4059763918382;112.22211233312773;3.113521650302195;0.34176349287998625;0.042817070727299476;7.241165880547527;0.5389048991354467;0.0;{'ML_CLOSE': 448, 'TIME': 206, 'SL': 40};2.0;;2.6747953804277818;0;3.011537010729891;2.073544167479642;3;top30;rich_entry_quality;0.3;0.3075171117335438;rich_entry_score;0.3025283347863993;0.05763688760806916;structure_nearest_k20;linear;target_entry_good_0_5r;True;False;
S2_fractal0_buffer_0_5_entry_floor_2;E3_open_pullback_1_0atr;M0_no_mask;X2_ml_opposite_any_p0_50;val_eval;0.2;638;309.26901164765104;98.37910278725508;3.1436453767671133;0.3305484464896488;-6.59195781299983e-05;4.6222522854695285;0.5;0.0;{'ML_CLOSE': 433, 'TIME': 166, 'SL': 39};2.0;;2.6276959096720547;0;2.937785509367389;1.973436221648501;2;top30;rich_entry_quality;0.3;0.3075171117335438;rich_entry_score;0.27763272410791995;0.061128526645768025;structure_nearest_k20;linear;target_entry_good_0_5r;True;False;
S2_fractal0_buffer_0_5_entry_floor_2;E3_open_pullback_1_0atr;M0_no_mask;X2_ml_opposite_any_p0_50;val_select;0.2;1143;575.9717908571602;188.47348898269456;3.05598306672216;0.33901863681055605;0.018556701030922593;6.2669421565120516;0.5188101487314086;0.0;{'ML_CLOSE': 757, 'TIME': 321, 'SL': 65};2.0;;2.6720645706756723;0;2.6435901107242485;1.98196187291851;3;top50;rich_entry_quality;0.5;0.41520977401548853;rich_entry_score;0.49825632083696597;0.0568678915135608;structure_nearest_k20;linear;target_entry_avoid_sl;True;False;
S2_fractal0_buffer_0_5_entry_floor_2;E3_open_pullback_1_0atr;M0_no_mask;X2_ml_opposite_any_p0_50;val_eval;0.2;1079;503.7013566771748;177.75132270553917;2.833741819809694;0.3020852956178272;-0.009999999999990905;4.596980297476364;0.4865616311399444;0.0;{'ML_CLOSE': 738, 'TIME': 274, 'SL': 67};2.0;;2.41613544829797;0;2.8243959820653766;1.9638753508142368;2;top50;rich_entry_quality;0.5;0.41520977401548853;rich_entry_score;0.469538729329852;0.06209453197405004;structure_nearest_k20;linear;target_entry_avoid_sl;True;False;
S2_fractal0_buffer_0_5_entry_floor_2;E3_open_pullback_1_0atr;M0_no_mask;X2_ml_opposite_any_p0_50;val_select;0.2;917;470.34340395217754;151.03369495611446;3.11416206886049;0.3482112420894908;0.018666666666664847;5.28331535960848;0.520174482006543;0.0;{'ML_CLOSE': 601, 'TIME': 266, 'SL': 50};2.0;;2.6817220177476297;0;2.781432682297334;2.0102556049959897;3;top40;rich_entry_quality;0.4;0.4230868877550071;rich_entry_score;0.3997384481255449;0.05452562704471101;structure_nearest_k20;linear;target_entry_avoid_sl;True;False;
S2_fractal0_buffer_0_5_entry_floor_2;E3_open_pullback_1_0atr;M0_no_mask;X2_ml_opposite_any_p0_50;val_eval;0.2;843;395.08319307998977;137.9273469341894;2.8644297295771204;0.3050484533164892;-0.009259259259271931;4.581318099641976;0.4851720047449585;0.0;{'ML_CLOSE': 572, 'TIME': 218, 'SL': 53};2.0;;2.4100490825236536;0;2.713307030170033;1.9752355499683911;2;top40;rich_entry_quality;0.4;0.4230868877550071;rich_entry_score;0.3668407310704961;0.06287069988137604;structure_nearest_k20;linear;target_entry_avoid_sl;True;False;
S2_fractal0_buffer_0_5_entry_floor_2;E3_open_pullback_1_0atr;M0_no_mask;X2_ml_opposite_any_p0_50;val_select;0.2;676;356.59799444125883;114.61971131997831;3.111140224788749;0.3579560401202375;0.023961988304099333;5.298704203105075;0.5251479289940828;0.0;{'ML_CLOSE': 438, 'TIME': 195, 'SL': 43};2.0;;2.6435052433021324;0;3.0769022186800927;1.9159192388984034;3;top30;rich_entry_quality;0.3;0.43177901465890145;rich_entry_score;0.2946817785527463;0.06360946745562131;structure_nearest_k20;linear;target_entry_avoid_sl;True;False;
S2_fractal0_buffer_0_5_entry_floor_2;E3_open_pullback_1_0atr;M0_no_mask;X2_ml_opposite_any_p0_50;val_eval;0.2;627;289.08521735100857;107.78138928551394;2.6821440998985366;0.28916081031179364;-0.012903225806439782;4.444847208178878;0.4800637958532695;0.0;{'ML_CLOSE': 426, 'TIME': 160, 'SL': 41};2.0;;2.1031967603131894;0;2.614482231593108;1.9562712358465055;2;top30;rich_entry_quality;0.3;0.43177901465890145;rich_entry_score;0.27284595300261094;0.06539074960127592;structure_nearest_k20;linear;target_entry_avoid_sl;True;False;
S2_fractal0_buffer_0_5_entry_floor_2;E3_open_pullback_1_0atr;M0_no_mask;X2_ml_opposite_any_p0_50;val_select;0.2;1109;573.796246119909;150.87078112853828;3.803229769394833;0.38135749773793576;0.0351851851851947;4.395602453102413;0.5473399458972047;0.0;{'ML_CLOSE': 727, 'TIME': 334, 'SL': 48};2.0;;3.19473807508277;0;3.763714317274247;2.2589350030439674;3;top50;rich_entry_quality;0.5;-0.05018096791613319;rich_entry_score;0.483435047951177;0.04328223624887286;structure_nearest_k20;hist_gradient_boosting;target_entry_ev_regression;True;False;
S2_fractal0_buffer_0_5_entry_floor_2;E3_open_pullback_1_0atr;M0_no_mask;X2_ml_opposite_any_p0_50;val_eval;0.2;1253;576.3827858426713;217.3757841503467;2.651550116750905;0.28651795825405;-0.012500000000012139;6.301653836110347;0.48124501197126895;0.0;{'ML_CLOSE': 864, 'TIME': 308, 'SL': 81};2.0;;2.262756622258816;0;2.272611205464939;1.9684536100398495;2;top50;rich_entry_quality;0.5;-0.05018096791613319;rich_entry_score;0.5452567449956484;0.06464485235434957;structure_nearest_k20;hist_gradient_boosting;target_entry_ev_regression;True;False;
S2_fractal0_buffer_0_5_entry_floor_2;E3_open_pullback_1_0atr;M0_no_mask;X2_ml_opposite_any_p0_50;val_select;0.2;874;435.10839313766456;121.15300121068556;3.5913959108698372;0.3592166955686259;0.023975409836067253;3.6532544220722816;0.5308924485125858;0.0;{'ML_CLOSE': 576, 'TIME': 261, 'SL': 37};2.0;;3.058140529114452;0;3.5213450564279265;2.2389820521363824;3;top40;rich_entry_quality;0.4;-0.04414320734955772;rich_entry_score;0.38099389712292936;0.04233409610983982;structure_nearest_k20;hist_gradient_boosting;target_entry_ev_regression;True;False;
S2_fractal0_buffer_0_5_entry_floor_2;E3_open_pullback_1_0atr;M0_no_mask;X2_ml_opposite_any_p0_50;val_eval;0.2;989;422.48587157668373;180.92873499821653;2.3350954815488447;0.24424381858287886;-0.026923076923081744;6.162511726078831;0.46511627906976744;0.0;{'ML_CLOSE': 690, 'TIME': 230, 'SL': 69};2.0;;1.9518541043036037;0;1.771139542254504;1.91005830734339;2;top40;rich_entry_quality;0.4;-0.04414320734955772;rich_entry_score;0.43037423846823325;0.06976744186046512;structure_nearest_k20;hist_gradient_boosting;target_entry_ev_regression;True;False;
S2_fractal0_buffer_0_5_entry_floor_2;E3_open_pullback_1_0atr;M0_no_mask;X2_ml_opposite_any_p0_50;val_select;0.2;646;327.4611227364008;88.31274749429892;3.7079711822751324;0.3701987232849874;0.016777939042074627;3.6492701409705717;0.5247678018575851;0.0;{'ML_CLOSE': 429, 'TIME': 194, 'SL': 23};2.0;;3.1532743830951553;0;3.612534802462237;2.261139146409911;3;top30;rich_entry_quality;0.3;-0.03577578980088227;rich_entry_score;0.2816041848299913;0.03560371517027864;structure_nearest_k20;hist_gradient_boosting;target_entry_ev_regression;True;False;
S2_fractal0_buffer_0_5_entry_floor_2;E3_open_pullback_1_0atr;M0_no_mask;X2_ml_opposite_any_p0_50;val_eval;0.2;727;305.3273652355624;130.93474237282456;2.331904884084707;0.23987981136552658;-0.026923076923081744;7.282050203185321;0.46629986244841815;0.0;{'ML_CLOSE': 510, 'TIME': 172, 'SL': 45};2.0;;1.9341572943439376;0;1.9731882360201172;1.9452008563063192;2;top30;rich_entry_quality;0.3;-0.03577578980088227;rich_entry_score;0.3163620539599652;0.061898211829436035;structure_nearest_k20;hist_gradient_boosting;target_entry_ev_regression;True;False;
S2_fractal0_buffer_0_5_entry_floor_2;E3_open_pullback_1_0atr;M0_no_mask;X2_ml_opposite_any_p0_50;val_select;0.2;1094;553.2730056648822;158.00113257947038;3.5017027829632843;0.3613088419427896;0.030518659076526216;4.8144438954765025;0.5429616087751371;0.0;{'ML_CLOSE': 718, 'TIME': 318, 'SL': 58};2.0;;3.076078452266858;0;3.4032396030910443;2.2139216286119967;3;top50;rich_entry_quality;0.5;0.2857267513364867;rich_entry_score;0.4768962510897995;0.05301645338208409;structure_nearest_k20;hist_gradient_boosting;target_entry_good_0_5r;True;False;
S2_fractal0_buffer_0_5_entry_floor_2;E3_open_pullback_1_0atr;M0_no_mask;X2_ml_opposite_any_p0_50;val_eval;0.2;1208;544.8344039951479;201.30218152059913;2.70654992350093;0.28438097886965963;-0.005634057971021712;5.151935781935833;0.49337748344370863;0.0;{'ML_CLOSE': 839, 'TIME': 292, 'SL': 77};2.0;;2.3703611925598045;0;2.513903687401646;1.9797676080193394;2;top50;rich_entry_quality;0.5;0.2857267513364867;rich_entry_score;0.525674499564839;0.06374172185430464;structure_nearest_k20;hist_gradient_boosting;target_entry_good_0_5r;True;False;
S2_fractal0_buffer_0_5_entry_floor_2;E3_open_pullback_1_0atr;M0_no_mask;X2_ml_opposite_any_p0_50;val_select;0.2;965;492.5597922570636;141.17181553439917;3.489080241636774;0.3641326183654553;0.041428571428598716;4.965485562143174;0.5440414507772021;0.0;{'ML_CLOSE': 629, 'TIME': 285, 'SL': 51};2.0;;3.0347989270789206;0;3.205362724296071;2.191483453221045;3;top40;rich_entry_quality;0.4;0.28811725579084885;rich_entry_score;0.42066259808195294;0.05284974093264249;structure_nearest_k20;hist_gradient_boosting;target_entry_good_0_5r;True;False;
S2_fractal0_buffer_0_5_entry_floor_2;E3_open_pullback_1_0atr;M0_no_mask;X2_ml_opposite_any_p0_50;val_eval;0.2;1053;492.5394610348425;175.51731777689878;2.8062157471031584;0.30106566311295685;-0.0025641025641293977;4.951784081091063;0.49477682811016144;0.0;{'ML_CLOSE': 726, 'TIME': 259, 'SL': 68};2.0;;2.361145581150314;0;2.5233489507614406;1.963645712181311;2;top40;rich_entry_quality;0.4;0.28811725579084885;rich_entry_score;0.45822454308093996;0.06457739791073125;structure_nearest_k20;hist_gradient_boosting;target_entry_good_0_5r;True;False;
S2_fractal0_buffer_0_5_entry_floor_2;E3_open_pullback_1_0atr;M0_no_mask;X2_ml_opposite_any_p0_50;val_select;0.2;687;360.8461102267894;94.37394855032143;3.8235775419991196;0.38787796459456775;0.04270833333331757;3.529531202112483;0.5458515283842795;0.0;{'ML_CLOSE': 452, 'TIME': 205, 'SL': 30};2.0;;3.2520026909003845;0;3.7278427948223016;2.2835441095933304;3;top30;rich_entry_quality;0.3;0.2923076076068136;rich_entry_score;0.2994768962510898;0.043668122270742356;structure_nearest_k20;hist_gradient_boosting;target_entry_good_0_5r;True;False;
S2_fractal0_buffer_0_5_entry_floor_2;E3_open_pullback_1_0atr;M0_no_mask;X2_ml_opposite_any_p0_50;val_eval;0.2;741;364.4054462618596;125.54112511860941;2.9026778748204993;0.32235400964001376;0.005555555555550443;3.9711079364921176;0.5101214574898786;0.0;{'ML_CLOSE': 496, 'TIME': 194, 'SL': 51};2.0;;2.445613862306585;0;2.3900244888196176;1.9294754612771827;2;top30;rich_entry_quality;0.3;0.2923076076068136;rich_entry_score;0.3224543080939948;0.06882591093117409;structure_nearest_k20;hist_gradient_boosting;target_entry_good_0_5r;True;False;
S2_fractal0_buffer_0_5_entry_floor_2;E3_open_pullback_1_0atr;M0_no_mask;X2_ml_opposite_any_p0_50;val_select;0.2;1102;528.1115887816209;158.35466266755083;3.3349923512535677;0.3355326008294646;0.004491410146578096;6.207403285102544;0.5090744101633394;0.0;{'ML_CLOSE': 750, 'TIME': 309, 'SL': 43};2.0;;2.846428438739025;0;3.152374643200823;2.101370429793937;3;top50;rich_entry_quality;0.5;0.42269250261301844;rich_entry_score;0.4803836094158675;0.03901996370235935;structure_nearest_k20;hist_gradient_boosting;target_entry_avoid_sl;True;False;
S2_fractal0_buffer_0_5_entry_floor_2;E3_open_pullback_1_0atr;M0_no_mask;X2_ml_opposite_any_p0_50;val_eval;0.2;1113;470.34251590783435;187.00765311980354;2.515097687507563;0.2545686098724445;-0.02196531791910693;5.466926103845481;0.46540880503144655;0.0;{'ML_CLOSE': 786, 'TIME': 267, 'SL': 60};2.0;;2.1826342781298798;0;2.228769685321165;1.9114544586648168;2;top50;rich_entry_quality;0.5;0.42269250261301844;rich_entry_score;0.48433420365535246;0.05390835579514825;structure_nearest_k20;hist_gradient_boosting;target_entry_avoid_sl;True;False;
S2_fractal0_buffer_0_5_entry_floor_2;E3_open_pullback_1_0atr;M0_no_mask;X2_ml_opposite_any_p0_50;val_select;0.2;879;416.2931533629471;124.46714306459847;3.344602785225743;0.33199773640312696;0.006707317073178459;5.881797577919372;0.5119453924914675;0.0;{'ML_CLOSE': 595, 'TIME': 251, 'SL': 33};2.0;;2.801084350765495;0;3.0885255618987273;2.051096669427257;3;top40;rich_entry_quality;0.4;0.43143416237848475;rich_entry_score;0.3831734960767219;0.03754266211604096;structure_nearest_k20;hist_gradient_boosting;target_entry_avoid_sl;True;False;
S2_fractal0_buffer_0_5_entry_floor_2;E3_open_pullback_1_0atr;M0_no_mask;X2_ml_opposite_any_p0_50;val_eval;0.2;863;359.8496272860005;140.61186476394158;2.559169725044996;0.2540414397706361;-0.02169811320754861;6.154714565383898;0.4646581691772885;0.0;{'ML_CLOSE': 613, 'TIME': 205, 'SL': 45};2.0;;2.111877262853311;0;2.063597175345473;1.815680686935351;2;top40;rich_entry_quality;0.4;0.43143416237848475;rich_entry_score;0.37554395126196694;0.05214368482039398;structure_nearest_k20;hist_gradient_boosting;target_entry_avoid_sl;True;False;
S2_fractal0_buffer_0_5_entry_floor_2;E3_open_pullback_1_0atr;M0_no_mask;X2_ml_opposite_any_p0_50;val_select;0.2;649;307.44881066524;85.70928243846987;3.587112176396477;0.3416633716899386;0.0147058823529279;4.1003532579937705;0.522342064714946;0.0;{'ML_CLOSE': 441, 'TIME': 188, 'SL': 20};2.0;;2.931434724549706;0;3.3972826345612153;1.9286853924789074;3;top30;rich_entry_quality;0.3;0.4416890050868753;rich_entry_score;0.2829119442022668;0.030816640986132512;structure_nearest_k20;hist_gradient_boosting;target_entry_avoid_sl;True;False;
S2_fractal0_buffer_0_5_entry_floor_2;E3_open_pullback_1_0atr;M0_no_mask;X2_ml_opposite_any_p0_50;val_eval;0.2;616;258.4995209811556;95.37104434636117;2.710461259523982;0.26481895557596496;-0.010624999999990337;6.227737169512004;0.47564935064935066;0.0;{'ML_CLOSE': 442, 'TIME': 146, 'SL': 28};2.0;;2.211349406189876;0;2.1285599066208896;1.7509312552509617;2;top30;rich_entry_quality;0.3;0.4416890050868753;rich_entry_score;0.268059181897302;0.045454545454545456;structure_nearest_k20;hist_gradient_boosting;target_entry_avoid_sl;True;False;
S2_fractal0_buffer_0_5_entry_floor_2;E3_open_pullback_1_0atr;M0_no_mask;X2_ml_opposite_any_p0_50;val_select;0.2;1126;586.6908062451614;164.91494736341812;3.557535660805133;0.37457891552552686;0.02048387096772323;4.762342020592172;0.5257548845470693;0.0;{'ML_CLOSE': 748, 'TIME': 327, 'SL': 51};2.0;;3.0083224633564747;0;3.450607806723287;2.2458044516651596;3;top50;rich_entry_quality;0.5;-0.026969573586209654;rich_entry_score;0.4908456843940715;0.0452930728241563;structure_nearest_k20;extra_trees_shallow;target_entry_ev_regression;True;False;
S2_fractal0_buffer_0_5_entry_floor_2;E3_open_pullback_1_0atr;M0_no_mask;X2_ml_opposite_any_p0_50;val_eval;0.2;1183;507.28549236433133;212.86877200160382;2.38309023721201;0.2488729673395837;-0.03717948717951188;6.472124980304272;0.452240067624683;0.0;{'ML_CLOSE': 829, 'TIME': 275, 'SL': 79};2.0;;2.090131285837731;0;2.2472615611787154;1.9846187324011435;2;top50;rich_entry_quality;0.5;-0.026969573586209654;rich_entry_score;0.5147954743255004;0.06677937447168217;structure_nearest_k20;extra_trees_shallow;target_entry_ev_regression;True;False;
S2_fractal0_buffer_0_5_entry_floor_2;E3_open_pullback_1_0atr;M0_no_mask;X2_ml_opposite_any_p0_50;val_select;0.2;906;472.0124437593432;134.31235700893086;3.5142890369197946;0.37273740259427407;0.017403846153841183;4.312285714285835;0.5187637969094923;0.0;{'ML_CLOSE': 610, 'TIME': 258, 'SL': 38};2.0;;2.9495661254915784;0;3.4034595309798052;2.2904920286163946;3;top40;rich_entry_quality;0.4;-0.017729537753569783;rich_entry_score;0.3949433304272014;0.04194260485651214;structure_nearest_k20;extra_trees_shallow;target_entry_ev_regression;True;False;
S2_fractal0_buffer_0_5_entry_floor_2;E3_open_pullback_1_0atr;M0_no_mask;X2_ml_opposite_any_p0_50;val_eval;0.2;960;418.4630677046558;175.25789926184243;2.3876987540484835;0.2533387171279306;-0.03441102756891708;6.261280834919631;0.4625;0.0;{'ML_CLOSE': 670, 'TIME': 222, 'SL': 68};2.0;;2.0404643671205482;0;2.2610681636512577;1.9826062288264916;2;top40;rich_entry_quality;0.4;-0.017729537753569783;rich_entry_score;0.4177545691906005;0.07083333333333333;structure_nearest_k20;extra_trees_shallow;target_entry_ev_regression;True;False;
S2_fractal0_buffer_0_5_entry_floor_2;E3_open_pullback_1_0atr;M0_no_mask;X2_ml_opposite_any_p0_50;val_select;0.2;688;356.05454954538095;97.02163245811704;3.6698470281778137;0.37650133297567423;0.01931578947368412;3.977230036403906;0.5232558139534884;0.0;{'ML_CLOSE': 471, 'TIME': 194, 'SL': 23};2.0;;3.104144177808078;0;3.521579043662511;2.2453367195394294;3;top30;rich_entry_quality;0.3;-0.007799917028832701;rich_entry_score;0.2999128160418483;0.03343023255813953;structure_nearest_k20;extra_trees_shallow;target_entry_ev_regression;True;False;
S2_fractal0_buffer_0_5_entry_floor_2;E3_open_pullback_1_0atr;M0_no_mask;X2_ml_opposite_any_p0_50;val_eval;0.2;702;312.95394157278986;128.5983076611069;2.433577449537769;0.26261486312205545;-0.029576023391813738;4.571417036379728;0.46153846153846156;0.0;{'ML_CLOSE': 485, 'TIME': 167, 'SL': 50};2.0;;1.9909092593823736;0;2.3534530131371842;1.9343605222579785;2;top30;rich_entry_quality;0.3;-0.007799917028832701;rich_entry_score;0.30548302872062666;0.07122507122507123;structure_nearest_k20;extra_trees_shallow;target_entry_ev_regression;True;False;
S2_fractal0_buffer_0_5_entry_floor_2;E3_open_pullback_1_0atr;M0_no_mask;X2_ml_opposite_any_p0_50;val_select;0.2;1134;531.7472361540672;168.85069825921695;3.149215500061108;0.32001458368152574;0.019264507422401878;6.280431925493119;0.5246913580246914;0.0;{'ML_CLOSE': 762, 'TIME': 314, 'SL': 58};2.0;;2.7196952032038735;0;2.9989766930976;2.2934725131436777;3;top50;rich_entry_quality;0.5;0.2867605176176977;rich_entry_score;0.4943330427201395;0.05114638447971781;structure_nearest_k20;extra_trees_shallow;target_entry_good_0_5r;True;False;
S2_fractal0_buffer_0_5_entry_floor_2;E3_open_pullback_1_0atr;M0_no_mask;X2_ml_opposite_any_p0_50;val_eval;0.2;1168;553.4222308079777;197.59456711321266;2.800796797671527;0.3046469723414085;-0.003887043189365208;6.918157703708147;0.4914383561643836;0.0;{'ML_CLOSE': 799, 'TIME': 288, 'SL': 81};2.0;;2.4046970427492806;0;2.4947176717087842;1.9153009426969356;2;top50;rich_entry_quality;0.5;0.2867605176176977;rich_entry_score;0.5082680591818973;0.06934931506849315;structure_nearest_k20;extra_trees_shallow;target_entry_good_0_5r;True;False;
S2_fractal0_buffer_0_5_entry_floor_2;E3_open_pullback_1_0atr;M0_no_mask;X2_ml_opposite_any_p0_50;val_select;0.2;896;432.5540889994543;135.14333398167386;3.2007060670718013;0.3319316462252013;0.02650987224157328;4.00088322938322;0.5323660714285714;0.0;{'ML_CLOSE': 591, 'TIME': 258, 'SL': 47};2.0;;2.745016164703757;0;3.076925230164113;2.3033052453162135;3;top40;rich_entry_quality;0.4;0.28884790290261886;rich_entry_score;0.3905841325196164;0.052455357142857144;structure_nearest_k20;extra_trees_shallow;target_entry_good_0_5r;True;False;
S2_fractal0_buffer_0_5_entry_floor_2;E3_open_pullback_1_0atr;M0_no_mask;X2_ml_opposite_any_p0_50;val_eval;0.2;911;433.515675778363;153.2392131050869;2.8290126723704256;0.3076580270837279;-0.009259259259271931;5.3792686963285234;0.4829857299670692;0.0;{'ML_CLOSE': 627, 'TIME': 221, 'SL': 63};2.0;;2.3816878233687007;0;2.31212267073564;1.8875401382589527;2;top40;rich_entry_quality;0.4;0.28884790290261886;rich_entry_score;0.39643167972149695;0.06915477497255763;structure_nearest_k20;extra_trees_shallow;target_entry_good_0_5r;True;False;
S2_fractal0_buffer_0_5_entry_floor_2;E3_open_pullback_1_0atr;M0_no_mask;X2_ml_opposite_any_p0_50;val_select;0.2;674;341.86220414655577;100.4424294078998;3.40356367485142;0.35818957676358454;0.031637841689335526;3.58464240649446;0.5459940652818991;0.0;{'ML_CLOSE': 435, 'TIME': 201, 'SL': 38};2.0;;2.774899916649278;0;3.168840196868048;2.253396411162428;3;top30;rich_entry_quality;0.3;0.2911201012773418;rich_entry_score;0.2938099389712293;0.05637982195845697;structure_nearest_k20;extra_trees_shallow;target_entry_good_0_5r;True;False;
S2_fractal0_buffer_0_5_entry_floor_2;E3_open_pullback_1_0atr;M0_no_mask;X2_ml_opposite_any_p0_50;val_eval;0.2;679;340.16136866406896;117.30699306302644;2.899753542240298;0.32820968424306707;-0.009259259259271931;5.185509355509382;0.48748159057437407;0.0;{'ML_CLOSE': 464, 'TIME': 163, 'SL': 52};2.0;;2.3825541849517755;0;2.227053543929276;1.87109719375122;2;top30;rich_entry_quality;0.3;0.2911201012773418;rich_entry_score;0.2954743255004352;0.07658321060382917;structure_nearest_k20;extra_trees_shallow;target_entry_good_0_5r;True;False;
S2_fractal0_buffer_0_5_entry_floor_2;E3_open_pullback_1_0atr;M0_no_mask;X2_ml_opposite_any_p0_50;val_select;0.2;1126;534.5112641912365;152.0306907142059;3.5158115883064345;0.33968079349647473;0.016261312217207412;5.484789307020577;0.5239786856127886;0.0;{'ML_CLOSE': 759, 'TIME': 327, 'SL': 40};2.0;;3.061837076192934;0;3.4088909388463633;1.9958082774923027;3;top50;rich_entry_quality;0.5;0.4190392378339503;rich_entry_score;0.4908456843940715;0.035523978685612786;structure_nearest_k20;extra_trees_shallow;target_entry_avoid_sl;True;False;
S2_fractal0_buffer_0_5_entry_floor_2;E3_open_pullback_1_0atr;M0_no_mask;X2_ml_opposite_any_p0_50;val_eval;0.2;921;419.9660213914199;155.16686771046386;2.706544429156502;0.2875126532909403;-0.012903225806439782;4.12976814607255;0.4777415852334419;0.0;{'ML_CLOSE': 640, 'TIME': 228, 'SL': 53};2.0;;2.2731148127686995;0;2.5583203826127057;1.8564914216000985;2;top50;rich_entry_quality;0.5;0.4190392378339503;rich_entry_score;0.4007832898172324;0.05754614549402823;structure_nearest_k20;extra_trees_shallow;target_entry_avoid_sl;True;False;
S2_fractal0_buffer_0_5_entry_floor_2;E3_open_pullback_1_0atr;M0_no_mask;X2_ml_opposite_any_p0_50;val_select;0.2;894;429.45651108299535;115.62459175688966;3.7142315882590395;0.35104241535358577;0.021030745967740534;3.6074339991454565;0.5279642058165548;0.0;{'ML_CLOSE': 604, 'TIME': 261, 'SL': 29};2.0;;3.0997343436480893;0;3.524724468774289;1.8680948701696032;3;top40;rich_entry_quality;0.4;0.4216018431358822;rich_entry_score;0.3897122929380994;0.03243847874720358;structure_nearest_k20;extra_trees_shallow;target_entry_avoid_sl;True;False;
S2_fractal0_buffer_0_5_entry_floor_2;E3_open_pullback_1_0atr;M0_no_mask;X2_ml_opposite_any_p0_50;val_eval;0.2;671;326.94470989959643;112.77354596280377;2.899125917415357;0.3191820624989458;-0.009999999999990905;5.284069146496613;0.481371087928465;0.0;{'ML_CLOSE': 456, 'TIME': 176, 'SL': 39};2.0;;2.4064485020949293;0;2.8792251041221286;1.8241319101454325;2;top40;rich_entry_quality;0.4;0.4216018431358822;rich_entry_score;0.2919930374238468;0.05812220566318927;structure_nearest_k20;extra_trees_shallow;target_entry_avoid_sl;True;False;
S2_fractal0_buffer_0_5_entry_floor_2;E3_open_pullback_1_0atr;M0_no_mask;X2_ml_opposite_any_p0_50;val_select;0.2;680;329.7797602982216;85.25678520387653;3.8680764177257165;0.35959261043286034;0.02091921542554281;2.9478174603174656;0.5323529411764706;0.0;{'ML_CLOSE': 457, 'TIME': 203, 'SL': 20};2.0;;3.1873872166551136;0;3.71348700915377;1.6234500656137787;3;top30;rich_entry_quality;0.3;0.4245621675439518;rich_entry_score;0.29642545771578027;0.029411764705882353;structure_nearest_k20;extra_trees_shallow;target_entry_avoid_sl;True;False;
S2_fractal0_buffer_0_5_entry_floor_2;E3_open_pullback_1_0atr;M0_no_mask;X2_ml_opposite_any_p0_50;val_eval;0.2;476;215.2584192542197;78.55281355747309;2.7403018365055263;0.2871966506234173;-0.013469962453060194;5.162810683218119;0.4789915966386555;0.0;{'ML_CLOSE': 325, 'TIME': 125, 'SL': 26};2.0;;2.1418811233178685;0;2.577195696582246;1.761694660130264;2;top30;rich_entry_quality;0.3;0.4245621675439518;rich_entry_score;0.2071366405570061;0.0546218487394958;structure_nearest_k20;extra_trees_shallow;target_entry_avoid_sl;True;False;
S2_fractal0_buffer_0_5_entry_floor_2;E3_open_pullback_1_0atr;M0_no_mask;X2_ml_opposite_any_p0_50;val_select;0.2;1144;506.20503365339493;182.79446560474128;2.7692579858953077;0.2827015454970749;-0.0011235764065942607;7.143623219878464;0.4991258741258741;0.0;{'ML_CLOSE': 771, 'TIME': 309, 'SL': 64};2.0;;2.3831074372683068;0;2.730778143555786;2.3150027818487793;3;top50;rich_entry_quality;0.5;-0.01009174921178424;rich_entry_score;0.4986922406277245;0.055944055944055944;structure_nearest_k40;linear;target_entry_ev_regression;True;False;
S2_fractal0_buffer_0_5_entry_floor_2;E3_open_pullback_1_0atr;M0_no_mask;X2_ml_opposite_any_p0_50;val_eval;0.2;1092;497.198430214328;177.8815547480591;2.795109537458959;0.2924147211229568;-0.00582364341084737;4.969679054109264;0.4908424908424908;0.0;{'ML_CLOSE': 761, 'TIME': 269, 'SL': 62};2.0;;2.41830935820086;0;2.7136007498718815;1.942660869659837;2;top50;rich_entry_quality;0.5;-0.01009174921178424;rich_entry_score;0.4751958224543081;0.056776556776556776;structure_nearest_k40;linear;target_entry_ev_regression;True;False;
S2_fractal0_buffer_0_5_entry_floor_2;E3_open_pullback_1_0atr;M0_no_mask;X2_ml_opposite_any_p0_50;val_select;0.2;909;381.3349480610373;147.1048935780363;2.592265551375057;0.2576788278140826;-0.0060606060606350825;6.098865078115999;0.49284928492849284;0.0;{'ML_CLOSE': 617, 'TIME': 240, 'SL': 52};2.0;;2.128230149881926;0;2.546265118439684;2.249522643939444;3;top40;rich_entry_quality;0.4;0.05217142236525432;rich_entry_score;0.3962510897994769;0.05720572057205721;structure_nearest_k40;linear;target_entry_ev_regression;True;False;
S2_fractal0_buffer_0_5_entry_floor_2;E3_open_pullback_1_0atr;M0_no_mask;X2_ml_opposite_any_p0_50;val_eval;0.2;847;378.7966035547744;139.69757599846616;2.7115474327123144;0.28228928873235914;-0.009999999999990905;4.510087719298241;0.4887839433293979;0.0;{'ML_CLOSE': 589, 'TIME': 208, 'SL': 50};2.0;;2.344272395259831;0;2.5810172354030936;1.9685189965427494;2;top40;rich_entry_quality;0.4;0.05217142236525432;rich_entry_score;0.36858137510879024;0.0590318772136954;structure_nearest_k40;linear;target_entry_ev_regression;True;False;
S2_fractal0_buffer_0_5_entry_floor_2;E3_open_pullback_1_0atr;M0_no_mask;X2_ml_opposite_any_p0_50;val_select;0.2;693;277.2795271664418;110.38143067746998;2.512012441446254;0.24083419406778048;-0.0019736842105394737;4.892348250387045;0.4963924963924964;0.0;{'ML_CLOSE': 471, 'TIME': 185, 'SL': 37};2.0;;2.075367736431655;0;2.4662522128718476;2.2640747526569913;3;top30;rich_entry_quality;0.3;0.1256096218961233;rich_entry_score;0.3020924149956408;0.05339105339105339;structure_nearest_k40;linear;target_entry_ev_regression;True;False;
S2_fractal0_buffer_0_5_entry_floor_2;E3_open_pullback_1_0atr;M0_no_mask;X2_ml_opposite_any_p0_50;val_eval;0.2;623;294.6060270635692;106.96513060626086;2.754224908564038;0.3011892398993714;-0.016666666666651165;4.99340409615391;0.478330658105939;0.0;{'ML_CLOSE': 422, 'TIME': 160, 'SL': 41};2.0;;2.224893953794836;0;2.689682730050597;1.9271181017691934;2;top30;rich_entry_quality;0.3;0.1256096218961233;rich_entry_score;0.2711053089643168;0.06581059390048154;structure_nearest_k40;linear;target_entry_ev_regression;True;False;
S2_fractal0_buffer_0_5_entry_floor_2;E3_open_pullback_1_0atr;M0_no_mask;X2_ml_opposite_any_p0_50;val_select;0.2;1170;598.0603897144159;182.26687936008773;3.281234592999662;0.355379068678913;0.026192411924107976;5.682558507972033;0.5282051282051282;0.0;{'ML_CLOSE': 771, 'TIME': 335, 'SL': 64};2.0;;2.8792326918809517;0;3.1687316841730255;2.1070224029641023;3;top50;rich_entry_quality;0.5;0.282338282607611;rich_entry_score;0.5100261551874455;0.0547008547008547;structure_nearest_k40;linear;target_entry_good_0_5r;True;False;
S2_fractal0_buffer_0_5_entry_floor_2;E3_open_pullback_1_0atr;M0_no_mask;X2_ml_opposite_any_p0_50;val_eval;0.2;1106;520.8739432430908;183.3338402674009;2.8411227435337203;0.30518996652413194;-0.011250000000003979;4.814250665761115;0.484629294755877;0.0;{'ML_CLOSE': 756, 'TIME': 282, 'SL': 68};2.0;;2.3630879678282133;0;2.5917369146539846;1.955333438024144;2;top50;rich_entry_quality;0.5;0.282338282607611;rich_entry_score;0.48128807658833767;0.06148282097649186;structure_nearest_k40;linear;target_entry_good_0_5r;True;False;
S2_fractal0_buffer_0_5_entry_floor_2;E3_open_pullback_1_0atr;M0_no_mask;X2_ml_opposite_any_p0_50;val_select;0.2;931;457.12728553164266;145.17489415779056;3.1488039869675477;0.335072386008434;0.022950819672128826;5.024416236381313;0.5284640171858217;0.0;{'ML_CLOSE': 616, 'TIME': 264, 'SL': 51};2.0;;2.6893706592028845;0;2.9220779910415606;2.1335465665286564;3;top40;rich_entry_quality;0.4;0.29213478678300886;rich_entry_score;0.4058413251961639;0.05477980665950591;structure_nearest_k40;linear;target_entry_good_0_5r;True;False;
S2_fractal0_buffer_0_5_entry_floor_2;E3_open_pullback_1_0atr;M0_no_mask;X2_ml_opposite_any_p0_50;val_eval;0.2;880;412.03119945562116;141.39493203680254;2.9140450334413464;0.3075412129759303;-0.000675675675690416;4.4066336758288855;0.49886363636363634;0.0;{'ML_CLOSE': 597, 'TIME': 230, 'SL': 53};2.0;;2.4337591620898174;0;2.8199458461853775;1.9624223205664273;2;top40;rich_entry_quality;0.4;0.29213478678300886;rich_entry_score;0.38294168842471715;0.060227272727272727;structure_nearest_k40;linear;target_entry_good_0_5r;True;False;
S2_fractal0_buffer_0_5_entry_floor_2;E3_open_pullback_1_0atr;M0_no_mask;X2_ml_opposite_any_p0_50;val_select;0.2;691;353.72752116238684;112.88198055206384;3.1336048449224307;0.34854636846645876;0.041428571428598716;5.024416236381313;0.5311143270622286;0.0;{'ML_CLOSE': 452, 'TIME': 196, 'SL': 43};2.0;;2.6120394044934137;0;2.892440559922772;2.105633026056406;3;top30;rich_entry_quality;0.3;0.3035113016680305;rich_entry_score;0.3012205754141238;0.06222865412445731;structure_nearest_k40;linear;target_entry_good_0_5r;True;False;
S2_fractal0_buffer_0_5_entry_floor_2;E3_open_pullback_1_0atr;M0_no_mask;X2_ml_opposite_any_p0_50;val_eval;0.2;643;327.5124342865241;99.13125118363102;3.303826294695294;0.3551806891180298;0.024418604651166635;3.7063623251335684;0.5225505443234837;0.0;{'ML_CLOSE': 429, 'TIME': 179, 'SL': 35};2.0;;2.8029769060277503;0;3.2845569489764617;1.9511219163898859;2;top30;rich_entry_quality;0.3;0.3035113016680305;rich_entry_score;0.27980852915578763;0.05443234836702955;structure_nearest_k40;linear;target_entry_good_0_5r;True;False;
S2_fractal0_buffer_0_5_entry_floor_2;E3_open_pullback_1_0atr;M0_no_mask;X2_ml_opposite_any_p0_50;val_select;0.2;1111;551.3066117306855;167.42478931811203;3.292861313883374;0.34552819299061516;0.015625000000003608;5.619141528371841;0.5139513951395139;0.0;{'ML_CLOSE': 723, 'TIME': 334, 'SL': 54};2.0;;2.7920303964010733;0;3.1330975782331145;2.228351504143066;3;top50;rich_entry_quality;0.5;0.41615010195993096;rich_entry_score;0.48430688753269396;0.048604860486048604;structure_nearest_k40;linear;target_entry_avoid_sl;True;False;
S2_fractal0_buffer_0_5_entry_floor_2;E3_open_pullback_1_0atr;M0_no_mask;X2_ml_opposite_any_p0_50;val_eval;0.2;1150;547.5710602377374;191.8298538224499;2.854462167002157;0.3093401794915544;-0.006363224637699593;4.201790279375643;0.4895652173913044;0.0;{'ML_CLOSE': 774, 'TIME': 302, 'SL': 74};2.0;;2.5134766492897933;0;2.7325364543698654;1.976880231055247;2;top50;rich_entry_quality;0.5;0.41615010195993096;rich_entry_score;0.5004351610095735;0.06434782608695652;structure_nearest_k40;linear;target_entry_avoid_sl;True;False;
S2_fractal0_buffer_0_5_entry_floor_2;E3_open_pullback_1_0atr;M0_no_mask;X2_ml_opposite_any_p0_50;val_select;0.2;878;421.7054402301516;136.2231784589033;3.095695204009459;0.32515063983057896;0.002540816326528311;4.19245056967344;0.5011389521640092;0.0;{'ML_CLOSE': 578, 'TIME': 256, 'SL': 44};2.0;;2.5765688530793343;0;3.0577373566086976;2.090260466308607;3;top40;rich_entry_quality;0.4;0.42598253730467744;rich_entry_score;0.3827375762859634;0.05011389521640091;structure_nearest_k40;linear;target_entry_avoid_sl;True;False;
S2_fractal0_buffer_0_5_entry_floor_2;E3_open_pullback_1_0atr;M0_no_mask;X2_ml_opposite_any_p0_50;val_eval;0.2;941;446.88820518162606;157.5610286937187;2.836286414772828;0.30746777522625646;-0.012234042553192487;4.872341378603011;0.4867162592986185;0.0;{'ML_CLOSE': 633, 'TIME': 244, 'SL': 64};2.0;;2.433825294748605;0;2.800353416938934;1.9636965687806909;2;top40;rich_entry_quality;0.4;0.42598253730467744;rich_entry_score;0.40948651000870323;0.06801275239107332;structure_nearest_k40;linear;target_entry_avoid_sl;True;False;
S2_fractal0_buffer_0_5_entry_floor_2;E3_open_pullback_1_0atr;M0_no_mask;X2_ml_opposite_any_p0_50;val_select;0.2;652;305.4118505069877;101.91290394639125;2.9967927385097575;0.31211494871257134;0.01099033816424115;5.035094066348876;0.5061349693251533;0.0;{'ML_CLOSE': 426, 'TIME': 197, 'SL': 29};2.0;;2.5120258604916517;0;2.9013822013000734;2.0606224000563684;3;top30;rich_entry_quality;0.3;0.43780511233089164;rich_entry_score;0.2842197035745423;0.04447852760736196;structure_nearest_k40;linear;target_entry_avoid_sl;True;False;
S2_fractal0_buffer_0_5_entry_floor_2;E3_open_pullback_1_0atr;M0_no_mask;X2_ml_opposite_any_p0_50;val_eval;0.2;730;376.1926315619286;118.43655268620424;3.17632203090751;0.3530905190078416;3.850596841434409e-05;3.7643388757403784;0.5;0.0;{'ML_CLOSE': 486, 'TIME': 197, 'SL': 47};2.0;;2.678798940364845;0;3.1303042411343838;1.9478206474094557;2;top30;rich_entry_quality;0.3;0.43780511233089164;rich_entry_score;0.31766753698868583;0.06438356164383562;structure_nearest_k40;linear;target_entry_avoid_sl;True;False;
S2_fractal0_buffer_0_5_entry_floor_2;E3_open_pullback_1_0atr;M0_no_mask;X2_ml_opposite_any_p0_50;val_select;0.2;1114;549.8938817010207;162.6145715003856;3.3815781490388566;0.34764749569177306;0.01961538461537412;4.959782090039823;0.526032315978456;0.0;{'ML_CLOSE': 742, 'TIME': 324, 'SL': 48};2.0;;2.9671359470704286;0;3.360330639950646;2.0990233468638855;3;top50;rich_entry_quality;0.5;-0.04938702479074447;rich_entry_score;0.48561464690496947;0.04308797127468582;structure_nearest_k40;hist_gradient_boosting;target_entry_ev_regression;True;False;
S2_fractal0_buffer_0_5_entry_floor_2;E3_open_pullback_1_0atr;M0_no_mask;X2_ml_opposite_any_p0_50;val_eval;0.2;1199;513.1593473503258;208.84167497296465;2.4571692762795365;0.253809568288041;-0.02169811320754861;5.853604572554218;0.47039199332777315;0.0;{'ML_CLOSE': 834, 'TIME': 284, 'SL': 81};2.0;;2.1420754923357967;0;2.305558075962256;1.993614513356726;2;top50;rich_entry_quality;0.5;-0.04938702479074447;rich_entry_score;0.5217580504786771;0.06755629691409508;structure_nearest_k40;hist_gradient_boosting;target_entry_ev_regression;True;False;
S2_fractal0_buffer_0_5_entry_floor_2;E3_open_pullback_1_0atr;M0_no_mask;X2_ml_opposite_any_p0_50;val_select;0.2;898;447.727331590543;126.06814370870892;3.551470803163841;0.3581950867281003;0.015547169811314097;4.959782090039823;0.5211581291759465;0.0;{'ML_CLOSE': 612, 'TIME': 255, 'SL': 31};2.0;;3.022348125582509;0;3.4445669960976804;2.0200938599531724;3;top40;rich_entry_quality;0.4;-0.033264373821582566;rich_entry_score;0.39145597210113336;0.034521158129175944;structure_nearest_k40;hist_gradient_boosting;target_entry_ev_regression;True;False;
S2_fractal0_buffer_0_5_entry_floor_2;E3_open_pullback_1_0atr;M0_no_mask;X2_ml_opposite_any_p0_50;val_eval;0.2;959;402.5238906920195;166.05125248030254;2.424094276192033;0.24658252159720223;-0.018640350877176252;6.304736790986723;0.47340980187695514;0.0;{'ML_CLOSE': 672, 'TIME': 225, 'SL': 62};2.0;;2.07768896139882;0;2.342460395854253;1.9901084788505001;2;top40;rich_entry_quality;0.4;-0.033264373821582566;rich_entry_score;0.417319408181027;0.06465067778936393;structure_nearest_k40;hist_gradient_boosting;target_entry_ev_regression;True;False;
S2_fractal0_buffer_0_5_entry_floor_2;E3_open_pullback_1_0atr;M0_no_mask;X2_ml_opposite_any_p0_50;val_select;0.2;679;335.01722641773654;96.0500719413386;3.4879435241063033;0.35193984458968763;0.016431924882614198;4.959782090039823;0.5257731958762887;0.0;{'ML_CLOSE': 469, 'TIME': 185, 'SL': 25};2.0;;2.904424723600144;0;3.3824748475468565;1.9632047883121417;3;top30;rich_entry_quality;0.3;-0.014207907141567572;rich_entry_score;0.2959895379250218;0.036818851251840944;structure_nearest_k40;hist_gradient_boosting;target_entry_ev_regression;True;False;
S2_fractal0_buffer_0_5_entry_floor_2;E3_open_pullback_1_0atr;M0_no_mask;X2_ml_opposite_any_p0_50;val_eval;0.2;717;301.2619182028566;128.22350985292914;2.3495060971923203;0.24133669225931303;-0.01785714285712642;4.38620564028264;0.4769874476987448;0.0;{'ML_CLOSE': 502, 'TIME': 168, 'SL': 47};2.0;;1.9757753708072432;0;2.1956358984324056;1.9959833456472513;2;top30;rich_entry_quality;0.3;-0.014207907141567572;rich_entry_score;0.31201044386422977;0.06555090655509066;structure_nearest_k40;hist_gradient_boosting;target_entry_ev_regression;True;False;
S2_fractal0_buffer_0_5_entry_floor_2;E3_open_pullback_1_0atr;M0_no_mask;X2_ml_opposite_any_p0_50;val_select;0.2;1088;558.5139068517678;166.2720336243893;3.35903696296551;0.3605164275986935;0.02730352303520521;4.92735780288055;0.5321691176470589;0.0;{'ML_CLOSE': 714, 'TIME': 312, 'SL': 62};2.0;;2.8600202260208194;0;3.054393705673046;2.3081014806637152;3;top50;rich_entry_quality;0.5;0.283469565723935;rich_entry_score;0.4742807323452485;0.05698529411764706;structure_nearest_k40;hist_gradient_boosting;target_entry_good_0_5r;True;False;
S2_fractal0_buffer_0_5_entry_floor_2;E3_open_pullback_1_0atr;M0_no_mask;X2_ml_opposite_any_p0_50;val_eval;0.2;1097;508.58429901649083;174.30191741979405;2.9178353660424796;0.30472414001522047;-0.006097560975631905;8.050374510445984;0.4886052871467639;0.0;{'ML_CLOSE': 768, 'TIME': 266, 'SL': 63};2.0;;2.548499010021494;0;2.6470925179836935;1.9519146097163436;2;top50;rich_entry_quality;0.5;0.283469565723935;rich_entry_score;0.4773716275021758;0.05742935278030994;structure_nearest_k40;hist_gradient_boosting;target_entry_good_0_5r;True;False;
S2_fractal0_buffer_0_5_entry_floor_2;E3_open_pullback_1_0atr;M0_no_mask;X2_ml_opposite_any_p0_50;val_select;0.2;858;445.7282855722159;124.90332060758593;3.568586354662094;0.37392187058814685;0.03048623714458578;3.843049339931781;0.534965034965035;0.0;{'ML_CLOSE': 561, 'TIME': 254, 'SL': 43};2.0;;3.0437643437036934;0;3.40832937260706;2.3909520542721374;3;top40;rich_entry_quality;0.4;0.28910292328278464;rich_entry_score;0.37401918047079336;0.05011655011655012;structure_nearest_k40;hist_gradient_boosting;target_entry_good_0_5r;True;False;
S2_fractal0_buffer_0_5_entry_floor_2;E3_open_pullback_1_0atr;M0_no_mask;X2_ml_opposite_any_p0_50;val_eval;0.2;870;417.7021794770689;132.8995874285336;3.142990791462668;0.327359301205213;-0.006562500000005908;6.577556369078145;0.48735632183908045;0.0;{'ML_CLOSE': 606, 'TIME': 215, 'SL': 49};2.0;;2.677069481066398;0;2.9649129021771614;1.9781871928429224;2;top40;rich_entry_quality;0.4;0.28910292328278464;rich_entry_score;0.3785900783289817;0.05632183908045977;structure_nearest_k40;hist_gradient_boosting;target_entry_good_0_5r;True;False;
S2_fractal0_buffer_0_5_entry_floor_2;E3_open_pullback_1_0atr;M0_no_mask;X2_ml_opposite_any_p0_50;val_select;0.2;646;330.0159946348412;90.79395413746667;3.6347794054126137;0.3703127561878863;0.047320574162676814;3.9463538666389724;0.5495356037151703;0.0;{'ML_CLOSE': 417, 'TIME': 198, 'SL': 31};2.0;;3.012577523552895;0;3.296647349311258;2.41542200077592;3;top30;rich_entry_quality;0.3;0.29521946333621957;rich_entry_score;0.2816041848299913;0.047987616099071206;structure_nearest_k40;hist_gradient_boosting;target_entry_good_0_5r;True;False;
S2_fractal0_buffer_0_5_entry_floor_2;E3_open_pullback_1_0atr;M0_no_mask;X2_ml_opposite_any_p0_50;val_eval;0.2;658;332.06246286306236;95.2618256093774;3.485787310277778;0.35987938792353336;-0.010999999999989995;6.577556369078145;0.48632218844984804;0.0;{'ML_CLOSE': 464, 'TIME': 165, 'SL': 29};2.0;;2.9336710789169858;0;3.3757412895897483;1.9921049951738958;2;top30;rich_entry_quality;0.3;0.29521946333621957;rich_entry_score;0.2863359442993908;0.044072948328267476;structure_nearest_k40;hist_gradient_boosting;target_entry_good_0_5r;True;False;
S2_fractal0_buffer_0_5_entry_floor_2;E3_open_pullback_1_0atr;M0_no_mask;X2_ml_opposite_any_p0_50;val_select;0.2;1089;521.5671438900226;149.58532501370834;3.4867534221169425;0.34158110089652355;0.018666666666664847;4.433634678855299;0.5280073461891643;0.0;{'ML_CLOSE': 718, 'TIME': 325, 'SL': 46};2.0;;3.023386381220812;0;3.3141456925590917;2.2410421750575305;3;top50;rich_entry_quality;0.5;0.42472509870737757;rich_entry_score;0.474716652136007;0.04224058769513315;structure_nearest_k40;hist_gradient_boosting;target_entry_avoid_sl;True;False;
S2_fractal0_buffer_0_5_entry_floor_2;E3_open_pullback_1_0atr;M0_no_mask;X2_ml_opposite_any_p0_50;val_eval;0.2;1041;477.4220155114344;173.988978662061;2.7439784932511833;0.29148226402437405;-0.017948717948701728;5.099908123254345;0.4755043227665706;0.0;{'ML_CLOSE': 723, 'TIME': 258, 'SL': 60};2.0;;2.3312958271771183;0;2.4855857982475706;1.9030743598406947;2;top50;rich_entry_quality;0.5;0.42472509870737757;rich_entry_score;0.45300261096605743;0.05763688760806916;structure_nearest_k40;hist_gradient_boosting;target_entry_avoid_sl;True;False;
S2_fractal0_buffer_0_5_entry_floor_2;E3_open_pullback_1_0atr;M0_no_mask;X2_ml_opposite_any_p0_50;val_select;0.2;869;401.13946540427355;120.58448532860297;3.3266258450341635;0.3228480783379408;0.0147058823529279;4.022772824974616;0.520138089758343;0.0;{'ML_CLOSE': 581, 'TIME': 250, 'SL': 38};2.0;;2.7546457352722302;0;3.180702935330907;2.1805942097675715;3;top40;rich_entry_quality;0.4;0.43347352127742234;rich_entry_score;0.37881429816913686;0.04372842347525892;structure_nearest_k40;hist_gradient_boosting;target_entry_avoid_sl;True;False;
S2_fractal0_buffer_0_5_entry_floor_2;E3_open_pullback_1_0atr;M0_no_mask;X2_ml_opposite_any_p0_50;val_eval;0.2;791;365.09770561372636;133.31355611267554;2.7386390121132824;0.29302673767515897;-0.015476190476176233;4.850983294742363;0.47661188369152974;0.0;{'ML_CLOSE': 541, 'TIME': 199, 'SL': 51};2.0;;2.3406242590393482;0;2.606150519659542;1.9238650754004023;2;top40;rich_entry_quality;0.4;0.43347352127742234;rich_entry_score;0.3442123585726719;0.06447534766118837;structure_nearest_k40;hist_gradient_boosting;target_entry_avoid_sl;True;False;
S2_fractal0_buffer_0_5_entry_floor_2;E3_open_pullback_1_0atr;M0_no_mask;X2_ml_opposite_any_p0_50;val_select;0.2;643;286.4475642736461;88.50510690520349;3.236508878300727;0.3078420798887132;0.012999999999988177;3.237676729079098;0.5163297045101088;0.0;{'ML_CLOSE': 439, 'TIME': 178, 'SL': 26};2.0;;2.6228076302373533;0;2.9689912929195157;2.246179461263691;3;top30;rich_entry_quality;0.3;0.4435161622306307;rich_entry_score;0.28029642545771577;0.04043545878693624;structure_nearest_k40;hist_gradient_boosting;target_entry_avoid_sl;True;False;
S2_fractal0_buffer_0_5_entry_floor_2;E3_open_pullback_1_0atr;M0_no_mask;X2_ml_opposite_any_p0_50;val_eval;0.2;551;234.86987148975547;93.17979029689829;2.520609573614523;0.2571507825641691;-0.020512820512801976;5.0763360941587194;0.4627949183303085;0.0;{'ML_CLOSE': 377, 'TIME': 138, 'SL': 36};2.0;;2.0979350520490665;0;2.515434930865836;1.8946946391099833;2;top30;rich_entry_quality;0.3;0.4435161622306307;rich_entry_score;0.23977371627502175;0.06533575317604355;structure_nearest_k40;hist_gradient_boosting;target_entry_avoid_sl;True;False;
S2_fractal0_buffer_0_5_entry_floor_2;E3_open_pullback_1_0atr;M0_no_mask;X2_ml_opposite_any_p0_50;val_select;0.2;1153;568.6440537932405;178.17909632359306;3.1914184409181177;0.33865130743247823;0.01923076923076643;5.024416236381313;0.5221162185602776;0.0;{'ML_CLOSE': 774, 'TIME': 321, 'SL': 58};2.0;;2.7599546295090196;0;3.178942269670211;2.191580914325866;3;top50;rich_entry_quality;0.5;-0.026664235374773214;rich_entry_score;0.502615518744551;0.05030355594102342;structure_nearest_k40;extra_trees_shallow;target_entry_ev_regression;True;False;
S2_fractal0_buffer_0_5_entry_floor_2;E3_open_pullback_1_0atr;M0_no_mask;X2_ml_opposite_any_p0_50;val_eval;0.2;1244;556.8851799776601;212.0943758628187;2.6256480291483535;0.27716302581578883;-0.016885964912280234;5.23779224568716;0.47990353697749194;0.0;{'ML_CLOSE': 863, 'TIME': 302, 'SL': 79};2.0;;2.2800501134509106;0;2.5255250066280266;1.9456618375846464;2;top50;rich_entry_quality;0.5;-0.026664235374773214;rich_entry_score;0.5413402959094865;0.0635048231511254;structure_nearest_k40;extra_trees_shallow;target_entry_ev_regression;True;False;
S2_fractal0_buffer_0_5_entry_floor_2;E3_open_pullback_1_0atr;M0_no_mask;X2_ml_opposite_any_p0_50;val_select;0.2;920;458.5879028482219;144.56944431072577;3.172094248785867;0.34132441145380027;0.016173076923080655;5.024416236381313;0.5195652173913043;0.0;{'ML_CLOSE': 619, 'TIME': 251, 'SL': 50};2.0;;2.7009631841475947;0;3.071383472795247;2.185611788860089;3;top40;rich_entry_quality;0.4;-0.01765888219926109;rich_entry_score;0.4010462074978204;0.05434782608695652;structure_nearest_k40;extra_trees_shallow;target_entry_ev_regression;True;False;
S2_fractal0_buffer_0_5_entry_floor_2;E3_open_pullback_1_0atr;M0_no_mask;X2_ml_opposite_any_p0_50;val_eval;0.2;974;425.15751099995225;169.02927792658016;2.5152891630089336;0.2629653316975073;-0.023722943722932356;4.648474149450237;0.46919917864476385;0.0;{'ML_CLOSE': 680, 'TIME': 232, 'SL': 62};2.0;;2.082898432413468;0;2.400348964515293;1.9724900312145481;2;top40;rich_entry_quality;0.4;-0.01765888219926109;rich_entry_score;0.42384682332463014;0.06365503080082136;structure_nearest_k40;extra_trees_shallow;target_entry_ev_regression;True;False;
S2_fractal0_buffer_0_5_entry_floor_2;E3_open_pullback_1_0atr;M0_no_mask;X2_ml_opposite_any_p0_50;val_select;0.2;693;363.0633590147762;108.32305297836575;3.3516721420996793;0.3675906292011696;0.0274294670846507;5.024416236381299;0.5367965367965368;0.0;{'ML_CLOSE': 462, 'TIME': 195, 'SL': 36};2.0;;2.817354163134849;0;3.2625971117026995;2.1532565227997886;3;top30;rich_entry_quality;0.3;-0.008466064828123126;rich_entry_score;0.3020924149956408;0.05194805194805195;structure_nearest_k40;extra_trees_shallow;target_entry_ev_regression;True;False;
S2_fractal0_buffer_0_5_entry_floor_2;E3_open_pullback_1_0atr;M0_no_mask;X2_ml_opposite_any_p0_50;val_eval;0.2;728;326.6857077077351;122.09533130550624;2.675660929985144;0.2810307368162485;-0.022367216117244487;5.1539966712517185;0.4697802197802198;0.0;{'ML_CLOSE': 506, 'TIME': 179, 'SL': 43};2.0;;2.2269591580095613;0;2.4827502734576843;1.9616395516230531;2;top30;rich_entry_quality;0.3;-0.008466064828123126;rich_entry_score;0.3167972149695387;0.059065934065934064;structure_nearest_k40;extra_trees_shallow;target_entry_ev_regression;True;False;
S2_fractal0_buffer_0_5_entry_floor_2;E3_open_pullback_1_0atr;M0_no_mask;X2_ml_opposite_any_p0_50;val_select;0.2;1169;568.3855753200792;181.97929809685633;3.123352937747692;0.33054429189326157;0.030821917808206912;5.314594155844134;0.5355004277159966;0.0;{'ML_CLOSE': 784, 'TIME': 320, 'SL': 65};2.0;;2.721976137968893;0;2.8562075880065385;2.142524162375586;3;top50;rich_entry_quality;0.5;0.2880281078580605;rich_entry_score;0.509590235396687;0.055603079555175364;structure_nearest_k40;extra_trees_shallow;target_entry_good_0_5r;True;False;
S2_fractal0_buffer_0_5_entry_floor_2;E3_open_pullback_1_0atr;M0_no_mask;X2_ml_opposite_any_p0_50;val_eval;0.2;1098;497.36945021389795;183.86275497217224;2.7051125731754384;0.28552522335312003;-0.010102040816328968;6.249907348820429;0.48633879781420764;0.0;{'ML_CLOSE': 755, 'TIME': 273, 'SL': 70};2.0;;2.307406781699508;0;2.5493755811080425;1.957753594502292;2;top50;rich_entry_quality;0.5;0.2880281078580605;rich_entry_score;0.47780678851174935;0.06375227686703097;structure_nearest_k40;extra_trees_shallow;target_entry_good_0_5r;True;False;
S2_fractal0_buffer_0_5_entry_floor_2;E3_open_pullback_1_0atr;M0_no_mask;X2_ml_opposite_any_p0_50;val_select;0.2;939;455.5951889995928;149.35229587922288;3.0504732874546514;0.326137266368871;0.028735632183907896;4.959782090039823;0.5335463258785943;0.0;{'ML_CLOSE': 626, 'TIME': 259, 'SL': 54};2.0;;2.6184414812933565;0;2.7922973411313774;2.026944830894299;3;top40;rich_entry_quality;0.4;0.2900435403439675;rich_entry_score;0.4093286835222319;0.05750798722044728;structure_nearest_k40;extra_trees_shallow;target_entry_good_0_5r;True;False;
S2_fractal0_buffer_0_5_entry_floor_2;E3_open_pullback_1_0atr;M0_no_mask;X2_ml_opposite_any_p0_50;val_eval;0.2;883;429.935282302014;144.66624688019357;2.9719114967990294;0.32306799028518735;-0.0072916666666837885;5.454351793264863;0.49377123442808607;0.0;{'ML_CLOSE': 599, 'TIME': 233, 'SL': 51};2.0;;2.4237495588586295;0;2.942257607818863;1.9734845936046281;2;top40;rich_entry_quality;0.4;0.2900435403439675;rich_entry_score;0.3842471714534378;0.057757644394110984;structure_nearest_k40;extra_trees_shallow;target_entry_good_0_5r;True;False;
S2_fractal0_buffer_0_5_entry_floor_2;E3_open_pullback_1_0atr;M0_no_mask;X2_ml_opposite_any_p0_50;val_select;0.2;699;331.9107162902218;114.27960357974351;2.9043740605786823;0.3113463701151334;0.025555555555557576;5.052597205440236;0.5236051502145923;0.0;{'ML_CLOSE': 467, 'TIME': 190, 'SL': 42};2.0;;2.47498972097476;0;2.4028306373405854;1.8645305327617667;3;top30;rich_entry_quality;0.3;0.2922458422648306;rich_entry_score;0.3047079337401918;0.060085836909871244;structure_nearest_k40;extra_trees_shallow;target_entry_good_0_5r;True;False;
S2_fractal0_buffer_0_5_entry_floor_2;E3_open_pullback_1_0atr;M0_no_mask;X2_ml_opposite_any_p0_50;val_eval;0.2;640;311.55263566593493;95.7007757832614;3.255487044029033;0.33726853106667737;0.009890109890100873;4.156123735339328;0.5109375;0.0;{'ML_CLOSE': 434, 'TIME': 175, 'SL': 31};2.0;;2.6203447860510334;0;3.08313668447781;1.938416894357673;2;top30;rich_entry_quality;0.3;0.2922458422648306;rich_entry_score;0.278503046127067;0.0484375;structure_nearest_k40;extra_trees_shallow;target_entry_good_0_5r;True;False;
S2_fractal0_buffer_0_5_entry_floor_2;E3_open_pullback_1_0atr;M0_no_mask;X2_ml_opposite_any_p0_50;val_select;0.2;1078;506.6147050118217;147.98173890755862;3.42349474166062;0.3326836420262181;0.01850911974622213;5.897060204622733;0.5213358070500927;0.0;{'ML_CLOSE': 723, 'TIME': 312, 'SL': 43};2.0;;3.046405853481386;0;3.341974176032994;2.149646337664323;3;top50;rich_entry_quality;0.5;0.41949882601744415;rich_entry_score;0.4699215344376635;0.039888682745825604;structure_nearest_k40;extra_trees_shallow;target_entry_avoid_sl;True;False;
S2_fractal0_buffer_0_5_entry_floor_2;E3_open_pullback_1_0atr;M0_no_mask;X2_ml_opposite_any_p0_50;val_eval;0.2;969;430.52164809084235;162.44226624767498;2.6503056010953947;0.2766557088164781;-0.02023809523813075;5.791510239997166;0.4716202270381837;0.0;{'ML_CLOSE': 671, 'TIME': 233, 'SL': 65};2.0;;2.214656544198141;0;2.364959480597766;1.9476205729069094;2;top50;rich_entry_quality;0.5;0.41949882601744415;rich_entry_score;0.4216710182767624;0.06707946336429309;structure_nearest_k40;extra_trees_shallow;target_entry_avoid_sl;True;False;
S2_fractal0_buffer_0_5_entry_floor_2;E3_open_pullback_1_0atr;M0_no_mask;X2_ml_opposite_any_p0_50;val_select;0.2;870;401.4061552424838;118.12387603012434;3.398179679949851;0.3256118151866201;0.00826502732238751;5.1774330786015526;0.5091954022988506;0.0;{'ML_CLOSE': 592, 'TIME': 247, 'SL': 31};2.0;;2.8075100908631097;0;3.344619446157324;2.0095445077858027;3;top40;rich_entry_quality;0.4;0.4221826254454374;rich_entry_score;0.3792502179598954;0.035632183908045977;structure_nearest_k40;extra_trees_shallow;target_entry_avoid_sl;True;False;
S2_fractal0_buffer_0_5_entry_floor_2;E3_open_pullback_1_0atr;M0_no_mask;X2_ml_opposite_any_p0_50;val_eval;0.2;642;330.66441062857757;101.8017458767592;3.248121216200738;0.35648390148258313;0.0006097560975604177;5.166612033726608;0.5;0.0;{'ML_CLOSE': 427, 'TIME': 176, 'SL': 39};2.0;;2.698275577826736;0;2.8214571208148533;1.9169636088982418;2;top40;rich_entry_quality;0.4;0.4221826254454374;rich_entry_score;0.2793733681462141;0.06074766355140187;structure_nearest_k40;extra_trees_shallow;target_entry_avoid_sl;True;False;
S2_fractal0_buffer_0_5_entry_floor_2;E3_open_pullback_1_0atr;M0_no_mask;X2_ml_opposite_any_p0_50;val_select;0.2;651;288.43951721959473;87.50044469942883;3.296434871964457;0.30866216976984007;-0.005555555555571579;4.78761826378674;0.4930875576036866;0.0;{'ML_CLOSE': 446, 'TIME': 185, 'SL': 20};2.0;;2.6978378048223055;0;3.2460305901583;1.9322183585504422;3;top30;rich_entry_quality;0.3;0.42485495920707583;rich_entry_score;0.28378378378378377;0.030721966205837174;structure_nearest_k40;extra_trees_shallow;target_entry_avoid_sl;True;False;
S2_fractal0_buffer_0_5_entry_floor_2;E3_open_pullback_1_0atr;M0_no_mask;X2_ml_opposite_any_p0_50;val_eval;0.2;428;225.8187620652018;68.59515036294444;3.2920514186552556;0.36734488715480706;0.015480849874201265;5.9499566984761145;0.5116822429906542;0.0;{'ML_CLOSE': 278, 'TIME': 123, 'SL': 27};2.0;;2.462498594507369;0;2.866445314081148;1.8647946058699947;2;top30;rich_entry_quality;0.3;0.42485495920707583;rich_entry_score;0.18624891209747607;0.0630841121495327;structure_nearest_k40;extra_trees_shallow;target_entry_avoid_sl;True;False;
S2_fractal0_buffer_0_5_entry_floor_2;E3_open_pullback_1_0atr;M0_no_mask;X2_ml_opposite_any_p0_50;val_select;0.2;1144;506.20503365339493;182.79446560474128;2.7692579858953077;0.2827015454970749;-0.0011235764065942607;7.143623219878464;0.4991258741258741;0.0;{'ML_CLOSE': 771, 'TIME': 309, 'SL': 64};2.0;;2.3831074372683068;0;2.730778143555786;2.3150027818487793;3;top50;rich_entry_quality;0.5;-0.01009174921178424;rich_entry_score;0.4986922406277245;0.055944055944055944;relative_geometry_k40;linear;target_entry_ev_regression;True;False;
S2_fractal0_buffer_0_5_entry_floor_2;E3_open_pullback_1_0atr;M0_no_mask;X2_ml_opposite_any_p0_50;val_eval;0.2;1092;497.198430214328;177.8815547480591;2.795109537458959;0.2924147211229568;-0.00582364341084737;4.969679054109264;0.4908424908424908;0.0;{'ML_CLOSE': 761, 'TIME': 269, 'SL': 62};2.0;;2.41830935820086;0;2.7136007498718815;1.942660869659837;2;top50;rich_entry_quality;0.5;-0.01009174921178424;rich_entry_score;0.4751958224543081;0.056776556776556776;relative_geometry_k40;linear;target_entry_ev_regression;True;False;
S2_fractal0_buffer_0_5_entry_floor_2;E3_open_pullback_1_0atr;M0_no_mask;X2_ml_opposite_any_p0_50;val_select;0.2;909;381.3349480610373;147.1048935780363;2.592265551375057;0.2576788278140826;-0.0060606060606350825;6.098865078115999;0.49284928492849284;0.0;{'ML_CLOSE': 617, 'TIME': 240, 'SL': 52};2.0;;2.128230149881926;0;2.546265118439684;2.249522643939444;3;top40;rich_entry_quality;0.4;0.05217142236525432;rich_entry_score;0.3962510897994769;0.05720572057205721;relative_geometry_k40;linear;target_entry_ev_regression;True;False;
S2_fractal0_buffer_0_5_entry_floor_2;E3_open_pullback_1_0atr;M0_no_mask;X2_ml_opposite_any_p0_50;val_eval;0.2;847;378.7966035547744;139.69757599846616;2.7115474327123144;0.28228928873235914;-0.009999999999990905;4.510087719298241;0.4887839433293979;0.0;{'ML_CLOSE': 589, 'TIME': 208, 'SL': 50};2.0;;2.344272395259831;0;2.5810172354030936;1.9685189965427494;2;top40;rich_entry_quality;0.4;0.05217142236525432;rich_entry_score;0.36858137510879024;0.0590318772136954;relative_geometry_k40;linear;target_entry_ev_regression;True;False;
S2_fractal0_buffer_0_5_entry_floor_2;E3_open_pullback_1_0atr;M0_no_mask;X2_ml_opposite_any_p0_50;val_select;0.2;693;277.2795271664418;110.38143067746998;2.512012441446254;0.24083419406778048;-0.0019736842105394737;4.892348250387045;0.4963924963924964;0.0;{'ML_CLOSE': 471, 'TIME': 185, 'SL': 37};2.0;;2.075367736431655;0;2.4662522128718476;2.2640747526569913;3;top30;rich_entry_quality;0.3;0.1256096218961233;rich_entry_score;0.3020924149956408;0.05339105339105339;relative_geometry_k40;linear;target_entry_ev_regression;True;False;
S2_fractal0_buffer_0_5_entry_floor_2;E3_open_pullback_1_0atr;M0_no_mask;X2_ml_opposite_any_p0_50;val_eval;0.2;623;294.6060270635692;106.96513060626086;2.754224908564038;0.3011892398993714;-0.016666666666651165;4.99340409615391;0.478330658105939;0.0;{'ML_CLOSE': 422, 'TIME': 160, 'SL': 41};2.0;;2.224893953794836;0;2.689682730050597;1.9271181017691934;2;top30;rich_entry_quality;0.3;0.1256096218961233;rich_entry_score;0.2711053089643168;0.06581059390048154;relative_geometry_k40;linear;target_entry_ev_regression;True;False;
S2_fractal0_buffer_0_5_entry_floor_2;E3_open_pullback_1_0atr;M0_no_mask;X2_ml_opposite_any_p0_50;val_select;0.2;1170;598.0603897144159;182.26687936008773;3.281234592999662;0.355379068678913;0.026192411924107976;5.682558507972033;0.5282051282051282;0.0;{'ML_CLOSE': 771, 'TIME': 335, 'SL': 64};2.0;;2.8792326918809517;0;3.1687316841730255;2.1070224029641023;3;top50;rich_entry_quality;0.5;0.282338282607611;rich_entry_score;0.5100261551874455;0.0547008547008547;relative_geometry_k40;linear;target_entry_good_0_5r;True;False;
S2_fractal0_buffer_0_5_entry_floor_2;E3_open_pullback_1_0atr;M0_no_mask;X2_ml_opposite_any_p0_50;val_eval;0.2;1106;520.8739432430908;183.3338402674009;2.8411227435337203;0.30518996652413194;-0.011250000000003979;4.814250665761115;0.484629294755877;0.0;{'ML_CLOSE': 756, 'TIME': 282, 'SL': 68};2.0;;2.3630879678282133;0;2.5917369146539846;1.955333438024144;2;top50;rich_entry_quality;0.5;0.282338282607611;rich_entry_score;0.48128807658833767;0.06148282097649186;relative_geometry_k40;linear;target_entry_good_0_5r;True;False;
S2_fractal0_buffer_0_5_entry_floor_2;E3_open_pullback_1_0atr;M0_no_mask;X2_ml_opposite_any_p0_50;val_select;0.2;931;457.12728553164266;145.17489415779056;3.1488039869675477;0.335072386008434;0.022950819672128826;5.024416236381313;0.5284640171858217;0.0;{'ML_CLOSE': 616, 'TIME': 264, 'SL': 51};2.0;;2.6893706592028845;0;2.9220779910415606;2.1335465665286564;3;top40;rich_entry_quality;0.4;0.29213478678300886;rich_entry_score;0.4058413251961639;0.05477980665950591;relative_geometry_k40;linear;target_entry_good_0_5r;True;False;
S2_fractal0_buffer_0_5_entry_floor_2;E3_open_pullback_1_0atr;M0_no_mask;X2_ml_opposite_any_p0_50;val_eval;0.2;880;412.03119945562116;141.39493203680254;2.9140450334413464;0.3075412129759303;-0.000675675675690416;4.4066336758288855;0.49886363636363634;0.0;{'ML_CLOSE': 597, 'TIME': 230, 'SL': 53};2.0;;2.4337591620898174;0;2.8199458461853775;1.9624223205664273;2;top40;rich_entry_quality;0.4;0.29213478678300886;rich_entry_score;0.38294168842471715;0.060227272727272727;relative_geometry_k40;linear;target_entry_good_0_5r;True;False;
S2_fractal0_buffer_0_5_entry_floor_2;E3_open_pullback_1_0atr;M0_no_mask;X2_ml_opposite_any_p0_50;val_select;0.2;691;353.72752116238684;112.88198055206384;3.1336048449224307;0.34854636846645876;0.041428571428598716;5.024416236381313;0.5311143270622286;0.0;{'ML_CLOSE': 452, 'TIME': 196, 'SL': 43};2.0;;2.6120394044934137;0;2.892440559922772;2.105633026056406;3;top30;rich_entry_quality;0.3;0.3035113016680305;rich_entry_score;0.3012205754141238;0.06222865412445731;relative_geometry_k40;linear;target_entry_good_0_5r;True;False;
S2_fractal0_buffer_0_5_entry_floor_2;E3_open_pullback_1_0atr;M0_no_mask;X2_ml_opposite_any_p0_50;val_eval;0.2;643;327.5124342865241;99.13125118363102;3.303826294695294;0.3551806891180298;0.024418604651166635;3.7063623251335684;0.5225505443234837;0.0;{'ML_CLOSE': 429, 'TIME': 179, 'SL': 35};2.0;;2.8029769060277503;0;3.2845569489764617;1.9511219163898859;2;top30;rich_entry_quality;0.3;0.3035113016680305;rich_entry_score;0.27980852915578763;0.05443234836702955;relative_geometry_k40;linear;target_entry_good_0_5r;True;False;
S2_fractal0_buffer_0_5_entry_floor_2;E3_open_pullback_1_0atr;M0_no_mask;X2_ml_opposite_any_p0_50;val_select;0.2;1111;551.3066117306855;167.42478931811203;3.292861313883374;0.34552819299061516;0.015625000000003608;5.619141528371841;0.5139513951395139;0.0;{'ML_CLOSE': 723, 'TIME': 334, 'SL': 54};2.0;;2.7920303964010733;0;3.1330975782331145;2.228351504143066;3;top50;rich_entry_quality;0.5;0.41615010195993096;rich_entry_score;0.48430688753269396;0.048604860486048604;relative_geometry_k40;linear;target_entry_avoid_sl;True;False;
S2_fractal0_buffer_0_5_entry_floor_2;E3_open_pullback_1_0atr;M0_no_mask;X2_ml_opposite_any_p0_50;val_eval;0.2;1150;547.5710602377374;191.8298538224499;2.854462167002157;0.3093401794915544;-0.006363224637699593;4.201790279375643;0.4895652173913044;0.0;{'ML_CLOSE': 774, 'TIME': 302, 'SL': 74};2.0;;2.5134766492897933;0;2.7325364543698654;1.976880231055247;2;top50;rich_entry_quality;0.5;0.41615010195993096;rich_entry_score;0.5004351610095735;0.06434782608695652;relative_geometry_k40;linear;target_entry_avoid_sl;True;False;
S2_fractal0_buffer_0_5_entry_floor_2;E3_open_pullback_1_0atr;M0_no_mask;X2_ml_opposite_any_p0_50;val_select;0.2;878;421.7054402301516;136.2231784589033;3.095695204009459;0.32515063983057896;0.002540816326528311;4.19245056967344;0.5011389521640092;0.0;{'ML_CLOSE': 578, 'TIME': 256, 'SL': 44};2.0;;2.5765688530793343;0;3.0577373566086976;2.090260466308607;3;top40;rich_entry_quality;0.4;0.42598253730467744;rich_entry_score;0.3827375762859634;0.05011389521640091;relative_geometry_k40;linear;target_entry_avoid_sl;True;False;
S2_fractal0_buffer_0_5_entry_floor_2;E3_open_pullback_1_0atr;M0_no_mask;X2_ml_opposite_any_p0_50;val_eval;0.2;941;446.88820518162606;157.5610286937187;2.836286414772828;0.30746777522625646;-0.012234042553192487;4.872341378603011;0.4867162592986185;0.0;{'ML_CLOSE': 633, 'TIME': 244, 'SL': 64};2.0;;2.433825294748605;0;2.800353416938934;1.9636965687806909;2;top40;rich_entry_quality;0.4;0.42598253730467744;rich_entry_score;0.40948651000870323;0.06801275239107332;relative_geometry_k40;linear;target_entry_avoid_sl;True;False;
S2_fractal0_buffer_0_5_entry_floor_2;E3_open_pullback_1_0atr;M0_no_mask;X2_ml_opposite_any_p0_50;val_select;0.2;652;305.4118505069877;101.91290394639125;2.9967927385097575;0.31211494871257134;0.01099033816424115;5.035094066348876;0.5061349693251533;0.0;{'ML_CLOSE': 426, 'TIME': 197, 'SL': 29};2.0;;2.5120258604916517;0;2.9013822013000734;2.0606224000563684;3;top30;rich_entry_quality;0.3;0.43780511233089164;rich_entry_score;0.2842197035745423;0.04447852760736196;relative_geometry_k40;linear;target_entry_avoid_sl;True;False;
S2_fractal0_buffer_0_5_entry_floor_2;E3_open_pullback_1_0atr;M0_no_mask;X2_ml_opposite_any_p0_50;val_eval;0.2;730;376.1926315619286;118.43655268620424;3.17632203090751;0.3530905190078416;3.850596841434409e-05;3.7643388757403784;0.5;0.0;{'ML_CLOSE': 486, 'TIME': 197, 'SL': 47};2.0;;2.678798940364845;0;3.1303042411343838;1.9478206474094557;2;top30;rich_entry_quality;0.3;0.43780511233089164;rich_entry_score;0.31766753698868583;0.06438356164383562;relative_geometry_k40;linear;target_entry_avoid_sl;True;False;
S2_fractal0_buffer_0_5_entry_floor_2;E3_open_pullback_1_0atr;M0_no_mask;X2_ml_opposite_any_p0_50;val_select;0.2;1114;549.8938817010207;162.6145715003856;3.3815781490388566;0.34764749569177306;0.01961538461537412;4.959782090039823;0.526032315978456;0.0;{'ML_CLOSE': 742, 'TIME': 324, 'SL': 48};2.0;;2.9671359470704286;0;3.360330639950646;2.0990233468638855;3;top50;rich_entry_quality;0.5;-0.04938702479074447;rich_entry_score;0.48561464690496947;0.04308797127468582;relative_geometry_k40;hist_gradient_boosting;target_entry_ev_regression;True;False;
S2_fractal0_buffer_0_5_entry_floor_2;E3_open_pullback_1_0atr;M0_no_mask;X2_ml_opposite_any_p0_50;val_eval;0.2;1199;513.1593473503258;208.84167497296465;2.4571692762795365;0.253809568288041;-0.02169811320754861;5.853604572554218;0.47039199332777315;0.0;{'ML_CLOSE': 834, 'TIME': 284, 'SL': 81};2.0;;2.1420754923357967;0;2.305558075962256;1.993614513356726;2;top50;rich_entry_quality;0.5;-0.04938702479074447;rich_entry_score;0.5217580504786771;0.06755629691409508;relative_geometry_k40;hist_gradient_boosting;target_entry_ev_regression;True;False;
S2_fractal0_buffer_0_5_entry_floor_2;E3_open_pullback_1_0atr;M0_no_mask;X2_ml_opposite_any_p0_50;val_select;0.2;898;447.727331590543;126.06814370870892;3.551470803163841;0.3581950867281003;0.015547169811314097;4.959782090039823;0.5211581291759465;0.0;{'ML_CLOSE': 612, 'TIME': 255, 'SL': 31};2.0;;3.022348125582509;0;3.4445669960976804;2.0200938599531724;3;top40;rich_entry_quality;0.4;-0.033264373821582566;rich_entry_score;0.39145597210113336;0.034521158129175944;relative_geometry_k40;hist_gradient_boosting;target_entry_ev_regression;True;False;
S2_fractal0_buffer_0_5_entry_floor_2;E3_open_pullback_1_0atr;M0_no_mask;X2_ml_opposite_any_p0_50;val_eval;0.2;959;402.5238906920195;166.05125248030254;2.424094276192033;0.24658252159720223;-0.018640350877176252;6.304736790986723;0.47340980187695514;0.0;{'ML_CLOSE': 672, 'TIME': 225, 'SL': 62};2.0;;2.07768896139882;0;2.342460395854253;1.9901084788505001;2;top40;rich_entry_quality;0.4;-0.033264373821582566;rich_entry_score;0.417319408181027;0.06465067778936393;relative_geometry_k40;hist_gradient_boosting;target_entry_ev_regression;True;False;
S2_fractal0_buffer_0_5_entry_floor_2;E3_open_pullback_1_0atr;M0_no_mask;X2_ml_opposite_any_p0_50;val_select;0.2;679;335.01722641773654;96.0500719413386;3.4879435241063033;0.35193984458968763;0.016431924882614198;4.959782090039823;0.5257731958762887;0.0;{'ML_CLOSE': 469, 'TIME': 185, 'SL': 25};2.0;;2.904424723600144;0;3.3824748475468565;1.9632047883121417;3;top30;rich_entry_quality;0.3;-0.014207907141567572;rich_entry_score;0.2959895379250218;0.036818851251840944;relative_geometry_k40;hist_gradient_boosting;target_entry_ev_regression;True;False;
S2_fractal0_buffer_0_5_entry_floor_2;E3_open_pullback_1_0atr;M0_no_mask;X2_ml_opposite_any_p0_50;val_eval;0.2;717;301.2619182028566;128.22350985292914;2.3495060971923203;0.24133669225931303;-0.01785714285712642;4.38620564028264;0.4769874476987448;0.0;{'ML_CLOSE': 502, 'TIME': 168, 'SL': 47};2.0;;1.9757753708072432;0;2.1956358984324056;1.9959833456472513;2;top30;rich_entry_quality;0.3;-0.014207907141567572;rich_entry_score;0.31201044386422977;0.06555090655509066;relative_geometry_k40;hist_gradient_boosting;target_entry_ev_regression;True;False;
S2_fractal0_buffer_0_5_entry_floor_2;E3_open_pullback_1_0atr;M0_no_mask;X2_ml_opposite_any_p0_50;val_select;0.2;1088;558.5139068517678;166.2720336243893;3.35903696296551;0.3605164275986935;0.02730352303520521;4.92735780288055;0.5321691176470589;0.0;{'ML_CLOSE': 714, 'TIME': 312, 'SL': 62};2.0;;2.8600202260208194;0;3.054393705673046;2.3081014806637152;3;top50;rich_entry_quality;0.5;0.283469565723935;rich_entry_score;0.4742807323452485;0.05698529411764706;relative_geometry_k40;hist_gradient_boosting;target_entry_good_0_5r;True;False;
S2_fractal0_buffer_0_5_entry_floor_2;E3_open_pullback_1_0atr;M0_no_mask;X2_ml_opposite_any_p0_50;val_eval;0.2;1097;508.58429901649083;174.30191741979405;2.9178353660424796;0.30472414001522047;-0.006097560975631905;8.050374510445984;0.4886052871467639;0.0;{'ML_CLOSE': 768, 'TIME': 266, 'SL': 63};2.0;;2.548499010021494;0;2.6470925179836935;1.9519146097163436;2;top50;rich_entry_quality;0.5;0.283469565723935;rich_entry_score;0.4773716275021758;0.05742935278030994;relative_geometry_k40;hist_gradient_boosting;target_entry_good_0_5r;True;False;
S2_fractal0_buffer_0_5_entry_floor_2;E3_open_pullback_1_0atr;M0_no_mask;X2_ml_opposite_any_p0_50;val_select;0.2;858;445.7282855722159;124.90332060758593;3.568586354662094;0.37392187058814685;0.03048623714458578;3.843049339931781;0.534965034965035;0.0;{'ML_CLOSE': 561, 'TIME': 254, 'SL': 43};2.0;;3.0437643437036934;0;3.40832937260706;2.3909520542721374;3;top40;rich_entry_quality;0.4;0.28910292328278464;rich_entry_score;0.37401918047079336;0.05011655011655012;relative_geometry_k40;hist_gradient_boosting;target_entry_good_0_5r;True;False;
S2_fractal0_buffer_0_5_entry_floor_2;E3_open_pullback_1_0atr;M0_no_mask;X2_ml_opposite_any_p0_50;val_eval;0.2;870;417.7021794770689;132.8995874285336;3.142990791462668;0.327359301205213;-0.006562500000005908;6.577556369078145;0.48735632183908045;0.0;{'ML_CLOSE': 606, 'TIME': 215, 'SL': 49};2.0;;2.677069481066398;0;2.9649129021771614;1.9781871928429224;2;top40;rich_entry_quality;0.4;0.28910292328278464;rich_entry_score;0.3785900783289817;0.05632183908045977;relative_geometry_k40;hist_gradient_boosting;target_entry_good_0_5r;True;False;
S2_fractal0_buffer_0_5_entry_floor_2;E3_open_pullback_1_0atr;M0_no_mask;X2_ml_opposite_any_p0_50;val_select;0.2;646;330.0159946348412;90.79395413746667;3.6347794054126137;0.3703127561878863;0.047320574162676814;3.9463538666389724;0.5495356037151703;0.0;{'ML_CLOSE': 417, 'TIME': 198, 'SL': 31};2.0;;3.012577523552895;0;3.296647349311258;2.41542200077592;3;top30;rich_entry_quality;0.3;0.29521946333621957;rich_entry_score;0.2816041848299913;0.047987616099071206;relative_geometry_k40;hist_gradient_boosting;target_entry_good_0_5r;True;False;
S2_fractal0_buffer_0_5_entry_floor_2;E3_open_pullback_1_0atr;M0_no_mask;X2_ml_opposite_any_p0_50;val_eval;0.2;658;332.06246286306236;95.2618256093774;3.485787310277778;0.35987938792353336;-0.010999999999989995;6.577556369078145;0.48632218844984804;0.0;{'ML_CLOSE': 464, 'TIME': 165, 'SL': 29};2.0;;2.9336710789169858;0;3.3757412895897483;1.9921049951738958;2;top30;rich_entry_quality;0.3;0.29521946333621957;rich_entry_score;0.2863359442993908;0.044072948328267476;relative_geometry_k40;hist_gradient_boosting;target_entry_good_0_5r;True;False;
S2_fractal0_buffer_0_5_entry_floor_2;E3_open_pullback_1_0atr;M0_no_mask;X2_ml_opposite_any_p0_50;val_select;0.2;1089;521.5671438900226;149.58532501370834;3.4867534221169425;0.34158110089652355;0.018666666666664847;4.433634678855299;0.5280073461891643;0.0;{'ML_CLOSE': 718, 'TIME': 325, 'SL': 46};2.0;;3.023386381220812;0;3.3141456925590917;2.2410421750575305;3;top50;rich_entry_quality;0.5;0.42472509870737757;rich_entry_score;0.474716652136007;0.04224058769513315;relative_geometry_k40;hist_gradient_boosting;target_entry_avoid_sl;True;False;
S2_fractal0_buffer_0_5_entry_floor_2;E3_open_pullback_1_0atr;M0_no_mask;X2_ml_opposite_any_p0_50;val_eval;0.2;1041;477.4220155114344;173.988978662061;2.7439784932511833;0.29148226402437405;-0.017948717948701728;5.099908123254345;0.4755043227665706;0.0;{'ML_CLOSE': 723, 'TIME': 258, 'SL': 60};2.0;;2.3312958271771183;0;2.4855857982475706;1.9030743598406947;2;top50;rich_entry_quality;0.5;0.42472509870737757;rich_entry_score;0.45300261096605743;0.05763688760806916;relative_geometry_k40;hist_gradient_boosting;target_entry_avoid_sl;True;False;
S2_fractal0_buffer_0_5_entry_floor_2;E3_open_pullback_1_0atr;M0_no_mask;X2_ml_opposite_any_p0_50;val_select;0.2;869;401.13946540427355;120.58448532860297;3.3266258450341635;0.3228480783379408;0.0147058823529279;4.022772824974616;0.520138089758343;0.0;{'ML_CLOSE': 581, 'TIME': 250, 'SL': 38};2.0;;2.7546457352722302;0;3.180702935330907;2.1805942097675715;3;top40;rich_entry_quality;0.4;0.43347352127742234;rich_entry_score;0.37881429816913686;0.04372842347525892;relative_geometry_k40;hist_gradient_boosting;target_entry_avoid_sl;True;False;
S2_fractal0_buffer_0_5_entry_floor_2;E3_open_pullback_1_0atr;M0_no_mask;X2_ml_opposite_any_p0_50;val_eval;0.2;791;365.09770561372636;133.31355611267554;2.7386390121132824;0.29302673767515897;-0.015476190476176233;4.850983294742363;0.47661188369152974;0.0;{'ML_CLOSE': 541, 'TIME': 199, 'SL': 51};2.0;;2.3406242590393482;0;2.606150519659542;1.9238650754004023;2;top40;rich_entry_quality;0.4;0.43347352127742234;rich_entry_score;0.3442123585726719;0.06447534766118837;relative_geometry_k40;hist_gradient_boosting;target_entry_avoid_sl;True;False;
S2_fractal0_buffer_0_5_entry_floor_2;E3_open_pullback_1_0atr;M0_no_mask;X2_ml_opposite_any_p0_50;val_select;0.2;643;286.4475642736461;88.50510690520349;3.236508878300727;0.3078420798887132;0.012999999999988177;3.237676729079098;0.5163297045101088;0.0;{'ML_CLOSE': 439, 'TIME': 178, 'SL': 26};2.0;;2.6228076302373533;0;2.9689912929195157;2.246179461263691;3;top30;rich_entry_quality;0.3;0.4435161622306307;rich_entry_score;0.28029642545771577;0.04043545878693624;relative_geometry_k40;hist_gradient_boosting;target_entry_avoid_sl;True;False;
S2_fractal0_buffer_0_5_entry_floor_2;E3_open_pullback_1_0atr;M0_no_mask;X2_ml_opposite_any_p0_50;val_eval;0.2;551;234.86987148975547;93.17979029689829;2.520609573614523;0.2571507825641691;-0.020512820512801976;5.0763360941587194;0.4627949183303085;0.0;{'ML_CLOSE': 377, 'TIME': 138, 'SL': 36};2.0;;2.0979350520490665;0;2.515434930865836;1.8946946391099833;2;top30;rich_entry_quality;0.3;0.4435161622306307;rich_entry_score;0.23977371627502175;0.06533575317604355;relative_geometry_k40;hist_gradient_boosting;target_entry_avoid_sl;True;False;
S2_fractal0_buffer_0_5_entry_floor_2;E3_open_pullback_1_0atr;M0_no_mask;X2_ml_opposite_any_p0_50;val_select;0.2;1153;568.6440537932405;178.17909632359306;3.1914184409181177;0.33865130743247823;0.01923076923076643;5.024416236381313;0.5221162185602776;0.0;{'ML_CLOSE': 774, 'TIME': 321, 'SL': 58};2.0;;2.7599546295090196;0;3.178942269670211;2.191580914325866;3;top50;rich_entry_quality;0.5;-0.026664235374773214;rich_entry_score;0.502615518744551;0.05030355594102342;relative_geometry_k40;extra_trees_shallow;target_entry_ev_regression;True;False;
S2_fractal0_buffer_0_5_entry_floor_2;E3_open_pullback_1_0atr;M0_no_mask;X2_ml_opposite_any_p0_50;val_eval;0.2;1244;556.8851799776601;212.0943758628187;2.6256480291483535;0.27716302581578883;-0.016885964912280234;5.23779224568716;0.47990353697749194;0.0;{'ML_CLOSE': 863, 'TIME': 302, 'SL': 79};2.0;;2.2800501134509106;0;2.5255250066280266;1.9456618375846464;2;top50;rich_entry_quality;0.5;-0.026664235374773214;rich_entry_score;0.5413402959094865;0.0635048231511254;relative_geometry_k40;extra_trees_shallow;target_entry_ev_regression;True;False;
S2_fractal0_buffer_0_5_entry_floor_2;E3_open_pullback_1_0atr;M0_no_mask;X2_ml_opposite_any_p0_50;val_select;0.2;920;458.5879028482219;144.56944431072577;3.172094248785867;0.34132441145380027;0.016173076923080655;5.024416236381313;0.5195652173913043;0.0;{'ML_CLOSE': 619, 'TIME': 251, 'SL': 50};2.0;;2.7009631841475947;0;3.071383472795247;2.185611788860089;3;top40;rich_entry_quality;0.4;-0.0176588821992611;rich_entry_score;0.4010462074978204;0.05434782608695652;relative_geometry_k40;extra_trees_shallow;target_entry_ev_regression;True;False;
S2_fractal0_buffer_0_5_entry_floor_2;E3_open_pullback_1_0atr;M0_no_mask;X2_ml_opposite_any_p0_50;val_eval;0.2;974;425.15751099995225;169.02927792658016;2.5152891630089336;0.2629653316975073;-0.023722943722932356;4.648474149450237;0.46919917864476385;0.0;{'ML_CLOSE': 680, 'TIME': 232, 'SL': 62};2.0;;2.082898432413468;0;2.400348964515293;1.9724900312145481;2;top40;rich_entry_quality;0.4;-0.0176588821992611;rich_entry_score;0.42384682332463014;0.06365503080082136;relative_geometry_k40;extra_trees_shallow;target_entry_ev_regression;True;False;
S2_fractal0_buffer_0_5_entry_floor_2;E3_open_pullback_1_0atr;M0_no_mask;X2_ml_opposite_any_p0_50;val_select;0.2;693;363.0633590147762;108.32305297836575;3.3516721420996793;0.3675906292011696;0.0274294670846507;5.024416236381299;0.5367965367965368;0.0;{'ML_CLOSE': 462, 'TIME': 195, 'SL': 36};2.0;;2.817354163134849;0;3.2625971117026995;2.1532565227997886;3;top30;rich_entry_quality;0.3;-0.008466064828123124;rich_entry_score;0.3020924149956408;0.05194805194805195;relative_geometry_k40;extra_trees_shallow;target_entry_ev_regression;True;False;
S2_fractal0_buffer_0_5_entry_floor_2;E3_open_pullback_1_0atr;M0_no_mask;X2_ml_opposite_any_p0_50;val_eval;0.2;728;326.6857077077351;122.09533130550624;2.675660929985144;0.2810307368162485;-0.022367216117244487;5.1539966712517185;0.4697802197802198;0.0;{'ML_CLOSE': 506, 'TIME': 179, 'SL': 43};2.0;;2.2269591580095613;0;2.4827502734576843;1.9616395516230531;2;top30;rich_entry_quality;0.3;-0.008466064828123124;rich_entry_score;0.3167972149695387;0.059065934065934064;relative_geometry_k40;extra_trees_shallow;target_entry_ev_regression;True;False;
S2_fractal0_buffer_0_5_entry_floor_2;E3_open_pullback_1_0atr;M0_no_mask;X2_ml_opposite_any_p0_50;val_select;0.2;1169;568.3855753200792;181.97929809685633;3.123352937747692;0.33054429189326157;0.030821917808206912;5.314594155844134;0.5355004277159966;0.0;{'ML_CLOSE': 784, 'TIME': 320, 'SL': 65};2.0;;2.721976137968893;0;2.8562075880065385;2.142524162375586;3;top50;rich_entry_quality;0.5;0.28802810785806043;rich_entry_score;0.509590235396687;0.055603079555175364;relative_geometry_k40;extra_trees_shallow;target_entry_good_0_5r;True;False;
S2_fractal0_buffer_0_5_entry_floor_2;E3_open_pullback_1_0atr;M0_no_mask;X2_ml_opposite_any_p0_50;val_eval;0.2;1098;497.36945021389795;183.86275497217224;2.7051125731754384;0.28552522335312003;-0.010102040816328968;6.249907348820429;0.48633879781420764;0.0;{'ML_CLOSE': 755, 'TIME': 273, 'SL': 70};2.0;;2.307406781699508;0;2.5493755811080425;1.957753594502292;2;top50;rich_entry_quality;0.5;0.28802810785806043;rich_entry_score;0.47780678851174935;0.06375227686703097;relative_geometry_k40;extra_trees_shallow;target_entry_good_0_5r;True;False;
S2_fractal0_buffer_0_5_entry_floor_2;E3_open_pullback_1_0atr;M0_no_mask;X2_ml_opposite_any_p0_50;val_select;0.2;939;455.5951889995928;149.35229587922288;3.0504732874546514;0.326137266368871;0.028735632183907896;4.959782090039823;0.5335463258785943;0.0;{'ML_CLOSE': 626, 'TIME': 259, 'SL': 54};2.0;;2.6184414812933565;0;2.7922973411313774;2.026944830894299;3;top40;rich_entry_quality;0.4;0.29004354034396757;rich_entry_score;0.4093286835222319;0.05750798722044728;relative_geometry_k40;extra_trees_shallow;target_entry_good_0_5r;True;False;
S2_fractal0_buffer_0_5_entry_floor_2;E3_open_pullback_1_0atr;M0_no_mask;X2_ml_opposite_any_p0_50;val_eval;0.2;883;429.935282302014;144.66624688019357;2.9719114967990294;0.32306799028518735;-0.0072916666666837885;5.454351793264863;0.49377123442808607;0.0;{'ML_CLOSE': 599, 'TIME': 233, 'SL': 51};2.0;;2.4237495588586295;0;2.942257607818863;1.9734845936046281;2;top40;rich_entry_quality;0.4;0.29004354034396757;rich_entry_score;0.3842471714534378;0.057757644394110984;relative_geometry_k40;extra_trees_shallow;target_entry_good_0_5r;True;False;
S2_fractal0_buffer_0_5_entry_floor_2;E3_open_pullback_1_0atr;M0_no_mask;X2_ml_opposite_any_p0_50;val_select;0.2;699;331.9107162902218;114.27960357974351;2.9043740605786823;0.3113463701151334;0.025555555555557576;5.052597205440236;0.5236051502145923;0.0;{'ML_CLOSE': 467, 'TIME': 190, 'SL': 42};2.0;;2.47498972097476;0;2.4028306373405854;1.8645305327617667;3;top30;rich_entry_quality;0.3;0.2922458422648306;rich_entry_score;0.3047079337401918;0.060085836909871244;relative_geometry_k40;extra_trees_shallow;target_entry_good_0_5r;True;False;
S2_fractal0_buffer_0_5_entry_floor_2;E3_open_pullback_1_0atr;M0_no_mask;X2_ml_opposite_any_p0_50;val_eval;0.2;640;311.55263566593493;95.7007757832614;3.255487044029033;0.33726853106667737;0.009890109890100873;4.156123735339328;0.5109375;0.0;{'ML_CLOSE': 434, 'TIME': 175, 'SL': 31};2.0;;2.6203447860510334;0;3.08313668447781;1.938416894357673;2;top30;rich_entry_quality;0.3;0.2922458422648306;rich_entry_score;0.278503046127067;0.0484375;relative_geometry_k40;extra_trees_shallow;target_entry_good_0_5r;True;False;
S2_fractal0_buffer_0_5_entry_floor_2;E3_open_pullback_1_0atr;M0_no_mask;X2_ml_opposite_any_p0_50;val_select;0.2;1078;506.6147050118217;147.98173890755862;3.42349474166062;0.3326836420262181;0.01850911974622213;5.897060204622733;0.5213358070500927;0.0;{'ML_CLOSE': 723, 'TIME': 312, 'SL': 43};2.0;;3.046405853481386;0;3.341974176032994;2.149646337664323;3;top50;rich_entry_quality;0.5;0.41949882601744415;rich_entry_score;0.4699215344376635;0.039888682745825604;relative_geometry_k40;extra_trees_shallow;target_entry_avoid_sl;True;False;
S2_fractal0_buffer_0_5_entry_floor_2;E3_open_pullback_1_0atr;M0_no_mask;X2_ml_opposite_any_p0_50;val_eval;0.2;969;430.52164809084235;162.44226624767498;2.6503056010953947;0.2766557088164781;-0.02023809523813075;5.791510239997166;0.4716202270381837;0.0;{'ML_CLOSE': 671, 'TIME': 233, 'SL': 65};2.0;;2.214656544198141;0;2.364959480597766;1.9476205729069094;2;top50;rich_entry_quality;0.5;0.41949882601744415;rich_entry_score;0.4216710182767624;0.06707946336429309;relative_geometry_k40;extra_trees_shallow;target_entry_avoid_sl;True;False;
S2_fractal0_buffer_0_5_entry_floor_2;E3_open_pullback_1_0atr;M0_no_mask;X2_ml_opposite_any_p0_50;val_select;0.2;870;401.4061552424838;118.12387603012434;3.398179679949851;0.3256118151866201;0.00826502732238751;5.1774330786015526;0.5091954022988506;0.0;{'ML_CLOSE': 592, 'TIME': 247, 'SL': 31};2.0;;2.8075100908631097;0;3.344619446157324;2.0095445077858027;3;top40;rich_entry_quality;0.4;0.4221826254454375;rich_entry_score;0.3792502179598954;0.035632183908045977;relative_geometry_k40;extra_trees_shallow;target_entry_avoid_sl;True;False;
S2_fractal0_buffer_0_5_entry_floor_2;E3_open_pullback_1_0atr;M0_no_mask;X2_ml_opposite_any_p0_50;val_eval;0.2;642;330.66441062857757;101.8017458767592;3.248121216200738;0.35648390148258313;0.0006097560975604177;5.166612033726608;0.5;0.0;{'ML_CLOSE': 427, 'TIME': 176, 'SL': 39};2.0;;2.698275577826736;0;2.8214571208148533;1.9169636088982418;2;top40;rich_entry_quality;0.4;0.4221826254454375;rich_entry_score;0.2793733681462141;0.06074766355140187;relative_geometry_k40;extra_trees_shallow;target_entry_avoid_sl;True;False;
S2_fractal0_buffer_0_5_entry_floor_2;E3_open_pullback_1_0atr;M0_no_mask;X2_ml_opposite_any_p0_50;val_select;0.2;651;288.43951721959473;87.50044469942883;3.296434871964457;0.30866216976984007;-0.005555555555571579;4.78761826378674;0.4930875576036866;0.0;{'ML_CLOSE': 446, 'TIME': 185, 'SL': 20};2.0;;2.6978378048223055;0;3.2460305901583;1.9322183585504422;3;top30;rich_entry_quality;0.3;0.42485495920707583;rich_entry_score;0.28378378378378377;0.030721966205837174;relative_geometry_k40;extra_trees_shallow;target_entry_avoid_sl;True;False;
S2_fractal0_buffer_0_5_entry_floor_2;E3_open_pullback_1_0atr;M0_no_mask;X2_ml_opposite_any_p0_50;val_eval;0.2;428;225.8187620652018;68.59515036294444;3.2920514186552556;0.36734488715480706;0.015480849874201265;5.9499566984761145;0.5116822429906542;0.0;{'ML_CLOSE': 278, 'TIME': 123, 'SL': 27};2.0;;2.462498594507369;0;2.866445314081148;1.8647946058699947;2;top30;rich_entry_quality;0.3;0.42485495920707583;rich_entry_score;0.18624891209747607;0.0630841121495327;relative_geometry_k40;extra_trees_shallow;target_entry_avoid_sl;True;False;
S2_fractal0_buffer_0_5_entry_floor_2;E3_open_pullback_1_0atr;M0_no_mask;X2_ml_opposite_any_p0_50;val_select;0.2;1109;524.256324893937;166.63136761031348;3.146204297620424;0.32247516436755946;0.022988505747118478;5.584010835563731;0.5311091073038774;0.0;{'ML_CLOSE': 758, 'TIME': 297, 'SL': 54};2.0;;2.739585899767194;0;2.7804812192802393;1.678344996853202;3;top50;rich_entry_quality;0.5;0.0014964626928903324;rich_entry_score;0.483435047951177;0.04869251577998197;price_action_h1;linear;target_entry_ev_regression;True;False;
S2_fractal0_buffer_0_5_entry_floor_2;E3_open_pullback_1_0atr;M0_no_mask;X2_ml_opposite_any_p0_50;val_eval;0.2;1823;843.1190076622836;297.91166913683924;2.8300972905999706;0.2990714967226793;-0.008333333333325636;6.5681119246338255;0.48875479978058145;0.0;{'ML_CLOSE': 1266, 'TIME': 449, 'SL': 108};2.0;;2.518078622718526;0;2.799438800363373;1.9987571030361224;2;top50;rich_entry_quality;0.5;0.0014964626928903324;rich_entry_score;0.7932985204525674;0.05924300603400987;price_action_h1;linear;target_entry_ev_regression;True;False;
S2_fractal0_buffer_0_5_entry_floor_2;E3_open_pullback_1_0atr;M0_no_mask;X2_ml_opposite_any_p0_50;val_select;0.2;891;431.59644400809947;130.06218684128757;3.3183852623881256;0.338422286382505;0.0333333333333363;5.483084909637711;0.5387205387205387;0.0;{'ML_CLOSE': 601, 'TIME': 251, 'SL': 39};2.0;;2.830143138512735;0;3.3100936243521164;1.522009837524395;3;top40;rich_entry_quality;0.4;0.007048915582069881;rich_entry_score;0.3884045335658239;0.04377104377104377;price_action_h1;linear;target_entry_ev_regression;True;False;
S2_fractal0_buffer_0_5_entry_floor_2;E3_open_pullback_1_0atr;M0_no_mask;X2_ml_opposite_any_p0_50;val_eval;0.2;1677;786.3557898254749;266.5182486093365;2.9504763517267376;0.3099806447323425;-0.0025641025641293977;6.098377625116939;0.4949314251639833;0.0;{'ML_CLOSE': 1165, 'TIME': 416, 'SL': 96};2.0;;2.577846053376875;0;2.82227046898269;1.9999999143802294;2;top40;rich_entry_quality;0.4;0.007048915582069881;rich_entry_score;0.7297650130548303;0.057245080500894455;price_action_h1;linear;target_entry_ev_regression;True;False;
S2_fractal0_buffer_0_5_entry_floor_2;E3_open_pullback_1_0atr;M0_no_mask;X2_ml_opposite_any_p0_50;val_select;0.2;679;334.93404710139146;99.16169705836346;3.3776554560604164;0.34723468342124897;0.04277699859746847;4.3346175883206755;0.540500736377025;0.0;{'ML_CLOSE': 461, 'TIME': 188, 'SL': 30};2.0;;2.7448680902899816;0;3.365545976228406;1.5046040781019687;3;top30;rich_entry_quality;0.3;0.014184579213887827;rich_entry_score;0.2959895379250218;0.044182621502209134;price_action_h1;linear;target_entry_ev_regression;True;False;
S2_fractal0_buffer_0_5_entry_floor_2;E3_open_pullback_1_0atr;M0_no_mask;X2_ml_opposite_any_p0_50;val_eval;0.2;1418;655.8861631724052;227.35171397565938;2.884896496723246;0.3022104719300041;-0.003455910666160858;5.33265316819211;0.4929478138222849;0.0;{'ML_CLOSE': 991, 'TIME': 345, 'SL': 82};2.0;;2.4917846060434385;0;2.793696455815975;1.9995144537324376;2;top30;rich_entry_quality;0.3;0.014184579213887827;rich_entry_score;0.6170583115752829;0.05782792665726375;price_action_h1;linear;target_entry_ev_regression;True;False;
S2_fractal0_buffer_0_5_entry_floor_2;E3_open_pullback_1_0atr;M0_no_mask;X2_ml_opposite_any_p0_50;val_select;0.2;1097;524.4937680381212;161.042567648794;3.2568641676277257;0.3313137651680284;0.0274294670846507;4.483084909637853;0.5350957155879672;0.0;{'ML_CLOSE': 742, 'TIME': 301, 'SL': 54};2.0;;2.819626857634252;0;2.917527604774205;1.9161090193935282;3;top50;rich_entry_quality;0.5;0.2975509267438401;rich_entry_score;0.478204010462075;0.049225159525979945;price_action_h1;linear;target_entry_good_0_5r;True;False;
S2_fractal0_buffer_0_5_entry_floor_2;E3_open_pullback_1_0atr;M0_no_mask;X2_ml_opposite_any_p0_50;val_eval;0.2;1620;740.6689517112878;260.0967473175293;2.8476671059906415;0.29664950888503616;-0.0026971456216967906;6.65180757680767;0.49506172839506174;0.0;{'ML_CLOSE': 1132, 'TIME': 395, 'SL': 93};2.0;;2.541426414499311;0;2.761386289977651;1.9984095576765075;2;top50;rich_entry_quality;0.5;0.2975509267438401;rich_entry_score;0.7049608355091384;0.05740740740740741;price_action_h1;linear;target_entry_good_0_5r;True;False;
S2_fractal0_buffer_0_5_entry_floor_2;E3_open_pullback_1_0atr;M0_no_mask;X2_ml_opposite_any_p0_50;val_select;0.2;870;437.7491803098281;131.0489536079201;3.3403485358571543;0.3525289962090897;0.03207762557077161;4.093008969285165;0.5402298850574713;0.0;{'ML_CLOSE': 579, 'TIME': 245, 'SL': 46};2.0;;2.8718872285102295;0;3.0736311938724046;1.8177763267424305;3;top40;rich_entry_quality;0.4;0.29925071590523056;rich_entry_score;0.3792502179598954;0.052873563218390804;price_action_h1;linear;target_entry_good_0_5r;True;False;
S2_fractal0_buffer_0_5_entry_floor_2;E3_open_pullback_1_0atr;M0_no_mask;X2_ml_opposite_any_p0_50;val_eval;0.2;1458;669.9925980757353;232.99170075693465;2.875607139220361;0.29972626702249694;-0.0042261904761866035;6.074849197023212;0.49314128943758573;0.0;{'ML_CLOSE': 1023, 'TIME': 353, 'SL': 82};2.0;;2.5576400328725577;0;2.8137823096337473;1.9993586101089078;2;top40;rich_entry_quality;0.4;0.29925071590523056;rich_entry_score;0.6344647519582245;0.056241426611796985;price_action_h1;linear;target_entry_good_0_5r;True;False;
S2_fractal0_buffer_0_5_entry_floor_2;E3_open_pullback_1_0atr;M0_no_mask;X2_ml_opposite_any_p0_50;val_select;0.2;645;319.36256224106023;93.29630820860366;3.4230996742871014;0.35049031632939015;0.04083333333333409;3.589379493082589;0.5488372093023256;0.0;{'ML_CLOSE': 435, 'TIME': 180, 'SL': 30};2.0;;2.787427082813002;0;3.3351066289831857;1.614601338293537;3;top30;rich_entry_quality;0.3;0.3008353636009255;rich_entry_score;0.28116826503923276;0.046511627906976744;price_action_h1;linear;target_entry_good_0_5r;True;False;
S2_fractal0_buffer_0_5_entry_floor_2;E3_open_pullback_1_0atr;M0_no_mask;X2_ml_opposite_any_p0_50;val_eval;0.2;1287;600.5379662211408;198.30698192902815;3.0283248747947087;0.31253378732875886;0.0;6.012748737748893;0.4996114996114996;0.0;{'ML_CLOSE': 899, 'TIME': 320, 'SL': 68};2.0;;2.687331778905804;0;2.929224579682126;1.999818627783955;2;top30;rich_entry_quality;0.3;0.3008353636009255;rich_entry_score;0.5600522193211488;0.05283605283605284;price_action_h1;linear;target_entry_good_0_5r;True;False;
S2_fractal0_buffer_0_5_entry_floor_2;E3_open_pullback_1_0atr;M0_no_mask;X2_ml_opposite_any_p0_50;val_select;0.2;1144;551.0738580269198;171.96437135408277;3.2045815867999345;0.33138941142730505;0.022485580389331822;6.165603784283007;0.5332167832167832;0.0;{'ML_CLOSE': 775, 'TIME': 312, 'SL': 57};2.0;;2.7814542586141724;0;3.189636557931409;1.569567838261455;3;top50;rich_entry_quality;0.5;0.43154703364870456;rich_entry_score;0.4986922406277245;0.049825174825174824;price_action_h1;linear;target_entry_avoid_sl;True;False;
S2_fractal0_buffer_0_5_entry_floor_2;E3_open_pullback_1_0atr;M0_no_mask;X2_ml_opposite_any_p0_50;val_eval;0.2;1918;869.8621921624992;322.85470100626605;2.694283804607252;0.28519681499282235;-0.012500000000014597;7.781452690148484;0.48279457768508866;0.0;{'ML_CLOSE': 1334, 'TIME': 465, 'SL': 119};2.0;;2.392966181243755;0;2.6705169975047878;1.9919339253314996;2;top50;rich_entry_quality;0.5;0.43154703364870456;rich_entry_score;0.834638816362054;0.06204379562043796;price_action_h1;linear;target_entry_avoid_sl;True;False;
S2_fractal0_buffer_0_5_entry_floor_2;E3_open_pullback_1_0atr;M0_no_mask;X2_ml_opposite_any_p0_50;val_select;0.2;909;426.24993407502836;137.5056557758396;3.099872013772996;0.3176504711762253;0.020967741935464648;5.156413041884662;0.5236523652365237;0.0;{'ML_CLOSE': 618, 'TIME': 247, 'SL': 44};2.0;;2.6519083361241003;0;2.819078862065356;1.5368896234487268;3;top40;rich_entry_quality;0.4;0.4349061010903613;rich_entry_score;0.3962510897994769;0.0484048404840484;price_action_h1;linear;target_entry_avoid_sl;True;False;
S2_fractal0_buffer_0_5_entry_floor_2;E3_open_pullback_1_0atr;M0_no_mask;X2_ml_opposite_any_p0_50;val_eval;0.2;1567;743.2373329525883;258.5565011101378;2.8745644753136186;0.30930493416876226;-0.006779661016943012;9.122507312725986;0.4894703254626675;0.0;{'ML_CLOSE': 1083, 'TIME': 388, 'SL': 96};2.0;;2.487476643718182;0;2.816272315695908;1.9995091620675134;2;top40;rich_entry_quality;0.4;0.4349061010903613;rich_entry_score;0.6818973020017406;0.0612635609444799;price_action_h1;linear;target_entry_avoid_sl;True;False;
S2_fractal0_buffer_0_5_entry_floor_2;E3_open_pullback_1_0atr;M0_no_mask;X2_ml_opposite_any_p0_50;val_select;0.2;661;303.0721440029239;100.89250342692544;3.0039114275961385;0.3058693503419039;0.024137931034473748;4.775440166053357;0.529500756429652;0.0;{'ML_CLOSE': 454, 'TIME': 172, 'SL': 35};2.0;;2.413629738533466;0;2.473394811725736;1.3981664648297032;3;top30;rich_entry_quality;0.3;0.43768491549608024;rich_entry_score;0.2881429816913688;0.0529500756429652;price_action_h1;linear;target_entry_avoid_sl;True;False;
S2_fractal0_buffer_0_5_entry_floor_2;E3_open_pullback_1_0atr;M0_no_mask;X2_ml_opposite_any_p0_50;val_eval;0.2;1021;481.61925971356936;184.1461630952937;2.615418380801866;0.29135464898949626;-0.016666666666651165;7.801053583003977;0.47992164544564153;0.0;{'ML_CLOSE': 701, 'TIME': 246, 'SL': 74};2.0;;2.2845909425081095;0;2.4215218462404544;1.952458521187977;2;top30;rich_entry_quality;0.3;0.43768491549608024;rich_entry_score;0.4442993907745866;0.07247796278158668;price_action_h1;linear;target_entry_avoid_sl;True;False;
S2_fractal0_buffer_0_5_entry_floor_2;E3_open_pullback_1_0atr;M0_no_mask;X2_ml_opposite_any_p0_50;val_select;0.2;1176;566.6993213812171;174.90450558386374;3.2400498745842454;0.33315885697053854;0.021030745967740534;6.2478260910210395;0.5314625850340136;0.0;{'ML_CLOSE': 774, 'TIME': 341, 'SL': 61};2.0;;2.750354889089028;0;3.0988458982912293;2.407854945878702;3;top50;rich_entry_quality;0.5;-0.03509913305018809;rich_entry_score;0.5126416739319966;0.05187074829931973;price_action_h1;hist_gradient_boosting;target_entry_ev_regression;True;False;
S2_fractal0_buffer_0_5_entry_floor_2;E3_open_pullback_1_0atr;M0_no_mask;X2_ml_opposite_any_p0_50;val_eval;0.2;1036;418.3624114534465;186.09147996791813;2.248154571749182;0.2241997408161471;-0.027703488372096026;6.965629217332008;0.4584942084942085;0.0;{'ML_CLOSE': 743, 'TIME': 222, 'SL': 71};2.0;;1.8991876498744993;0;2.233175639127166;1.9655998712747151;2;top50;rich_entry_quality;0.5;-0.03509913305018809;rich_entry_score;0.45082680591818974;0.06853281853281853;price_action_h1;hist_gradient_boosting;target_entry_ev_regression;True;False;
S2_fractal0_buffer_0_5_entry_floor_2;E3_open_pullback_1_0atr;M0_no_mask;X2_ml_opposite_any_p0_50;val_select;0.2;919;466.977686962038;128.24814762560283;3.6412041468645184;0.3685849176675029;0.03486842105262968;5.94623878943375;0.5495103373231773;0.0;{'ML_CLOSE': 593, 'TIME': 284, 'SL': 42};2.0;;3.0800007773189324;0;3.4221680829557912;2.429123156301218;3;top40;rich_entry_quality;0.4;-0.028149646240915854;rich_entry_score;0.4006102877070619;0.04570184983677911;price_action_h1;hist_gradient_boosting;target_entry_ev_regression;True;False;
S2_fractal0_buffer_0_5_entry_floor_2;E3_open_pullback_1_0atr;M0_no_mask;X2_ml_opposite_any_p0_50;val_eval;0.2;841;352.73094380203986;147.3354988888267;2.394066239719975;0.24422763961143065;-0.024137931034460523;6.982179333882144;0.46730083234244946;0.0;{'ML_CLOSE': 605, 'TIME': 180, 'SL': 56};2.0;;2.0072549921392824;0;2.3368854036208115;1.9680122038431687;2;top40;rich_entry_quality;0.4;-0.028149646240915854;rich_entry_score;0.365970409051349;0.06658739595719382;price_action_h1;hist_gradient_boosting;target_entry_ev_regression;True;False;
S2_fractal0_buffer_0_5_entry_floor_2;E3_open_pullback_1_0atr;M0_no_mask;X2_ml_opposite_any_p0_50;val_select;0.2;785;394.65367690434584;108.80525834079594;3.627156287504283;0.3641381128198088;0.04242424242423741;5.297349900544845;0.5528662420382165;0.0;{'ML_CLOSE': 505, 'TIME': 245, 'SL': 35};2.0;;3.135786597914431;0;3.3302876737097695;2.4509701507987254;3;top30;rich_entry_quality;0.3;-0.0266681937476928;rich_entry_score;0.3421970357454228;0.044585987261146494;price_action_h1;hist_gradient_boosting;target_entry_ev_regression;True;False;
S2_fractal0_buffer_0_5_entry_floor_2;E3_open_pullback_1_0atr;M0_no_mask;X2_ml_opposite_any_p0_50;val_eval;0.2;800;329.82549034730295;139.11359876799702;2.3709076126868127;0.23838986447413243;-0.024873843566012896;6.982179333882129;0.46625;0.0;{'ML_CLOSE': 576, 'TIME': 172, 'SL': 52};2.0;;1.9383386499218218;0;2.319113336773218;1.9865228778528072;2;top30;rich_entry_quality;0.3;-0.0266681937476928;rich_entry_score;0.34812880765883375;0.065;price_action_h1;hist_gradient_boosting;target_entry_ev_regression;True;False;
S2_fractal0_buffer_0_5_entry_floor_2;E3_open_pullback_1_0atr;M0_no_mask;X2_ml_opposite_any_p0_50;val_select;0.2;1160;571.1844792603574;181.17396429994628;3.1526852186924677;0.3362159611727683;0.01581250000000211;5.348952082132399;0.5241379310344828;0.0;{'ML_CLOSE': 759, 'TIME': 337, 'SL': 64};2.0;;2.7512317038697116;0;3.06256529894623;2.4018406061728435;3;top50;rich_entry_quality;0.5;0.2897036978145333;rich_entry_score;0.5056669572798606;0.05517241379310345;price_action_h1;hist_gradient_boosting;target_entry_good_0_5r;True;False;
S2_fractal0_buffer_0_5_entry_floor_2;E3_open_pullback_1_0atr;M0_no_mask;X2_ml_opposite_any_p0_50;val_eval;0.2;1086;483.2832662089786;198.71069741352903;2.432094862025655;0.26203735616523904;-0.028033088235297078;5.311172743875559;0.46593001841620624;0.0;{'ML_CLOSE': 760, 'TIME': 253, 'SL': 73};2.0;;2.089186838707959;0;2.2917709238619506;1.956726251357786;2;top50;rich_entry_quality;0.5;0.2897036978145333;rich_entry_score;0.4725848563968668;0.06721915285451197;price_action_h1;hist_gradient_boosting;target_entry_good_0_5r;True;False;
S2_fractal0_buffer_0_5_entry_floor_2;E3_open_pullback_1_0atr;M0_no_mask;X2_ml_opposite_any_p0_50;val_select;0.2;918;437.76252158379356;141.40088354656604;3.0958966493277247;0.32283402836299296;0.017494312956768395;5.760034351761249;0.528322440087146;0.0;{'ML_CLOSE': 591, 'TIME': 274, 'SL': 53};2.0;;2.6499714690311325;0;2.9782947820427546;2.447036213291671;3;top40;rich_entry_quality;0.4;0.29225750608251294;rich_entry_score;0.4001743679163034;0.05773420479302832;price_action_h1;hist_gradient_boosting;target_entry_good_0_5r;True;False;
S2_fractal0_buffer_0_5_entry_floor_2;E3_open_pullback_1_0atr;M0_no_mask;X2_ml_opposite_any_p0_50;val_eval;0.2;981;442.51475574311166;178.30710425251362;2.4817561678105347;0.2693248231300693;-0.03249999999999886;5.158826979409241;0.4617737003058104;0.0;{'ML_CLOSE': 689, 'TIME': 227, 'SL': 65};2.0;;2.1213746657340717;0;2.290682054598504;1.9767901556258303;2;top40;rich_entry_quality;0.4;0.29225750608251294;rich_entry_score;0.42689295039164493;0.06625891946992865;price_action_h1;hist_gradient_boosting;target_entry_good_0_5r;True;False;
S2_fractal0_buffer_0_5_entry_floor_2;E3_open_pullback_1_0atr;M0_no_mask;X2_ml_opposite_any_p0_50;val_select;0.2;748;364.9650335789205;115.50609671499211;3.159703634341146;0.3335012524918829;0.025903225806448497;4.701288617756745;0.5401069518716578;0.0;{'ML_CLOSE': 484, 'TIME': 220, 'SL': 44};2.0;;2.6578694912064544;0;3.055495210752768;2.386885278847707;3;top30;rich_entry_quality;0.3;0.2938409901604875;rich_entry_score;0.3260680034873583;0.058823529411764705;price_action_h1;hist_gradient_boosting;target_entry_good_0_5r;True;False;
S2_fractal0_buffer_0_5_entry_floor_2;E3_open_pullback_1_0atr;M0_no_mask;X2_ml_opposite_any_p0_50;val_eval;0.2;836;368.00456806763225;157.5572279788364;2.3356882625344473;0.25173126804879886;-0.03703807390817382;5.906877316164037;0.45095693779904306;0.0;{'ML_CLOSE': 593, 'TIME': 184, 'SL': 59};2.0;;1.9143990399539497;0;2.1793416123092024;1.9877011550255788;2;top30;rich_entry_quality;0.3;0.2938409901604875;rich_entry_score;0.3637946040034813;0.07057416267942583;price_action_h1;hist_gradient_boosting;target_entry_good_0_5r;True;False;
S2_fractal0_buffer_0_5_entry_floor_2;E3_open_pullback_1_0atr;M0_no_mask;X2_ml_opposite_any_p0_50;val_select;0.2;1333;669.4159922174255;191.29025361252988;3.4994777808877213;0.3586839749474086;0.016000000000000607;5.027579217437307;0.5273818454613654;0.0;{'ML_CLOSE': 888, 'TIME': 381, 'SL': 64};2.0;;3.098626724494784;0;3.3506665081711806;2.303781632717;3;top50;rich_entry_quality;0.5;0.42028914105223897;rich_entry_score;0.581081081081081;0.04801200300075019;price_action_h1;hist_gradient_boosting;target_entry_avoid_sl;True;False;
S2_fractal0_buffer_0_5_entry_floor_2;E3_open_pullback_1_0atr;M0_no_mask;X2_ml_opposite_any_p0_50;val_eval;0.2;1108;460.6459056339115;205.62741201307702;2.2401969714262435;0.2301610953256629;-0.032583417593534086;6.385112224121585;0.4602888086642599;0.0;{'ML_CLOSE': 780, 'TIME': 247, 'SL': 81};2.0;;1.9148903809278304;0;2.1598680591455888;1.9622002353169632;2;top50;rich_entry_quality;0.5;0.42028914105223897;rich_entry_score;0.4821583986074848;0.07310469314079422;price_action_h1;hist_gradient_boosting;target_entry_avoid_sl;True;False;
S2_fractal0_buffer_0_5_entry_floor_2;E3_open_pullback_1_0atr;M0_no_mask;X2_ml_opposite_any_p0_50;val_select;0.2;940;477.2247711752027;134.08748475880728;3.5590552841946503;0.3650396664004206;0.026666666666654813;6.963878187073121;0.5425531914893617;0.0;{'ML_CLOSE': 621, 'TIME': 274, 'SL': 45};2.0;;3.1136396152156105;0;3.34643315043075;2.278809999564194;3;top40;rich_entry_quality;0.4;0.42278933149495024;rich_entry_score;0.4097646033129904;0.047872340425531915;price_action_h1;hist_gradient_boosting;target_entry_avoid_sl;True;False;
S2_fractal0_buffer_0_5_entry_floor_2;E3_open_pullback_1_0atr;M0_no_mask;X2_ml_opposite_any_p0_50;val_eval;0.2;883;376.8656552126572;162.4677377448595;2.3196337958769986;0.24280624854790234;-0.036842105263153645;7.5706024596837835;0.4575311438278596;0.0;{'ML_CLOSE': 625, 'TIME': 195, 'SL': 63};2.0;;1.9431773856557712;0;2.154030081319835;1.9953998045672545;2;top40;rich_entry_quality;0.4;0.42278933149495024;rich_entry_score;0.3842471714534378;0.07134767836919592;price_action_h1;hist_gradient_boosting;target_entry_avoid_sl;True;False;
S2_fractal0_buffer_0_5_entry_floor_2;E3_open_pullback_1_0atr;M0_no_mask;X2_ml_opposite_any_p0_50;val_select;0.2;722;377.69230195589614;101.47886484818059;3.7218814234959168;0.3825670874068082;0.04002450980391517;5.903486030210416;0.5581717451523546;0.0;{'ML_CLOSE': 471, 'TIME': 213, 'SL': 38};2.0;;3.145579644013273;0;3.4440749947297755;2.0696007762875444;3;top30;rich_entry_quality;0.3;0.4255279938520499;rich_entry_score;0.3147340889276373;0.05263157894736842;price_action_h1;hist_gradient_boosting;target_entry_avoid_sl;True;False;
S2_fractal0_buffer_0_5_entry_floor_2;E3_open_pullback_1_0atr;M0_no_mask;X2_ml_opposite_any_p0_50;val_eval;0.2;799;348.59611054793925;145.2930310691783;2.3992624283676918;0.25444690798343045;-0.02794117647059645;8.796269430880784;0.46307884856070086;0.0;{'ML_CLOSE': 564, 'TIME': 178, 'SL': 57};2.0;;2.0125559896852634;0;2.2470618149306323;1.9998218131652499;2;top30;rich_entry_quality;0.3;0.4255279938520499;rich_entry_score;0.3476936466492602;0.07133917396745933;price_action_h1;hist_gradient_boosting;target_entry_avoid_sl;True;False;
S2_fractal0_buffer_0_5_entry_floor_2;E3_open_pullback_1_0atr;M0_no_mask;X2_ml_opposite_any_p0_50;val_select;0.2;1133;605.764491254246;163.05233593457262;3.7151537129607193;0.39074329683995884;0.0333333333333363;8.009272992651802;0.5436893203883495;0.0;{'ML_CLOSE': 754, 'TIME': 326, 'SL': 53};2.0;;3.2015331488812238;0;3.527074657815564;2.057336676021962;3;top50;rich_entry_quality;0.5;-0.013568606386671516;rich_entry_score;0.493897122929381;0.04677846425419241;price_action_h1;extra_trees_shallow;target_entry_ev_regression;True;False;
S2_fractal0_buffer_0_5_entry_floor_2;E3_open_pullback_1_0atr;M0_no_mask;X2_ml_opposite_any_p0_50;val_eval;0.2;1456;654.3187859016873;245.99477193958177;2.659888991715617;0.2804423172816659;-0.02516119988786486;6.856851903361445;0.4649725274725275;0.0;{'ML_CLOSE': 1035, 'TIME': 336, 'SL': 85};2.0;;2.3345775036073886;0;2.510531600121514;1.9971209091353184;2;top50;rich_entry_quality;0.5;-0.013568606386671516;rich_entry_score;0.6335944299390774;0.05837912087912088;price_action_h1;extra_trees_shallow;target_entry_ev_regression;True;False;
S2_fractal0_buffer_0_5_entry_floor_2;E3_open_pullback_1_0atr;M0_no_mask;X2_ml_opposite_any_p0_50;val_select;0.2;905;498.5868579792338;127.51680757382218;3.9099697323475677;0.41002215514410123;0.04083333333333409;5.024416236381299;0.5469613259668509;0.0;{'ML_CLOSE': 610, 'TIME': 256, 'SL': 39};2.0;;3.3223675954964564;0;3.6413863116469076;1.8794855647732114;3;top40;rich_entry_quality;0.4;-0.0003944289707666913;rich_entry_score;0.3945074106364429;0.0430939226519337;price_action_h1;extra_trees_shallow;target_entry_ev_regression;True;False;
S2_fractal0_buffer_0_5_entry_floor_2;E3_open_pullback_1_0atr;M0_no_mask;X2_ml_opposite_any_p0_50;val_eval;0.2;1288;575.8838405619531;216.57543153426656;2.659045102587441;0.27896615607739633;-0.020721526535461072;7.604612898815844;0.4658385093167702;0.0;{'ML_CLOSE': 916, 'TIME': 296, 'SL': 76};2.0;;2.297954837050887;0;2.485535630961966;1.9998461630053106;2;top40;rich_entry_quality;0.4;-0.0003944289707666913;rich_entry_score;0.5604873803307223;0.059006211180124224;price_action_h1;extra_trees_shallow;target_entry_ev_regression;True;False;
S2_fractal0_buffer_0_5_entry_floor_2;E3_open_pullback_1_0atr;M0_no_mask;X2_ml_opposite_any_p0_50;val_select;0.2;696;343.98446744520857;100.77545689249638;3.4133754194948356;0.34943823355274745;0.02903700588729726;5.024416236381317;0.5272988505747126;0.0;{'ML_CLOSE': 487, 'TIME': 181, 'SL': 28};2.0;;2.8707776716140154;0;3.3390094870049545;1.4536607649277653;3;top30;rich_entry_quality;0.3;0.0460563693105873;rich_entry_score;0.30340017436791633;0.040229885057471264;price_action_h1;extra_trees_shallow;target_entry_ev_regression;True;False;
S2_fractal0_buffer_0_5_entry_floor_2;E3_open_pullback_1_0atr;M0_no_mask;X2_ml_opposite_any_p0_50;val_eval;0.2;1019;453.73073005874267;173.2652260038642;2.618706248930893;0.2752360196809406;-0.024137931034460523;6.935184567684573;0.465161923454367;0.0;{'ML_CLOSE': 727, 'TIME': 230, 'SL': 62};2.0;;2.2107482037836785;0;2.3574127833624656;1.9883463138468167;2;top30;rich_entry_quality;0.3;0.0460563693105873;rich_entry_score;0.4434290687554395;0.06084396467124632;price_action_h1;extra_trees_shallow;target_entry_ev_regression;True;False;
S2_fractal0_buffer_0_5_entry_floor_2;E3_open_pullback_1_0atr;M0_no_mask;X2_ml_opposite_any_p0_50;val_select;0.2;1120;593.1204588921598;168.05451796616478;3.5293336119150074;0.379523161541067;0.027681992337164917;6.989808595841083;0.5401785714285714;0.0;{'ML_CLOSE': 751, 'TIME': 309, 'SL': 60};2.0;;3.098052076777674;0;3.476536326919076;1.8833034145404095;3;top50;rich_entry_quality;0.5;0.287382682195254;rich_entry_score;0.4882301656495205;0.05357142857142857;price_action_h1;extra_trees_shallow;target_entry_good_0_5r;True;False;
S2_fractal0_buffer_0_5_entry_floor_2;E3_open_pullback_1_0atr;M0_no_mask;X2_ml_opposite_any_p0_50;val_eval;0.2;1336;603.2933527220393;229.02003597236;2.6342383108997924;0.28014469816592774;-0.02058416389812546;5.58864558005439;0.47305389221556887;0.0;{'ML_CLOSE': 933, 'TIME': 316, 'SL': 87};2.0;;2.2885224773530424;0;2.4901386791005695;1.9309299572453653;2;top50;rich_entry_quality;0.5;0.287382682195254;rich_entry_score;0.5813751087902524;0.06511976047904192;price_action_h1;extra_trees_shallow;target_entry_good_0_5r;True;False;
S2_fractal0_buffer_0_5_entry_floor_2;E3_open_pullback_1_0atr;M0_no_mask;X2_ml_opposite_any_p0_50;val_select;0.2;908;489.9691815337974;137.4755944649662;3.564044828761656;0.3882087963313119;0.04002450980391517;7.09931404235175;0.5451541850220264;0.0;{'ML_CLOSE': 602, 'TIME': 258, 'SL': 48};2.0;;3.0404154946189386;0;3.4136709493248243;1.8618584582963904;3;top40;rich_entry_quality;0.4;0.2905370356993808;rich_entry_score;0.3958151700087184;0.05286343612334802;price_action_h1;extra_trees_shallow;target_entry_good_0_5r;True;False;
S2_fractal0_buffer_0_5_entry_floor_2;E3_open_pullback_1_0atr;M0_no_mask;X2_ml_opposite_any_p0_50;val_eval;0.2;1149;518.6138334054024;195.08140352634737;2.6584483401840977;0.2815773976319017;-0.019680851063836123;5.58864558005439;0.4751958224543081;0.0;{'ML_CLOSE': 813, 'TIME': 267, 'SL': 69};2.0;;2.2435091047264497;0;2.612617347761385;1.941908414743682;2;top40;rich_entry_quality;0.4;0.2905370356993808;rich_entry_score;0.5;0.06005221932114883;price_action_h1;extra_trees_shallow;target_entry_good_0_5r;True;False;
S2_fractal0_buffer_0_5_entry_floor_2;E3_open_pullback_1_0atr;M0_no_mask;X2_ml_opposite_any_p0_50;val_select;0.2;681;347.8163605575911;99.36065422807565;3.5005441868287446;0.36483951002865705;0.03802083333333419;5.024416236381327;0.5389133627019089;0.0;{'ML_CLOSE': 472, 'TIME': 181, 'SL': 28};2.0;;2.8569083568096345;0;3.4484848668001877;1.4109821029540026;3;top30;rich_entry_quality;0.3;0.29587946348834204;rich_entry_score;0.2968613775065388;0.041116005873715125;price_action_h1;extra_trees_shallow;target_entry_good_0_5r;True;False;
S2_fractal0_buffer_0_5_entry_floor_2;E3_open_pullback_1_0atr;M0_no_mask;X2_ml_opposite_any_p0_50;val_eval;0.2;844;381.8900409469335;144.84611441208094;2.6365225087120585;0.2808577328611997;-0.02058416389812546;5.370493445803181;0.46919431279620855;0.0;{'ML_CLOSE': 599, 'TIME': 192, 'SL': 53};2.0;;2.1910073152102916;0;2.431977096062683;1.8935387022470633;2;top30;rich_entry_quality;0.3;0.29587946348834204;rich_entry_score;0.3672758920800696;0.06279620853080568;price_action_h1;extra_trees_shallow;target_entry_good_0_5r;True;False;
S2_fractal0_buffer_0_5_entry_floor_2;E3_open_pullback_1_0atr;M0_no_mask;X2_ml_opposite_any_p0_50;val_select;0.2;1128;600.8915638578524;172.02269427936596;3.493094712735987;0.38020289856248796;0.024846743295015662;6.043909482462155;0.5363475177304965;0.0;{'ML_CLOSE': 752, 'TIME': 320, 'SL': 56};2.0;;3.0492895390222325;0;3.3831315181541695;1.700834529752594;3;top50;rich_entry_quality;0.5;0.4196898709771809;rich_entry_score;0.4917175239755885;0.04964539007092199;price_action_h1;extra_trees_shallow;target_entry_avoid_sl;True;False;
S2_fractal0_buffer_0_5_entry_floor_2;E3_open_pullback_1_0atr;M0_no_mask;X2_ml_opposite_any_p0_50;val_eval;0.2;1525;635.8665105407821;260.960537630222;2.436638567329277;0.24583998223643283;-0.020512820512801976;7.012592773513973;0.4695081967213115;0.0;{'ML_CLOSE': 1081, 'TIME': 353, 'SL': 91};2.0;;2.094199070196588;0;2.3687695946195984;1.985482396369772;2;top50;rich_entry_quality;0.5;0.4196898709771809;rich_entry_score;0.6636205395996518;0.05967213114754098;price_action_h1;extra_trees_shallow;target_entry_avoid_sl;True;False;
S2_fractal0_buffer_0_5_entry_floor_2;E3_open_pullback_1_0atr;M0_no_mask;X2_ml_opposite_any_p0_50;val_select;0.2;881;469.545072390588;136.90036799136269;3.42983060805368;0.37757628195144755;0.03064516129031282;6.275781664615771;0.5391600454029511;0.0;{'ML_CLOSE': 592, 'TIME': 242, 'SL': 47};2.0;;2.9007560898582367;0;3.3776807991649607;1.5056587372490438;3;top40;rich_entry_quality;0.4;0.4224756350800628;rich_entry_score;0.3840453356582389;0.053348467650397274;price_action_h1;extra_trees_shallow;target_entry_avoid_sl;True;False;
S2_fractal0_buffer_0_5_entry_floor_2;E3_open_pullback_1_0atr;M0_no_mask;X2_ml_opposite_any_p0_50;val_eval;0.2;1345;549.9178170410516;230.4833931532361;2.385932493953873;0.2374977129277438;-0.022115384615408035;7.36554728632143;0.4661710037174721;0.0;{'ML_CLOSE': 963, 'TIME': 303, 'SL': 79};2.0;;2.1026105194445113;0;2.3238596591698144;1.991166045011468;2;top40;rich_entry_quality;0.4;0.4224756350800628;rich_entry_score;0.5852915578764143;0.058736059479553904;price_action_h1;extra_trees_shallow;target_entry_avoid_sl;True;False;
S2_fractal0_buffer_0_5_entry_floor_2;E3_open_pullback_1_0atr;M0_no_mask;X2_ml_opposite_any_p0_50;val_select;0.2;654;359.03099540367737;101.74540305428445;3.5287195748010625;0.39340304640579954;0.04548742991498954;5.0549040412593484;0.5474006116207951;0.0;{'ML_CLOSE': 434, 'TIME': 185, 'SL': 35};2.0000000000000036;;3.004354241514661;1;2.3953127119215862;1.2358658139631944;3;top30;rich_entry_quality;0.3;0.42735271096141647;rich_entry_score;0.2850915431560593;0.053516819571865444;price_action_h1;extra_trees_shallow;target_entry_avoid_sl;True;False;
S2_fractal0_buffer_0_5_entry_floor_2;E3_open_pullback_1_0atr;M0_no_mask;X2_ml_opposite_any_p0_50;val_eval;0.2;1056;419.6137430916086;177.588771940235;2.3628393760886173;0.22919031359031591;-0.027432126696839094;8.489673160447254;0.45928030303030304;0.0;{'ML_CLOSE': 761, 'TIME': 237, 'SL': 58};2.0;;2.0616365927394398;0;2.0578266420257614;1.985780960506635;2;top30;rich_entry_quality;0.3;0.42735271096141647;rich_entry_score;0.4595300261096606;0.054924242424242424;price_action_h1;extra_trees_shallow;target_entry_avoid_sl;True;False;
S2_fractal0_buffer_0_5_entry_floor_2;E3_open_pullback_1_0atr;M0_no_mask;X2_ml_opposite_any_p0_50;val_select;0.2;1083;548.6075012762524;135.37509823339673;4.052499377178012;0.38156269902387413;0.03701298701298266;4.092773830057261;0.5503231763619575;0.0;{'ML_CLOSE': 727, 'TIME': 317, 'SL': 39};2.0;;3.5705293847148467;0;3.893826356959648;2.2847905966344206;3;top50;rich_entry_quality;0.5;-0.029061965009004223;rich_entry_score;0.472101133391456;0.036011080332409975;movement_plus_time;linear;target_entry_ev_regression;True;False;
S2_fractal0_buffer_0_5_entry_floor_2;E3_open_pullback_1_0atr;M0_no_mask;X2_ml_opposite_any_p0_50;val_eval;0.2;1332;608.9806407513493;186.2911976748831;3.268971633400238;0.31733441672407375;0.0036041189931167905;5.690029033643782;0.5052552552552553;0.0;{'ML_CLOSE': 941, 'TIME': 340, 'SL': 51};2.0;;2.7997752110222898;0;3.0703823692454613;1.8718223204130808;2;top50;rich_entry_quality;0.5;-0.029061965009004223;rich_entry_score;0.5796344647519582;0.038288288288288286;movement_plus_time;linear;target_entry_ev_regression;True;False;
S2_fractal0_buffer_0_5_entry_floor_2;E3_open_pullback_1_0atr;M0_no_mask;X2_ml_opposite_any_p0_50;val_select;0.2;840;413.1037059004591;103.05214321113489;4.008686214842573;0.36910900320157647;0.0358591657099335;4.098095117137277;0.5523809523809524;0.0;{'ML_CLOSE': 567, 'TIME': 243, 'SL': 30};2.0;;3.406147252494306;0;3.7727837230487653;2.359664443270662;3;top40;rich_entry_quality;0.4;-0.012286362195811487;rich_entry_score;0.36617262423714037;0.03571428571428571;movement_plus_time;linear;target_entry_ev_regression;True;False;
S2_fractal0_buffer_0_5_entry_floor_2;E3_open_pullback_1_0atr;M0_no_mask;X2_ml_opposite_any_p0_50;val_eval;0.2;1111;490.0375757128491;150.43238446196017;3.257527143942632;0.305675239649765;0.0039473684210191715;5.052283796865993;0.504950495049505;0.0;{'ML_CLOSE': 788, 'TIME': 282, 'SL': 41};2.0;;2.7968166486730572;0;3.1778343728425793;1.7660641577055638;2;top40;rich_entry_quality;0.4;-0.012286362195811487;rich_entry_score;0.4834638816362054;0.0369036903690369;movement_plus_time;linear;target_entry_ev_regression;True;False;
S2_fractal0_buffer_0_5_entry_floor_2;E3_open_pullback_1_0atr;M0_no_mask;X2_ml_opposite_any_p0_50;val_select;0.2;630;305.5733554378389;76.60243136478424;3.989081677873706;0.363445911227071;0.037516910173158426;2.739780098822237;0.5555555555555556;0.0;{'ML_CLOSE': 431, 'TIME': 176, 'SL': 23};2.0;;3.257628677165803;0;3.7916854011991723;2.396974690666623;3;top30;rich_entry_quality;0.3;0.001985065371455208;rich_entry_score;0.2746294681778553;0.03650793650793651;movement_plus_time;linear;target_entry_ev_regression;True;False;
S2_fractal0_buffer_0_5_entry_floor_2;E3_open_pullback_1_0atr;M0_no_mask;X2_ml_opposite_any_p0_50;val_eval;0.2;885;385.9504513753022;117.64938465259098;3.2805139824146323;0.30316504714430637;0.005128205128200494;5.7081061683563235;0.5073446327683616;0.0;{'ML_CLOSE': 632, 'TIME': 223, 'SL': 30};2.0;;2.7694791169210284;0;3.2219181579416545;1.694922280002557;2;top30;rich_entry_quality;0.3;0.001985065371455208;rich_entry_score;0.38511749347258484;0.03389830508474576;movement_plus_time;linear;target_entry_ev_regression;True;False;
S2_fractal0_buffer_0_5_entry_floor_2;E3_open_pullback_1_0atr;M0_no_mask;X2_ml_opposite_any_p0_50;val_select;0.2;1074;532.5522986195224;137.55638873976787;3.871519916294228;0.367780176796792;0.02429118773946061;4.822527771566797;0.5335195530726257;0.0;{'ML_CLOSE': 733, 'TIME': 301, 'SL': 40};2.0;;3.3722847688340907;0;3.7163673483477906;2.271389883151637;3;top50;rich_entry_quality;0.5;0.28948160643031445;rich_entry_score;0.46817785527462946;0.037243947858473;movement_plus_time;linear;target_entry_good_0_5r;True;False;
S2_fractal0_buffer_0_5_entry_floor_2;E3_open_pullback_1_0atr;M0_no_mask;X2_ml_opposite_any_p0_50;val_eval;0.2;1234;547.6313348954457;167.70359659381006;3.2654716178916985;0.3078830942476787;0.0036041189931167905;5.946687105611375;0.5048622366288493;0.0;{'ML_CLOSE': 875, 'TIME': 317, 'SL': 42};2.0;;2.8126827326558828;0;3.0489555904833905;1.9207534028134698;2;top50;rich_entry_quality;0.5;0.28948160643031445;rich_entry_score;0.5369886858137511;0.03403565640194489;movement_plus_time;linear;target_entry_good_0_5r;True;False;
S2_fractal0_buffer_0_5_entry_floor_2;E3_open_pullback_1_0atr;M0_no_mask;X2_ml_opposite_any_p0_50;val_select;0.2;841;417.91407458932474;103.94991194071082;4.020340823642905;0.37332242883307243;0.036792452830176986;4.577615677222369;0.5469678953626635;0.0;{'ML_CLOSE': 568, 'TIME': 242, 'SL': 31};2.0;;3.4528777404873368;0;3.8110685831779256;2.4031139157504215;3;top40;rich_entry_quality;0.4;0.2939720202631636;rich_entry_score;0.3666085440278989;0.036860879904875146;movement_plus_time;linear;target_entry_good_0_5r;True;False;
S2_fractal0_buffer_0_5_entry_floor_2;E3_open_pullback_1_0atr;M0_no_mask;X2_ml_opposite_any_p0_50;val_eval;0.2;997;427.772419570069;131.6386098682826;3.249596907762073;0.2970248843548509;0.001960784313723698;5.662087796161302;0.5015045135406219;0.0;{'ML_CLOSE': 713, 'TIME': 253, 'SL': 31};2.0;;2.7500945368498737;0;3.088478445650076;1.8594036609544655;2;top40;rich_entry_quality;0.4;0.2939720202631636;rich_entry_score;0.43385552654482157;0.031093279839518557;movement_plus_time;linear;target_entry_good_0_5r;True;False;
S2_fractal0_buffer_0_5_entry_floor_2;E3_open_pullback_1_0atr;M0_no_mask;X2_ml_opposite_any_p0_50;val_select;0.2;598;305.4668551948054;73.56648461731922;4.1522557015439014;0.38779326183526125;0.03690271992157983;4.340533503738783;0.5501672240802675;0.0;{'ML_CLOSE': 401, 'TIME': 174, 'SL': 23};2.0;;3.3506049095316786;0;3.8855299332596656;2.350400932375564;3;top30;rich_entry_quality;0.3;0.2984043375036481;rich_entry_score;0.26068003487358327;0.038461538461538464;movement_plus_time;linear;target_entry_good_0_5r;True;False;
S2_fractal0_buffer_0_5_entry_floor_2;E3_open_pullback_1_0atr;M0_no_mask;X2_ml_opposite_any_p0_50;val_eval;0.2;785;341.78523424468113;96.37201462230448;3.5465195532560534;0.31262830525143526;0.012222222222211107;4.36946090636544;0.510828025477707;0.0;{'ML_CLOSE': 560, 'TIME': 206, 'SL': 19};2.0;;3.0670823336627984;0;3.4042474856688494;1.7796741049830638;2;top30;rich_entry_quality;0.3;0.2984043375036481;rich_entry_score;0.34160139251523064;0.024203821656050957;movement_plus_time;linear;target_entry_good_0_5r;True;False;
S2_fractal0_buffer_0_5_entry_floor_2;E3_open_pullback_1_0atr;M0_no_mask;X2_ml_opposite_any_p0_50;val_select;0.2;1041;528.3093602392696;141.73536632088457;3.7274349652661374;0.37134869732793946;0.028703703703698773;6.278290323935179;0.5369836695485111;0.0;{'ML_CLOSE': 695, 'TIME': 300, 'SL': 46};2.0;;3.2997856721689858;0;3.6305525184459544;2.141602912904776;3;top50;rich_entry_quality;0.5;0.419913250356875;rich_entry_score;0.45379250217959893;0.04418828049951969;movement_plus_time;linear;target_entry_avoid_sl;True;False;
S2_fractal0_buffer_0_5_entry_floor_2;E3_open_pullback_1_0atr;M0_no_mask;X2_ml_opposite_any_p0_50;val_eval;0.2;1190;505.9005119862652;165.51255422791132;3.0565688164635447;0.2860403006372721;-0.0042261904761866035;6.203542325618827;0.49327731092436977;0.0;{'ML_CLOSE': 852, 'TIME': 301, 'SL': 37};2.0;;2.6109712543337245;0;3.046455811238549;1.8415410869009636;2;top50;rich_entry_quality;0.5;0.419913250356875;rich_entry_score;0.5178416013925152;0.031092436974789917;movement_plus_time;linear;target_entry_avoid_sl;True;False;
S2_fractal0_buffer_0_5_entry_floor_2;E3_open_pullback_1_0atr;M0_no_mask;X2_ml_opposite_any_p0_50;val_select;0.2;805;402.5571468177758;109.54771118108155;3.6747198319127983;0.363986876567322;0.026190476190488178;5.546375979807365;0.537888198757764;0.0;{'ML_CLOSE': 541, 'TIME': 226, 'SL': 38};2.0;;3.0642191281601425;0;3.561982815238787;2.1878944724974727;3;top40;rich_entry_quality;0.4;0.42686925852165075;rich_entry_score;0.35091543156059285;0.04720496894409938;movement_plus_time;linear;target_entry_avoid_sl;True;False;
S2_fractal0_buffer_0_5_entry_floor_2;E3_open_pullback_1_0atr;M0_no_mask;X2_ml_opposite_any_p0_50;val_eval;0.2;938;396.82038405862164;127.56487446029611;3.1107339362618185;0.28705278208776713;0.0032608695652144096;6.405036720928557;0.5053304904051172;0.0;{'ML_CLOSE': 667, 'TIME': 243, 'SL': 28};2.0;;2.594328527701322;0;3.0867033927809513;1.8520065845973817;2;top40;rich_entry_quality;0.4;0.42686925852165075;rich_entry_score;0.4081810269799826;0.029850746268656716;movement_plus_time;linear;target_entry_avoid_sl;True;False;
S2_fractal0_buffer_0_5_entry_floor_2;E3_open_pullback_1_0atr;M0_no_mask;X2_ml_opposite_any_p0_50;val_select;0.2;580;291.17506966000946;74.19885108492313;3.924253076732274;0.374096928577735;0.0358591657099335;4.48040218156482;0.5448275862068965;0.0;{'ML_CLOSE': 390, 'TIME': 166, 'SL': 24};2.0;;3.24326751137826;0;3.705893994455869;2.3193647351031683;3;top30;rich_entry_quality;0.3;0.4345476192527077;rich_entry_score;0.2528334786399303;0.041379310344827586;movement_plus_time;linear;target_entry_avoid_sl;True;False;
S2_fractal0_buffer_0_5_entry_floor_2;E3_open_pullback_1_0atr;M0_no_mask;X2_ml_opposite_any_p0_50;val_eval;0.2;720;308.8602090855525;93.73898996464129;3.2948958507239707;0.2987794710012656;0.01630280018985328;6.453237752204693;0.5166666666666667;0.0;{'ML_CLOSE': 511, 'TIME': 189, 'SL': 20};2.0;;2.761958553600583;0;3.260946756122296;1.8179190579891522;2;top30;rich_entry_quality;0.3;0.4345476192527077;rich_entry_score;0.3133159268929504;0.027777777777777776;movement_plus_time;linear;target_entry_avoid_sl;True;False;
S2_fractal0_buffer_0_5_entry_floor_2;E3_open_pullback_1_0atr;M0_no_mask;X2_ml_opposite_any_p0_50;val_select;0.2;1265;629.1300266627852;171.82017605631262;3.6615608312296986;0.36150976332527485;0.014814814814801402;4.968911600279512;0.5272727272727272;0.0;{'ML_CLOSE': 874, 'TIME': 348, 'SL': 43};2.0;;3.186402019399844;0;3.6047980271769107;2.2894296725684073;3;top50;rich_entry_quality;0.5;-0.04917095662881486;rich_entry_score;0.551438535309503;0.03399209486166008;movement_plus_time;hist_gradient_boosting;target_entry_ev_regression;True;False;
S2_fractal0_buffer_0_5_entry_floor_2;E3_open_pullback_1_0atr;M0_no_mask;X2_ml_opposite_any_p0_50;val_eval;0.2;1319;586.1331389802431;202.40725381392122;2.895810935309127;0.2909218234771204;0.0;4.976492597038714;0.4988627748294162;0.0;{'ML_CLOSE': 927, 'TIME': 325, 'SL': 67};2.0;;2.5082715497484553;0;2.6275186701038074;1.981623419847593;2;top50;rich_entry_quality;0.5;-0.04917095662881486;rich_entry_score;0.5739773716275022;0.05079605761940864;movement_plus_time;hist_gradient_boosting;target_entry_ev_regression;True;False;
S2_fractal0_buffer_0_5_entry_floor_2;E3_open_pullback_1_0atr;M0_no_mask;X2_ml_opposite_any_p0_50;val_select;0.2;1025;508.8678374869867;138.64379276882562;3.6703254240561054;0.36119418996893754;0.008928571428563091;5.109477638015363;0.5219512195121951;0.0;{'ML_CLOSE': 716, 'TIME': 277, 'SL': 32};2.0;;3.076056649488967;0;3.4324329057451224;2.265437122858673;3;top40;rich_entry_quality;0.4;-0.035452227676572745;rich_entry_score;0.44681778552746293;0.03121951219512195;movement_plus_time;hist_gradient_boosting;target_entry_ev_regression;True;False;
S2_fractal0_buffer_0_5_entry_floor_2;E3_open_pullback_1_0atr;M0_no_mask;X2_ml_opposite_any_p0_50;val_eval;0.2;1060;466.36340542495964;169.44533610539582;2.7522941388890123;0.2801113861505318;-0.0061775362318784235;4.956238464951184;0.49056603773584906;0.0;{'ML_CLOSE': 753, 'TIME': 249, 'SL': 58};2.0;;2.3362627563382325;0;2.3620168663112078;1.996479374489115;2;top40;rich_entry_quality;0.4;-0.035452227676572745;rich_entry_score;0.46127067014795475;0.05471698113207547;movement_plus_time;hist_gradient_boosting;target_entry_ev_regression;True;False;
S2_fractal0_buffer_0_5_entry_floor_2;E3_open_pullback_1_0atr;M0_no_mask;X2_ml_opposite_any_p0_50;val_select;0.2;733;370.3836706708246;99.05112276780648;3.739318246185559;0.3701671867708297;0.007894736842097941;4.393725415933417;0.5170532060027285;0.0;{'ML_CLOSE': 510, 'TIME': 200, 'SL': 23};2.0;;3.1629746204410862;0;3.4158208942490935;2.2193997575974436;3;top30;rich_entry_quality;0.3;-0.02629891473195276;rich_entry_score;0.31952920662598083;0.03137789904502047;movement_plus_time;hist_gradient_boosting;target_entry_ev_regression;True;False;
S2_fractal0_buffer_0_5_entry_floor_2;E3_open_pullback_1_0atr;M0_no_mask;X2_ml_opposite_any_p0_50;val_eval;0.2;686;293.38335385253856;106.90366278271217;2.744371392108959;0.2718362843583475;-0.009041394335514336;4.352437538876245;0.4897959183673469;0.0;{'ML_CLOSE': 493, 'TIME': 157, 'SL': 36};2.0;;2.2790522083796056;0;2.4143448545601944;1.9997197317259165;2;top30;rich_entry_quality;0.3;-0.02629891473195276;rich_entry_score;0.29852045256744997;0.052478134110787174;movement_plus_time;hist_gradient_boosting;target_entry_ev_regression;True;False;
S2_fractal0_buffer_0_5_entry_floor_2;E3_open_pullback_1_0atr;M0_no_mask;X2_ml_opposite_any_p0_50;val_select;0.2;1125;583.9790726847591;158.11600768487705;3.69335832111712;0.3785449466665618;0.01923076923076643;5.2722859090231395;0.5315555555555556;0.0;{'ML_CLOSE': 754, 'TIME': 323, 'SL': 48};2.0;;3.178260467102877;0;3.632387005143128;2.2452113399919207;3;top50;rich_entry_quality;0.5;0.2854955283198502;rich_entry_score;0.490409764603313;0.042666666666666665;movement_plus_time;hist_gradient_boosting;target_entry_good_0_5r;True;False;
S2_fractal0_buffer_0_5_entry_floor_2;E3_open_pullback_1_0atr;M0_no_mask;X2_ml_opposite_any_p0_50;val_eval;0.2;964;441.3283692890582;140.78298779247876;3.134813205837047;0.31176906794250975;0.0005102040816321915;6.53583236027572;0.5;0.0;{'ML_CLOSE': 685, 'TIME': 237, 'SL': 42};2.0;;2.662717937632901;0;2.840883452036753;1.999342825440926;2;top50;rich_entry_quality;0.5;0.2854955283198502;rich_entry_score;0.4194952132288947;0.043568464730290454;movement_plus_time;hist_gradient_boosting;target_entry_good_0_5r;True;False;
S2_fractal0_buffer_0_5_entry_floor_2;E3_open_pullback_1_0atr;M0_no_mask;X2_ml_opposite_any_p0_50;val_select;0.2;898;480.89052455444;129.48278599553905;3.7139340249522257;0.3913226487292884;0.0170908505154631;4.8483613206003895;0.522271714922049;0.0;{'ML_CLOSE': 600, 'TIME': 260, 'SL': 38};2.0;;3.2152953810576523;0;3.6923983251729693;2.1813967160574426;3;top40;rich_entry_quality;0.4;0.29137573416170764;rich_entry_score;0.39145597210113336;0.042316258351893093;movement_plus_time;hist_gradient_boosting;target_entry_good_0_5r;True;False;
S2_fractal0_buffer_0_5_entry_floor_2;E3_open_pullback_1_0atr;M0_no_mask;X2_ml_opposite_any_p0_50;val_eval;0.2;760;352.00935178984696;107.18230905769516;3.2842113114055405;0.3221408457001998;-0.0012820512820501235;5.330879264722995;0.4986842105263158;0.0;{'ML_CLOSE': 540, 'TIME': 193, 'SL': 27};2.0;;2.706115046099218;0;3.272292702224521;1.9992300040294462;2;top40;rich_entry_quality;0.4;0.29137573416170764;rich_entry_score;0.3307223672758921;0.035526315789473684;movement_plus_time;hist_gradient_boosting;target_entry_good_0_5r;True;False;
S2_fractal0_buffer_0_5_entry_floor_2;E3_open_pullback_1_0atr;M0_no_mask;X2_ml_opposite_any_p0_50;val_select;0.2;628;340.6379682169663;87.43841262617578;3.8957473950641246;0.4031840057178195;0.026714733542324894;4.848361320600375;0.5270700636942676;0.0;{'ML_CLOSE': 426, 'TIME': 177, 'SL': 25};2.0;;3.226726635853821;0;3.414875485720055;2.1654260388178344;3;top30;rich_entry_quality;0.3;0.29607871217110643;rich_entry_score;0.2737576285963383;0.03980891719745223;movement_plus_time;hist_gradient_boosting;target_entry_good_0_5r;True;False;
S2_fractal0_buffer_0_5_entry_floor_2;E3_open_pullback_1_0atr;M0_no_mask;X2_ml_opposite_any_p0_50;val_eval;0.2;530;223.78990457751453;76.62831434417095;2.9204597085664337;0.2776633777987615;-0.010624999999990337;5.2965051666703005;0.4867924528301887;0.0;{'ML_CLOSE': 384, 'TIME': 125, 'SL': 21};2.0;;2.2758314073836545;0;2.719884943227657;1.9767905493372209;2;top30;rich_entry_quality;0.3;0.29607871217110643;rich_entry_score;0.23063533507397738;0.03962264150943396;movement_plus_time;hist_gradient_boosting;target_entry_good_0_5r;True;False;
S2_fractal0_buffer_0_5_entry_floor_2;E3_open_pullback_1_0atr;M0_no_mask;X2_ml_opposite_any_p0_50;val_select;0.2;1107;553.0473038007347;157.3810846496479;3.5140646350982685;0.35742205885373685;0.008928571428563091;5.45595722977086;0.5130984643179766;0.0;{'ML_CLOSE': 747, 'TIME': 314, 'SL': 46};2.0;;3.133276880862283;0;3.136361044384754;2.130554474132882;3;top50;rich_entry_quality;0.5;0.4119845896483148;rich_entry_score;0.48256320836966;0.04155374887082204;movement_plus_time;hist_gradient_boosting;target_entry_avoid_sl;True;False;
S2_fractal0_buffer_0_5_entry_floor_2;E3_open_pullback_1_0atr;M0_no_mask;X2_ml_opposite_any_p0_50;val_eval;0.2;1085;477.4802838493506;163.07713097845874;2.927941404073525;0.28977249112524595;-0.00909090909090087;5.862281252052071;0.4857142857142857;0.0;{'ML_CLOSE': 768, 'TIME': 273, 'SL': 44};2.0;;2.554922946079861;0;2.8821267177526093;1.9829754134297195;2;top50;rich_entry_quality;0.5;0.4119845896483148;rich_entry_score;0.4721496953872933;0.04055299539170507;movement_plus_time;hist_gradient_boosting;target_entry_avoid_sl;True;False;
S2_fractal0_buffer_0_5_entry_floor_2;E3_open_pullback_1_0atr;M0_no_mask;X2_ml_opposite_any_p0_50;val_select;0.2;902;468.3381361661485;123.67153697483323;3.7869516917336754;0.3821137463318351;0.011127237542336415;4.189488480472053;0.5188470066518847;0.0;{'ML_CLOSE': 608, 'TIME': 257, 'SL': 37};2.0;;3.1905687339788544;0;3.2386442985691577;2.0927827445951657;3;top40;rich_entry_quality;0.4;0.41970656564746434;rich_entry_score;0.3931996512641674;0.041019955654102;movement_plus_time;hist_gradient_boosting;target_entry_avoid_sl;True;False;
S2_fractal0_buffer_0_5_entry_floor_2;E3_open_pullback_1_0atr;M0_no_mask;X2_ml_opposite_any_p0_50;val_eval;0.2;894;405.55649264129306;131.94582104471198;3.0736592446066457;0.3060522053653033;-0.006309650053030362;5.49188954051408;0.4888143176733781;0.0;{'ML_CLOSE': 624, 'TIME': 232, 'SL': 38};2.0;;2.6767248831294848;0;3.0013410023237768;1.9579360049842807;2;top40;rich_entry_quality;0.4;0.41970656564746434;rich_entry_score;0.38903394255874674;0.042505592841163314;movement_plus_time;hist_gradient_boosting;target_entry_avoid_sl;True;False;
S2_fractal0_buffer_0_5_entry_floor_2;E3_open_pullback_1_0atr;M0_no_mask;X2_ml_opposite_any_p0_50;val_select;0.2;683;350.47323288447626;93.91547448059663;3.7317943057071563;0.37563361406131723;0.013970588235281505;3.92241530974034;0.5183016105417276;0.0;{'ML_CLOSE': 456, 'TIME': 195, 'SL': 32};2.0;;3.1154304930921426;0;3.069093323182806;2.0768248670211538;3;top30;rich_entry_quality;0.3;0.4276463448787157;rich_entry_score;0.2977332170880558;0.04685212298682284;movement_plus_time;hist_gradient_boosting;target_entry_avoid_sl;True;False;
S2_fractal0_buffer_0_5_entry_floor_2;E3_open_pullback_1_0atr;M0_no_mask;X2_ml_opposite_any_p0_50;val_eval;0.2;669;284.12681263810066;102.33029744152074;2.776565882655351;0.2717436699500447;-0.012500000000017053;6.66081692141168;0.476831091180867;0.0;{'ML_CLOSE': 472, 'TIME': 168, 'SL': 29};2.0;;2.369172617233242;0;2.5521319130400553;1.9916665850183473;2;top30;rich_entry_quality;0.3;0.4276463448787157;rich_entry_score;0.29112271540469975;0.043348281016442454;movement_plus_time;hist_gradient_boosting;target_entry_avoid_sl;True;False;
S2_fractal0_buffer_0_5_entry_floor_2;E3_open_pullback_1_0atr;M0_no_mask;X2_ml_opposite_any_p0_50;val_select;0.2;1131;546.6575655372252;159.2965903252227;3.431696588239331;0.3424942309566777;0.018556701030922593;4.81723106653908;0.5225464190981433;0.0;{'ML_CLOSE': 780, 'TIME': 306, 'SL': 45};2.0;;3.014014427193572;0;3.2888362082933957;2.150387907596973;3;top50;rich_entry_quality;0.5;-0.04062380970846163;rich_entry_score;0.493025283347864;0.03978779840848806;movement_plus_time;extra_trees_shallow;target_entry_ev_regression;True;False;
S2_fractal0_buffer_0_5_entry_floor_2;E3_open_pullback_1_0atr;M0_no_mask;X2_ml_opposite_any_p0_50;val_eval;0.2;1169;533.8155899741919;180.6121368206541;2.955590910838207;0.302141533920905;-0.0009433962264356947;4.463671578232777;0.49786142001710865;0.0;{'ML_CLOSE': 816, 'TIME': 297, 'SL': 56};2.0;;2.6061233885923087;0;2.8184938260624337;1.9715407276722672;2;top50;rich_entry_quality;0.5;-0.04062380970846163;rich_entry_score;0.5087032201914709;0.04790419161676647;movement_plus_time;extra_trees_shallow;target_entry_ev_regression;True;False;
S2_fractal0_buffer_0_5_entry_floor_2;E3_open_pullback_1_0atr;M0_no_mask;X2_ml_opposite_any_p0_50;val_select;0.2;899;443.8920517142376;128.19694493321856;3.4625790181308425;0.3511625214471847;0.013970588235281505;4.220978507971154;0.5216907675194661;0.0;{'ML_CLOSE': 613, 'TIME': 246, 'SL': 40};2.0;;2.99589917659888;0;3.0943033630813415;2.099131368609456;3;top40;rich_entry_quality;0.4;-0.021625879205858883;rich_entry_score;0.3918918918918919;0.04449388209121246;movement_plus_time;extra_trees_shallow;target_entry_ev_regression;True;False;
S2_fractal0_buffer_0_5_entry_floor_2;E3_open_pullback_1_0atr;M0_no_mask;X2_ml_opposite_any_p0_50;val_eval;0.2;959;443.6135416595022;148.00927771980156;2.9972009085762394;0.30824219388915597;0.0015151515151157074;4.5771493795012645;0.5015641293013556;0.0;{'ML_CLOSE': 671, 'TIME': 242, 'SL': 46};2.0;;2.5844172665947744;0;2.724685570863032;1.976882336123625;2;top40;rich_entry_quality;0.4;-0.021625879205858883;rich_entry_score;0.417319408181027;0.047966631908237745;movement_plus_time;extra_trees_shallow;target_entry_ev_regression;True;False;
S2_fractal0_buffer_0_5_entry_floor_2;E3_open_pullback_1_0atr;M0_no_mask;X2_ml_opposite_any_p0_50;val_select;0.2;651;318.49678328772393;98.67758572904691;3.227650746971717;0.33766389793959606;-0.0038461538461503483;4.121877216152388;0.49615975422427033;0.0;{'ML_CLOSE': 450, 'TIME': 169, 'SL': 32};2.0;;2.6373425934469195;0;2.8389842394235454;2.164514200702987;3;top30;rich_entry_quality;0.3;-0.006358560469546183;rich_entry_score;0.28378378378378377;0.04915514592933948;movement_plus_time;extra_trees_shallow;target_entry_ev_regression;True;False;
S2_fractal0_buffer_0_5_entry_floor_2;E3_open_pullback_1_0atr;M0_no_mask;X2_ml_opposite_any_p0_50;val_eval;0.2;758;378.7536733472631;117.45163124960223;3.2247629881134223;0.34472564920535737;0.0014905962384940406;4.632425086536216;0.5013192612137203;0.0;{'ML_CLOSE': 527, 'TIME': 194, 'SL': 37};2.0;;2.6544551969168544;0;2.9711952226593663;1.9668220316584248;2;top30;rich_entry_quality;0.3;-0.006358560469546183;rich_entry_score;0.329852045256745;0.048812664907651716;movement_plus_time;extra_trees_shallow;target_entry_ev_regression;True;False;
S2_fractal0_buffer_0_5_entry_floor_2;E3_open_pullback_1_0atr;M0_no_mask;X2_ml_opposite_any_p0_50;val_select;0.2;1125;563.5535094423747;161.12412427725604;3.4976358256112783;0.357715009035661;0.016000000000000607;4.959441829383032;0.5226666666666666;0.0;{'ML_CLOSE': 763, 'TIME': 314, 'SL': 48};2.0;;3.0331797126063615;0;3.4517061117904237;2.172368394698968;3;top50;rich_entry_quality;0.5;0.2850422849893384;rich_entry_score;0.490409764603313;0.042666666666666665;movement_plus_time;extra_trees_shallow;target_entry_good_0_5r;True;False;
S2_fractal0_buffer_0_5_entry_floor_2;E3_open_pullback_1_0atr;M0_no_mask;X2_ml_opposite_any_p0_50;val_eval;0.2;1145;552.6960633166703;173.54131914041113;3.184809623750109;0.33113951456441854;-0.0009433962264356947;6.008797909725388;0.4978165938864629;0.0;{'ML_CLOSE': 794, 'TIME': 300, 'SL': 51};2.0;;2.737079306033673;0;3.1139195273750304;1.98138386641499;2;top50;rich_entry_quality;0.5;0.2850422849893384;rich_entry_score;0.49825935596170584;0.0445414847161572;movement_plus_time;extra_trees_shallow;target_entry_good_0_5r;True;False;
S2_fractal0_buffer_0_5_entry_floor_2;E3_open_pullback_1_0atr;M0_no_mask;X2_ml_opposite_any_p0_50;val_select;0.2;886;437.1345012117595;124.96054460941946;3.4981801862186233;0.35234080880625296;0.010798062213146699;4.953475409796287;0.5169300225733634;0.0;{'ML_CLOSE': 607, 'TIME': 243, 'SL': 36};2.0;;2.9922691383625595;0;3.2191129822902655;2.201516471290267;3;top40;rich_entry_quality;0.4;0.29069338376176174;rich_entry_score;0.3862249346120314;0.040632054176072234;movement_plus_time;extra_trees_shallow;target_entry_good_0_5r;True;False;
S2_fractal0_buffer_0_5_entry_floor_2;E3_open_pullback_1_0atr;M0_no_mask;X2_ml_opposite_any_p0_50;val_eval;0.2;916;472.7775639601505;141.57787723081879;3.339346324492255;0.3615717104032006;0.002022058823515736;3.8050920494406455;0.5021834061135371;0.0;{'ML_CLOSE': 621, 'TIME': 251, 'SL': 44};2.0;;2.8512131122776063;0;3.121991943256125;1.9958904706663967;2;top40;rich_entry_quality;0.4;0.29069338376176174;rich_entry_score;0.39860748476936464;0.048034934497816595;movement_plus_time;extra_trees_shallow;target_entry_good_0_5r;True;False;
S2_fractal0_buffer_0_5_entry_floor_2;E3_open_pullback_1_0atr;M0_no_mask;X2_ml_opposite_any_p0_50;val_select;0.2;672;329.71073063973404;96.20825510498115;3.427052390462317;0.3474739219267156;0.0028159340659315124;5.0746113579051535;0.5059523809523809;0.0;{'ML_CLOSE': 470, 'TIME': 174, 'SL': 28};2.0;;2.852150834286013;0;3.013176265932154;2.2248855657626305;3;top30;rich_entry_quality;0.3;0.29478894279208995;rich_entry_score;0.29293809938971227;0.041666666666666664;movement_plus_time;extra_trees_shallow;target_entry_good_0_5r;True;False;
S2_fractal0_buffer_0_5_entry_floor_2;E3_open_pullback_1_0atr;M0_no_mask;X2_ml_opposite_any_p0_50;val_eval;0.2;681;343.76824926552456;103.08035705201853;3.3349540018768575;0.35343302821366523;0.0026881720430082883;5.1551689702299655;0.5036710719530103;0.0;{'ML_CLOSE': 473, 'TIME': 179, 'SL': 29};2.0;;2.7212537948665343;0;3.322198322539494;1.9680678435284322;2;top30;rich_entry_quality;0.3;0.29478894279208995;rich_entry_score;0.2963446475195822;0.042584434654919234;movement_plus_time;extra_trees_shallow;target_entry_good_0_5r;True;False;
S2_fractal0_buffer_0_5_entry_floor_2;E3_open_pullback_1_0atr;M0_no_mask;X2_ml_opposite_any_p0_50;val_select;0.2;1078;545.3417667655475;152.44790951492763;3.5772334858560186;0.36446554475938764;0.013078947368423998;5.127649542679763;0.5185528756957328;0.0;{'ML_CLOSE': 725, 'TIME': 304, 'SL': 49};2.0;;3.127704471230098;0;3.1078902515354985;2.151992833758935;3;top50;rich_entry_quality;0.5;0.4132549886617;rich_entry_score;0.4699215344376635;0.045454545454545456;movement_plus_time;extra_trees_shallow;target_entry_avoid_sl;True;False;
S2_fractal0_buffer_0_5_entry_floor_2;E3_open_pullback_1_0atr;M0_no_mask;X2_ml_opposite_any_p0_50;val_eval;0.2;1110;467.7269196167332;164.95396078233796;2.8354997806564577;0.27276843138233803;-0.008667083854810628;4.865212620918953;0.48558558558558557;0.0;{'ML_CLOSE': 788, 'TIME': 279, 'SL': 43};2.0;;2.3834181613671306;0;2.736866802493169;1.9360284801319316;2;top50;rich_entry_quality;0.5;0.4132549886617;rich_entry_score;0.4830287206266319;0.03873873873873874;movement_plus_time;extra_trees_shallow;target_entry_avoid_sl;True;False;
S2_fractal0_buffer_0_5_entry_floor_2;E3_open_pullback_1_0atr;M0_no_mask;X2_ml_opposite_any_p0_50;val_select;0.2;871;444.57702354247135;126.33143788589581;3.5191321414707484;0.36537954725209587;0.012999999999988177;4.561990683038557;0.521239954075775;0.0;{'ML_CLOSE': 581, 'TIME': 246, 'SL': 44};2.0;;3.0079234733971436;0;3.066974252025506;2.1653037725663085;3;top40;rich_entry_quality;0.4;0.41954516065523517;rich_entry_score;0.3796861377506539;0.0505166475315729;movement_plus_time;extra_trees_shallow;target_entry_avoid_sl;True;False;
S2_fractal0_buffer_0_5_entry_floor_2;E3_open_pullback_1_0atr;M0_no_mask;X2_ml_opposite_any_p0_50;val_eval;0.2;879;367.61683518830074;128.90246233104702;2.8518992464565027;0.27157494067946963;-0.003488372093020028;4.210700802230434;0.49146757679180886;0.0;{'ML_CLOSE': 624, 'TIME': 221, 'SL': 34};2.0;;2.373072017271618;0;2.6841179584930983;1.987382927783066;2;top40;rich_entry_quality;0.4;0.41954516065523517;rich_entry_score;0.3825065274151436;0.038680318543799774;movement_plus_time;extra_trees_shallow;target_entry_avoid_sl;True;False;
S2_fractal0_buffer_0_5_entry_floor_2;E3_open_pullback_1_0atr;M0_no_mask;X2_ml_opposite_any_p0_50;val_select;0.2;646;310.42206614370235;94.0120826741956;3.3019379776904665;0.33499997441100116;0.009151785714277327;4.062396640160287;0.5154798761609907;0.0;{'ML_CLOSE': 433, 'TIME': 178, 'SL': 35};2.0;;2.7407935156234333;0;3.004640408440248;2.1351657922896057;3;top30;rich_entry_quality;0.3;0.4294244967612002;rich_entry_score;0.2816041848299913;0.05417956656346749;movement_plus_time;extra_trees_shallow;target_entry_avoid_sl;True;False;
S2_fractal0_buffer_0_5_entry_floor_2;E3_open_pullback_1_0atr;M0_no_mask;X2_ml_opposite_any_p0_50;val_eval;0.2;642;280.31703892789085;92.51384100883064;3.0300010881737576;0.2925283456683181;0.006452991452998231;7.287430371630407;0.5062305295950156;0.0;{'ML_CLOSE': 442, 'TIME': 175, 'SL': 25};2.0;;2.4369342343905425;0;2.9812755807780724;1.9730520484443108;2;top30;rich_entry_quality;0.3;0.4294244967612002;rich_entry_score;0.2793733681462141;0.03894080996884735;movement_plus_time;extra_trees_shallow;target_entry_avoid_sl;True;False;
S2_fractal0_buffer_0_5_entry_floor_2;E3_open_pullback_1_0atr;M0_no_mask;X2_ml_opposite_any_p0_50;val_select;0.2;1124;507.34505582622137;176.40152121178951;2.876080956337659;0.29443374965696784;1.0659514471959142e-05;5.604793777461104;0.5;0.0;{'ML_CLOSE': 759, 'TIME': 306, 'SL': 59};2.0;;2.484370139601116;0;2.8587396203214874;2.271157993870012;3;top50;rich_entry_quality;0.5;0.00794483042225358;rich_entry_score;0.4899738448125545;0.05249110320284697;rich_combined_k40;linear;target_entry_ev_regression;True;False;
S2_fractal0_buffer_0_5_entry_floor_2;E3_open_pullback_1_0atr;M0_no_mask;X2_ml_opposite_any_p0_50;val_eval;0.2;1083;492.09227987914755;175.24356535222893;2.808047638668341;0.2925657567192231;-0.0072916666666837885;6.149813194051319;0.4903047091412742;0.0;{'ML_CLOSE': 760, 'TIME': 262, 'SL': 61};2.0;;2.3877268177022852;0;2.8033420528237727;1.9662639256607117;2;top50;rich_entry_quality;0.5;0.00794483042225358;rich_entry_score;0.47127937336814624;0.05632502308402586;rich_combined_k40;linear;target_entry_ev_regression;True;False;
S2_fractal0_buffer_0_5_entry_floor_2;E3_open_pullback_1_0atr;M0_no_mask;X2_ml_opposite_any_p0_50;val_select;0.2;878;395.4696481915149;136.10343158550654;2.9056552328224172;0.2954057136742692;0.00370879120878784;5.119808880415235;0.5056947608200456;0.0;{'ML_CLOSE': 586, 'TIME': 245, 'SL': 47};2.0;;2.470653144736147;0;2.7766695314685124;2.342948103259723;3;top40;rich_entry_quality;0.4;0.07447586501070852;rich_entry_score;0.3827375762859634;0.05353075170842825;rich_combined_k40;linear;target_entry_ev_regression;True;False;
S2_fractal0_buffer_0_5_entry_floor_2;E3_open_pullback_1_0atr;M0_no_mask;X2_ml_opposite_any_p0_50;val_eval;0.2;833;377.57221221953284;132.91616699983516;2.840679360096211;0.2937047361581005;-0.004285714285710388;4.9291004822490265;0.4921968787515006;0.0;{'ML_CLOSE': 577, 'TIME': 210, 'SL': 46};2.0;;2.401544335018479;0;2.734317456343198;1.966492852209045;2;top40;rich_entry_quality;0.4;0.07447586501070852;rich_entry_score;0.36248912097476066;0.055222088835534214;rich_combined_k40;linear;target_entry_ev_regression;True;False;
S2_fractal0_buffer_0_5_entry_floor_2;E3_open_pullback_1_0atr;M0_no_mask;X2_ml_opposite_any_p0_50;val_select;0.2;666;304.1942702325431;98.53208437243991;3.087261090334026;0.30880208087102573;0.012145161290329831;3.9314235325920492;0.5180180180180181;0.0;{'ML_CLOSE': 442, 'TIME': 193, 'SL': 31};2.0;;2.547349625479464;0;2.9325556235088728;2.3544264882610255;3;top30;rich_entry_quality;0.3;0.14460696226438535;rich_entry_score;0.2903225806451613;0.046546546546546545;rich_combined_k40;linear;target_entry_ev_regression;True;False;
S2_fractal0_buffer_0_5_entry_floor_2;E3_open_pullback_1_0atr;M0_no_mask;X2_ml_opposite_any_p0_50;val_eval;0.2;638;291.9447642368259;103.49541210561594;2.820847400838401;0.29537516008026643;-0.005059523809519208;5.086973875181371;0.493730407523511;0.0;{'ML_CLOSE': 433, 'TIME': 167, 'SL': 38};2.0;;2.338081191886319;0;2.7718240989723775;1.9467395311975841;2;top30;rich_entry_quality;0.3;0.14460696226438535;rich_entry_score;0.27763272410791995;0.05956112852664577;rich_combined_k40;linear;target_entry_ev_regression;True;False;
S2_fractal0_buffer_0_5_entry_floor_2;E3_open_pullback_1_0atr;M0_no_mask;X2_ml_opposite_any_p0_50;val_select;0.2;1144;573.4018341539715;177.40318380601377;3.2321958481927417;0.3461526663880749;0.019960784313726016;6.01967128250169;0.5209790209790209;0.0;{'ML_CLOSE': 760, 'TIME': 321, 'SL': 63};2.0;;2.7883400849514546;0;3.1301658312078455;2.1537396177637307;3;top50;rich_entry_quality;0.5;0.2852622371000088;rich_entry_score;0.4986922406277245;0.05506993006993007;rich_combined_k40;linear;target_entry_good_0_5r;True;False;
S2_fractal0_buffer_0_5_entry_floor_2;E3_open_pullback_1_0atr;M0_no_mask;X2_ml_opposite_any_p0_50;val_eval;0.2;1167;521.0445264902486;193.71611636477166;2.6897324614391422;0.2804870695162613;-0.009999999999990905;4.59052353300595;0.48500428449014565;0.0;{'ML_CLOSE': 801, 'TIME': 293, 'SL': 73};2.0;;2.2568322671266925;0;2.6746988752952423;1.9908227238946425;2;top50;rich_entry_quality;0.5;0.2852622371000088;rich_entry_score;0.5078328981723238;0.06255355612682091;rich_combined_k40;linear;target_entry_good_0_5r;True;False;
S2_fractal0_buffer_0_5_entry_floor_2;E3_open_pullback_1_0atr;M0_no_mask;X2_ml_opposite_any_p0_50;val_select;0.2;923;469.3071427517825;142.96236637544075;3.282732054947322;0.35356963854424894;0.03048780487804861;5.979671282501698;0.5265438786565547;0.0;{'ML_CLOSE': 612, 'TIME': 261, 'SL': 50};2.0;;2.775602033312858;0;3.0106932027013102;2.266378412878901;3;top40;rich_entry_quality;0.4;0.29606044427464534;rich_entry_score;0.4023539668700959;0.05417118093174431;rich_combined_k40;linear;target_entry_good_0_5r;True;False;
S2_fractal0_buffer_0_5_entry_floor_2;E3_open_pullback_1_0atr;M0_no_mask;X2_ml_opposite_any_p0_50;val_eval;0.2;941;412.91078468639455;154.5613104685848;2.6715015771707002;0.2745477940678106;-0.004716981132071121;4.509565375499648;0.49309245483528164;0.0;{'ML_CLOSE': 645, 'TIME': 238, 'SL': 58};2.0;;2.304099951303531;0;2.662015002748811;1.9966331498252239;2;top40;rich_entry_quality;0.4;0.29606044427464534;rich_entry_score;0.40948651000870323;0.061636556854410204;rich_combined_k40;linear;target_entry_good_0_5r;True;False;
S2_fractal0_buffer_0_5_entry_floor_2;E3_open_pullback_1_0atr;M0_no_mask;X2_ml_opposite_any_p0_50;val_select;0.2;678;333.8585005077714;108.26956881136962;3.08358575888881;0.3327270379002976;0.022533102143746566;5.880894864259226;0.5221238938053098;0.0;{'ML_CLOSE': 454, 'TIME': 186, 'SL': 38};2.0;;2.59767694005032;0;2.9468899483438213;2.0646483703586735;3;top30;rich_entry_quality;0.3;0.3066800473166358;rich_entry_score;0.2955536181342633;0.05604719764011799;rich_combined_k40;linear;target_entry_good_0_5r;True;False;
S2_fractal0_buffer_0_5_entry_floor_2;E3_open_pullback_1_0atr;M0_no_mask;X2_ml_opposite_any_p0_50;val_eval;0.2;724;330.82738432966244;108.75656383601927;3.041907289646229;0.30672765261552926;0.010873015873018563;3.5095653754996476;0.5096685082872928;0.0;{'ML_CLOSE': 492, 'TIME': 193, 'SL': 39};2.0;;2.6120679512700744;0;3.027411535954427;1.9966614805391227;2;top30;rich_entry_quality;0.3;0.3066800473166358;rich_entry_score;0.31505657093124456;0.05386740331491713;rich_combined_k40;linear;target_entry_good_0_5r;True;False;
S2_fractal0_buffer_0_5_entry_floor_2;E3_open_pullback_1_0atr;M0_no_mask;X2_ml_opposite_any_p0_50;val_select;0.2;1087;513.5006881317194;166.54096998886817;3.083329514449462;0.31919017308449976;0.006707317073178459;4.273006125229045;0.5059797608095676;0.0;{'ML_CLOSE': 740, 'TIME': 297, 'SL': 50};2.0;;2.6960021941578662;0;3.0536718270027414;2.06127968630667;3;top50;rich_entry_quality;0.5;0.43190368513428556;rich_entry_score;0.47384481255448996;0.045998160073597055;rich_combined_k40;linear;target_entry_avoid_sl;True;False;
S2_fractal0_buffer_0_5_entry_floor_2;E3_open_pullback_1_0atr;M0_no_mask;X2_ml_opposite_any_p0_50;val_eval;0.2;1235;522.4736090679036;209.55747109826942;2.4932234881900057;0.25337339106852963;-0.01624999999998522;4.02315797059623;0.47935222672064776;0.0;{'ML_CLOSE': 851, 'TIME': 309, 'SL': 75};2.0;;2.190638845148115;0;2.4832801930755575;1.9728857043151946;2;top50;rich_entry_quality;0.5;0.43190368513428556;rich_entry_score;0.5374238468233247;0.06072874493927125;rich_combined_k40;linear;target_entry_avoid_sl;True;False;
S2_fractal0_buffer_0_5_entry_floor_2;E3_open_pullback_1_0atr;M0_no_mask;X2_ml_opposite_any_p0_50;val_select;0.2;852;418.69671620779604;124.05545150640201;3.375077121751387;0.345823080635439;0.02091921542554281;3.075059041835253;0.5234741784037559;0.0;{'ML_CLOSE': 570, 'TIME': 245, 'SL': 37};2.0;;2.8937145160054096;0;3.2933085413136003;2.036002418730712;3;top40;rich_entry_quality;0.4;0.44477450740477736;rich_entry_score;0.3714036617262424;0.04342723004694836;rich_combined_k40;linear;target_entry_avoid_sl;True;False;
S2_fractal0_buffer_0_5_entry_floor_2;E3_open_pullback_1_0atr;M0_no_mask;X2_ml_opposite_any_p0_50;val_eval;0.2;990;430.4748264289679;164.50241183873325;2.6168298787678297;0.2686590046366007;-0.010795454545456504;4.194271928587256;0.48787878787878786;0.0;{'ML_CLOSE': 673, 'TIME': 256, 'SL': 61};2.0;;2.25072639719975;0;2.504859320445304;1.9838013334867566;2;top40;rich_entry_quality;0.4;0.44477450740477736;rich_entry_score;0.4308093994778068;0.06161616161616162;rich_combined_k40;linear;target_entry_avoid_sl;True;False;
S2_fractal0_buffer_0_5_entry_floor_2;E3_open_pullback_1_0atr;M0_no_mask;X2_ml_opposite_any_p0_50;val_select;0.2;638;320.783713592068;93.13208558285494;3.4443952541649336;0.3568207335567603;0.01850911974622213;3.0;0.5188087774294671;0.0;{'ML_CLOSE': 420, 'TIME': 188, 'SL': 30};2.0;;2.7770906135563944;0;3.3080367884349937;1.9088595297614033;3;top30;rich_entry_quality;0.3;0.4581099984714311;rich_entry_score;0.2781168265039233;0.047021943573667714;rich_combined_k40;linear;target_entry_avoid_sl;True;False;
S2_fractal0_buffer_0_5_entry_floor_2;E3_open_pullback_1_0atr;M0_no_mask;X2_ml_opposite_any_p0_50;val_eval;0.2;753;338.69218857050134;124.45242270995485;2.7214591825170604;0.2845149613021866;0.005128205128200494;4.4501552524905605;0.5073041168658698;0.0;{'ML_CLOSE': 503, 'TIME': 200, 'SL': 50};2.0;;2.2412389499722756;0;2.6230925011927004;1.9698849422531792;2;top30;rich_entry_quality;0.3;0.4581099984714311;rich_entry_score;0.3276762402088773;0.06640106241699867;rich_combined_k40;linear;target_entry_avoid_sl;True;False;
S2_fractal0_buffer_0_5_entry_floor_2;E3_open_pullback_1_0atr;M0_no_mask;X2_ml_opposite_any_p0_50;val_select;0.2;1100;554.3643004728212;153.65038611755142;3.607959045730614;0.36428537668660893;0.018846153846144048;4.147638004577118;0.5254545454545455;0.0;{'ML_CLOSE': 747, 'TIME': 311, 'SL': 42};2.0;;3.1150883836471253;0;3.50428969658921;2.2561827685452585;3;top50;rich_entry_quality;0.5;-0.055168661442952134;rich_entry_score;0.47951176983435045;0.038181818181818185;rich_combined_k40;hist_gradient_boosting;target_entry_ev_regression;True;False;
S2_fractal0_buffer_0_5_entry_floor_2;E3_open_pullback_1_0atr;M0_no_mask;X2_ml_opposite_any_p0_50;val_eval;0.2;1449;639.0673803873897;258.21589049468685;2.4749343627267564;0.2628374671447224;-0.028888888888887878;7.130138275537178;0.45962732919254656;0.0;{'ML_CLOSE': 1018, 'TIME': 333, 'SL': 98};2.0;;2.1961450839659746;0;2.4206050889157216;1.9999598698968315;2;top50;rich_entry_quality;0.5;-0.055168661442952134;rich_entry_score;0.6305483028720626;0.06763285024154589;rich_combined_k40;hist_gradient_boosting;target_entry_ev_regression;True;False;
S2_fractal0_buffer_0_5_entry_floor_2;E3_open_pullback_1_0atr;M0_no_mask;X2_ml_opposite_any_p0_50;val_select;0.2;888;437.74453766041324;121.43373434611821;3.6048017465453683;0.3562058595881701;0.017446731672067936;4.147638004577118;0.5213963963963963;0.0;{'ML_CLOSE': 600, 'TIME': 253, 'SL': 35};2.0;;3.0683935017027757;0;3.5415996138156522;2.0863890692328746;3;top40;rich_entry_quality;0.4;-0.029146455396738248;rich_entry_score;0.3870967741935484;0.039414414414414414;rich_combined_k40;hist_gradient_boosting;target_entry_ev_regression;True;False;
S2_fractal0_buffer_0_5_entry_floor_2;E3_open_pullback_1_0atr;M0_no_mask;X2_ml_opposite_any_p0_50;val_eval;0.2;1273;578.6604994027083;224.08358985019254;2.5823421509337763;0.278536456836226;-0.026923076923052593;6.619611959747601;0.4666142969363708;0.0;{'ML_CLOSE': 893, 'TIME': 293, 'SL': 87};2.0;;2.298650696971379;0;2.5525507673064833;1.9999098488638762;2;top40;rich_entry_quality;0.4;-0.029146455396738248;rich_entry_score;0.5539599651871192;0.06834249803613511;rich_combined_k40;hist_gradient_boosting;target_entry_ev_regression;True;False;
S2_fractal0_buffer_0_5_entry_floor_2;E3_open_pullback_1_0atr;M0_no_mask;X2_ml_opposite_any_p0_50;val_select;0.2;668;336.4646183449242;90.76591722470226;3.706948914667654;0.36781242682667953;0.025636856368552924;4.313022619961771;0.531437125748503;0.0;{'ML_CLOSE': 458, 'TIME': 186, 'SL': 24};2.0;;3.0110046919540103;0;3.5298401224834213;2.0208323761708424;3;top30;rich_entry_quality;0.3;0.010412902026842193;rich_entry_score;0.2911944202266783;0.03592814371257485;rich_combined_k40;hist_gradient_boosting;target_entry_ev_regression;True;False;
S2_fractal0_buffer_0_5_entry_floor_2;E3_open_pullback_1_0atr;M0_no_mask;X2_ml_opposite_any_p0_50;val_eval;0.2;1055;480.93727574091895;185.9975824958364;2.585717885616523;0.2795636902796991;-0.027906976744160223;6.514348801852805;0.4597156398104265;0.0;{'ML_CLOSE': 731, 'TIME': 248, 'SL': 76};2.0;;2.221068119366135;0;2.3677507086536624;1.996927291806156;2;top30;rich_entry_quality;0.3;0.010412902026842193;rich_entry_score;0.459094865100087;0.07203791469194312;rich_combined_k40;hist_gradient_boosting;target_entry_ev_regression;True;False;
S2_fractal0_buffer_0_5_entry_floor_2;E3_open_pullback_1_0atr;M0_no_mask;X2_ml_opposite_any_p0_50;val_select;0.2;1124;570.7362009248;175.67436864954306;3.2488302380831384;0.35147849846553103;0.027603622431217306;4.907476632670324;0.5338078291814946;0.0;{'ML_CLOSE': 730, 'TIME': 326, 'SL': 68};2.0;;2.883908353104901;0;3.216469315981539;2.490620911054162;3;top50;rich_entry_quality;0.5;0.28706982293452066;rich_entry_score;0.4899738448125545;0.060498220640569395;rich_combined_k40;hist_gradient_boosting;target_entry_good_0_5r;True;False;
S2_fractal0_buffer_0_5_entry_floor_2;E3_open_pullback_1_0atr;M0_no_mask;X2_ml_opposite_any_p0_50;val_eval;0.2;962;447.191075291565;161.94827770981107;2.7613203524946996;0.2965101845964178;0.0009615384615375786;8.525653832795854;0.5;0.0;{'ML_CLOSE': 659, 'TIME': 237, 'SL': 66};2.0;;2.3853825640605746;0;2.616422286453888;1.9683345091110815;2;top50;rich_entry_quality;0.5;0.28706982293452066;rich_entry_score;0.4186248912097476;0.06860706860706861;rich_combined_k40;hist_gradient_boosting;target_entry_good_0_5r;True;False;
S2_fractal0_buffer_0_5_entry_floor_2;E3_open_pullback_1_0atr;M0_no_mask;X2_ml_opposite_any_p0_50;val_select;0.2;889;439.93316517157774;140.42573822988646;3.1328527855155532;0.33690374234160997;0.022988505747118478;3.9357437621041242;0.5264341957255343;0.0;{'ML_CLOSE': 585, 'TIME': 251, 'SL': 53};2.0;;2.6458356783694983;0;3.021111129071629;2.4701406979054474;3;top40;rich_entry_quality;0.4;0.29211584265376533;rich_entry_score;0.3875326939843069;0.05961754780652419;rich_combined_k40;hist_gradient_boosting;target_entry_good_0_5r;True;False;
S2_fractal0_buffer_0_5_entry_floor_2;E3_open_pullback_1_0atr;M0_no_mask;X2_ml_opposite_any_p0_50;val_eval;0.2;775;370.91577082922026;131.12342473516722;2.828752921748092;0.3094094788310362;-0.004081632653057532;7.336690003432437;0.49548387096774194;0.0;{'ML_CLOSE': 534, 'TIME': 189, 'SL': 52};2.0;;2.2859397389598657;0;2.8252195359040506;1.9430211279274094;2;top40;rich_entry_quality;0.4;0.29211584265376533;rich_entry_score;0.3372497824194952;0.06709677419354838;rich_combined_k40;hist_gradient_boosting;target_entry_good_0_5r;True;False;
S2_fractal0_buffer_0_5_entry_floor_2;E3_open_pullback_1_0atr;M0_no_mask;X2_ml_opposite_any_p0_50;val_select;0.2;666;333.25078598108576;108.69450858218639;3.065939487909891;0.33717158768603506;0.022659620362384954;3.5215190482412453;0.521021021021021;0.0;{'ML_CLOSE': 440, 'TIME': 185, 'SL': 41};2.0;;2.583195755980473;0;2.979493246233222;2.5315427668383474;3;top30;rich_entry_quality;0.3;0.298536419333035;rich_entry_score;0.2903225806451613;0.06156156156156156;rich_combined_k40;hist_gradient_boosting;target_entry_good_0_5r;True;False;
S2_fractal0_buffer_0_5_entry_floor_2;E3_open_pullback_1_0atr;M0_no_mask;X2_ml_opposite_any_p0_50;val_eval;0.2;545;265.0865309996288;87.41049684946098;3.0326624439186385;0.3260110718351703;0.029069767441860003;5.605286979280889;0.5247706422018349;0.0;{'ML_CLOSE': 372, 'TIME': 137, 'SL': 36};2.0;;2.4444179242298465;0;2.8511105027396018;1.9180858696440695;2;top30;rich_entry_quality;0.3;0.298536419333035;rich_entry_score;0.23716275021758051;0.06605504587155964;rich_combined_k40;hist_gradient_boosting;target_entry_good_0_5r;True;False;
S2_fractal0_buffer_0_5_entry_floor_2;E3_open_pullback_1_0atr;M0_no_mask;X2_ml_opposite_any_p0_50;val_select;0.2;1101;555.345276154459;161.89906154099884;3.4301945352155423;0.3573535100939694;0.003409090909113664;4.793861645582091;0.5049954586739328;0.0;{'ML_CLOSE': 718, 'TIME': 333, 'SL': 50};2.0;;2.952240282634976;0;3.3011268049068923;2.342874367865292;3;top50;rich_entry_quality;0.5;0.4246244699474716;rich_entry_score;0.479947689625109;0.045413260672116255;rich_combined_k40;hist_gradient_boosting;target_entry_avoid_sl;True;False;
S2_fractal0_buffer_0_5_entry_floor_2;E3_open_pullback_1_0atr;M0_no_mask;X2_ml_opposite_any_p0_50;val_eval;0.2;1125;526.5266290390609;183.6116006971772;2.867610908242333;0.30481335852611885;-0.009259259259271931;4.69674380858595;0.4862222222222222;0.0;{'ML_CLOSE': 768, 'TIME': 292, 'SL': 65};2.0;;2.438368210586345;0;2.8011023693306405;1.9885878934845203;2;top50;rich_entry_quality;0.5;0.4246244699474716;rich_entry_score;0.489556135770235;0.057777777777777775;rich_combined_k40;hist_gradient_boosting;target_entry_avoid_sl;True;False;
S2_fractal0_buffer_0_5_entry_floor_2;E3_open_pullback_1_0atr;M0_no_mask;X2_ml_opposite_any_p0_50;val_select;0.2;882;456.56092070245126;128.6576763020844;3.5486488939102223;0.37177238594145906;0.0006908396946515207;5.279876511466258;0.5011337868480725;0.0;{'ML_CLOSE': 581, 'TIME': 265, 'SL': 36};2.0;;3.013227852958312;0;3.4061795504962973;2.236314128548343;3;top40;rich_entry_quality;0.4;0.4360141809179777;rich_entry_score;0.38448125544899736;0.04081632653061224;rich_combined_k40;hist_gradient_boosting;target_entry_avoid_sl;True;False;
S2_fractal0_buffer_0_5_entry_floor_2;E3_open_pullback_1_0atr;M0_no_mask;X2_ml_opposite_any_p0_50;val_eval;0.2;879;378.1829858489532;146.59371667223104;2.579803517053413;0.2634690206788648;-0.01630434782609676;5.459424677014361;0.47667804323094426;0.0;{'ML_CLOSE': 604, 'TIME': 221, 'SL': 54};2.0;;2.1995037621314713;0;2.53795239567425;1.9562920041706218;2;top40;rich_entry_quality;0.4;0.4360141809179777;rich_entry_score;0.3825065274151436;0.06143344709897611;rich_combined_k40;hist_gradient_boosting;target_entry_avoid_sl;True;False;
S2_fractal0_buffer_0_5_entry_floor_2;E3_open_pullback_1_0atr;M0_no_mask;X2_ml_opposite_any_p0_50;val_select;0.2;667;300.1415078741911;91.47737029324416;3.2810465245343563;0.31283978647818134;0.002040816326528766;5.086134241592362;0.5052473763118441;0.0;{'ML_CLOSE': 446, 'TIME': 200, 'SL': 21};2.0;;2.725166154453817;0;3.0646082255716354;2.221040139655866;3;top30;rich_entry_quality;0.3;0.4481271289241406;rich_entry_score;0.2907585004359198;0.031484257871064465;rich_combined_k40;hist_gradient_boosting;target_entry_avoid_sl;True;False;
S2_fractal0_buffer_0_5_entry_floor_2;E3_open_pullback_1_0atr;M0_no_mask;X2_ml_opposite_any_p0_50;val_eval;0.2;645;282.3852524008154;106.14392767453012;2.660399502708203;0.2732423639167214;-0.01666666666665151;5.508491680433366;0.4744186046511628;0.0;{'ML_CLOSE': 447, 'TIME': 161, 'SL': 37};2.0;;2.159151423199026;0;2.622770189848845;1.941217073385707;2;top30;rich_entry_quality;0.3;0.4481271289241406;rich_entry_score;0.28067885117493474;0.05736434108527132;rich_combined_k40;hist_gradient_boosting;target_entry_avoid_sl;True;False;
S2_fractal0_buffer_0_5_entry_floor_2;E3_open_pullback_1_0atr;M0_no_mask;X2_ml_opposite_any_p0_50;val_select;0.2;1146;566.4227296062746;163.64541932431405;3.4612806881183316;0.3514636215374874;0.02568100358422774;5.024416236381313;0.5270506108202443;0.0;{'ML_CLOSE': 784, 'TIME': 319, 'SL': 43};2.0;;3.058032330114921;0;3.3458692919741897;2.105983291592795;3;top50;rich_entry_quality;0.5;-0.015002308881704021;rich_entry_score;0.4995640802092415;0.037521815008726006;rich_combined_k40;extra_trees_shallow;target_entry_ev_regression;True;False;
S2_fractal0_buffer_0_5_entry_floor_2;E3_open_pullback_1_0atr;M0_no_mask;X2_ml_opposite_any_p0_50;val_eval;0.2;1429;611.7113014205029;257.01455708038327;2.380064803991571;0.2482132570609654;-0.03260869565216084;9.758376074220791;0.46046186144156753;0.0;{'ML_CLOSE': 1008, 'TIME': 325, 'SL': 96};2.0;;2.0928320486722733;0;2.3440639190732924;1.9808414949265387;2;top50;rich_entry_quality;0.5;-0.015002308881704021;rich_entry_score;0.6218450826805918;0.06717984604618614;rich_combined_k40;extra_trees_shallow;target_entry_ev_regression;True;False;
S2_fractal0_buffer_0_5_entry_floor_2;E3_open_pullback_1_0atr;M0_no_mask;X2_ml_opposite_any_p0_50;val_select;0.2;928;442.303907601787;140.71119229460362;3.1433456030686315;0.32499215011549937;0.016173076923080655;5.024416236381299;0.5129310344827587;0.0;{'ML_CLOSE': 650, 'TIME': 242, 'SL': 36};2.0;;2.683080992433657;0;2.966643973582044;1.9577223965361688;3;top40;rich_entry_quality;0.4;0.0011306846683978762;rich_entry_score;0.4045335658238884;0.03879310344827586;rich_combined_k40;extra_trees_shallow;target_entry_ev_regression;True;False;
S2_fractal0_buffer_0_5_entry_floor_2;E3_open_pullback_1_0atr;M0_no_mask;X2_ml_opposite_any_p0_50;val_eval;0.2;1219;511.30647583195326;226.1749597960121;2.260667919618963;0.23390608370462765;-0.039611964430073844;8.214369624059316;0.45036915504511893;0.0;{'ML_CLOSE': 863, 'TIME': 271, 'SL': 85};2.0;;1.9403230266779727;0;2.244411810730298;1.9743952142294732;2;top40;rich_entry_quality;0.4;0.0011306846683978762;rich_entry_score;0.5304612706701479;0.06972928630024611;rich_combined_k40;extra_trees_shallow;target_entry_ev_regression;True;False;
S2_fractal0_buffer_0_5_entry_floor_2;E3_open_pullback_1_0atr;M0_no_mask;X2_ml_opposite_any_p0_50;val_select;0.2;709;345.0234347161031;100.08556608392144;3.4472846406923656;0.34546949031337326;0.019298245614037327;5.024416236381299;0.5190409026798307;0.0;{'ML_CLOSE': 497, 'TIME': 188, 'SL': 24};2.0;;2.907953663591961;0;3.133686086925687;1.8548501276970362;3;top30;rich_entry_quality;0.3;0.02186911893203917;rich_entry_score;0.3090671316477768;0.03385049365303244;rich_combined_k40;extra_trees_shallow;target_entry_ev_regression;True;False;
S2_fractal0_buffer_0_5_entry_floor_2;E3_open_pullback_1_0atr;M0_no_mask;X2_ml_opposite_any_p0_50;val_eval;0.2;990;435.50582777668274;175.9191139755439;2.4756026672418687;0.2622088018193321;-0.03885360126265197;6.102527518796123;0.4505050505050505;0.0;{'ML_CLOSE': 704, 'TIME': 225, 'SL': 61};2.0;;2.122797150911566;0;2.4074944370406026;1.9758163750242446;2;top30;rich_entry_quality;0.3;0.02186911893203917;rich_entry_score;0.4308093994778068;0.06161616161616162;rich_combined_k40;extra_trees_shallow;target_entry_ev_regression;True;False;
S2_fractal0_buffer_0_5_entry_floor_2;E3_open_pullback_1_0atr;M0_no_mask;X2_ml_opposite_any_p0_50;val_select;0.2;1145;579.3924759377658;171.34475933124793;3.381442643469882;0.35637355162141304;0.028703703703698773;8.772590854830383;0.5388646288209606;0.0;{'ML_CLOSE': 761, 'TIME': 319, 'SL': 65};2.0;;2.9536101231189975;0;3.238733431831275;2.20782034165549;3;top50;rich_entry_quality;0.5;0.2885181257369022;rich_entry_score;0.499128160418483;0.056768558951965066;rich_combined_k40;extra_trees_shallow;target_entry_good_0_5r;True;False;
S2_fractal0_buffer_0_5_entry_floor_2;E3_open_pullback_1_0atr;M0_no_mask;X2_ml_opposite_any_p0_50;val_eval;0.2;1134;543.0599106533343;186.164434375096;2.9170980615939914;0.31472264222066865;-0.009629629629631417;8.56646201891759;0.48412698412698413;0.0;{'ML_CLOSE': 775, 'TIME': 286, 'SL': 73};2.0;;2.4904974474582433;0;2.889631787520335;1.996554120204203;2;top50;rich_entry_quality;0.5;0.2885181257369022;rich_entry_score;0.4934725848563969;0.06437389770723104;rich_combined_k40;extra_trees_shallow;target_entry_good_0_5r;True;False;
S2_fractal0_buffer_0_5_entry_floor_2;E3_open_pullback_1_0atr;M0_no_mask;X2_ml_opposite_any_p0_50;val_select;0.2;920;459.7165737844952;137.83116910066946;3.3353600407229105;0.34987543987372366;0.035344658287527;5.124169669621452;0.5445652173913044;0.0;{'ML_CLOSE': 610, 'TIME': 257, 'SL': 53};2.0;;2.8377106896886786;0;3.0925741933296695;2.178540623615036;3;top40;rich_entry_quality;0.4;0.2909628524335627;rich_entry_score;0.4010462074978204;0.057608695652173914;rich_combined_k40;extra_trees_shallow;target_entry_good_0_5r;True;False;
S2_fractal0_buffer_0_5_entry_floor_2;E3_open_pullback_1_0atr;M0_no_mask;X2_ml_opposite_any_p0_50;val_eval;0.2;865;417.2319658450086;136.6518649900256;3.053247505077687;0.3243700587918879;-0.005813953488366713;7.100613524724935;0.4913294797687861;0.0;{'ML_CLOSE': 593, 'TIME': 220, 'SL': 52};2.0;;2.611571545602312;0;2.9605088052477426;1.9974925612210692;2;top40;rich_entry_quality;0.4;0.2909628524335627;rich_entry_score;0.376414273281114;0.06011560693641618;rich_combined_k40;extra_trees_shallow;target_entry_good_0_5r;True;False;
S2_fractal0_buffer_0_5_entry_floor_2;E3_open_pullback_1_0atr;M0_no_mask;X2_ml_opposite_any_p0_50;val_select;0.2;689;348.10995001409015;109.27773931806045;3.1855522651405876;0.3466360097184756;0.03921568627449625;4.961669669621429;0.5457184325108854;0.0;{'ML_CLOSE': 457, 'TIME': 189, 'SL': 43};2.0;;2.6612826051194163;0;2.86144732088857;2.0954229264906443;3;top30;rich_entry_quality;0.3;0.2934728099623249;rich_entry_score;0.3003487358326068;0.062409288824383166;rich_combined_k40;extra_trees_shallow;target_entry_good_0_5r;True;False;
S2_fractal0_buffer_0_5_entry_floor_2;E3_open_pullback_1_0atr;M0_no_mask;X2_ml_opposite_any_p0_50;val_eval;0.2;630;328.93299057209197;100.58316475183747;3.270258908472881;0.3624600409845309;-0.008421985815595077;5.439653019744526;0.4873015873015873;0.0;{'ML_CLOSE': 426, 'TIME': 167, 'SL': 37};2.0;;2.6663415284711993;0;3.185725543954351;1.9989527938184248;2;top30;rich_entry_quality;0.3;0.2934728099623249;rich_entry_score;0.2741514360313316;0.05873015873015873;rich_combined_k40;extra_trees_shallow;target_entry_good_0_5r;True;False;
S2_fractal0_buffer_0_5_entry_floor_2;E3_open_pullback_1_0atr;M0_no_mask;X2_ml_opposite_any_p0_50;val_select;0.2;1104;548.234987576141;148.44269826269772;3.693243210965718;0.362130696841887;0.020856211393266925;4.6141887019009005;0.5235507246376812;0.0;{'ML_CLOSE': 737, 'TIME': 328, 'SL': 39};2.0;;3.1609386355845315;0;3.4903856811988776;2.0698215478809208;3;top50;rich_entry_quality;0.5;0.41966674666151665;rich_entry_score;0.4812554489973845;0.035326086956521736;rich_combined_k40;extra_trees_shallow;target_entry_avoid_sl;True;False;
S2_fractal0_buffer_0_5_entry_floor_2;E3_open_pullback_1_0atr;M0_no_mask;X2_ml_opposite_any_p0_50;val_eval;0.2;935;418.1476446311529;155.50994089732075;2.6888804806841584;0.2808959398222804;-0.013541666666678163;6.544510877298137;0.4770053475935829;0.0;{'ML_CLOSE': 644, 'TIME': 238, 'SL': 53};2.0;;2.3041206493860815;0;2.6153901252711367;1.9196601004427991;2;top50;rich_entry_quality;0.5;0.41966674666151665;rich_entry_score;0.40687554395126196;0.05668449197860963;rich_combined_k40;extra_trees_shallow;target_entry_avoid_sl;True;False;
S2_fractal0_buffer_0_5_entry_floor_2;E3_open_pullback_1_0atr;M0_no_mask;X2_ml_opposite_any_p0_50;val_select;0.2;877;445.5139301102522;119.2990285957994;3.734430492470406;0.37196682042697016;0.015625000000003608;3.3046365335096937;0.5176738882554162;0.0;{'ML_CLOSE': 579, 'TIME': 269, 'SL': 29};2.0;;3.1774874514634446;0;3.443027427289188;2.0253697027077022;3;top40;rich_entry_quality;0.4;0.42195784477185977;rich_entry_score;0.38230165649520487;0.0330672748004561;rich_combined_k40;extra_trees_shallow;target_entry_avoid_sl;True;False;
S2_fractal0_buffer_0_5_entry_floor_2;E3_open_pullback_1_0atr;M0_no_mask;X2_ml_opposite_any_p0_50;val_eval;0.2;660;313.90762536826;107.31616585628699;2.92507305738663;0.31301736289692883;-0.012367021276602313;3.988266549913078;0.4772727272727273;0.0;{'ML_CLOSE': 453, 'TIME': 174, 'SL': 33};2.0;;2.50418618156375;0;2.8564159723877016;1.8556316455343054;2;top40;rich_entry_quality;0.4;0.42195784477185977;rich_entry_score;0.28720626631853785;0.05;rich_combined_k40;extra_trees_shallow;target_entry_avoid_sl;True;False;
S2_fractal0_buffer_0_5_entry_floor_2;E3_open_pullback_1_0atr;M0_no_mask;X2_ml_opposite_any_p0_50;val_select;0.2;652;340.9232330239892;85.93854286794607;3.9670585705398205;0.3910808131227655;0.01966666666665636;3.4488894070728975;0.5214723926380368;0.0;{'ML_CLOSE': 426, 'TIME': 207, 'SL': 19};2.0;;3.210736427808656;0;3.5574486825481215;1.8002767686376357;3;top30;rich_entry_quality;0.3;0.4245320207768123;rich_entry_score;0.2842197035745423;0.029141104294478526;rich_combined_k40;extra_trees_shallow;target_entry_avoid_sl;True;False;
S2_fractal0_buffer_0_5_entry_floor_2;E3_open_pullback_1_0atr;M0_no_mask;X2_ml_opposite_any_p0_50;val_eval;0.2;449;208.1432844365138;75.1019270431006;2.7714772793654343;0.2963059184708534;-0.020512820512801976;5.3531606081905;0.46770601336302897;0.0;{'ML_CLOSE': 301, 'TIME': 122, 'SL': 26};2.000000000000005;;2.270115866618263;0;2.4909331849328105;1.8428870464319367;2;top30;rich_entry_quality;0.3;0.4245320207768123;rich_entry_score;0.19538729329852045;0.05790645879732739;rich_combined_k40;extra_trees_shallow;target_entry_avoid_sl;True;False;
