entry_id;mask_id;exit_id;split;spread;n_trades;gross_profit;gross_loss;pf;mean_pnl_r;median_pnl_r;max_drawdown_r;win_rate;ambiguous_same_bar_rate;exit_reason_counts;bs_p05;negative_years;pf_without_best_year;effective_profit_years;n_years
E0_selected_zone_edge;M0_no_mask;X0_fixed_r_0_7;val_select;0.2;3533;1237.8551724137913;1757.667183494087;0.7042602740941231;-0.147130487144154;0.6999999999999675;522.9120110803041;0.5007076139258421;0.0469855646759128;{'TP': 1768, 'SL': 1756, 'TIME': 9};0.6715887273350482;3;0.6928616436554813;0.0;3
E0_selected_zone_edge;M0_no_mask;X0_fixed_r_0_7;val_eval;0.2;3502;1168.300000000002;1833.0;0.6373704309874534;-0.1898058252427179;-1.0;665.1999999999888;0.4765848086807538;0.0531125071387778;{'SL': 1833, 'TP': 1669};0.6046301224055358;2;0.6164179104477621;0.0;2
E0_selected_zone_edge;M0_no_mask;X1_ml_opposite_strong_p0_55;val_select;0.2;3533;2457.497553344847;1421.8220619039723;1.728414278544809;0.293143360158753;-0.2226415094339666;30.871823622918896;0.38324370223606;0.0653835267478064;{'ML_CLOSE': 1831, 'SL': 1029, 'TIME': 673};1.5976154769424409;0;1.6560083072766123;3.0;3
E0_selected_zone_edge;M0_no_mask;X1_ml_opposite_strong_p0_55;val_eval;0.2;3502;2382.9707063107035;1483.0813958820522;1.606770007989648;0.256964394754041;-0.2666666666666965;50.5034794794683;0.3575099942889777;0.0722444317532838;{'ML_CLOSE': 1817, 'SL': 1057, 'TIME': 628};1.4958998871461378;0;1.423308976580268;2.0;2
E0_selected_zone_edge;M0_no_mask;X1_ml_opposite_strong_p0_65;val_select;0.2;3533;2240.7907943454798;2100.902803641585;1.0665847037099578;0.0395946761120561;-0.8972222222222499;171.2336775489813;0.2442683272006793;0.0953863572035097;{'SL': 1760, 'ML_CLOSE': 1077, 'TIME': 696};0.9755114455724102;1;1.0148887923365848;2.0;3
E0_selected_zone_edge;M0_no_mask;X1_ml_opposite_strong_p0_65;val_eval;0.2;3502;2166.957508322815;2241.9011327282265;0.966571396342438;-0.0214002354098832;-1.0;278.07804109027177;0.2084523129640205;0.1096516276413478;{'SL': 1850, 'ML_CLOSE': 1008, 'TIME': 644};0.8784679242410808;1;0.8721688041715903;1.0;2
E0_selected_zone_edge;M0_no_mask;X1_ml_opposite_strong_p0_75;val_select;0.2;3533;2185.1733820052364;2761.204546874172;0.791384102448682;-0.1630430695921131;-1.0;648.9763662536318;0.1927540333993773;0.1035946787432776;{'SL': 2699, 'TIME': 699, 'ML_CLOSE': 135};0.7136129556303556;2;0.7549599501726998;1.0;3
E0_selected_zone_edge;M0_no_mask;X1_ml_opposite_strong_p0_75;val_eval;0.2;3502;2132.9720379341024;2808.951753325383;0.7593480505348585;-0.1930267605343462;-1.0;735.4637256359506;0.1781838949171901;0.1207881210736721;{'SL': 2747, 'TIME': 649, 'ML_CLOSE': 106};0.6927586103358581;2;0.7050784457263437;0.0;2
E0_selected_zone_edge;M0_no_mask;X2_ml_opposite_any_p0_50;val_select;0.2;3533;1257.3564379412985;1212.4199652735651;1.0370634548710966;0.0127190695351637;-0.15;109.50392660365712;0.3724879705632606;0.0373620152844608;{'ML_CLOSE': 2540, 'SL': 786, 'TIME': 207};0.9155377421722058;1;1.0039722140149672;2.0;3
E0_selected_zone_edge;M0_no_mask;X2_ml_opposite_any_p0_50;val_eval;0.2;3502;1242.4041264449495;1284.642347311491;0.9671206379309092;-0.0120611710070078;-0.1947972972972716;171.95477599094534;0.3418046830382638;0.0422615648201028;{'ML_CLOSE': 2502, 'SL': 812, 'TIME': 188};0.8682740854177111;2;0.945864124461242;0.0;2
E0_selected_zone_edge;M0_no_mask;X2_ml_opposite_any_p0_55;val_select;0.2;3533;1658.498938309443;1201.7437264581283;1.38007705120084;0.1292825394427722;-0.1320000000000618;44.84168058582924;0.3956977073308803;0.0376450608547976;{'ML_CLOSE': 2430, 'SL': 787, 'TIME': 316};1.2550094810563073;0;1.3271793706602952;3.0;3
E0_selected_zone_edge;M0_no_mask;X2_ml_opposite_any_p0_55;val_eval;0.2;3502;1569.1393375885232;1274.3869714442162;1.2312895319467012;0.0841668664032857;-0.184047965116301;63.93514343356805;0.3672187321530554;0.0428326670474014;{'ML_CLOSE': 2410, 'SL': 814, 'TIME': 278};1.106409894995783;0;1.222083731897337;2.0;2
E0_selected_zone_edge;M0_no_mask;X2_ml_opposite_any_p0_60;val_select;0.2;3533;1916.305858412132;1195.4240749001588;1.603034352953098;0.2040423955595734;-0.1199999999999919;30.76416244416061;0.4126804415510897;0.0399094254174922;{'ML_CLOSE': 2322, 'SL': 795, 'TIME': 416};1.4758691152005667;0;1.547498358466344;3.0;3
E0_selected_zone_edge;M0_no_mask;X2_ml_opposite_any_p0_60;val_eval;0.2;3502;1775.2433335309595;1280.6583502059466;1.3861958837386077;0.1412292927826993;-0.1836971998101825;50.22685579474961;0.3786407766990291;0.0468303826384922;{'ML_CLOSE': 2306, 'SL': 830, 'TIME': 366};1.2682901592525213;0;1.3730832251548444;2.0;2
E0_selected_zone_edge;M0_no_mask;X3_ml_hold_close_p0_50;val_select;0.2;3533;2331.8114942151924;2399.7318176983263;0.9716967025305856;-0.0192245466977451;-1.0;259.57862858798063;0.2538918765921313;0.0883102179450891;{'SL': 2285, 'TIME': 698, 'ML_CLOSE': 550};0.8887805629402733;2;0.9245825560993486;1.0;3
E0_selected_zone_edge;M0_no_mask;X3_ml_hold_close_p0_50;val_eval;0.2;3502;2250.84392167036;2509.757739787212;0.8968371273401057;-0.0739331291024706;-1.0;415.1780495342613;0.2241576242147344;0.0990862364363221;{'SL': 2381, 'TIME': 643, 'ML_CLOSE': 478};0.8219023222794084;2;0.8130470176838417;0.0;2
E0_selected_zone_edge;M0_no_mask;X3_ml_hold_close_p0_60;val_select;0.2;3533;2185.5992651062893;2831.830585722812;0.7717973229491145;-0.1829129127134227;-1.0;705.1823744679183;0.1919048966883668;0.1033116331729408;{'SL': 2824, 'TIME': 699, 'ML_CLOSE': 10};0.7035104501745638;2;0.7359226004457139;1.0;3
E0_selected_zone_edge;M0_no_mask;X3_ml_hold_close_p0_60;val_eval;0.2;3502;2136.447098909712;2853.624010991465;0.7486785542456322;-0.2047906659285417;-1.0;761.5337949344771;0.1787549971444888;0.1202170188463735;{'SL': 2844, 'TIME': 649, 'ML_CLOSE': 9};0.6879121825266142;2;0.6983205059544497;0.0;2
E0_selected_zone_edge;M0_no_mask;X3_ml_hold_close_p0_70;val_select;0.2;3533;2180.227464326424;2839.942900956598;0.7677011617353443;-0.1867295320209945;-1.0;717.6297572853405;0.1902066232663458;0.1041607698839513;{'SL': 2833, 'TIME': 699, 'ML_CLOSE': 1};0.7065647004855972;2;0.7315169603851297;1.0;3
E0_selected_zone_edge;M0_no_mask;X3_ml_hold_close_p0_70;val_eval;0.2;3502;2132.5569738315385;2860.4727829212898;0.7455260495971722;-0.2078571699285412;-1.0;770.5793586091422;0.1773272415762421;0.1207881210736721;{'SL': 2852, 'TIME': 649, 'ML_CLOSE': 1};0.6800822122739059;2;0.6941525064167248;0.0;2
E0_selected_zone_edge;M0_no_mask;X4_ml_movement_exhaustion_p0_55;val_select;0.2;3533;2184.699075452328;2573.319898392213;0.8489807570435793;-0.1099974024737858;-1.0;487.97684211759895;0.1972827625247664;0.1041607698839513;{'SL': 2369, 'TIME': 693, 'ML_CLOSE': 471};0.7829732494107837;2;0.8115499400335435;1.0;3
E0_selected_zone_edge;M0_no_mask;X4_ml_movement_exhaustion_p0_55;val_eval;0.2;3502;2133.270565984744;2670.4892697439545;0.7988313565436196;-0.1534033991316994;-1.0;621.1775102199566;0.1801827527127355;0.1207881210736721;{'SL': 2480, 'TIME': 646, 'ML_CLOSE': 376};0.7281605208478654;2;0.7380516921957248;0.0;2
E0_selected_zone_edge;M0_no_mask;X4_ml_movement_exhaustion_p0_65;val_select;0.2;3533;2181.679316178276;2827.4510898969324;0.7716063856856331;-0.1827828399996196;-1.0;706.0299378671623;0.1904896688366827;0.1041607698839513;{'SL': 2810, 'TIME': 699, 'ML_CLOSE': 24};0.6984144536351459;2;0.735130217507816;1.0;3
E0_selected_zone_edge;M0_no_mask;X4_ml_movement_exhaustion_p0_65;val_eval;0.2;3502;2132.5569738315385;2854.901619414094;0.7469808974605573;-0.206266317984739;-1.0;766.6681951019468;0.1773272415762421;0.1207881210736721;{'SL': 2838, 'TIME': 649, 'ML_CLOSE': 15};0.6823249239161784;2;0.695468906160316;0.0;2
E0_selected_zone_edge;M0_no_mask;X4_ml_movement_exhaustion_p0_75;val_select;0.2;3533;2180.227464326424;2840.926900956598;0.767435256286354;-0.1870080488622059;-1.0;718.6137572853404;0.1902066232663458;0.1041607698839513;{'SL': 2834, 'TIME': 699};0.7043777567242588;2;0.7312374621011025;1.0;3
E0_selected_zone_edge;M0_no_mask;X4_ml_movement_exhaustion_p0_75;val_eval;0.2;3502;2132.5569738315385;2861.408894032401;0.7452821504396255;-0.2081244774988185;-1.0;771.5154697202533;0.1773272415762421;0.1207881210736721;{'SL': 2853, 'TIME': 649};0.676245406101361;2;0.6936753781843558;0.0;2
E0_selected_zone_edge;M0_no_mask;X5_fixed_sl_ml_profit_exit_hold_close_p0_55;val_select;0.2;3533;2205.2773009129205;2803.926900956598;0.7864960032162608;-0.1694451174762743;-1.0;670.739261547111;0.2006793093688083;0.101330314180583;{'SL': 2797, 'TIME': 699, 'ML_CLOSE': 37};0.7183643341343877;2;0.7488541669937466;1.0;3
E0_selected_zone_edge;M0_no_mask;X5_fixed_sl_ml_profit_exit_hold_close_p0_55;val_eval;0.2;3502;2161.828128945901;2835.1175896845743;0.7625179769656111;-0.192258555322294;-1.0;729.310502405719;0.1850371216447744;0.116504854368932;{'SL': 2827, 'TIME': 648, 'ML_CLOSE': 27};0.6919793550182749;2;0.7081425201412241;0.0;2
E0_selected_zone_edge;M0_no_mask;X5_fixed_sl_ml_profit_exit_hold_close_p0_65;val_select;0.2;3533;2184.38999993896;2836.926900956598;0.7699845911441687;-0.1846976793143611;-1.0;710.4512216728045;0.1913388055476931;0.1035946787432776;{'SL': 2830, 'TIME': 699, 'ML_CLOSE': 4};0.70341833801432;2;0.7339937646531443;1.0;3
E0_selected_zone_edge;M0_no_mask;X5_fixed_sl_ml_profit_exit_hold_close_p0_65;val_eval;0.2;3502;2133.403918275983;2859.408894032401;0.7460996301467784;-0.2073115293422096;-1.0;768.6685252758089;0.1778983438035408;0.1207881210736721;{'SL': 2851, 'TIME': 649, 'ML_CLOSE': 2};0.678524032271025;2;0.6953183556799759;0.0;2
E0_selected_zone_edge;M0_no_mask;X5_fixed_sl_ml_profit_exit_hold_close_p0_75;val_select;0.2;3533;2180.227464326424;2840.926900956598;0.767435256286354;-0.1870080488622059;-1.0;718.6137572853404;0.1902066232663458;0.1041607698839513;{'SL': 2834, 'TIME': 699};0.7048340419968308;2;0.7312374621011025;1.0;3
E0_selected_zone_edge;M0_no_mask;X5_fixed_sl_ml_profit_exit_hold_close_p0_75;val_eval;0.2;3502;2132.5569738315385;2861.408894032401;0.7452821504396255;-0.2081244774988185;-1.0;771.5154697202533;0.1773272415762421;0.1207881210736721;{'SL': 2853, 'TIME': 649};0.6881206840237487;2;0.6936753781843558;0.0;2
E0_selected_zone_edge;M0_no_mask;X5_fixed_sl_ml_profit_exit_movement_exhaustion_p0_55;val_select;0.2;3533;2185.0693414930165;2813.926900956598;0.7765195822074126;-0.1779953465789928;-1.0;686.7718801187485;0.1978488536654401;0.1041607698839513;{'SL': 2807, 'TIME': 699, 'ML_CLOSE': 27};0.7140134349942125;2;0.7408849024079481;1.0;3
E0_selected_zone_edge;M0_no_mask;X5_fixed_sl_ml_profit_exit_movement_exhaustion_p0_55;val_eval;0.2;3502;2133.270565984744;2851.408894032401;0.7481461429293356;-0.2050651993282859;-1.0;764.1789044290751;0.1801827527127355;0.1207881210736721;{'SL': 2843, 'TIME': 649, 'ML_CLOSE': 10};0.6881591559619402;2;0.6964446757955958;0.0;2
E0_selected_zone_edge;M0_no_mask;X5_fixed_sl_ml_profit_exit_movement_exhaustion_p0_65;val_select;0.2;3533;2181.679316178276;2839.926900956598;0.7682167155229952;-0.1863140630564171;-1.0;716.1619054334888;0.1904896688366827;0.1041607698839513;{'SL': 2833, 'TIME': 699, 'ML_CLOSE': 1};0.6962203145019447;2;0.7320854698441572;1.0;3
E0_selected_zone_edge;M0_no_mask;X5_fixed_sl_ml_profit_exit_movement_exhaustion_p0_65;val_eval;0.2;3502;2132.5569738315385;2861.408894032401;0.7452821504396255;-0.2081244774988185;-1.0;771.5154697202533;0.1773272415762421;0.1207881210736721;{'SL': 2853, 'TIME': 649};0.685148876177976;2;0.6936753781843558;0.0;2
E0_selected_zone_edge;M0_no_mask;X5_fixed_sl_ml_profit_exit_movement_exhaustion_p0_75;val_select;0.2;3533;2180.227464326424;2840.926900956598;0.767435256286354;-0.1870080488622059;-1.0;718.6137572853404;0.1902066232663458;0.1041607698839513;{'SL': 2834, 'TIME': 699};0.7014477871356213;2;0.7312374621011025;1.0;3
E0_selected_zone_edge;M0_no_mask;X5_fixed_sl_ml_profit_exit_movement_exhaustion_p0_75;val_eval;0.2;3502;2132.5569738315385;2861.408894032401;0.7452821504396255;-0.2081244774988185;-1.0;771.5154697202533;0.1773272415762421;0.1207881210736721;{'SL': 2853, 'TIME': 649};0.6784023694337364;2;0.6936753781843558;0.0;2
E0_selected_zone_edge;M0_no_mask;X6_trail_atr_0_2_activation_0;val_select;0.2;3533;2180.227464326424;2840.926900956598;0.767435256286354;-0.1870080488622059;-1.0;718.6137572853404;0.1902066232663458;0.1041607698839513;{'SL': 2834, 'TIME': 699};0.692652676739787;2;0.7312374621011025;1.0;3
E0_selected_zone_edge;M0_no_mask;X6_trail_atr_0_2_activation_0;val_eval;0.2;3502;2132.5569738315385;2861.408894032401;0.7452821504396255;-0.2081244774988185;-1.0;771.5154697202533;0.1773272415762421;0.1207881210736721;{'SL': 2853, 'TIME': 649};0.6885737808757298;2;0.6936753781843558;0.0;2
E0_selected_zone_edge;M0_no_mask;X6_trail_atr_0_2_activation_1;val_select;0.2;3533;2180.227464326424;2840.926900956598;0.767435256286354;-0.1870080488622059;-1.0;718.6137572853404;0.1902066232663458;0.1041607698839513;{'SL': 2834, 'TIME': 699};0.7079322297348868;2;0.7312374621011025;1.0;3
E0_selected_zone_edge;M0_no_mask;X6_trail_atr_0_2_activation_1;val_eval;0.2;3502;2132.5569738315385;2861.408894032401;0.7452821504396255;-0.2081244774988185;-1.0;771.5154697202533;0.1773272415762421;0.1207881210736721;{'SL': 2853, 'TIME': 649};0.6848890625649795;2;0.6936753781843558;0.0;2
E0_selected_zone_edge;M0_no_mask;X6_trail_atr_0_2_activation_2;val_select;0.2;3533;2180.227464326424;2840.926900956598;0.767435256286354;-0.1870080488622059;-1.0;718.6137572853404;0.1902066232663458;0.1041607698839513;{'SL': 2834, 'TIME': 699};0.687762478753222;2;0.7312374621011025;1.0;3
E0_selected_zone_edge;M0_no_mask;X6_trail_atr_0_2_activation_2;val_eval;0.2;3502;2132.5569738315385;2861.408894032401;0.7452821504396255;-0.2081244774988185;-1.0;771.5154697202533;0.1773272415762421;0.1207881210736721;{'SL': 2853, 'TIME': 649};0.6805114209219166;2;0.6936753781843558;0.0;2
E0_selected_zone_edge;M0_no_mask;X6_trail_atr_0_2_activation_3;val_select;0.2;3533;2180.227464326424;2840.926900956598;0.767435256286354;-0.1870080488622059;-1.0;718.6137572853404;0.1902066232663458;0.1041607698839513;{'SL': 2834, 'TIME': 699};0.7183294567187747;2;0.7312374621011025;1.0;3
E0_selected_zone_edge;M0_no_mask;X6_trail_atr_0_2_activation_3;val_eval;0.2;3502;2132.5569738315385;2861.408894032401;0.7452821504396255;-0.2081244774988185;-1.0;771.5154697202533;0.1773272415762421;0.1207881210736721;{'SL': 2853, 'TIME': 649};0.6817743259625382;2;0.6936753781843558;0.0;2
E0_selected_zone_edge;M0_no_mask;X6_trail_atr_2_activation_0;val_select;0.2;3533;2180.227464326424;2840.926900956598;0.767435256286354;-0.1870080488622059;-1.0;718.6137572853404;0.1902066232663458;0.1041607698839513;{'SL': 2834, 'TIME': 699};0.6979575573198751;2;0.7312374621011025;1.0;3
E0_selected_zone_edge;M0_no_mask;X6_trail_atr_2_activation_0;val_eval;0.2;3502;2132.5569738315385;2861.408894032401;0.7452821504396255;-0.2081244774988185;-1.0;771.5154697202533;0.1773272415762421;0.1207881210736721;{'SL': 2853, 'TIME': 649};0.6785193216607293;2;0.6936753781843558;0.0;2
E0_selected_zone_edge;M0_no_mask;X6_trail_atr_2_activation_1;val_select;0.2;3533;2180.227464326424;2840.926900956598;0.767435256286354;-0.1870080488622059;-1.0;718.6137572853404;0.1902066232663458;0.1041607698839513;{'SL': 2834, 'TIME': 699};0.6987041521120292;2;0.7312374621011025;1.0;3
E0_selected_zone_edge;M0_no_mask;X6_trail_atr_2_activation_1;val_eval;0.2;3502;2132.5569738315385;2861.408894032401;0.7452821504396255;-0.2081244774988185;-1.0;771.5154697202533;0.1773272415762421;0.1207881210736721;{'SL': 2853, 'TIME': 649};0.6752404451589363;2;0.6936753781843558;0.0;2
E0_selected_zone_edge;M0_no_mask;X6_trail_atr_2_activation_2;val_select;0.2;3533;2180.227464326424;2840.926900956598;0.767435256286354;-0.1870080488622059;-1.0;718.6137572853404;0.1902066232663458;0.1041607698839513;{'SL': 2834, 'TIME': 699};0.6887084664480697;2;0.7312374621011025;1.0;3
E0_selected_zone_edge;M0_no_mask;X6_trail_atr_2_activation_2;val_eval;0.2;3502;2132.5569738315385;2861.408894032401;0.7452821504396255;-0.2081244774988185;-1.0;771.5154697202533;0.1773272415762421;0.1207881210736721;{'SL': 2853, 'TIME': 649};0.6861731519641685;2;0.6936753781843558;0.0;2
E0_selected_zone_edge;M0_no_mask;X6_trail_atr_2_activation_3;val_select;0.2;3533;2180.227464326424;2840.926900956598;0.767435256286354;-0.1870080488622059;-1.0;718.6137572853404;0.1902066232663458;0.1041607698839513;{'SL': 2834, 'TIME': 699};0.7030079697263016;2;0.7312374621011025;1.0;3
E0_selected_zone_edge;M0_no_mask;X6_trail_atr_2_activation_3;val_eval;0.2;3502;2132.5569738315385;2861.408894032401;0.7452821504396255;-0.2081244774988185;-1.0;771.5154697202533;0.1773272415762421;0.1207881210736721;{'SL': 2853, 'TIME': 649};0.6773595642003877;2;0.6936753781843558;0.0;2
E0_selected_zone_edge;M0_no_mask;X6_trail_atr_3_activation_0;val_select;0.2;3533;2180.227464326424;2840.926900956598;0.767435256286354;-0.1870080488622059;-1.0;718.6137572853404;0.1902066232663458;0.1041607698839513;{'SL': 2834, 'TIME': 699};0.6959987816245677;2;0.7312374621011025;1.0;3
E0_selected_zone_edge;M0_no_mask;X6_trail_atr_3_activation_0;val_eval;0.2;3502;2132.5569738315385;2861.408894032401;0.7452821504396255;-0.2081244774988185;-1.0;771.5154697202533;0.1773272415762421;0.1207881210736721;{'SL': 2853, 'TIME': 649};0.6838350952616719;2;0.6936753781843558;0.0;2
E0_selected_zone_edge;M0_no_mask;X6_trail_atr_3_activation_1;val_select;0.2;3533;2180.227464326424;2840.926900956598;0.767435256286354;-0.1870080488622059;-1.0;718.6137572853404;0.1902066232663458;0.1041607698839513;{'SL': 2834, 'TIME': 699};0.7054009748749466;2;0.7312374621011025;1.0;3
E0_selected_zone_edge;M0_no_mask;X6_trail_atr_3_activation_1;val_eval;0.2;3502;2132.5569738315385;2861.408894032401;0.7452821504396255;-0.2081244774988185;-1.0;771.5154697202533;0.1773272415762421;0.1207881210736721;{'SL': 2853, 'TIME': 649};0.6746692548015724;2;0.6936753781843558;0.0;2
E0_selected_zone_edge;M0_no_mask;X6_trail_atr_3_activation_2;val_select;0.2;3533;2180.227464326424;2840.926900956598;0.767435256286354;-0.1870080488622059;-1.0;718.6137572853404;0.1902066232663458;0.1041607698839513;{'SL': 2834, 'TIME': 699};0.7027495310454857;2;0.7312374621011025;1.0;3
E0_selected_zone_edge;M0_no_mask;X6_trail_atr_3_activation_2;val_eval;0.2;3502;2132.5569738315385;2861.408894032401;0.7452821504396255;-0.2081244774988185;-1.0;771.5154697202533;0.1773272415762421;0.1207881210736721;{'SL': 2853, 'TIME': 649};0.6845785519166553;2;0.6936753781843558;0.0;2
E0_selected_zone_edge;M0_no_mask;X6_trail_atr_3_activation_3;val_select;0.2;3533;2180.227464326424;2840.926900956598;0.767435256286354;-0.1870080488622059;-1.0;718.6137572853404;0.1902066232663458;0.1041607698839513;{'SL': 2834, 'TIME': 699};0.6998716007784045;2;0.7312374621011025;1.0;3
E0_selected_zone_edge;M0_no_mask;X6_trail_atr_3_activation_3;val_eval;0.2;3502;2132.5569738315385;2861.408894032401;0.7452821504396255;-0.2081244774988185;-1.0;771.5154697202533;0.1773272415762421;0.1207881210736721;{'SL': 2853, 'TIME': 649};0.6800476396169179;2;0.6936753781843558;0.0;2
E0_selected_zone_edge;M0_no_mask;X6_trail_atr_5_activation_0;val_select;0.2;3533;2180.227464326424;2840.926900956598;0.767435256286354;-0.1870080488622059;-1.0;718.6137572853404;0.1902066232663458;0.1041607698839513;{'SL': 2834, 'TIME': 699};0.6999164900969377;2;0.7312374621011025;1.0;3
E0_selected_zone_edge;M0_no_mask;X6_trail_atr_5_activation_0;val_eval;0.2;3502;2132.5569738315385;2861.408894032401;0.7452821504396255;-0.2081244774988185;-1.0;771.5154697202533;0.1773272415762421;0.1207881210736721;{'SL': 2853, 'TIME': 649};0.6808396548612347;2;0.6936753781843558;0.0;2
E0_selected_zone_edge;M0_no_mask;X6_trail_atr_5_activation_1;val_select;0.2;3533;2180.227464326424;2840.926900956598;0.767435256286354;-0.1870080488622059;-1.0;718.6137572853404;0.1902066232663458;0.1041607698839513;{'SL': 2834, 'TIME': 699};0.7054826324474729;2;0.7312374621011025;1.0;3
E0_selected_zone_edge;M0_no_mask;X6_trail_atr_5_activation_1;val_eval;0.2;3502;2132.5569738315385;2861.408894032401;0.7452821504396255;-0.2081244774988185;-1.0;771.5154697202533;0.1773272415762421;0.1207881210736721;{'SL': 2853, 'TIME': 649};0.6756560548496902;2;0.6936753781843558;0.0;2
E0_selected_zone_edge;M0_no_mask;X6_trail_atr_5_activation_2;val_select;0.2;3533;2180.227464326424;2840.926900956598;0.767435256286354;-0.1870080488622059;-1.0;718.6137572853404;0.1902066232663458;0.1041607698839513;{'SL': 2834, 'TIME': 699};0.6977662906343087;2;0.7312374621011025;1.0;3
E0_selected_zone_edge;M0_no_mask;X6_trail_atr_5_activation_2;val_eval;0.2;3502;2132.5569738315385;2861.408894032401;0.7452821504396255;-0.2081244774988185;-1.0;771.5154697202533;0.1773272415762421;0.1207881210736721;{'SL': 2853, 'TIME': 649};0.6769777191598517;2;0.6936753781843558;0.0;2
E0_selected_zone_edge;M0_no_mask;X6_trail_atr_5_activation_3;val_select;0.2;3533;2180.227464326424;2840.926900956598;0.767435256286354;-0.1870080488622059;-1.0;718.6137572853404;0.1902066232663458;0.1041607698839513;{'SL': 2834, 'TIME': 699};0.7018514322668676;2;0.7312374621011025;1.0;3
E0_selected_zone_edge;M0_no_mask;X6_trail_atr_5_activation_3;val_eval;0.2;3502;2132.5569738315385;2861.408894032401;0.7452821504396255;-0.2081244774988185;-1.0;771.5154697202533;0.1773272415762421;0.1207881210736721;{'SL': 2853, 'TIME': 649};0.6819776693421513;2;0.6936753781843558;0.0;2
E0_selected_zone_edge;M0_no_mask;X7_time_1;val_select;0.2;3533;802.2828206136834;1510.135781883329;0.5312653539095246;-0.2003546451371768;-0.2360824742268048;711.106521546734;0.3798471553920181;0.045004245683555;{'TIME': 2336, 'SL': 1197};0.4998753461924243;3;0.5206065495293728;0.0;3
E0_selected_zone_edge;M0_no_mask;X7_time_1;val_eval;0.2;3502;776.146188344471;1603.0688627044633;0.4841627246349672;-0.236128690565389;-0.3204981992797427;826.8332231404783;0.3489434608794974;0.0533980582524271;{'TIME': 2265, 'SL': 1237};0.4473790047803284;2;0.462998844908473;0.0;2
E0_selected_zone_edge;M0_no_mask;X7_time_2;val_select;0.2;3533;984.6801095676542;1710.5952234943234;0.5756359517689965;-0.2054670574374948;-0.3527027027027156;726.3755249068178;0.3639966034531559;0.0517973393716388;{'TIME': 2059, 'SL': 1474};0.5318639598327854;3;0.5708542712325211;0.0;3
E0_selected_zone_edge;M0_no_mask;X7_time_2;val_eval;0.2;3502;1009.9411576571732;1800.5201545107088;0.5609163302765832;-0.2257507129793076;-0.5025568181818156;792.3763749023152;0.3512278697886922;0.0616790405482581;{'TIME': 1971, 'SL': 1531};0.5168789550075565;2;0.5528363667577718;0.0;2
E0_selected_zone_edge;M0_no_mask;X7_time_6;val_select;0.2;3533;1431.0128517795356;2177.2226927724814;0.6572652657580378;-0.2112113900347992;-1.0;748.4025449321508;0.3198414944806114;0.06594961788848;{'SL': 2072, 'TIME': 1461};0.6057268449662189;3;0.5913035087950943;0.0;3
E0_selected_zone_edge;M0_no_mask;X7_time_6;val_eval;0.2;3502;1408.7465710156173;2266.1178295316995;0.6216563643147979;-0.2448233176802062;-1.0;866.4549170526684;0.2981153626499143;0.0830953740719588;{'SL': 2170, 'TIME': 1332};0.5753133116827305;2;0.585906472379159;0.0;2
E0_selected_zone_edge;M0_no_mask;X7_time_12;val_select;0.2;3533;1738.3395046540177;2535.7485805100587;0.6855330682288524;-0.225703106667433;-1.0;816.8806100517021;0.2533257854514577;0.0846306255307104;{'SL': 2495, 'TIME': 1038};0.6246327765027013;3;0.6698808992832637;0.0;3
E0_selected_zone_edge;M0_no_mask;X7_time_12;val_eval;0.2;3502;1845.3229880920217;2603.2823131651576;0.7088447452510122;-0.2164361293755385;-1.0;778.2742325235714;0.2387207310108509;0.0988006853226727;{'SL': 2575, 'TIME': 927};0.64719456955449;2;0.6665906393238236;0.0;2
E0_selected_zone_edge;M0_no_mask;X8_giveback_30_activation_1;val_select;0.2;3533;1674.989038284155;2450.821684301668;0.6834397822628304;-0.2195959937779543;-1.0;799.0145550930902;0.2957826210019813;0.0741579394282479;{'SL': 2439, 'GIVEBACK': 948, 'TIME': 146};0.6293091196228902;3;0.6669620651314112;0.0;3
E0_selected_zone_edge;M0_no_mask;X8_giveback_30_activation_1;val_eval;0.2;3502;1645.908769801043;2498.309135802639;0.6588090906020952;-0.2434038737868635;-1.0;865.7594537040698;0.2747001713306682;0.0876641918903483;{'SL': 2479, 'GIVEBACK': 899, 'TIME': 124};0.5979693396507396;2;0.6483295780031212;0.0;2
E0_selected_zone_edge;M0_no_mask;X8_giveback_30_activation_2;val_select;0.2;3533;1955.5406579175535;2718.4174437488223;0.7193673151319885;-0.2159288949423347;-1.0;786.7518504448741;0.2247381828474384;0.0891593546560996;{'SL': 2712, 'GIVEBACK': 499, 'TIME': 322};0.6681102833719433;3;0.6912274813214274;0.0;3
E0_selected_zone_edge;M0_no_mask;X8_giveback_30_activation_2;val_eval;0.2;3502;1999.7480756708208;2718.826290436344;0.7355188828006668;-0.2053335850272766;-1.0;757.06014133393;0.2181610508280982;0.1042261564820102;{'SL': 2711, 'GIVEBACK': 523, 'TIME': 268};0.6761143529357188;2;0.7104656277142642;0.0;2
E0_selected_zone_edge;M0_no_mask;X8_giveback_30_activation_3;val_select;0.2;3533;2052.112007865318;2814.406211301425;0.7291456363423777;-0.2157639975760282;-1.0;796.9615085855264;0.1975658080951033;0.0993489951882253;{'SL': 2807, 'TIME': 500, 'GIVEBACK': 226};0.664052279143312;2;0.6949564376153949;1.0;3
E0_selected_zone_edge;M0_no_mask;X8_giveback_30_activation_3;val_eval;0.2;3502;2158.46009300364;2812.272707221733;0.7675145043582918;-0.1866969201079648;-1.0;711.0094522683547;0.1918903483723586;0.1162193032552827;{'SL': 2805, 'TIME': 434, 'GIVEBACK': 263};0.7035558183178271;2;0.729805862644381;0.0;2
E0_selected_zone_edge;M0_no_mask;X8_giveback_50_activation_1;val_select;0.2;3533;1782.6434633406257;2475.8396722747675;0.7200157115596897;-0.1962061163130884;-1.0;734.9335314836247;0.2821964336258137;0.0781205774129635;{'SL': 2455, 'GIVEBACK': 772, 'TIME': 306};0.6524588592389913;3;0.7066469975287377;0.0;3
E0_selected_zone_edge;M0_no_mask;X8_giveback_50_activation_1;val_eval;0.2;3502;1764.291037655982;2523.133773264926;0.6992459362838285;-0.2166883882378481;-1.0;783.1450078309844;0.2635636778983438;0.0939463163906339;{'SL': 2501, 'GIVEBACK': 727, 'TIME': 274};0.6391890479613823;2;0.6735154720334423;0.0;2
E0_selected_zone_edge;M0_no_mask;X8_giveback_50_activation_2;val_select;0.2;3533;2048.7728213063;2725.7668856347877;0.7516317085307807;-0.1916201710525013;-1.0;704.1285402128022;0.2216246815737333;0.0902915369374469;{'SL': 2717, 'TIME': 478, 'GIVEBACK': 338};0.6801251134448995;3;0.7256124636743974;0.0;3
E0_selected_zone_edge;M0_no_mask;X8_giveback_50_activation_2;val_eval;0.2;3502;2059.9906051714047;2725.3290177090707;0.7558685911996953;-0.1899881246538166;-1.0;715.6802547234424;0.2153055396916048;0.1059394631639063;{'SL': 2717, 'TIME': 410, 'GIVEBACK': 375};0.6943930528086442;2;0.7015253821362675;0.0;2
E0_selected_zone_edge;M0_no_mask;X8_giveback_50_activation_3;val_select;0.2;3533;2097.0533856623324;2814.406211301425;0.7451139701303539;-0.2030435396657495;-1.0;752.0957684279088;0.1975658080951033;0.0993489951882253;{'SL': 2807, 'TIME': 598, 'GIVEBACK': 128};0.676870289328996;2;0.7143536928052385;1.0;3
E0_selected_zone_edge;M0_no_mask;X8_giveback_50_activation_3;val_eval;0.2;3502;2137.544301821519;2815.272707221733;0.7592672270570073;-0.1935261009138246;-1.0;722.5700061345663;0.1910336950314106;0.1170759565962307;{'SL': 2808, 'TIME': 529, 'GIVEBACK': 165};0.6945904345013342;2;0.7136232301513277;0.0;2
E0_selected_zone_edge;M0_no_mask;X8_giveback_70_activation_1;val_select;0.2;3533;1879.545945556628;2524.626927941089;0.744484630483386;-0.1825873145724488;-1.0;682.6543198548758;0.2572884234361732;0.085196716671384;{'SL': 2492, 'GIVEBACK': 605, 'TIME': 436};0.6826483423255569;3;0.7235060986634205;0.0;3
E0_selected_zone_edge;M0_no_mask;X8_giveback_70_activation_1;val_eval;0.2;3502;1772.6989685735057;2566.8889513154227;0.6906021266191013;-0.226781834021107;-1.0;815.0024516054574;0.2378640776699029;0.0988006853226727;{'SL': 2527, 'GIVEBACK': 590, 'TIME': 385};0.6263444733981822;2;0.6463625131051984;0.0;2
E0_selected_zone_edge;M0_no_mask;X8_giveback_70_activation_2;val_select;0.2;3533;2115.9631409329386;2739.868633912715;0.7722863478717964;-0.1765936860967381;-1.0;667.597968656215;0.2165298613076705;0.0936880837814888;{'SL': 2729, 'TIME': 593, 'GIVEBACK': 211};0.7013213797867526;2;0.7437929705061334;1.0;3
E0_selected_zone_edge;M0_no_mask;X8_giveback_70_activation_2;val_eval;0.2;3502;2044.5849374851068;2740.343725029339;0.746105285556182;-0.1986746966145722;-1.0;740.8258173470531;0.2050256996002284;0.108223872073101;{'SL': 2725, 'TIME': 512, 'GIVEBACK': 265};0.6890442317885653;2;0.6869862304425394;0.0;2
E0_selected_zone_edge;M0_no_mask;X8_giveback_70_activation_3;val_select;0.2;3533;2152.6354058225093;2817.406211301425;0.764048647719903;-0.1881604317800498;-1.0;706.1685362019551;0.1967166713840928;0.1001981318992357;{'SL': 2810, 'TIME': 659, 'GIVEBACK': 64};0.7044778420629785;2;0.7336371847525858;1.0;3
E0_selected_zone_edge;M0_no_mask;X8_giveback_70_activation_3;val_eval;0.2;3502;2118.4209604718358;2818.620676820416;0.7515807209863903;-0.1999428087802914;-1.0;747.018909328087;0.1878926327812678;0.11736150770988;{'SL': 2809, 'TIME': 586, 'GIVEBACK': 107};0.6886159661958494;2;0.7047094634600436;0.0;2
E0_selected_zone_edge;M1_frozen_movement_top5;X0_fixed_r_0_7;val_select;0.2;193;64.39999999999986;101.0;0.6376237623762363;-0.1896373056994826;-1.0;41.20000000000012;0.4766839378238341;0.0259067357512953;{'SL': 101, 'TP': 92};0.506250000000001;2;0.388888888888887;1.0;3
E0_selected_zone_edge;M1_frozen_movement_top5;X0_fixed_r_0_7;val_eval;0.2;16;6.300000000000017;7.0;0.9000000000000024;-0.0437499999999989;0.6999999999999887;4.29999999999998;0.5625;0.0625;{'TP': 9, 'SL': 7};0.4199999999999966;1;0.9000000000000024;0.0;1
E0_selected_zone_edge;M1_frozen_movement_top5;X1_ml_opposite_strong_p0_55;val_select;0.2;193;104.22032079191244;92.06946494054412;1.1319748720079452;0.0629578023386958;-0.4090909090909279;15.034501860249827;0.3005181347150259;0.0362694300518134;{'ML_CLOSE': 93, 'SL': 67, 'TIME': 33};0.6974787039517891;2;0.9780886508194774;1.0;3
E0_selected_zone_edge;M1_frozen_movement_top5;X1_ml_opposite_strong_p0_55;val_eval;0.2;16;9.176701172244169;5.096627906976769;1.800543680986048;0.2550045790792124;-0.1090748230535912;3.298260068065848;0.4375;0.0625;{'ML_CLOSE': 11, 'SL': 3, 'TIME': 2};0.3020508995710633;0;1.800543680986048;1.0;1
E0_selected_zone_edge;M1_frozen_movement_top5;X1_ml_opposite_strong_p0_65;val_select;0.2;193;98.0962931362746;146.73371189133653;0.6685327582315896;-0.2520073510624969;-1.0;54.50269392478575;0.1761658031088082;0.0466321243523316;{'SL': 137, 'TIME': 34, 'ML_CLOSE': 22};0.4302207880197481;3;0.6589850601488605;0.0;3
E0_selected_zone_edge;M1_frozen_movement_top5;X1_ml_opposite_strong_p0_65;val_eval;0.2;16;7.565833333333259;13.797500000000014;0.5483481307000001;-0.3894791666666721;-1.0;12.797500000000014;0.125;0.0625;{'SL': 13, 'TIME': 2, 'ML_CLOSE': 1};0.0;1;0.5483481307000001;0.0;1
E0_selected_zone_edge;M1_frozen_movement_top5;X1_ml_opposite_strong_p0_75;val_select;0.2;193;97.9843870639943;159.77684112149535;0.6132577561067586;-0.3201681557383473;-1.0;65.95741866821872;0.1658031088082901;0.0466321243523316;{'SL': 159, 'TIME': 34};0.3829152834001624;3;0.5997512322814955;0.0;3
E0_selected_zone_edge;M1_frozen_movement_top5;X1_ml_opposite_strong_p0_75;val_eval;0.2;16;7.565833333333259;14.0;0.5404166666666613;-0.4021354166666713;-1.0;13.0;0.125;0.0625;{'SL': 14, 'TIME': 2};0.0;1;0.5404166666666613;0.0;1
E0_selected_zone_edge;M1_frozen_movement_top5;X2_ml_opposite_any_p0_50;val_select;0.2;193;34.10259092707744;72.58497185173505;0.4698299118547122;-0.1993905747391586;-0.2063829787233696;41.21203619625671;0.3730569948186528;0.0207253886010362;{'ML_CLOSE': 140, 'SL': 49, 'TIME': 4};0.2937570256599133;2;0.1545811646403737;1.0;3
E0_selected_zone_edge;M1_frozen_movement_top5;X2_ml_opposite_any_p0_50;val_eval;0.2;16;6.473104083947796;3.8948764252304025;1.6619536481352877;0.161139228669837;-0.1205284552845689;3.129272341282588;0.375;0.0625;{'ML_CLOSE': 13, 'SL': 2, 'TIME': 1};0.1037590347358366;0;1.6619536481352877;1.0;1
E0_selected_zone_edge;M1_frozen_movement_top5;X2_ml_opposite_any_p0_55;val_select;0.2;193;48.45651685863086;72.58497185173505;0.6675833250663797;-0.1250179015186745;-0.2063829787233696;32.731403097545765;0.3730569948186528;0.0207253886010362;{'ML_CLOSE': 137, 'SL': 49, 'TIME': 7};0.4564368061475469;2;0.381114005360293;1.0;3
E0_selected_zone_edge;M1_frozen_movement_top5;X2_ml_opposite_any_p0_55;val_eval;0.2;16;7.209689449801465;3.770486181327963;1.912137879063176;0.2149502042795939;-0.1141472868217209;2.268296731526478;0.4375;0.0625;{'ML_CLOSE': 13, 'SL': 2, 'TIME': 1};0.2586727847763641;0;1.912137879063176;1.0;1
E0_selected_zone_edge;M1_frozen_movement_top5;X2_ml_opposite_any_p0_60;val_select;0.2;193;67.60209674747021;72.26170998124051;0.9355175343210124;-0.0241430737501052;-0.1720930232558178;30.987558319898334;0.3782383419689119;0.0207253886010362;{'ML_CLOSE': 130, 'SL': 49, 'TIME': 14};0.5499842486919401;1;0.453256514068187;2.0;3
E0_selected_zone_edge;M1_frozen_movement_top5;X2_ml_opposite_any_p0_60;val_eval;0.2;16;9.061315466061522;3.599471688574307;2.517401510567392;0.3413652360929509;-0.0407608695652312;2.128989555846021;0.5;0.0625;{'ML_CLOSE': 12, 'TIME': 2, 'SL': 2};0.4154594250354894;0;2.517401510567392;1.0;1
E0_selected_zone_edge;M1_frozen_movement_top5;X3_ml_hold_close_p0_50;val_select;0.2;193;98.01223516526012;153.90607249837075;0.6368315010201933;-0.2896053747829565;-1.0;60.45404003906639;0.1709844559585492;0.0466321243523316;{'SL': 151, 'TIME': 34, 'ML_CLOSE': 8};0.4060038976442329;3;0.6257170979331305;0.0;3
E0_selected_zone_edge;M1_frozen_movement_top5;X3_ml_hold_close_p0_50;val_eval;0.2;16;7.565833333333259;13.797500000000014;0.5483481307000001;-0.3894791666666721;-1.0;12.797500000000014;0.125;0.0625;{'SL': 13, 'TIME': 2, 'ML_CLOSE': 1};0.0;1;0.5483481307000001;0.0;1
E0_selected_zone_edge;M1_frozen_movement_top5;X3_ml_hold_close_p0_60;val_select;0.2;193;97.9843870639943;159.77684112149535;0.6132577561067586;-0.3201681557383473;-1.0;65.95741866821872;0.1658031088082901;0.0466321243523316;{'SL': 159, 'TIME': 34};0.4046172524025728;3;0.5997512322814955;0.0;3
E0_selected_zone_edge;M1_frozen_movement_top5;X3_ml_hold_close_p0_60;val_eval;0.2;16;7.565833333333259;14.0;0.5404166666666613;-0.4021354166666713;-1.0;13.0;0.125;0.0625;{'SL': 14, 'TIME': 2};0.0;1;0.5404166666666613;0.0;1
E0_selected_zone_edge;M1_frozen_movement_top5;X3_ml_hold_close_p0_70;val_select;0.2;193;97.9843870639943;159.77684112149535;0.6132577561067586;-0.3201681557383473;-1.0;65.95741866821872;0.1658031088082901;0.0466321243523316;{'SL': 159, 'TIME': 34};0.3816079085885644;3;0.5997512322814955;0.0;3
E0_selected_zone_edge;M1_frozen_movement_top5;X3_ml_hold_close_p0_70;val_eval;0.2;16;7.565833333333259;14.0;0.5404166666666613;-0.4021354166666713;-1.0;13.0;0.125;0.0625;{'SL': 14, 'TIME': 2};0.0;1;0.5404166666666613;0.0;1
E0_selected_zone_edge;M1_frozen_movement_top5;X4_ml_movement_exhaustion_p0_55;val_select;0.2;193;97.9843870639943;150.96855835869297;0.6490383701696932;-0.2745293849466254;-1.0;58.98277979775587;0.1658031088082901;0.0466321243523316;{'SL': 142, 'TIME': 34, 'ML_CLOSE': 17};0.4198622655844478;3;0.6318015236106227;0.0;3
E0_selected_zone_edge;M1_frozen_movement_top5;X4_ml_movement_exhaustion_p0_55;val_eval;0.2;16;7.565833333333259;13.797500000000014;0.5483481307000001;-0.3894791666666721;-1.0;12.797500000000014;0.125;0.0625;{'SL': 13, 'TIME': 2, 'ML_CLOSE': 1};0.0;1;0.5483481307000001;0.0;1
E0_selected_zone_edge;M1_frozen_movement_top5;X4_ml_movement_exhaustion_p0_65;val_select;0.2;193;97.9843870639943;159.77684112149535;0.6132577561067586;-0.3201681557383473;-1.0;65.95741866821872;0.1658031088082901;0.0466321243523316;{'SL': 159, 'TIME': 34};0.3978794049240841;3;0.5997512322814955;0.0;3
E0_selected_zone_edge;M1_frozen_movement_top5;X4_ml_movement_exhaustion_p0_65;val_eval;0.2;16;7.565833333333259;14.0;0.5404166666666613;-0.4021354166666713;-1.0;13.0;0.125;0.0625;{'SL': 14, 'TIME': 2};0.0;1;0.5404166666666613;0.0;1
E0_selected_zone_edge;M1_frozen_movement_top5;X4_ml_movement_exhaustion_p0_75;val_select;0.2;193;97.9843870639943;159.77684112149535;0.6132577561067586;-0.3201681557383473;-1.0;65.95741866821872;0.1658031088082901;0.0466321243523316;{'SL': 159, 'TIME': 34};0.3971160870285635;3;0.5997512322814955;0.0;3
E0_selected_zone_edge;M1_frozen_movement_top5;X4_ml_movement_exhaustion_p0_75;val_eval;0.2;16;7.565833333333259;14.0;0.5404166666666613;-0.4021354166666713;-1.0;13.0;0.125;0.0625;{'SL': 14, 'TIME': 2};0.0;1;0.5404166666666613;0.0;1
E0_selected_zone_edge;M1_frozen_movement_top5;X5_fixed_sl_ml_profit_exit_hold_close_p0_55;val_select;0.2;193;97.9843870639943;159.77684112149535;0.6132577561067586;-0.3201681557383473;-1.0;65.95741866821872;0.1658031088082901;0.0466321243523316;{'SL': 159, 'TIME': 34};0.4010968494268692;3;0.5997512322814955;0.0;3
E0_selected_zone_edge;M1_frozen_movement_top5;X5_fixed_sl_ml_profit_exit_hold_close_p0_55;val_eval;0.2;16;7.565833333333259;14.0;0.5404166666666613;-0.4021354166666713;-1.0;13.0;0.125;0.0625;{'SL': 14, 'TIME': 2};0.0;1;0.5404166666666613;0.0;1
E0_selected_zone_edge;M1_frozen_movement_top5;X5_fixed_sl_ml_profit_exit_hold_close_p0_65;val_select;0.2;193;97.9843870639943;159.77684112149535;0.6132577561067586;-0.3201681557383473;-1.0;65.95741866821872;0.1658031088082901;0.0466321243523316;{'SL': 159, 'TIME': 34};0.4355091962498865;3;0.5997512322814955;0.0;3
E0_selected_zone_edge;M1_frozen_movement_top5;X5_fixed_sl_ml_profit_exit_hold_close_p0_65;val_eval;0.2;16;7.565833333333259;14.0;0.5404166666666613;-0.4021354166666713;-1.0;13.0;0.125;0.0625;{'SL': 14, 'TIME': 2};0.0;1;0.5404166666666613;0.0;1
E0_selected_zone_edge;M1_frozen_movement_top5;X5_fixed_sl_ml_profit_exit_hold_close_p0_75;val_select;0.2;193;97.9843870639943;159.77684112149535;0.6132577561067586;-0.3201681557383473;-1.0;65.95741866821872;0.1658031088082901;0.0466321243523316;{'SL': 159, 'TIME': 34};0.4042541993602312;3;0.5997512322814955;0.0;3
E0_selected_zone_edge;M1_frozen_movement_top5;X5_fixed_sl_ml_profit_exit_hold_close_p0_75;val_eval;0.2;16;7.565833333333259;14.0;0.5404166666666613;-0.4021354166666713;-1.0;13.0;0.125;0.0625;{'SL': 14, 'TIME': 2};0.0;1;0.5404166666666613;0.0;1
E0_selected_zone_edge;M1_frozen_movement_top5;X5_fixed_sl_ml_profit_exit_movement_exhaustion_p0_55;val_select;0.2;193;97.9843870639943;159.77684112149535;0.6132577561067586;-0.3201681557383473;-1.0;65.95741866821872;0.1658031088082901;0.0466321243523316;{'SL': 159, 'TIME': 34};0.3711443918466507;3;0.5997512322814955;0.0;3
E0_selected_zone_edge;M1_frozen_movement_top5;X5_fixed_sl_ml_profit_exit_movement_exhaustion_p0_55;val_eval;0.2;16;7.565833333333259;14.0;0.5404166666666613;-0.4021354166666713;-1.0;13.0;0.125;0.0625;{'SL': 14, 'TIME': 2};0.0;1;0.5404166666666613;0.0;1
E0_selected_zone_edge;M1_frozen_movement_top5;X5_fixed_sl_ml_profit_exit_movement_exhaustion_p0_65;val_select;0.2;193;97.9843870639943;159.77684112149535;0.6132577561067586;-0.3201681557383473;-1.0;65.95741866821872;0.1658031088082901;0.0466321243523316;{'SL': 159, 'TIME': 34};0.3983749884117319;3;0.5997512322814955;0.0;3
E0_selected_zone_edge;M1_frozen_movement_top5;X5_fixed_sl_ml_profit_exit_movement_exhaustion_p0_65;val_eval;0.2;16;7.565833333333259;14.0;0.5404166666666613;-0.4021354166666713;-1.0;13.0;0.125;0.0625;{'SL': 14, 'TIME': 2};0.0;1;0.5404166666666613;0.0;1
E0_selected_zone_edge;M1_frozen_movement_top5;X5_fixed_sl_ml_profit_exit_movement_exhaustion_p0_75;val_select;0.2;193;97.9843870639943;159.77684112149535;0.6132577561067586;-0.3201681557383473;-1.0;65.95741866821872;0.1658031088082901;0.0466321243523316;{'SL': 159, 'TIME': 34};0.3738906151744369;3;0.5997512322814955;0.0;3
E0_selected_zone_edge;M1_frozen_movement_top5;X5_fixed_sl_ml_profit_exit_movement_exhaustion_p0_75;val_eval;0.2;16;7.565833333333259;14.0;0.5404166666666613;-0.4021354166666713;-1.0;13.0;0.125;0.0625;{'SL': 14, 'TIME': 2};0.0;1;0.5404166666666613;0.0;1
E0_selected_zone_edge;M1_frozen_movement_top5;X6_trail_atr_0_2_activation_0;val_select;0.2;193;97.9843870639943;159.77684112149535;0.6132577561067586;-0.3201681557383473;-1.0;65.95741866821872;0.1658031088082901;0.0466321243523316;{'SL': 159, 'TIME': 34};0.3769239541352672;3;0.5997512322814955;0.0;3
E0_selected_zone_edge;M1_frozen_movement_top5;X6_trail_atr_0_2_activation_0;val_eval;0.2;16;7.565833333333259;14.0;0.5404166666666613;-0.4021354166666713;-1.0;13.0;0.125;0.0625;{'SL': 14, 'TIME': 2};0.0;1;0.5404166666666613;0.0;1
E0_selected_zone_edge;M1_frozen_movement_top5;X6_trail_atr_0_2_activation_1;val_select;0.2;193;97.9843870639943;159.77684112149535;0.6132577561067586;-0.3201681557383473;-1.0;65.95741866821872;0.1658031088082901;0.0466321243523316;{'SL': 159, 'TIME': 34};0.3806910398166406;3;0.5997512322814955;0.0;3
E0_selected_zone_edge;M1_frozen_movement_top5;X6_trail_atr_0_2_activation_1;val_eval;0.2;16;7.565833333333259;14.0;0.5404166666666613;-0.4021354166666713;-1.0;13.0;0.125;0.0625;{'SL': 14, 'TIME': 2};0.0;1;0.5404166666666613;0.0;1
E0_selected_zone_edge;M1_frozen_movement_top5;X6_trail_atr_0_2_activation_2;val_select;0.2;193;97.9843870639943;159.77684112149535;0.6132577561067586;-0.3201681557383473;-1.0;65.95741866821872;0.1658031088082901;0.0466321243523316;{'SL': 159, 'TIME': 34};0.3987245853898905;3;0.5997512322814955;0.0;3
E0_selected_zone_edge;M1_frozen_movement_top5;X6_trail_atr_0_2_activation_2;val_eval;0.2;16;7.565833333333259;14.0;0.5404166666666613;-0.4021354166666713;-1.0;13.0;0.125;0.0625;{'SL': 14, 'TIME': 2};0.0;1;0.5404166666666613;0.0;1
E0_selected_zone_edge;M1_frozen_movement_top5;X6_trail_atr_0_2_activation_3;val_select;0.2;193;97.9843870639943;159.77684112149535;0.6132577561067586;-0.3201681557383473;-1.0;65.95741866821872;0.1658031088082901;0.0466321243523316;{'SL': 159, 'TIME': 34};0.3865437100068793;3;0.5997512322814955;0.0;3
E0_selected_zone_edge;M1_frozen_movement_top5;X6_trail_atr_0_2_activation_3;val_eval;0.2;16;7.565833333333259;14.0;0.5404166666666613;-0.4021354166666713;-1.0;13.0;0.125;0.0625;{'SL': 14, 'TIME': 2};0.0;1;0.5404166666666613;0.0;1
E0_selected_zone_edge;M1_frozen_movement_top5;X6_trail_atr_2_activation_0;val_select;0.2;193;97.9843870639943;159.77684112149535;0.6132577561067586;-0.3201681557383473;-1.0;65.95741866821872;0.1658031088082901;0.0466321243523316;{'SL': 159, 'TIME': 34};0.3617497869668835;3;0.5997512322814955;0.0;3
E0_selected_zone_edge;M1_frozen_movement_top5;X6_trail_atr_2_activation_0;val_eval;0.2;16;7.565833333333259;14.0;0.5404166666666613;-0.4021354166666713;-1.0;13.0;0.125;0.0625;{'SL': 14, 'TIME': 2};0.0;1;0.5404166666666613;0.0;1
E0_selected_zone_edge;M1_frozen_movement_top5;X6_trail_atr_2_activation_1;val_select;0.2;193;97.9843870639943;159.77684112149535;0.6132577561067586;-0.3201681557383473;-1.0;65.95741866821872;0.1658031088082901;0.0466321243523316;{'SL': 159, 'TIME': 34};0.3976219781062063;3;0.5997512322814955;0.0;3
E0_selected_zone_edge;M1_frozen_movement_top5;X6_trail_atr_2_activation_1;val_eval;0.2;16;7.565833333333259;14.0;0.5404166666666613;-0.4021354166666713;-1.0;13.0;0.125;0.0625;{'SL': 14, 'TIME': 2};0.0;1;0.5404166666666613;0.0;1
E0_selected_zone_edge;M1_frozen_movement_top5;X6_trail_atr_2_activation_2;val_select;0.2;193;97.9843870639943;159.77684112149535;0.6132577561067586;-0.3201681557383473;-1.0;65.95741866821872;0.1658031088082901;0.0466321243523316;{'SL': 159, 'TIME': 34};0.3658731871338612;3;0.5997512322814955;0.0;3
E0_selected_zone_edge;M1_frozen_movement_top5;X6_trail_atr_2_activation_2;val_eval;0.2;16;7.565833333333259;14.0;0.5404166666666613;-0.4021354166666713;-1.0;13.0;0.125;0.0625;{'SL': 14, 'TIME': 2};0.0;1;0.5404166666666613;0.0;1
E0_selected_zone_edge;M1_frozen_movement_top5;X6_trail_atr_2_activation_3;val_select;0.2;193;97.9843870639943;159.77684112149535;0.6132577561067586;-0.3201681557383473;-1.0;65.95741866821872;0.1658031088082901;0.0466321243523316;{'SL': 159, 'TIME': 34};0.4040423381819953;3;0.5997512322814955;0.0;3
E0_selected_zone_edge;M1_frozen_movement_top5;X6_trail_atr_2_activation_3;val_eval;0.2;16;7.565833333333259;14.0;0.5404166666666613;-0.4021354166666713;-1.0;13.0;0.125;0.0625;{'SL': 14, 'TIME': 2};0.0;1;0.5404166666666613;0.0;1
E0_selected_zone_edge;M1_frozen_movement_top5;X6_trail_atr_3_activation_0;val_select;0.2;193;97.9843870639943;159.77684112149535;0.6132577561067586;-0.3201681557383473;-1.0;65.95741866821872;0.1658031088082901;0.0466321243523316;{'SL': 159, 'TIME': 34};0.3849942116553968;3;0.5997512322814955;0.0;3
E0_selected_zone_edge;M1_frozen_movement_top5;X6_trail_atr_3_activation_0;val_eval;0.2;16;7.565833333333259;14.0;0.5404166666666613;-0.4021354166666713;-1.0;13.0;0.125;0.0625;{'SL': 14, 'TIME': 2};0.0;1;0.5404166666666613;0.0;1
E0_selected_zone_edge;M1_frozen_movement_top5;X6_trail_atr_3_activation_1;val_select;0.2;193;97.9843870639943;159.77684112149535;0.6132577561067586;-0.3201681557383473;-1.0;65.95741866821872;0.1658031088082901;0.0466321243523316;{'SL': 159, 'TIME': 34};0.4304346967411368;3;0.5997512322814955;0.0;3
E0_selected_zone_edge;M1_frozen_movement_top5;X6_trail_atr_3_activation_1;val_eval;0.2;16;7.565833333333259;14.0;0.5404166666666613;-0.4021354166666713;-1.0;13.0;0.125;0.0625;{'SL': 14, 'TIME': 2};0.0;1;0.5404166666666613;0.0;1
E0_selected_zone_edge;M1_frozen_movement_top5;X6_trail_atr_3_activation_2;val_select;0.2;193;97.9843870639943;159.77684112149535;0.6132577561067586;-0.3201681557383473;-1.0;65.95741866821872;0.1658031088082901;0.0466321243523316;{'SL': 159, 'TIME': 34};0.421263869108873;3;0.5997512322814955;0.0;3
E0_selected_zone_edge;M1_frozen_movement_top5;X6_trail_atr_3_activation_2;val_eval;0.2;16;7.565833333333259;14.0;0.5404166666666613;-0.4021354166666713;-1.0;13.0;0.125;0.0625;{'SL': 14, 'TIME': 2};0.0;1;0.5404166666666613;0.0;1
E0_selected_zone_edge;M1_frozen_movement_top5;X6_trail_atr_3_activation_3;val_select;0.2;193;97.9843870639943;159.77684112149535;0.6132577561067586;-0.3201681557383473;-1.0;65.95741866821872;0.1658031088082901;0.0466321243523316;{'SL': 159, 'TIME': 34};0.360472786795262;3;0.5997512322814955;0.0;3
E0_selected_zone_edge;M1_frozen_movement_top5;X6_trail_atr_3_activation_3;val_eval;0.2;16;7.565833333333259;14.0;0.5404166666666613;-0.4021354166666713;-1.0;13.0;0.125;0.0625;{'SL': 14, 'TIME': 2};0.0;1;0.5404166666666613;0.0;1
E0_selected_zone_edge;M1_frozen_movement_top5;X6_trail_atr_5_activation_0;val_select;0.2;193;97.9843870639943;159.77684112149535;0.6132577561067586;-0.3201681557383473;-1.0;65.95741866821872;0.1658031088082901;0.0466321243523316;{'SL': 159, 'TIME': 34};0.4076068289485395;3;0.5997512322814955;0.0;3
E0_selected_zone_edge;M1_frozen_movement_top5;X6_trail_atr_5_activation_0;val_eval;0.2;16;7.565833333333259;14.0;0.5404166666666613;-0.4021354166666713;-1.0;13.0;0.125;0.0625;{'SL': 14, 'TIME': 2};0.0;1;0.5404166666666613;0.0;1
E0_selected_zone_edge;M1_frozen_movement_top5;X6_trail_atr_5_activation_1;val_select;0.2;193;97.9843870639943;159.77684112149535;0.6132577561067586;-0.3201681557383473;-1.0;65.95741866821872;0.1658031088082901;0.0466321243523316;{'SL': 159, 'TIME': 34};0.407679653189259;3;0.5997512322814955;0.0;3
E0_selected_zone_edge;M1_frozen_movement_top5;X6_trail_atr_5_activation_1;val_eval;0.2;16;7.565833333333259;14.0;0.5404166666666613;-0.4021354166666713;-1.0;13.0;0.125;0.0625;{'SL': 14, 'TIME': 2};0.0;1;0.5404166666666613;0.0;1
E0_selected_zone_edge;M1_frozen_movement_top5;X6_trail_atr_5_activation_2;val_select;0.2;193;97.9843870639943;159.77684112149535;0.6132577561067586;-0.3201681557383473;-1.0;65.95741866821872;0.1658031088082901;0.0466321243523316;{'SL': 159, 'TIME': 34};0.4026987441047577;3;0.5997512322814955;0.0;3
E0_selected_zone_edge;M1_frozen_movement_top5;X6_trail_atr_5_activation_2;val_eval;0.2;16;7.565833333333259;14.0;0.5404166666666613;-0.4021354166666713;-1.0;13.0;0.125;0.0625;{'SL': 14, 'TIME': 2};0.0;1;0.5404166666666613;0.0;1
E0_selected_zone_edge;M1_frozen_movement_top5;X6_trail_atr_5_activation_3;val_select;0.2;193;97.9843870639943;159.77684112149535;0.6132577561067586;-0.3201681557383473;-1.0;65.95741866821872;0.1658031088082901;0.0466321243523316;{'SL': 159, 'TIME': 34};0.3500473717305127;3;0.5997512322814955;0.0;3
E0_selected_zone_edge;M1_frozen_movement_top5;X6_trail_atr_5_activation_3;val_eval;0.2;16;7.565833333333259;14.0;0.5404166666666613;-0.4021354166666713;-1.0;13.0;0.125;0.0625;{'SL': 14, 'TIME': 2};0.0;1;0.5404166666666613;0.0;1
E0_selected_zone_edge;M1_frozen_movement_top5;X7_time_1;val_select;0.2;193;34.059442143406464;85.12114472874796;0.4001290425774028;-0.2645684071779353;-0.2676056338028011;54.78724021975019;0.3419689119170984;0.0259067357512953;{'TIME': 125, 'SL': 68};0.2813363487704766;2;0.2757461802160185;1.0;3
E0_selected_zone_edge;M1_frozen_movement_top5;X7_time_1;val_eval;0.2;16;4.181369824163231;7.378804347826076;0.5666730851042466;-0.1998396577289278;-0.3209239130434798;5.494934523662755;0.375;0.0625;{'TIME': 10, 'SL': 6};0.1504727391432796;1;0.5666730851042466;0.0;1
E0_selected_zone_edge;M1_frozen_movement_top5;X7_time_2;val_select;0.2;193;43.6125819024604;96.41646636398488;0.4523354106114733;-0.2735952562773288;-0.3698113207547111;55.2293716433114;0.3367875647668393;0.0259067357512953;{'TIME': 107, 'SL': 86};0.3176782231496496;2;0.2624807211983339;1.0;3
E0_selected_zone_edge;M1_frozen_movement_top5;X7_time_2;val_eval;0.2;16;6.636185006617311;7.7459239130435344;0.8567325319891782;-0.0693586816516389;-0.4794836956522061;4.74182223975942;0.4375;0.0625;{'TIME': 10, 'SL': 6};0.2588961414904533;1;0.8567325319891782;0.0;1
E0_selected_zone_edge;M1_frozen_movement_top5;X7_time_6;val_select;0.2;193;84.20229233998589;115.38573319077676;0.729746130752294;-0.1615722323875174;-1.0;37.701238359068576;0.3419689119170984;0.0259067357512953;{'SL': 110, 'TIME': 83};0.5342373690261742;2;0.4320256160980816;1.0;3
E0_selected_zone_edge;M1_frozen_movement_top5;X7_time_6;val_eval;0.2;16;10.37311148240389;10.0;1.0373111482403892;0.0233194676502431;-1.0;6.354388517596036;0.375;0.0625;{'SL': 10, 'TIME': 6};0.148929519355762;0;1.0373111482403892;1.0;1
E0_selected_zone_edge;M1_frozen_movement_top5;X7_time_12;val_select;0.2;193;88.31233217854405;141.97327239079607;0.622034913271952;-0.278035959648974;-1.0;61.80581683381252;0.238341968911917;0.0414507772020725;{'SL': 138, 'TIME': 55};0.4342321612279525;3;0.5538835813512984;0.0;3
E0_selected_zone_edge;M1_frozen_movement_top5;X7_time_12;val_eval;0.2;16;9.630435337492738;11.0;0.8754941215902489;-0.0855977914067039;-1.0;7.322064662507167;0.3125;0.0625;{'SL': 11, 'TIME': 5};0.1809996404262171;1;0.8754941215902489;0.0;1
E0_selected_zone_edge;M1_frozen_movement_top5;X8_giveback_30_activation_1;val_select;0.2;193;83.53722683693752;130.10208333333333;0.6420898474231775;-0.2412686865098227;-1.0;52.13175712829504;0.3212435233160621;0.0362694300518134;{'SL': 130, 'GIVEBACK': 60, 'TIME': 3};0.4650426548530034;3;0.6022115795302142;0.0;3
E0_selected_zone_edge;M1_frozen_movement_top5;X8_giveback_30_activation_1;val_eval;0.2;16;9.167659056532234;11.0;0.8334235505938394;-0.1145213089667354;-1.0;7.5044242768010205;0.3125;0.0625;{'SL': 11, 'GIVEBACK': 4, 'TIME': 1};0.1349215352618573;1;0.8334235505938394;0.0;1
E0_selected_zone_edge;M1_frozen_movement_top5;X8_giveback_30_activation_2;val_select;0.2;193;84.51638249189065;153.0;0.5523946568097429;-0.3548373964150743;-1.0;71.95490163348843;0.2072538860103626;0.0414507772020725;{'SL': 153, 'GIVEBACK': 31, 'TIME': 9};0.4075759138785357;3;0.4775799597438183;0.0;3
E0_selected_zone_edge;M1_frozen_movement_top5;X8_giveback_30_activation_2;val_eval;0.2;16;8.808129844961089;13.0;0.6775484496123915;-0.2619918846899319;-1.0;10.313953488372166;0.1875;0.0625;{'SL': 13, 'GIVEBACK': 2, 'TIME': 1};0.0959722222222165;1;0.6775484496123915;0.0;1
E0_selected_zone_edge;M1_frozen_movement_top5;X8_giveback_30_activation_3;val_select;0.2;193;85.35286407573882;157.77684112149535;0.5409720683279065;-0.3752537670764586;-1.0;75.89526117113562;0.1761658031088082;0.0414507772020725;{'SL': 157, 'TIME': 20, 'GIVEBACK': 16};0.3678649929412996;3;0.5211463342318307;0.0;3
E0_selected_zone_edge;M1_frozen_movement_top5;X8_giveback_30_activation_3;val_eval;0.2;16;7.565833333333259;14.0;0.5404166666666613;-0.4021354166666713;-1.0;13.0;0.125;0.0625;{'SL': 14, 'TIME': 2};0.0;1;0.5404166666666613;0.0;1
E0_selected_zone_edge;M1_frozen_movement_top5;X8_giveback_50_activation_1;val_select;0.2;193;92.56423036163716;131.37408333333337;0.7045851663663025;-0.2010873210968714;-1.0;44.0114842490805;0.310880829015544;0.0362694300518134;{'SL': 131, 'GIVEBACK': 47, 'TIME': 15};0.4765045253864144;3;0.6498743068279903;0.0;3
E0_selected_zone_edge;M1_frozen_movement_top5;X8_giveback_50_activation_1;val_eval;0.2;16;8.063686188315234;11.0;0.7330623807559303;-0.1835196132302978;-1.0;7.962563811684729;0.3125;0.0625;{'SL': 11, 'GIVEBACK': 4, 'TIME': 1};0.0884620974955221;1;0.7330623807559303;0.0;1
E0_selected_zone_edge;M1_frozen_movement_top5;X8_giveback_50_activation_2;val_select;0.2;193;94.36606873771991;153.0;0.6167716910962087;-0.3038027526543008;-1.0;62.79889587299775;0.2072538860103626;0.0414507772020725;{'SL': 153, 'TIME': 21, 'GIVEBACK': 19};0.421128293884011;3;0.5982728019121231;0.0;3
E0_selected_zone_edge;M1_frozen_movement_top5;X8_giveback_50_activation_2;val_eval;0.2;16;7.254156976744091;13.0;0.5580120751341608;-0.3591151889534943;-1.0;10.772093023255874;0.1875;0.0625;{'SL': 13, 'GIVEBACK': 2, 'TIME': 1};0.0229166666666639;1;0.5580120751341608;0.0;1
E0_selected_zone_edge;M1_frozen_movement_top5;X8_giveback_50_activation_3;val_select;0.2;193;93.60082196026735;157.77684112149535;0.593248168076774;-0.332518233996;-1.0;68.34098377194567;0.1761658031088082;0.0414507772020725;{'SL': 157, 'TIME': 30, 'GIVEBACK': 6};0.4166534068518068;3;0.5772557690760163;0.0;3
E0_selected_zone_edge;M1_frozen_movement_top5;X8_giveback_50_activation_3;val_eval;0.2;16;7.565833333333259;14.0;0.5404166666666613;-0.4021354166666713;-1.0;13.0;0.125;0.0625;{'SL': 14, 'TIME': 2};0.0;1;0.5404166666666613;0.0;1
E0_selected_zone_edge;M1_frozen_movement_top5;X8_giveback_70_activation_1;val_select;0.2;193;91.17367464149656;132.60439329268294;0.6875614930815982;-0.2146669360165099;-1.0;46.63234992857075;0.2953367875647668;0.0414507772020725;{'SL': 132, 'GIVEBACK': 42, 'TIME': 19};0.4533619896100362;3;0.6298646504135725;0.0;3
E0_selected_zone_edge;M1_frozen_movement_top5;X8_giveback_70_activation_1;val_eval;0.2;16;6.687055445263724;11.0;0.6079141313876112;-0.2695590346710173;-1.0;9.33919455473624;0.3125;0.0625;{'SL': 11, 'GIVEBACK': 4, 'TIME': 1};0.0328646099539982;1;0.6079141313876112;0.0;1
E0_selected_zone_edge;M1_frozen_movement_top5;X8_giveback_70_activation_2;val_select;0.2;193;95.72018151780264;153.0;0.6256221014235467;-0.2967866242600899;-1.0;61.444783092915046;0.2072538860103626;0.0414507772020725;{'SL': 153, 'TIME': 25, 'GIVEBACK': 15};0.3876343955274094;3;0.6073592959574942;0.0;3
E0_selected_zone_edge;M1_frozen_movement_top5;X8_giveback_70_activation_2;val_eval;0.2;16;6.068110465116256;13.0;0.4667777280858658;-0.433243095930234;-1.0;11.958139534883708;0.1875;0.0625;{'SL': 13, 'GIVEBACK': 2, 'TIME': 1};0.0027906976744194;1;0.4667777280858658;0.0;1
E0_selected_zone_edge;M1_frozen_movement_top5;X8_giveback_70_activation_3;val_select;0.2;193;98.02379588326856;157.77684112149535;0.621281267811578;-0.3096012706643875;-1.0;63.91800984894449;0.1761658031088082;0.0414507772020725;{'SL': 157, 'TIME': 32, 'GIVEBACK': 4};0.3972900176295926;3;0.611924053428089;0.0;3
E0_selected_zone_edge;M1_frozen_movement_top5;X8_giveback_70_activation_3;val_eval;0.2;16;7.565833333333259;14.0;0.5404166666666613;-0.4021354166666713;-1.0;13.0;0.125;0.0625;{'SL': 14, 'TIME': 2};0.0;1;0.5404166666666613;0.0;1
E1_simple_limit_at_fractal0;M0_no_mask;X0_fixed_r_0_7;val_select;0.2;2639;959.6999999999966;1268.0;0.7568611987381677;-0.1168245547555905;0.699999999999948;308.7000000000043;0.5195149677908298;0.2565365668813945;{'TP': 1371, 'SL': 1268};0.7099915728214018;3;0.668411552346565;0.0;3
E1_simple_limit_at_fractal0;M0_no_mask;X0_fixed_r_0_7;val_eval;0.2;2690;977.2;1294.0;0.755177743431221;-0.1177695167286245;0.6999999999999509;319.49999999999807;0.5189591078066914;0.2505576208178439;{'TP': 1396, 'SL': 1294};0.7157894736842102;2;0.6835680751173738;0.0;2
E1_simple_limit_at_fractal0;M0_no_mask;X1_ml_opposite_strong_p0_55;val_select;0.2;2639;2449.893791704072;1542.4833638474372;1.5882789073285488;0.343846315974473;-1.0;50.05882853147375;0.3243652898825312;0.3281546040166729;{'SL': 1426, 'ML_CLOSE': 931, 'TIME': 282};1.4139103079175297;0;1.5226807270380458;3.0;3
E1_simple_limit_at_fractal0;M0_no_mask;X1_ml_opposite_strong_p0_55;val_eval;0.2;2690;2533.33225814726;1610.310912494497;1.5731944921263254;0.3431306117668264;-1.0;69.11213536438576;0.2925650557620818;0.320817843866171;{'SL': 1439, 'ML_CLOSE': 974, 'TIME': 277};1.4225527730569596;0;1.2375503676199644;2.0;2
E1_simple_limit_at_fractal0;M0_no_mask;X1_ml_opposite_strong_p0_65;val_select;0.2;2639;2106.72564480486;1992.0137944223072;1.0575858714953428;0.0434679236008157;-1.0;130.35226184303136;0.1818870784388025;0.4122773777946191;{'SL': 1901, 'ML_CLOSE': 453, 'TIME': 285};0.9263946101338428;1;1.0108980677458577;2.0;3
E1_simple_limit_at_fractal0;M0_no_mask;X1_ml_opposite_strong_p0_65;val_eval;0.2;2690;2219.502489189522;2059.111367501263;1.0778933690618655;0.0596249523004679;-1.0;188.45287296127063;0.1602230483271375;0.3951672862453531;{'SL': 1929, 'ML_CLOSE': 481, 'TIME': 280};0.959471464220231;1;0.8618756233148156;1.0;2
E1_simple_limit_at_fractal0;M0_no_mask;X1_ml_opposite_strong_p0_75;val_select;0.2;2639;1985.611787341459;2307.708908074492;0.8604255850440925;-0.1220527172160034;-1.0;419.6362867032479;0.110269041303524;0.451686244789693;{'SL': 2281, 'TIME': 286, 'ML_CLOSE': 72};0.749015866403351;2;0.8206877711694868;1.0;3
E1_simple_limit_at_fractal0;M0_no_mask;X1_ml_opposite_strong_p0_75;val_eval;0.2;2690;2124.8767020319574;2359.6395559323496;0.9005090191380387;-0.0872724363941977;-1.0;402.7364937090219;0.1066914498141264;0.4278810408921933;{'SL': 2314, 'TIME': 282, 'ML_CLOSE': 94};0.7959010097763011;1;0.7251966608163628;1.0;2
E1_simple_limit_at_fractal0;M0_no_mask;X2_ml_opposite_any_p0_50;val_select;0.2;2639;2176.952929590082;1296.442070312196;1.6791748582070083;0.3336532244326965;-0.3888888888888654;21.35769478148981;0.3815839333080712;0.2519893899204244;{'ML_CLOSE': 1316, 'SL': 1136, 'TIME': 187};1.5225739910649787;0;1.6195007180877417;3.0;3
E1_simple_limit_at_fractal0;M0_no_mask;X2_ml_opposite_any_p0_50;val_eval;0.2;2690;2098.659925327928;1330.7990116418457;1.5769923985281216;0.2854501537866476;-0.4078431372548949;37.34252228133914;0.3531598513011152;0.2431226765799256;{'ML_CLOSE': 1420, 'SL': 1111, 'TIME': 159};1.424254466965758;0;1.5072534916344689;2.0;2
E1_simple_limit_at_fractal0;M0_no_mask;X2_ml_opposite_any_p0_55;val_select;0.2;2639;2314.6653799863734;1304.236397065362;1.7747284044476592;0.3828832826529032;-0.4111111111110671;19.769984080631676;0.3857521788556271;0.2565365668813945;{'ML_CLOSE': 1274, 'SL': 1148, 'TIME': 217};1.6087760290453703;0;1.719555032244756;3.0;3
E1_simple_limit_at_fractal0;M0_no_mask;X2_ml_opposite_any_p0_55;val_eval;0.2;2690;2263.074587315678;1338.3307351440812;1.6909681051836871;0.3437709487626753;-0.4181481481481769;45.043568361564624;0.3568773234200743;0.2472118959107806;{'ML_CLOSE': 1362, 'SL': 1122, 'TIME': 206};1.5070290925295515;0;1.479627281506937;2.0;2
E1_simple_limit_at_fractal0;M0_no_mask;X2_ml_opposite_any_p0_60;val_select;0.2;2639;2381.322471153029;1335.316555804231;1.7833392844581426;0.3963644999427047;-0.4761904761904624;30.88738272648925;0.3800682076544145;0.2690413035240621;{'ML_CLOSE': 1217, 'SL': 1183, 'TIME': 239};1.5767306331767723;0;1.7216927155305326;3.0;3
E1_simple_limit_at_fractal0;M0_no_mask;X2_ml_opposite_any_p0_60;val_eval;0.2;2690;2420.015034800989;1362.845083985717;1.775708085414608;0.3929999817157141;-0.4432432432432169;38.47206521271961;0.3565055762081784;0.2598513011152416;{'ML_CLOSE': 1296, 'SL': 1158, 'TIME': 236};1.5915459698642516;0;1.5247389916416991;2.0;2
E1_simple_limit_at_fractal0;M0_no_mask;X3_ml_hold_close_p0_50;val_select;0.2;2639;2363.292425916734;1909.5569729829604;1.2376129433964904;0.1719346164963143;-1.0;93.21595648046132;0.2311481621826449;0.3804471390678287;{'SL': 1852, 'ML_CLOSE': 504, 'TIME': 283};1.103214894469955;0;1.1876030770776274;3.0;3
E1_simple_limit_at_fractal0;M0_no_mask;X3_ml_hold_close_p0_50;val_eval;0.2;2690;2504.544393500133;1990.841116242235;1.2580332870699027;0.1909677610624155;-1.0;101.19089779258582;0.2085501858736059;0.3639405204460966;{'SL': 1912, 'ML_CLOSE': 500, 'TIME': 278};1.110413342406397;0;1.0420506912409049;2.0;2
E1_simple_limit_at_fractal0;M0_no_mask;X3_ml_hold_close_p0_60;val_select;0.2;2639;2019.6143084195803;2320.5196518274006;0.870328465793919;-0.114022487081402;-1.0;395.6816931728833;0.1167108753315649;0.4475179992421372;{'SL': 2317, 'TIME': 286, 'ML_CLOSE': 36};0.7705812598908168;2;0.8307271700217609;1.0;3
E1_simple_limit_at_fractal0;M0_no_mask;X3_ml_hold_close_p0_60;val_eval;0.2;2690;2153.756907757353;2376.820316361992;0.9061504956562876;-0.0829232002247723;-1.0;399.3703583850634;0.1126394052044609;0.4211895910780669;{'SL': 2371, 'TIME': 282, 'ML_CLOSE': 37};0.7925014004083014;1;0.7382433303144967;1.0;2
E1_simple_limit_at_fractal0;M0_no_mask;X3_ml_hold_close_p0_70;val_select;0.2;2639;1974.0964072414456;2353.898732888733;0.8386496749666078;-0.1439190320755161;-1.0;464.0300170650478;0.1068586585827965;0.4539598332701781;{'SL': 2353, 'TIME': 286};0.7378441910683374;2;0.7999524403045298;1.0;3
E1_simple_limit_at_fractal0;M0_no_mask;X3_ml_hold_close_p0_70;val_eval;0.2;2690;2123.77765655908;2407.597142857143;0.8821150427345794;-0.1055091027130346;-1.0;438.827716784427;0.1044609665427509;0.4278810408921933;{'SL': 2407, 'TIME': 282, 'ML_CLOSE': 1};0.7815230602108987;1;0.711868327123351;1.0;2
E1_simple_limit_at_fractal0;M0_no_mask;X4_ml_movement_exhaustion_p0_55;val_select;0.2;2639;1980.486252391633;2283.587850697328;0.867269569588427;-0.1148547170540716;-1.0;403.0903415295588;0.1125426297840091;0.4539598332701781;{'SL': 2245, 'TIME': 286, 'ML_CLOSE': 108};0.7650472779243414;2;0.826790597135399;1.0;3
E1_simple_limit_at_fractal0;M0_no_mask;X4_ml_movement_exhaustion_p0_55;val_eval;0.2;2690;2125.4966377048604;2335.5726451160845;0.9100537472681426;-0.0780951700413474;-1.0;387.0490655901803;0.1074349442379182;0.4278810408921933;{'SL': 2280, 'TIME': 282, 'ML_CLOSE': 128};0.7934005576867946;1;0.7310652927308641;1.0;2
E1_simple_limit_at_fractal0;M0_no_mask;X4_ml_movement_exhaustion_p0_65;val_select;0.2;2639;1974.0964072414456;2349.944408944745;0.8400608966439015;-0.1424206145143235;-1.0;461.1917691354413;0.1068586585827965;0.4539598332701781;{'SL': 2346, 'TIME': 286, 'ML_CLOSE': 7};0.7332515420050371;2;0.8010228781225828;1.0;3
E1_simple_limit_at_fractal0;M0_no_mask;X4_ml_movement_exhaustion_p0_65;val_eval;0.2;2690;2124.40393154888;2402.471099424872;0.8842578510340631;-0.1033706943776921;-1.0;432.933731695689;0.1048327137546468;0.4278810408921933;{'SL': 2394, 'TIME': 282, 'ML_CLOSE': 14};0.7712492326433169;1;0.7139769508685867;1.0;2
E1_simple_limit_at_fractal0;M0_no_mask;X4_ml_movement_exhaustion_p0_75;val_select;0.2;2639;1974.0964072414456;2353.898732888733;0.8386496749666078;-0.1439190320755161;-1.0;464.0300170650478;0.1068586585827965;0.4539598332701781;{'SL': 2353, 'TIME': 286};0.7328118928031178;2;0.7999524403045298;1.0;3
E1_simple_limit_at_fractal0;M0_no_mask;X4_ml_movement_exhaustion_p0_75;val_eval;0.2;2690;2123.57765655908;2408.597142857143;0.8816657708229425;-0.1059551993673097;-1.0;438.827716784427;0.104089219330855;0.4278810408921933;{'SL': 2408, 'TIME': 282};0.7718118210350375;1;0.711868327123351;1.0;2
E1_simple_limit_at_fractal0;M0_no_mask;X5_fixed_sl_ml_profit_exit_hold_close_p0_55;val_select;0.2;2639;2116.091522508892;2262.898732888733;0.9351242686001984;-0.0556298637286249;-1.0;280.22137788523713;0.1413414172034861;0.4323607427055703;{'SL': 2262, 'TIME': 284, 'ML_CLOSE': 93};0.8282009830859073;2;0.8934611298096499;1.0;3
E1_simple_limit_at_fractal0;M0_no_mask;X5_fixed_sl_ml_profit_exit_hold_close_p0_55;val_eval;0.2;2690;2237.723825427672;2324.597142857143;0.9626286568851684;-0.0322949135425543;-1.0;306.729500448903;0.1353159851301115;0.408550185873606;{'SL': 2324, 'TIME': 282, 'ML_CLOSE': 84};0.8422019331375615;1;0.7663729096801871;1.0;2
E1_simple_limit_at_fractal0;M0_no_mask;X5_fixed_sl_ml_profit_exit_hold_close_p0_65;val_select;0.2;2639;1988.5554080822133;2347.898732888733;0.8469510972628695;-0.1361664739698824;-1.0;447.0629209861853;0.1091322470632815;0.4524441076165214;{'SL': 2347, 'TIME': 286, 'ML_CLOSE': 6};0.7536355784228205;2;0.8081149019835633;1.0;3
E1_simple_limit_at_fractal0;M0_no_mask;X5_fixed_sl_ml_profit_exit_hold_close_p0_65;val_eval;0.2;2690;2132.656765847309;2401.597142857143;0.8880160322434931;-0.0999778353196405;-1.0;425.9293767269661;0.1066914498141264;0.4267657992565056;{'SL': 2401, 'TIME': 282, 'ML_CLOSE': 7};0.7782712198673074;1;0.720561873237379;1.0;2
E1_simple_limit_at_fractal0;M0_no_mask;X5_fixed_sl_ml_profit_exit_hold_close_p0_75;val_select;0.2;2639;1974.0964072414456;2353.898732888733;0.8386496749666078;-0.1439190320755161;-1.0;464.0300170650478;0.1068586585827965;0.4539598332701781;{'SL': 2353, 'TIME': 286};0.7414403640554834;2;0.7999524403045298;1.0;3
E1_simple_limit_at_fractal0;M0_no_mask;X5_fixed_sl_ml_profit_exit_hold_close_p0_75;val_eval;0.2;2690;2123.57765655908;2408.597142857143;0.8816657708229425;-0.1059551993673097;-1.0;438.827716784427;0.104089219330855;0.4278810408921933;{'SL': 2408, 'TIME': 282};0.7601284630701891;1;0.711868327123351;1.0;2
E1_simple_limit_at_fractal0;M0_no_mask;X5_fixed_sl_ml_profit_exit_movement_exhaustion_p0_55;val_select;0.2;2639;1980.486252391633;2338.898732888733;0.8467601544875647;-0.1358137478200456;-1.0;445.7686464911324;0.1125426297840091;0.4539598332701781;{'SL': 2338, 'TIME': 286, 'ML_CLOSE': 15};0.7489751370405802;2;0.8086722197173448;1.0;3
E1_simple_limit_at_fractal0;M0_no_mask;X5_fixed_sl_ml_profit_exit_movement_exhaustion_p0_55;val_eval;0.2;2690;2125.4966377048604;2398.597142857143;0.8861415698899012;-0.101524351357726;-1.0;431.65641767997903;0.1074349442379182;0.4278810408921933;{'SL': 2398, 'TIME': 282, 'ML_CLOSE': 10};0.7723163919818287;1;0.7146115878257798;1.0;2
E1_simple_limit_at_fractal0;M0_no_mask;X5_fixed_sl_ml_profit_exit_movement_exhaustion_p0_65;val_select;0.2;2639;1974.0964072414456;2353.898732888733;0.8386496749666078;-0.1439190320755161;-1.0;464.0300170650478;0.1068586585827965;0.4539598332701781;{'SL': 2353, 'TIME': 286};0.7187856421354998;2;0.7999524403045298;1.0;3
E1_simple_limit_at_fractal0;M0_no_mask;X5_fixed_sl_ml_profit_exit_movement_exhaustion_p0_65;val_eval;0.2;2690;2124.40393154888;2406.597142857143;0.8827418157019667;-0.1049045395198003;-1.0;436.0014417946268;0.1048327137546468;0.4278810408921933;{'SL': 2406, 'TIME': 282, 'ML_CLOSE': 2};0.7772476142929031;1;0.7125764693344337;1.0;2
E1_simple_limit_at_fractal0;M0_no_mask;X5_fixed_sl_ml_profit_exit_movement_exhaustion_p0_75;val_select;0.2;2639;1974.0964072414456;2353.898732888733;0.8386496749666078;-0.1439190320755161;-1.0;464.0300170650478;0.1068586585827965;0.4539598332701781;{'SL': 2353, 'TIME': 286};0.7500547883999721;2;0.7999524403045298;1.0;3
E1_simple_limit_at_fractal0;M0_no_mask;X5_fixed_sl_ml_profit_exit_movement_exhaustion_p0_75;val_eval;0.2;2690;2123.57765655908;2408.597142857143;0.8816657708229425;-0.1059551993673097;-1.0;438.827716784427;0.104089219330855;0.4278810408921933;{'SL': 2408, 'TIME': 282};0.7766023419017923;1;0.711868327123351;1.0;2
E1_simple_limit_at_fractal0;M0_no_mask;X6_trail_atr_0_2_activation_0;val_select;0.2;2639;1974.0964072414456;2353.898732888733;0.8386496749666078;-0.1439190320755161;-1.0;464.0300170650478;0.1068586585827965;0.4539598332701781;{'SL': 2353, 'TIME': 286};0.7424411370060295;2;0.7999524403045298;1.0;3
E1_simple_limit_at_fractal0;M0_no_mask;X6_trail_atr_0_2_activation_0;val_eval;0.2;2690;2123.57765655908;2408.597142857143;0.8816657708229425;-0.1059551993673097;-1.0;438.827716784427;0.104089219330855;0.4278810408921933;{'SL': 2408, 'TIME': 282};0.7714455346360971;1;0.711868327123351;1.0;2
E1_simple_limit_at_fractal0;M0_no_mask;X6_trail_atr_0_2_activation_1;val_select;0.2;2639;1974.0964072414456;2353.898732888733;0.8386496749666078;-0.1439190320755161;-1.0;464.0300170650478;0.1068586585827965;0.4539598332701781;{'SL': 2353, 'TIME': 286};0.7440812404831356;2;0.7999524403045298;1.0;3
E1_simple_limit_at_fractal0;M0_no_mask;X6_trail_atr_0_2_activation_1;val_eval;0.2;2690;2123.57765655908;2408.597142857143;0.8816657708229425;-0.1059551993673097;-1.0;438.827716784427;0.104089219330855;0.4278810408921933;{'SL': 2408, 'TIME': 282};0.7893481340326699;1;0.711868327123351;1.0;2
E1_simple_limit_at_fractal0;M0_no_mask;X6_trail_atr_0_2_activation_2;val_select;0.2;2639;1974.0964072414456;2353.898732888733;0.8386496749666078;-0.1439190320755161;-1.0;464.0300170650478;0.1068586585827965;0.4539598332701781;{'SL': 2353, 'TIME': 286};0.7347509482349966;2;0.7999524403045298;1.0;3
E1_simple_limit_at_fractal0;M0_no_mask;X6_trail_atr_0_2_activation_2;val_eval;0.2;2690;2123.57765655908;2408.597142857143;0.8816657708229425;-0.1059551993673097;-1.0;438.827716784427;0.104089219330855;0.4278810408921933;{'SL': 2408, 'TIME': 282};0.7707184253516461;1;0.711868327123351;1.0;2
E1_simple_limit_at_fractal0;M0_no_mask;X6_trail_atr_0_2_activation_3;val_select;0.2;2639;1974.0964072414456;2353.898732888733;0.8386496749666078;-0.1439190320755161;-1.0;464.0300170650478;0.1068586585827965;0.4539598332701781;{'SL': 2353, 'TIME': 286};0.7312439003553565;2;0.7999524403045298;1.0;3
E1_simple_limit_at_fractal0;M0_no_mask;X6_trail_atr_0_2_activation_3;val_eval;0.2;2690;2123.57765655908;2408.597142857143;0.8816657708229425;-0.1059551993673097;-1.0;438.827716784427;0.104089219330855;0.4278810408921933;{'SL': 2408, 'TIME': 282};0.7689099527708542;1;0.711868327123351;1.0;2
E1_simple_limit_at_fractal0;M0_no_mask;X6_trail_atr_2_activation_0;val_select;0.2;2639;1974.0964072414456;2353.898732888733;0.8386496749666078;-0.1439190320755161;-1.0;464.0300170650478;0.1068586585827965;0.4539598332701781;{'SL': 2353, 'TIME': 286};0.7379211173888208;2;0.7999524403045298;1.0;3
E1_simple_limit_at_fractal0;M0_no_mask;X6_trail_atr_2_activation_0;val_eval;0.2;2690;2123.57765655908;2408.597142857143;0.8816657708229425;-0.1059551993673097;-1.0;438.827716784427;0.104089219330855;0.4278810408921933;{'SL': 2408, 'TIME': 282};0.7707621697314024;1;0.711868327123351;1.0;2
E1_simple_limit_at_fractal0;M0_no_mask;X6_trail_atr_2_activation_1;val_select;0.2;2639;1974.0964072414456;2353.898732888733;0.8386496749666078;-0.1439190320755161;-1.0;464.0300170650478;0.1068586585827965;0.4539598332701781;{'SL': 2353, 'TIME': 286};0.7396700732551802;2;0.7999524403045298;1.0;3
E1_simple_limit_at_fractal0;M0_no_mask;X6_trail_atr_2_activation_1;val_eval;0.2;2690;2123.57765655908;2408.597142857143;0.8816657708229425;-0.1059551993673097;-1.0;438.827716784427;0.104089219330855;0.4278810408921933;{'SL': 2408, 'TIME': 282};0.7892756717113724;1;0.711868327123351;1.0;2
E1_simple_limit_at_fractal0;M0_no_mask;X6_trail_atr_2_activation_2;val_select;0.2;2639;1974.0964072414456;2353.898732888733;0.8386496749666078;-0.1439190320755161;-1.0;464.0300170650478;0.1068586585827965;0.4539598332701781;{'SL': 2353, 'TIME': 286};0.7379354603784113;2;0.7999524403045298;1.0;3
E1_simple_limit_at_fractal0;M0_no_mask;X6_trail_atr_2_activation_2;val_eval;0.2;2690;2123.57765655908;2408.597142857143;0.8816657708229425;-0.1059551993673097;-1.0;438.827716784427;0.104089219330855;0.4278810408921933;{'SL': 2408, 'TIME': 282};0.7754060151509494;1;0.711868327123351;1.0;2
E1_simple_limit_at_fractal0;M0_no_mask;X6_trail_atr_2_activation_3;val_select;0.2;2639;1974.0964072414456;2353.898732888733;0.8386496749666078;-0.1439190320755161;-1.0;464.0300170650478;0.1068586585827965;0.4539598332701781;{'SL': 2353, 'TIME': 286};0.7282950205293208;2;0.7999524403045298;1.0;3
E1_simple_limit_at_fractal0;M0_no_mask;X6_trail_atr_2_activation_3;val_eval;0.2;2690;2123.57765655908;2408.597142857143;0.8816657708229425;-0.1059551993673097;-1.0;438.827716784427;0.104089219330855;0.4278810408921933;{'SL': 2408, 'TIME': 282};0.7725051345011217;1;0.711868327123351;1.0;2
E1_simple_limit_at_fractal0;M0_no_mask;X6_trail_atr_3_activation_0;val_select;0.2;2639;1974.0964072414456;2353.898732888733;0.8386496749666078;-0.1439190320755161;-1.0;464.0300170650478;0.1068586585827965;0.4539598332701781;{'SL': 2353, 'TIME': 286};0.7377349525314688;2;0.7999524403045298;1.0;3
E1_simple_limit_at_fractal0;M0_no_mask;X6_trail_atr_3_activation_0;val_eval;0.2;2690;2123.57765655908;2408.597142857143;0.8816657708229425;-0.1059551993673097;-1.0;438.827716784427;0.104089219330855;0.4278810408921933;{'SL': 2408, 'TIME': 282};0.7835262134904021;1;0.711868327123351;1.0;2
E1_simple_limit_at_fractal0;M0_no_mask;X6_trail_atr_3_activation_1;val_select;0.2;2639;1974.0964072414456;2353.898732888733;0.8386496749666078;-0.1439190320755161;-1.0;464.0300170650478;0.1068586585827965;0.4539598332701781;{'SL': 2353, 'TIME': 286};0.7416513903258293;2;0.7999524403045298;1.0;3
E1_simple_limit_at_fractal0;M0_no_mask;X6_trail_atr_3_activation_1;val_eval;0.2;2690;2123.57765655908;2408.597142857143;0.8816657708229425;-0.1059551993673097;-1.0;438.827716784427;0.104089219330855;0.4278810408921933;{'SL': 2408, 'TIME': 282};0.7805943673152395;1;0.711868327123351;1.0;2
E1_simple_limit_at_fractal0;M0_no_mask;X6_trail_atr_3_activation_2;val_select;0.2;2639;1974.0964072414456;2353.898732888733;0.8386496749666078;-0.1439190320755161;-1.0;464.0300170650478;0.1068586585827965;0.4539598332701781;{'SL': 2353, 'TIME': 286};0.731126841215545;2;0.7999524403045298;1.0;3
E1_simple_limit_at_fractal0;M0_no_mask;X6_trail_atr_3_activation_2;val_eval;0.2;2690;2123.57765655908;2408.597142857143;0.8816657708229425;-0.1059551993673097;-1.0;438.827716784427;0.104089219330855;0.4278810408921933;{'SL': 2408, 'TIME': 282};0.7738141335595607;1;0.711868327123351;1.0;2
E1_simple_limit_at_fractal0;M0_no_mask;X6_trail_atr_3_activation_3;val_select;0.2;2639;1974.0964072414456;2353.898732888733;0.8386496749666078;-0.1439190320755161;-1.0;464.0300170650478;0.1068586585827965;0.4539598332701781;{'SL': 2353, 'TIME': 286};0.7472750408567949;2;0.7999524403045298;1.0;3
E1_simple_limit_at_fractal0;M0_no_mask;X6_trail_atr_3_activation_3;val_eval;0.2;2690;2123.57765655908;2408.597142857143;0.8816657708229425;-0.1059551993673097;-1.0;438.827716784427;0.104089219330855;0.4278810408921933;{'SL': 2408, 'TIME': 282};0.7751227991495228;1;0.711868327123351;1.0;2
E1_simple_limit_at_fractal0;M0_no_mask;X6_trail_atr_5_activation_0;val_select;0.2;2639;1974.0964072414456;2353.898732888733;0.8386496749666078;-0.1439190320755161;-1.0;464.0300170650478;0.1068586585827965;0.4539598332701781;{'SL': 2353, 'TIME': 286};0.7262224444485821;2;0.7999524403045298;1.0;3
E1_simple_limit_at_fractal0;M0_no_mask;X6_trail_atr_5_activation_0;val_eval;0.2;2690;2123.57765655908;2408.597142857143;0.8816657708229425;-0.1059551993673097;-1.0;438.827716784427;0.104089219330855;0.4278810408921933;{'SL': 2408, 'TIME': 282};0.7794164092508409;1;0.711868327123351;1.0;2
E1_simple_limit_at_fractal0;M0_no_mask;X6_trail_atr_5_activation_1;val_select;0.2;2639;1974.0964072414456;2353.898732888733;0.8386496749666078;-0.1439190320755161;-1.0;464.0300170650478;0.1068586585827965;0.4539598332701781;{'SL': 2353, 'TIME': 286};0.7391657041199436;2;0.7999524403045298;1.0;3
E1_simple_limit_at_fractal0;M0_no_mask;X6_trail_atr_5_activation_1;val_eval;0.2;2690;2123.57765655908;2408.597142857143;0.8816657708229425;-0.1059551993673097;-1.0;438.827716784427;0.104089219330855;0.4278810408921933;{'SL': 2408, 'TIME': 282};0.7793161420172134;1;0.711868327123351;1.0;2
E1_simple_limit_at_fractal0;M0_no_mask;X6_trail_atr_5_activation_2;val_select;0.2;2639;1974.0964072414456;2353.898732888733;0.8386496749666078;-0.1439190320755161;-1.0;464.0300170650478;0.1068586585827965;0.4539598332701781;{'SL': 2353, 'TIME': 286};0.7316238557079737;2;0.7999524403045298;1.0;3
E1_simple_limit_at_fractal0;M0_no_mask;X6_trail_atr_5_activation_2;val_eval;0.2;2690;2123.57765655908;2408.597142857143;0.8816657708229425;-0.1059551993673097;-1.0;438.827716784427;0.104089219330855;0.4278810408921933;{'SL': 2408, 'TIME': 282};0.7687352317875223;1;0.711868327123351;1.0;2
E1_simple_limit_at_fractal0;M0_no_mask;X6_trail_atr_5_activation_3;val_select;0.2;2639;1974.0964072414456;2353.898732888733;0.8386496749666078;-0.1439190320755161;-1.0;464.0300170650478;0.1068586585827965;0.4539598332701781;{'SL': 2353, 'TIME': 286};0.737076544423727;2;0.7999524403045298;1.0;3
E1_simple_limit_at_fractal0;M0_no_mask;X6_trail_atr_5_activation_3;val_eval;0.2;2690;2123.57765655908;2408.597142857143;0.8816657708229425;-0.1059551993673097;-1.0;438.827716784427;0.104089219330855;0.4278810408921933;{'SL': 2408, 'TIME': 282};0.7654465438815626;1;0.711868327123351;1.0;2
E1_simple_limit_at_fractal0;M0_no_mask;X7_time_1;val_select;0.2;2639;1100.8911973031736;1613.8881175534243;0.6821360076509337;-0.1943906480675447;-1.0;515.5063270764093;0.3315649867374005;0.3069344448654793;{'SL': 1555, 'TIME': 1084};0.6233206115100561;3;0.66817067281943;0.0;3
E1_simple_limit_at_fractal0;M0_no_mask;X7_time_1;val_eval;0.2;2690;1105.7801477602434;1686.7226506580637;0.6555791180777887;-0.2159637557240968;-1.0;580.96250289782;0.3089219330855018;0.2910780669144981;{'SL': 1592, 'TIME': 1098};0.6059326444381442;2;0.6310976215929021;0.0;2
E1_simple_limit_at_fractal0;M0_no_mask;X7_time_2;val_select;0.2;2639;1265.924285746284;1756.2557904875234;0.7208086046480012;-0.1858020101330957;-1.0;505.911052386484;0.3057976506252368;0.3285335354300872;{'SL': 1719, 'TIME': 920};0.6618756817266426;3;0.6998216967341558;0.0;3
E1_simple_limit_at_fractal0;M0_no_mask;X7_time_2;val_eval;0.2;2690;1275.8159648217484;1845.3887478632564;0.6913534973587508;-0.211737094067475;-1.0;574.113047492505;0.2713754646840148;0.3152416356877323;{'SL': 1793, 'TIME': 897};0.627671856588604;2;0.6627692648811716;0.0;2
E1_simple_limit_at_fractal0;M0_no_mask;X7_time_6;val_select;0.2;2639;1501.8729175697576;2029.139529774984;0.7401526092867078;-0.1997978826090284;-1.0;535.4838901960524;0.2205380826070481;0.376657824933687;{'SL': 2019, 'TIME': 620};0.6681430869147376;3;0.7225905017125944;0.0;3
E1_simple_limit_at_fractal0;M0_no_mask;X7_time_6;val_eval;0.2;2690;1540.3033127455808;2149.7668316484264;0.7164978499386777;-0.2265663639044035;-1.0;616.9016671380659;0.1921933085501858;0.3698884758364312;{'SL': 2135, 'TIME': 555};0.6396124298249467;2;0.6571322053958543;0.0;2
E1_simple_limit_at_fractal0;M0_no_mask;X7_time_12;val_select;0.2;2639;1741.5297917317969;2205.6159228371275;0.7895888734298003;-0.1758568136056576;-1.0;516.1866219787765;0.1606669192876089;0.41417203486169;{'SL': 2202, 'TIME': 437};0.7075920139491039;2;0.7580340455980836;1.0;3
E1_simple_limit_at_fractal0;M0_no_mask;X7_time_12;val_eval;0.2;2690;1820.35370797832;2299.6959528155685;0.7915627740917752;-0.1781941430621745;-1.0;488.7494920443621;0.1431226765799256;0.3996282527881041;{'SL': 2296, 'TIME': 394};0.7066176769340443;2;0.7346548224966005;0.0;2
E1_simple_limit_at_fractal0;M0_no_mask;X8_giveback_30_activation_1;val_select;0.2;2639;1465.784385954315;1960.5929625687531;0.7476229966845621;-0.1874985133059637;-1.0;506.3538565436778;0.2463054187192118;0.3584691170898067;{'SL': 1950, 'GIVEBACK': 649, 'TIME': 40};0.6641550131761966;3;0.7278266100850135;0.0;3
E1_simple_limit_at_fractal0;M0_no_mask;X8_giveback_30_activation_1;val_eval;0.2;2690;1576.6401514796266;2040.7577827726843;0.772575836676471;-0.1725344354249286;-1.0;478.455127552305;0.2271375464684014;0.3453531598513011;{'SL': 2029, 'GIVEBACK': 623, 'TIME': 38};0.6801864340773512;2;0.7193738369142926;0.0;2
E1_simple_limit_at_fractal0;M0_no_mask;X8_giveback_30_activation_2;val_select;0.2;2639;1642.072857525466;2119.8049024644024;0.7746339559911651;-0.1810276790219539;-1.0;485.0238381018981;0.1951496779082986;0.3880257673361121;{'SL': 2119, 'GIVEBACK': 458, 'TIME': 62};0.69257518711609;3;0.753992234267416;0.0;3
E1_simple_limit_at_fractal0;M0_no_mask;X8_giveback_30_activation_2;val_eval;0.2;2690;1709.9741765588126;2177.0542130982108;0.7854531900357745;-0.1736357013157613;-1.0;479.97045501204485;0.1847583643122676;0.3680297397769517;{'SL': 2173, 'GIVEBACK': 466, 'TIME': 51};0.6926270222976374;2;0.7734283273890502;0.0;2
E1_simple_limit_at_fractal0;M0_no_mask;X8_giveback_30_activation_3;val_select;0.2;2639;1742.8863564376345;2217.1457142857143;0.7860946374465652;-0.1797117687942706;-1.0;501.3574970868722;0.1595301250473664;0.4088669950738916;{'SL': 2217, 'GIVEBACK': 327, 'TIME': 95};0.7015169287088903;3;0.7661989960547435;0.0;3
E1_simple_limit_at_fractal0;M0_no_mask;X8_giveback_30_activation_3;val_eval;0.2;2690;1842.786966181372;2283.078326573388;0.8071501291623061;-0.1636770856475896;-1.0;504.62509110157214;0.1483271375464684;0.3929368029739777;{'SL': 2281, 'GIVEBACK': 334, 'TIME': 75};0.7073455165277058;2;0.7315400170268012;0.0;2
E1_simple_limit_at_fractal0;M0_no_mask;X8_giveback_50_activation_1;val_select;0.2;2639;1574.2716976726465;1993.4699124973288;0.7897143005787685;-0.1588473720442144;-1.0;439.6711962729764;0.2288745737021599;0.3690791966654035;{'SL': 1978, 'GIVEBACK': 556, 'TIME': 105};0.6927793024746874;2;0.7665354303454716;1.0;3
E1_simple_limit_at_fractal0;M0_no_mask;X8_giveback_50_activation_1;val_eval;0.2;2690;1764.6145742649446;2074.57400290656;0.8505912885212338;-0.1152265533983701;-1.0;346.0599591546426;0.2096654275092936;0.3550185873605948;{'SL': 2056, 'GIVEBACK': 531, 'TIME': 103};0.7459566534304836;2;0.8207485311793868;0.0;2
E1_simple_limit_at_fractal0;M0_no_mask;X8_giveback_50_activation_2;val_select;0.2;2639;1750.350396998653;2136.3380125475446;0.8193227788478058;-0.1462628327203076;-1.0;427.2444970883254;0.1864342553997726;0.3937097385373247;{'SL': 2134, 'GIVEBACK': 368, 'TIME': 137};0.7256225896842134;3;0.8003855795416561;0.0;3
E1_simple_limit_at_fractal0;M0_no_mask;X8_giveback_50_activation_2;val_eval;0.2;2690;1925.140157254524;2194.5169565539363;0.8772500715955202;-0.1001400740890008;-1.0;358.4237906660952;0.1762081784386617;0.3736059479553903;{'SL': 2188, 'GIVEBACK': 376, 'TIME': 126};0.7672225419392601;2;0.7858029824272733;0.0;2
E1_simple_limit_at_fractal0;M0_no_mask;X8_giveback_50_activation_3;val_select;0.2;2639;1876.495914796626;2229.2602278423333;0.8417572302058507;-0.1336734797444892;-1.0;403.069954498613;0.1538461538461538;0.4134141720348617;{'SL': 2229, 'GIVEBACK': 238, 'TIME': 172};0.7450890015509265;2;0.8162084754007941;1.0;3
E1_simple_limit_at_fractal0;M0_no_mask;X8_giveback_50_activation_3;val_eval;0.2;2690;2039.077888593;2295.9345548251763;0.8881254408178308;-0.0954857495286902;-1.0;429.8445329950746;0.1423791821561338;0.3973977695167286;{'SL': 2293, 'GIVEBACK': 247, 'TIME': 150};0.7914255552238658;1;0.7338942104150488;1.0;2
E1_simple_limit_at_fractal0;M0_no_mask;X8_giveback_70_activation_1;val_select;0.2;2639;1763.4217711245076;2065.448459057718;0.8537718592740878;-0.1144473997473324;-1.0;380.184752322357;0.1909814323607427;0.389920424403183;{'SL': 2039, 'GIVEBACK': 413, 'TIME': 187};0.7452943111733306;2;0.8150592538685947;1.0;3
E1_simple_limit_at_fractal0;M0_no_mask;X8_giveback_70_activation_1;val_eval;0.2;2690;1716.4514730927667;2142.4623876889946;0.801158276082619;-0.1583683697383747;-1.0;476.8666359239653;0.1773234200743494;0.3743494423791821;{'SL': 2114, 'GIVEBACK': 415, 'TIME': 161};0.704178860202516;2;0.7347770073765179;0.0;2
E1_simple_limit_at_fractal0;M0_no_mask;X8_giveback_70_activation_2;val_select;0.2;2639;1879.7097369448063;2183.3593860170954;0.8609254843627877;-0.1150623907056798;-1.0;384.5830145229888;0.1644562334217506;0.4092459264873058;{'SL': 2175, 'GIVEBACK': 250, 'TIME': 214};0.7626124185345566;2;0.8251299767345348;1.0;3
E1_simple_limit_at_fractal0;M0_no_mask;X8_giveback_70_activation_2;val_eval;0.2;2690;1885.898703252528;2239.504884465031;0.8421051975972931;-0.1314521119749082;-1.0;463.1586667621472;0.1535315985130111;0.3881040892193308;{'SL': 2227, 'GIVEBACK': 278, 'TIME': 185};0.7303930740784909;2;0.7222638371135289;0.0;2
E1_simple_limit_at_fractal0;M0_no_mask;X8_giveback_70_activation_3;val_select;0.2;2639;1933.6829101395324;2264.864322032046;0.8537742818980979;-0.1254950405049311;-1.0;396.4137959500488;0.1383099658961727;0.4259189086775293;{'SL': 2262, 'TIME': 232, 'GIVEBACK': 145};0.7314946695728022;2;0.8214795823169566;1.0;3
E1_simple_limit_at_fractal0;M0_no_mask;X8_giveback_70_activation_3;val_eval;0.2;2690;2013.1512061756816;2321.735931262858;0.8670887929449719;-0.1147155111848238;-1.0;463.9219036453518;0.1312267657992565;0.4063197026022305;{'SL': 2317, 'TIME': 208, 'GIVEBACK': 165};0.758862439439311;1;0.7106899925512441;1.0;2
E1_simple_limit_at_fractal0;M1_frozen_movement_top5;X0_fixed_r_0_7;val_select;0.2;137;44.79999999999956;73.0;0.6136986301369802;-0.2058394160583974;-1.0;31.10000000000044;0.4671532846715328;0.2627737226277372;{'SL': 73, 'TP': 64};0.4547339357429664;2;0.4529411764705772;1.0;3
E1_simple_limit_at_fractal0;M1_frozen_movement_top5;X0_fixed_r_0_7;val_eval;0.2;11;4.900000000000077;4.0;1.2250000000000192;0.0818181818181888;0.7;2.0;0.6363636363636364;0.2727272727272727;{'TP': 7, 'SL': 4};0.4000000000000017;0;1.2250000000000192;1.0;1
E1_simple_limit_at_fractal0;M1_frozen_movement_top5;X1_ml_opposite_strong_p0_55;val_select;0.2;137;90.71879543194584;88.22088377476099;1.0283142896591506;0.0182329318042689;-1.0;21.71948295713517;0.2554744525547445;0.3357664233576642;{'SL': 83, 'ML_CLOSE': 40, 'TIME': 14};0.5674466595224417;2;0.8425013845244256;1.0;3
E1_simple_limit_at_fractal0;M1_frozen_movement_top5;X1_ml_opposite_strong_p0_55;val_eval;0.2;11;5.982170542635505;6.327444444444462;0.9454323297753946;-0.031388536528087;-0.5950000000000273;5.111940568475466;0.2727272727272727;0.2727272727272727;{'SL': 5, 'ML_CLOSE': 5, 'TIME': 1};0.0078715800419347;1;0.9454323297753946;0.0;1
E1_simple_limit_at_fractal0;M1_frozen_movement_top5;X1_ml_opposite_strong_p0_65;val_select;0.2;137;81.91937465804601;114.26365237345836;0.7169329262318818;-0.2360896183606742;-1.0;36.874817610062905;0.1240875912408759;0.3868613138686131;{'SL': 111, 'TIME': 14, 'ML_CLOSE': 12};0.3526286367173148;3;0.6108760447147816;0.0;3
E1_simple_limit_at_fractal0;M1_frozen_movement_top5;X1_ml_opposite_strong_p0_65;val_eval;0.2;11;4.7666666666665085;9.595000000000027;0.496786520757321;-0.4389393939394108;-1.0;9.595000000000027;0.0909090909090909;0.4545454545454545;{'SL': 9, 'TIME': 1, 'ML_CLOSE': 1};0.0;1;0.496786520757321;0.0;1
E1_simple_limit_at_fractal0;M1_frozen_movement_top5;X1_ml_opposite_strong_p0_75;val_select;0.2;137;81.67146575535449;122.41875;0.6671483392483136;-0.297425432442668;-1.0;40.139876837238006;0.1021897810218978;0.3941605839416058;{'SL': 122, 'TIME': 14, 'ML_CLOSE': 1};0.359105566049618;3;0.5596539783666394;0.0;3
E1_simple_limit_at_fractal0;M1_frozen_movement_top5;X1_ml_opposite_strong_p0_75;val_eval;0.2;11;4.7666666666665085;9.595000000000027;0.496786520757321;-0.4389393939394108;-1.0;9.595000000000027;0.0909090909090909;0.4545454545454545;{'SL': 9, 'TIME': 1, 'ML_CLOSE': 1};0.0;1;0.496786520757321;0.0;1
E1_simple_limit_at_fractal0;M1_frozen_movement_top5;X2_ml_opposite_any_p0_50;val_select;0.2;137;70.124900885556;72.25729107777254;0.9704889269939364;-0.0155648919139893;-0.6097560975609891;21.14824208328696;0.2992700729927007;0.2627737226277372;{'SL': 66, 'ML_CLOSE': 63, 'TIME': 8};0.5570312042730833;1;0.774502380225673;2.0;3
E1_simple_limit_at_fractal0;M1_frozen_movement_top5;X2_ml_opposite_any_p0_50;val_eval;0.2;11;5.3498914728681255;4.978574879227035;1.0745829082917682;0.0337560539673718;-0.2444444444444242;4.395350073025418;0.3636363636363636;0.2727272727272727;{'ML_CLOSE': 6, 'SL': 4, 'TIME': 1};0.0310944328618454;0;1.0745829082917682;1.0;1
E1_simple_limit_at_fractal0;M1_frozen_movement_top5;X2_ml_opposite_any_p0_55;val_select;0.2;137;97.36039192677362;73.02743085811763;1.3332030277216191;0.177612854515737;-0.6747663551402222;18.715206644149845;0.3065693430656934;0.2700729927007299;{'SL': 67, 'ML_CLOSE': 59, 'TIME': 11};0.8056696752249527;0;1.0908162583352286;3.0;3
E1_simple_limit_at_fractal0;M1_frozen_movement_top5;X2_ml_opposite_any_p0_55;val_eval;0.2;11;5.3498914728681255;4.978574879227035;1.0745829082917682;0.0337560539673718;-0.2444444444444242;4.395350073025418;0.3636363636363636;0.2727272727272727;{'ML_CLOSE': 6, 'SL': 4, 'TIME': 1};0.0368315779784011;0;1.0745829082917682;1.0;1
E1_simple_limit_at_fractal0;M1_frozen_movement_top5;X2_ml_opposite_any_p0_60;val_select;0.2;137;93.85395940354935;75.16425133076422;1.248651556316847;0.1364212268086507;-1.0;18.43137453423073;0.2992700729927007;0.2846715328467153;{'SL': 69, 'ML_CLOSE': 56, 'TIME': 12};0.6943161024489184;0;1.0412362706375968;3.0;3
E1_simple_limit_at_fractal0;M1_frozen_movement_top5;X2_ml_opposite_any_p0_60;val_eval;0.2;11;6.06617054263552;4.978574879227035;1.2184552185699662;0.098872333037135;-0.2444444444444242;3.679071003258024;0.3636363636363636;0.2727272727272727;{'ML_CLOSE': 6, 'SL': 4, 'TIME': 1};0.032037584668759;0;1.2184552185699662;1.0;1
E1_simple_limit_at_fractal0;M1_frozen_movement_top5;X3_ml_hold_close_p0_50;val_select;0.2;137;83.99237672843933;114.7441531125567;0.7319970076910861;-0.2244655210519517;-1.0;36.8748176100629;0.1313868613138686;0.3795620437956204;{'SL': 113, 'TIME': 14, 'ML_CLOSE': 10};0.4156797087115152;3;0.6251218475813526;0.0;3
E1_simple_limit_at_fractal0;M1_frozen_movement_top5;X3_ml_hold_close_p0_50;val_eval;0.2;11;4.7666666666665085;9.595000000000027;0.496786520757321;-0.4389393939394108;-1.0;9.595000000000027;0.0909090909090909;0.4545454545454545;{'SL': 9, 'TIME': 1, 'ML_CLOSE': 1};0.0;1;0.496786520757321;0.0;1
E1_simple_limit_at_fractal0;M1_frozen_movement_top5;X3_ml_hold_close_p0_60;val_select;0.2;137;81.67146575535449;123.0;0.6639956565475975;-0.301668133172595;-1.0;40.721126837238;0.1021897810218978;0.3941605839416058;{'SL': 123, 'TIME': 14};0.3641301811477213;3;0.5596539783666394;0.0;3
E1_simple_limit_at_fractal0;M1_frozen_movement_top5;X3_ml_hold_close_p0_60;val_eval;0.2;11;4.7666666666665085;10.0;0.4766666666666508;-0.4757575757575901;-1.0;10.0;0.0909090909090909;0.4545454545454545;{'SL': 10, 'TIME': 1};0.0;1;0.4766666666666508;0.0;1
E1_simple_limit_at_fractal0;M1_frozen_movement_top5;X3_ml_hold_close_p0_70;val_select;0.2;137;81.67146575535449;123.0;0.6639956565475975;-0.301668133172595;-1.0;40.721126837238;0.1021897810218978;0.3941605839416058;{'SL': 123, 'TIME': 14};0.3605774598451005;3;0.5596539783666394;0.0;3
E1_simple_limit_at_fractal0;M1_frozen_movement_top5;X3_ml_hold_close_p0_70;val_eval;0.2;11;4.7666666666665085;10.0;0.4766666666666508;-0.4757575757575901;-1.0;10.0;0.0909090909090909;0.4545454545454545;{'SL': 10, 'TIME': 1};0.0;1;0.4766666666666508;0.0;1
E1_simple_limit_at_fractal0;M1_frozen_movement_top5;X4_ml_movement_exhaustion_p0_55;val_select;0.2;137;81.72653821912262;118.62278383151096;0.6889615601603575;-0.2693156614042944;-1.0;37.87081761006291;0.1094890510948905;0.3941605839416058;{'SL': 116, 'TIME': 14, 'ML_CLOSE': 7};0.3105017410734195;3;0.5796233607605306;0.0;3
E1_simple_limit_at_fractal0;M1_frozen_movement_top5;X4_ml_movement_exhaustion_p0_55;val_eval;0.2;11;4.7666666666665085;9.595000000000027;0.496786520757321;-0.4389393939394108;-1.0;9.595000000000027;0.0909090909090909;0.4545454545454545;{'SL': 9, 'TIME': 1, 'ML_CLOSE': 1};0.0;1;0.496786520757321;0.0;1
E1_simple_limit_at_fractal0;M1_frozen_movement_top5;X4_ml_movement_exhaustion_p0_65;val_select;0.2;137;81.67146575535449;122.41875;0.6671483392483136;-0.297425432442668;-1.0;40.139876837238006;0.1021897810218978;0.3941605839416058;{'SL': 122, 'TIME': 14, 'ML_CLOSE': 1};0.3016895482881232;3;0.5596539783666394;0.0;3
E1_simple_limit_at_fractal0;M1_frozen_movement_top5;X4_ml_movement_exhaustion_p0_65;val_eval;0.2;11;4.7666666666665085;9.595000000000027;0.496786520757321;-0.4389393939394108;-1.0;9.595000000000027;0.0909090909090909;0.4545454545454545;{'SL': 9, 'TIME': 1, 'ML_CLOSE': 1};0.0;1;0.496786520757321;0.0;1
E1_simple_limit_at_fractal0;M1_frozen_movement_top5;X4_ml_movement_exhaustion_p0_75;val_select;0.2;137;81.67146575535449;123.0;0.6639956565475975;-0.301668133172595;-1.0;40.721126837238;0.1021897810218978;0.3941605839416058;{'SL': 123, 'TIME': 14};0.3636830336468958;3;0.5596539783666394;0.0;3
E1_simple_limit_at_fractal0;M1_frozen_movement_top5;X4_ml_movement_exhaustion_p0_75;val_eval;0.2;11;4.7666666666665085;10.0;0.4766666666666508;-0.4757575757575901;-1.0;10.0;0.0909090909090909;0.4545454545454545;{'SL': 10, 'TIME': 1};0.0;1;0.4766666666666508;0.0;1
E1_simple_limit_at_fractal0;M1_frozen_movement_top5;X5_fixed_sl_ml_profit_exit_hold_close_p0_55;val_select;0.2;137;81.7146030102564;122.0;0.6697918279529212;-0.2940539926258657;-1.0;39.67798958233609;0.1094890510948905;0.3941605839416058;{'SL': 122, 'TIME': 14, 'ML_CLOSE': 1};0.3304098308422702;3;0.5719558402700794;0.0;3
E1_simple_limit_at_fractal0;M1_frozen_movement_top5;X5_fixed_sl_ml_profit_exit_hold_close_p0_55;val_eval;0.2;11;4.7666666666665085;10.0;0.4766666666666508;-0.4757575757575901;-1.0;10.0;0.0909090909090909;0.4545454545454545;{'SL': 10, 'TIME': 1};0.0;1;0.4766666666666508;0.0;1
E1_simple_limit_at_fractal0;M1_frozen_movement_top5;X5_fixed_sl_ml_profit_exit_hold_close_p0_65;val_select;0.2;137;81.67146575535449;123.0;0.6639956565475975;-0.301668133172595;-1.0;40.721126837238;0.1021897810218978;0.3941605839416058;{'SL': 123, 'TIME': 14};0.2922570959207155;3;0.5596539783666394;0.0;3
E1_simple_limit_at_fractal0;M1_frozen_movement_top5;X5_fixed_sl_ml_profit_exit_hold_close_p0_65;val_eval;0.2;11;4.7666666666665085;10.0;0.4766666666666508;-0.4757575757575901;-1.0;10.0;0.0909090909090909;0.4545454545454545;{'SL': 10, 'TIME': 1};0.0;1;0.4766666666666508;0.0;1
E1_simple_limit_at_fractal0;M1_frozen_movement_top5;X5_fixed_sl_ml_profit_exit_hold_close_p0_75;val_select;0.2;137;81.67146575535449;123.0;0.6639956565475975;-0.301668133172595;-1.0;40.721126837238;0.1021897810218978;0.3941605839416058;{'SL': 123, 'TIME': 14};0.3264774424506723;3;0.5596539783666394;0.0;3
E1_simple_limit_at_fractal0;M1_frozen_movement_top5;X5_fixed_sl_ml_profit_exit_hold_close_p0_75;val_eval;0.2;11;4.7666666666665085;10.0;0.4766666666666508;-0.4757575757575901;-1.0;10.0;0.0909090909090909;0.4545454545454545;{'SL': 10, 'TIME': 1};0.0;1;0.4766666666666508;0.0;1
E1_simple_limit_at_fractal0;M1_frozen_movement_top5;X5_fixed_sl_ml_profit_exit_movement_exhaustion_p0_55;val_select;0.2;137;81.72653821912262;122.0;0.6698896575337919;-0.2939668743129737;-1.0;39.66605437346988;0.1094890510948905;0.3941605839416058;{'SL': 122, 'TIME': 14, 'ML_CLOSE': 1};0.3080954917726479;3;0.5596539783666394;0.0;3
E1_simple_limit_at_fractal0;M1_frozen_movement_top5;X5_fixed_sl_ml_profit_exit_movement_exhaustion_p0_55;val_eval;0.2;11;4.7666666666665085;10.0;0.4766666666666508;-0.4757575757575901;-1.0;10.0;0.0909090909090909;0.4545454545454545;{'SL': 10, 'TIME': 1};0.0;1;0.4766666666666508;0.0;1
E1_simple_limit_at_fractal0;M1_frozen_movement_top5;X5_fixed_sl_ml_profit_exit_movement_exhaustion_p0_65;val_select;0.2;137;81.67146575535449;123.0;0.6639956565475975;-0.301668133172595;-1.0;40.721126837238;0.1021897810218978;0.3941605839416058;{'SL': 123, 'TIME': 14};0.2885983177839904;3;0.5596539783666394;0.0;3
E1_simple_limit_at_fractal0;M1_frozen_movement_top5;X5_fixed_sl_ml_profit_exit_movement_exhaustion_p0_65;val_eval;0.2;11;4.7666666666665085;10.0;0.4766666666666508;-0.4757575757575901;-1.0;10.0;0.0909090909090909;0.4545454545454545;{'SL': 10, 'TIME': 1};0.0;1;0.4766666666666508;0.0;1
E1_simple_limit_at_fractal0;M1_frozen_movement_top5;X5_fixed_sl_ml_profit_exit_movement_exhaustion_p0_75;val_select;0.2;137;81.67146575535449;123.0;0.6639956565475975;-0.301668133172595;-1.0;40.721126837238;0.1021897810218978;0.3941605839416058;{'SL': 123, 'TIME': 14};0.3137385338922276;3;0.5596539783666394;0.0;3
E1_simple_limit_at_fractal0;M1_frozen_movement_top5;X5_fixed_sl_ml_profit_exit_movement_exhaustion_p0_75;val_eval;0.2;11;4.7666666666665085;10.0;0.4766666666666508;-0.4757575757575901;-1.0;10.0;0.0909090909090909;0.4545454545454545;{'SL': 10, 'TIME': 1};0.0;1;0.4766666666666508;0.0;1
E1_simple_limit_at_fractal0;M1_frozen_movement_top5;X6_trail_atr_0_2_activation_0;val_select;0.2;137;81.67146575535449;123.0;0.6639956565475975;-0.301668133172595;-1.0;40.721126837238;0.1021897810218978;0.3941605839416058;{'SL': 123, 'TIME': 14};0.3312699056147264;3;0.5596539783666394;0.0;3
E1_simple_limit_at_fractal0;M1_frozen_movement_top5;X6_trail_atr_0_2_activation_0;val_eval;0.2;11;4.7666666666665085;10.0;0.4766666666666508;-0.4757575757575901;-1.0;10.0;0.0909090909090909;0.4545454545454545;{'SL': 10, 'TIME': 1};0.0;1;0.4766666666666508;0.0;1
E1_simple_limit_at_fractal0;M1_frozen_movement_top5;X6_trail_atr_0_2_activation_1;val_select;0.2;137;81.67146575535449;123.0;0.6639956565475975;-0.301668133172595;-1.0;40.721126837238;0.1021897810218978;0.3941605839416058;{'SL': 123, 'TIME': 14};0.368034944687664;3;0.5596539783666394;0.0;3
E1_simple_limit_at_fractal0;M1_frozen_movement_top5;X6_trail_atr_0_2_activation_1;val_eval;0.2;11;4.7666666666665085;10.0;0.4766666666666508;-0.4757575757575901;-1.0;10.0;0.0909090909090909;0.4545454545454545;{'SL': 10, 'TIME': 1};0.0;1;0.4766666666666508;0.0;1
E1_simple_limit_at_fractal0;M1_frozen_movement_top5;X6_trail_atr_0_2_activation_2;val_select;0.2;137;81.67146575535449;123.0;0.6639956565475975;-0.301668133172595;-1.0;40.721126837238;0.1021897810218978;0.3941605839416058;{'SL': 123, 'TIME': 14};0.3343537651895746;3;0.5596539783666394;0.0;3
E1_simple_limit_at_fractal0;M1_frozen_movement_top5;X6_trail_atr_0_2_activation_2;val_eval;0.2;11;4.7666666666665085;10.0;0.4766666666666508;-0.4757575757575901;-1.0;10.0;0.0909090909090909;0.4545454545454545;{'SL': 10, 'TIME': 1};0.0;1;0.4766666666666508;0.0;1
E1_simple_limit_at_fractal0;M1_frozen_movement_top5;X6_trail_atr_0_2_activation_3;val_select;0.2;137;81.67146575535449;123.0;0.6639956565475975;-0.301668133172595;-1.0;40.721126837238;0.1021897810218978;0.3941605839416058;{'SL': 123, 'TIME': 14};0.2744275616122199;3;0.5596539783666394;0.0;3
E1_simple_limit_at_fractal0;M1_frozen_movement_top5;X6_trail_atr_0_2_activation_3;val_eval;0.2;11;4.7666666666665085;10.0;0.4766666666666508;-0.4757575757575901;-1.0;10.0;0.0909090909090909;0.4545454545454545;{'SL': 10, 'TIME': 1};0.0;1;0.4766666666666508;0.0;1
E1_simple_limit_at_fractal0;M1_frozen_movement_top5;X6_trail_atr_2_activation_0;val_select;0.2;137;81.67146575535449;123.0;0.6639956565475975;-0.301668133172595;-1.0;40.721126837238;0.1021897810218978;0.3941605839416058;{'SL': 123, 'TIME': 14};0.3400830361573366;3;0.5596539783666394;0.0;3
E1_simple_limit_at_fractal0;M1_frozen_movement_top5;X6_trail_atr_2_activation_0;val_eval;0.2;11;4.7666666666665085;10.0;0.4766666666666508;-0.4757575757575901;-1.0;10.0;0.0909090909090909;0.4545454545454545;{'SL': 10, 'TIME': 1};0.0;1;0.4766666666666508;0.0;1
E1_simple_limit_at_fractal0;M1_frozen_movement_top5;X6_trail_atr_2_activation_1;val_select;0.2;137;81.67146575535449;123.0;0.6639956565475975;-0.301668133172595;-1.0;40.721126837238;0.1021897810218978;0.3941605839416058;{'SL': 123, 'TIME': 14};0.3196943993342433;3;0.5596539783666394;0.0;3
E1_simple_limit_at_fractal0;M1_frozen_movement_top5;X6_trail_atr_2_activation_1;val_eval;0.2;11;4.7666666666665085;10.0;0.4766666666666508;-0.4757575757575901;-1.0;10.0;0.0909090909090909;0.4545454545454545;{'SL': 10, 'TIME': 1};0.0;1;0.4766666666666508;0.0;1
E1_simple_limit_at_fractal0;M1_frozen_movement_top5;X6_trail_atr_2_activation_2;val_select;0.2;137;81.67146575535449;123.0;0.6639956565475975;-0.301668133172595;-1.0;40.721126837238;0.1021897810218978;0.3941605839416058;{'SL': 123, 'TIME': 14};0.3293772183846816;3;0.5596539783666394;0.0;3
E1_simple_limit_at_fractal0;M1_frozen_movement_top5;X6_trail_atr_2_activation_2;val_eval;0.2;11;4.7666666666665085;10.0;0.4766666666666508;-0.4757575757575901;-1.0;10.0;0.0909090909090909;0.4545454545454545;{'SL': 10, 'TIME': 1};0.0;1;0.4766666666666508;0.0;1
E1_simple_limit_at_fractal0;M1_frozen_movement_top5;X6_trail_atr_2_activation_3;val_select;0.2;137;81.67146575535449;123.0;0.6639956565475975;-0.301668133172595;-1.0;40.721126837238;0.1021897810218978;0.3941605839416058;{'SL': 123, 'TIME': 14};0.2947615267686573;3;0.5596539783666394;0.0;3
E1_simple_limit_at_fractal0;M1_frozen_movement_top5;X6_trail_atr_2_activation_3;val_eval;0.2;11;4.7666666666665085;10.0;0.4766666666666508;-0.4757575757575901;-1.0;10.0;0.0909090909090909;0.4545454545454545;{'SL': 10, 'TIME': 1};0.0;1;0.4766666666666508;0.0;1
E1_simple_limit_at_fractal0;M1_frozen_movement_top5;X6_trail_atr_3_activation_0;val_select;0.2;137;81.67146575535449;123.0;0.6639956565475975;-0.301668133172595;-1.0;40.721126837238;0.1021897810218978;0.3941605839416058;{'SL': 123, 'TIME': 14};0.2963621167982576;3;0.5596539783666394;0.0;3
E1_simple_limit_at_fractal0;M1_frozen_movement_top5;X6_trail_atr_3_activation_0;val_eval;0.2;11;4.7666666666665085;10.0;0.4766666666666508;-0.4757575757575901;-1.0;10.0;0.0909090909090909;0.4545454545454545;{'SL': 10, 'TIME': 1};0.0;1;0.4766666666666508;0.0;1
E1_simple_limit_at_fractal0;M1_frozen_movement_top5;X6_trail_atr_3_activation_1;val_select;0.2;137;81.67146575535449;123.0;0.6639956565475975;-0.301668133172595;-1.0;40.721126837238;0.1021897810218978;0.3941605839416058;{'SL': 123, 'TIME': 14};0.3341132366485498;3;0.5596539783666394;0.0;3
E1_simple_limit_at_fractal0;M1_frozen_movement_top5;X6_trail_atr_3_activation_1;val_eval;0.2;11;4.7666666666665085;10.0;0.4766666666666508;-0.4757575757575901;-1.0;10.0;0.0909090909090909;0.4545454545454545;{'SL': 10, 'TIME': 1};0.0;1;0.4766666666666508;0.0;1
E1_simple_limit_at_fractal0;M1_frozen_movement_top5;X6_trail_atr_3_activation_2;val_select;0.2;137;81.67146575535449;123.0;0.6639956565475975;-0.301668133172595;-1.0;40.721126837238;0.1021897810218978;0.3941605839416058;{'SL': 123, 'TIME': 14};0.3159168830719866;3;0.5596539783666394;0.0;3
E1_simple_limit_at_fractal0;M1_frozen_movement_top5;X6_trail_atr_3_activation_2;val_eval;0.2;11;4.7666666666665085;10.0;0.4766666666666508;-0.4757575757575901;-1.0;10.0;0.0909090909090909;0.4545454545454545;{'SL': 10, 'TIME': 1};0.0;1;0.4766666666666508;0.0;1
E1_simple_limit_at_fractal0;M1_frozen_movement_top5;X6_trail_atr_3_activation_3;val_select;0.2;137;81.67146575535449;123.0;0.6639956565475975;-0.301668133172595;-1.0;40.721126837238;0.1021897810218978;0.3941605839416058;{'SL': 123, 'TIME': 14};0.3183305324194534;3;0.5596539783666394;0.0;3
E1_simple_limit_at_fractal0;M1_frozen_movement_top5;X6_trail_atr_3_activation_3;val_eval;0.2;11;4.7666666666665085;10.0;0.4766666666666508;-0.4757575757575901;-1.0;10.0;0.0909090909090909;0.4545454545454545;{'SL': 10, 'TIME': 1};0.0;1;0.4766666666666508;0.0;1
E1_simple_limit_at_fractal0;M1_frozen_movement_top5;X6_trail_atr_5_activation_0;val_select;0.2;137;81.67146575535449;123.0;0.6639956565475975;-0.301668133172595;-1.0;40.721126837238;0.1021897810218978;0.3941605839416058;{'SL': 123, 'TIME': 14};0.3530645959725537;3;0.5596539783666394;0.0;3
E1_simple_limit_at_fractal0;M1_frozen_movement_top5;X6_trail_atr_5_activation_0;val_eval;0.2;11;4.7666666666665085;10.0;0.4766666666666508;-0.4757575757575901;-1.0;10.0;0.0909090909090909;0.4545454545454545;{'SL': 10, 'TIME': 1};0.0;1;0.4766666666666508;0.0;1
E1_simple_limit_at_fractal0;M1_frozen_movement_top5;X6_trail_atr_5_activation_1;val_select;0.2;137;81.67146575535449;123.0;0.6639956565475975;-0.301668133172595;-1.0;40.721126837238;0.1021897810218978;0.3941605839416058;{'SL': 123, 'TIME': 14};0.3064272477163245;3;0.5596539783666394;0.0;3
E1_simple_limit_at_fractal0;M1_frozen_movement_top5;X6_trail_atr_5_activation_1;val_eval;0.2;11;4.7666666666665085;10.0;0.4766666666666508;-0.4757575757575901;-1.0;10.0;0.0909090909090909;0.4545454545454545;{'SL': 10, 'TIME': 1};0.0;1;0.4766666666666508;0.0;1
E1_simple_limit_at_fractal0;M1_frozen_movement_top5;X6_trail_atr_5_activation_2;val_select;0.2;137;81.67146575535449;123.0;0.6639956565475975;-0.301668133172595;-1.0;40.721126837238;0.1021897810218978;0.3941605839416058;{'SL': 123, 'TIME': 14};0.2889404002355374;3;0.5596539783666394;0.0;3
E1_simple_limit_at_fractal0;M1_frozen_movement_top5;X6_trail_atr_5_activation_2;val_eval;0.2;11;4.7666666666665085;10.0;0.4766666666666508;-0.4757575757575901;-1.0;10.0;0.0909090909090909;0.4545454545454545;{'SL': 10, 'TIME': 1};0.0;1;0.4766666666666508;0.0;1
E1_simple_limit_at_fractal0;M1_frozen_movement_top5;X6_trail_atr_5_activation_3;val_select;0.2;137;81.67146575535449;123.0;0.6639956565475975;-0.301668133172595;-1.0;40.721126837238;0.1021897810218978;0.3941605839416058;{'SL': 123, 'TIME': 14};0.3480874199925474;3;0.5596539783666394;0.0;3
E1_simple_limit_at_fractal0;M1_frozen_movement_top5;X6_trail_atr_5_activation_3;val_eval;0.2;11;4.7666666666665085;10.0;0.4766666666666508;-0.4757575757575901;-1.0;10.0;0.0909090909090909;0.4545454545454545;{'SL': 10, 'TIME': 1};0.0;1;0.4766666666666508;0.0;1
E1_simple_limit_at_fractal0;M1_frozen_movement_top5;X7_time_1;val_select;0.2;137;43.96605212610648;88.01238728293896;0.4995439106175594;-0.3215060960352735;-1.0;47.51407709231644;0.3065693430656934;0.291970802919708;{'SL': 85, 'TIME': 52};0.2951343238791771;2;0.349987926578499;1.0;3
E1_simple_limit_at_fractal0;M1_frozen_movement_top5;X7_time_1;val_eval;0.2;11;1.9249999999998813;8.271215369059663;0.232734841750195;-0.5769286699145256;-1.0;8.271215369059663;0.0909090909090909;0.3636363636363636;{'SL': 7, 'TIME': 4};0.0;1;0.232734841750195;0.0;1
E1_simple_limit_at_fractal0;M1_frozen_movement_top5;X7_time_2;val_select;0.2;137;55.01487703472031;95.6603007792679;0.5751066700246408;-0.296681925142683;-1.0;43.897036647773454;0.2773722627737226;0.3065693430656934;{'SL': 93, 'TIME': 44};0.3449047595790609;2;0.5128948172563365;1.0;3
E1_simple_limit_at_fractal0;M1_frozen_movement_top5;X7_time_2;val_eval;0.2;11;3.922968992247902;8.0;0.4903711240309877;-0.3706391825229179;-1.0;6.31869767441863;0.2727272727272727;0.3636363636363636;{'SL': 8, 'TIME': 3};0.0072000000000025;1;0.4903711240309877;0.0;1
E1_simple_limit_at_fractal0;M1_frozen_movement_top5;X7_time_6;val_select;0.2;137;72.04392794516582;113.0;0.637556884470494;-0.2989494310571838;-1.0;45.80314493416511;0.1751824817518248;0.364963503649635;{'SL': 113, 'TIME': 24};0.417997993995114;2;0.4196251106234145;1.0;3
E1_simple_limit_at_fractal0;M1_frozen_movement_top5;X7_time_6;val_eval;0.2;11;6.1098837209300445;9.0;0.6788759689922271;-0.2627378435518142;-1.0;6.86511627906979;0.1818181818181818;0.3636363636363636;{'SL': 9, 'TIME': 2};0.0;1;0.6788759689922271;0.0;1
E1_simple_limit_at_fractal0;M1_frozen_movement_top5;X7_time_12;val_select;0.2;137;80.20710677884244;117.83464473168824;0.6806750846618631;-0.2746535616996042;-1.0;39.26827869358644;0.1240875912408759;0.3795620437956204;{'SL': 117, 'TIME': 20};0.3970651578943654;3;0.4081562362166069;0.0;3
E1_simple_limit_at_fractal0;M1_frozen_movement_top5;X7_time_12;val_eval;0.2;11;3.3249999999998816;10.0;0.3324999999999881;-0.6068181818181926;-1.0;10.0;0.0909090909090909;0.4545454545454545;{'SL': 10, 'TIME': 1};0.0;1;0.3324999999999881;0.0;1
E1_simple_limit_at_fractal0;M1_frozen_movement_top5;X8_giveback_30_activation_1;val_select;0.2;137;66.4888305238254;106.0;0.6272531181492962;-0.2884026969063838;-1.0;41.24259122049952;0.2262773722627737;0.3284671532846715;{'SL': 106, 'GIVEBACK': 31};0.3911239063864057;2;0.5183225598502406;1.0;3
E1_simple_limit_at_fractal0;M1_frozen_movement_top5;X8_giveback_30_activation_1;val_eval;0.2;11;4.559302325581223;9.0;0.5065891472868026;-0.4036997885835252;-1.0;7.190697674418635;0.1818181818181818;0.3636363636363636;{'SL': 9, 'GIVEBACK': 2};0.0;1;0.5065891472868026;0.0;1
E1_simple_limit_at_fractal0;M1_frozen_movement_top5;X8_giveback_30_activation_2;val_select;0.2;137;74.45087577578546;116.0;0.6418178946188402;-0.3032782790088652;-1.0;42.9435089315024;0.1532846715328467;0.364963503649635;{'SL': 116, 'GIVEBACK': 21};0.4075652658711153;2;0.4795312731593588;1.0;3
E1_simple_limit_at_fractal0;M1_frozen_movement_top5;X8_giveback_30_activation_2;val_eval;0.2;11;4.559302325581223;9.0;0.5065891472868026;-0.4036997885835252;-1.0;7.190697674418635;0.1818181818181818;0.3636363636363636;{'SL': 9, 'GIVEBACK': 2};0.0;1;0.5065891472868026;0.0;1
E1_simple_limit_at_fractal0;M1_frozen_movement_top5;X8_giveback_30_activation_3;val_select;0.2;137;74.74751693224798;117.0;0.6388676660875895;-0.3084122851660731;-1.0;43.64686777503989;0.145985401459854;0.3722627737226277;{'SL': 117, 'GIVEBACK': 19, 'TIME': 1};0.3604153970103896;2;0.5183067833634393;1.0;3
E1_simple_limit_at_fractal0;M1_frozen_movement_top5;X8_giveback_30_activation_3;val_eval;0.2;11;4.559302325581223;9.0;0.5065891472868026;-0.4036997885835252;-1.0;7.190697674418635;0.1818181818181818;0.3636363636363636;{'SL': 9, 'GIVEBACK': 2};0.0;1;0.5065891472868026;0.0;1
E1_simple_limit_at_fractal0;M1_frozen_movement_top5;X8_giveback_50_activation_1;val_select;0.2;137;79.30510536189176;107.0;0.7411692089896427;-0.2021525156066293;-1.0;32.66798336153026;0.218978102189781;0.3357664233576642;{'SL': 107, 'GIVEBACK': 24, 'TIME': 6};0.3536649954907635;2;0.652045620257938;1.0;3
E1_simple_limit_at_fractal0;M1_frozen_movement_top5;X8_giveback_50_activation_1;val_eval;0.2;11;2.9107558139534047;9.0;0.3234173126614894;-0.5535676532769632;-1.0;7.776744186046512;0.1818181818181818;0.3636363636363636;{'SL': 9, 'GIVEBACK': 2};0.0;1;0.3234173126614894;0.0;1
E1_simple_limit_at_fractal0;M1_frozen_movement_top5;X8_giveback_50_activation_2;val_select;0.2;137;87.07827421988624;117.0;0.7442587540161217;-0.2184067575190784;-1.0;33.0;0.145985401459854;0.3722627737226277;{'SL': 117, 'GIVEBACK': 13, 'TIME': 7};0.4131728516620547;2;0.596563308958241;1.0;3
E1_simple_limit_at_fractal0;M1_frozen_movement_top5;X8_giveback_50_activation_2;val_eval;0.2;11;2.9107558139534047;9.0;0.3234173126614894;-0.5535676532769632;-1.0;7.776744186046512;0.1818181818181818;0.3636363636363636;{'SL': 9, 'GIVEBACK': 2};0.0;1;0.3234173126614894;0.0;1
E1_simple_limit_at_fractal0;M1_frozen_movement_top5;X8_giveback_50_activation_3;val_select;0.2;137;89.18439666886583;117.0;0.7622598005885969;-0.2030336009571837;-1.0;33.0;0.145985401459854;0.3722627737226277;{'SL': 117, 'GIVEBACK': 12, 'TIME': 8};0.3784258872166112;2;0.640440859978649;1.0;3
E1_simple_limit_at_fractal0;M1_frozen_movement_top5;X8_giveback_50_activation_3;val_eval;0.2;11;2.9107558139534047;9.0;0.3234173126614894;-0.5535676532769632;-1.0;7.776744186046512;0.1818181818181818;0.3636363636363636;{'SL': 9, 'GIVEBACK': 2};0.0;1;0.3234173126614894;0.0;1
E1_simple_limit_at_fractal0;M1_frozen_movement_top5;X8_giveback_70_activation_1;val_select;0.2;137;68.00412635607807;110.8272912912913;0.6136045153114896;-0.3125778462424322;-1.0;45.23064043618759;0.1751824817518248;0.3503649635036496;{'SL': 109, 'GIVEBACK': 20, 'TIME': 8};0.2976356152971717;2;0.5947831829868434;1.0;3
E1_simple_limit_at_fractal0;M1_frozen_movement_top5;X8_giveback_70_activation_1;val_eval;0.2;11;4.7666666666665085;10.0;0.4766666666666508;-0.4757575757575901;-1.0;10.0;0.0909090909090909;0.4545454545454545;{'SL': 10, 'TIME': 1};0.0;1;0.4766666666666508;0.0;1
E1_simple_limit_at_fractal0;M1_frozen_movement_top5;X8_giveback_70_activation_2;val_select;0.2;137;78.72773950451693;117.76014414414414;0.6685431652338193;-0.2849080630629723;-1.0;39.20337238156269;0.1313868613138686;0.3722627737226277;{'SL': 117, 'GIVEBACK': 11, 'TIME': 9};0.2947191890463022;2;0.560315209893787;1.0;3
E1_simple_limit_at_fractal0;M1_frozen_movement_top5;X8_giveback_70_activation_2;val_eval;0.2;11;4.7666666666665085;10.0;0.4766666666666508;-0.4757575757575901;-1.0;10.0;0.0909090909090909;0.4545454545454545;{'SL': 10, 'TIME': 1};0.0;1;0.4766666666666508;0.0;1
E1_simple_limit_at_fractal0;M1_frozen_movement_top5;X8_giveback_70_activation_3;val_select;0.2;137;78.72773950451693;117.76014414414414;0.6685431652338193;-0.2849080630629723;-1.0;39.20337238156269;0.1313868613138686;0.3722627737226277;{'SL': 117, 'GIVEBACK': 11, 'TIME': 9};0.3265898254978583;2;0.560315209893787;1.0;3
E1_simple_limit_at_fractal0;M1_frozen_movement_top5;X8_giveback_70_activation_3;val_eval;0.2;11;4.7666666666665085;10.0;0.4766666666666508;-0.4757575757575901;-1.0;10.0;0.0909090909090909;0.4545454545454545;{'SL': 10, 'TIME': 1};0.0;1;0.4766666666666508;0.0;1
E2_open_pullback_0_5atr;M0_no_mask;X0_fixed_r_0_7;val_select;0.2;3266;1248.423500487651;1451.4607924357038;0.860115207378537;-0.0621669601800528;0.6999999999999703;204.5372919480536;0.5492957746478874;0.1200244947948561;{'TP': 1780, 'SL': 1442, 'TIME': 44};0.808079191766156;3;0.7720489998017486;0.0;3
E2_open_pullback_0_5atr;M0_no_mask;X0_fixed_r_0_7;val_eval;0.2;3311;1271.0080250507176;1463.3940482066732;0.8685343681753275;-0.0581051111917715;0.699999999999969;220.45841265985595;0.5514950166112956;0.1202053760193295;{'TP': 1812, 'SL': 1453, 'TIME': 46};0.813146829802122;2;0.8565009129203786;0.0;2
E2_open_pullback_0_5atr;M0_no_mask;X1_ml_opposite_strong_p0_55;val_select;0.2;3266;2401.5632535942223;1407.996307287305;1.705660193258005;0.3042152315697849;-0.2530949617593604;51.82864045768379;0.3885486834047765;0.1631965707287201;{'ML_CLOSE': 1489, 'SL': 1123, 'TIME': 654};1.5589407064683627;0;1.6481591472801038;3.0;3
E2_open_pullback_0_5atr;M0_no_mask;X1_ml_opposite_strong_p0_55;val_eval;0.2;3311;2475.6768090295827;1485.890643450833;1.66612315646599;0.2989387392264421;-0.3034623217922574;32.104296186585884;0.3612201751736635;0.1670190274841437;{'ML_CLOSE': 1539, 'SL': 1143, 'TIME': 629};1.5489728338772373;0;1.490461180842947;2.0;2
E2_open_pullback_0_5atr;M0_no_mask;X1_ml_opposite_strong_p0_65;val_select;0.2;3266;2142.230301388053;2033.4533167789343;1.053493721105644;0.0333058740383094;-1.0;177.25887235563007;0.2461726883037354;0.209736680955297;{'SL': 1791, 'ML_CLOSE': 792, 'TIME': 683};0.9525856511685618;1;1.0165087497829854;2.0;3
E2_open_pullback_0_5atr;M0_no_mask;X1_ml_opposite_strong_p0_65;val_eval;0.2;3311;2225.4703584336653;2103.5917760040443;1.0579383242603944;0.0368102030895864;-1.0;218.91255184664385;0.2295379039565086;0.2180610087586831;{'SL': 1817, 'ML_CLOSE': 818, 'TIME': 676};0.9654588062262796;1;0.9285457444832004;1.0;2
E2_open_pullback_0_5atr;M0_no_mask;X1_ml_opposite_strong_p0_75;val_select;0.2;3266;2076.467356394667;2523.771621509853;0.8227635728594233;-0.1369578276531494;-1.0;516.1592321979255;0.192896509491733;0.224739742804654;{'SL': 2462, 'TIME': 685, 'ML_CLOSE': 119};0.7453866712831115;2;0.7925142040165942;1.0;3
E2_open_pullback_0_5atr;M0_no_mask;X1_ml_opposite_strong_p0_75;val_eval;0.2;3311;2158.9585671457503;2594.6195992976345;0.8320905953728948;-0.1315798949416746;-1.0;540.2184413077662;0.1863485351857444;0.2370884929024463;{'SL': 2515, 'TIME': 681, 'ML_CLOSE': 115};0.7626753815492595;2;0.7481439204584935;0.0;2
E2_open_pullback_0_5atr;M0_no_mask;X2_ml_opposite_any_p0_50;val_select;0.2;3266;1645.252909027521;1143.9875180449585;1.438173828888632;0.1534799115072145;-0.1075774971297591;39.99137436760373;0.4154929577464789;0.1154317207593386;{'ML_CLOSE': 2195, 'SL': 863, 'TIME': 208};1.298146355711991;0;1.4079741373336137;3.0;3
E2_open_pullback_0_5atr;M0_no_mask;X2_ml_opposite_any_p0_50;val_eval;0.2;3311;1725.255147142307;1176.2418685236066;1.466752028906954;0.1658149437084566;-0.1288288288288329;34.68258181697939;0.3865901540320145;0.1096345514950166;{'ML_CLOSE': 2276, 'SL': 836, 'TIME': 199};1.2977209098292763;0;1.415725921621163;2.0;2
E2_open_pullback_0_5atr;M0_no_mask;X2_ml_opposite_any_p0_55;val_select;0.2;3266;1934.4273479809265;1150.0722574711876;1.6820050526515624;0.2401577129546046;-0.0969977052524483;38.31942300385937;0.4304960195958359;0.1197183098591549;{'ML_CLOSE': 2059, 'SL': 877, 'TIME': 330};1.552590817845352;0;1.6359270080248245;3.0;3
E2_open_pullback_0_5atr;M0_no_mask;X2_ml_opposite_any_p0_55;val_eval;0.2;3311;2027.1947958030903;1174.9909294291826;1.725285485214693;0.2573856437251308;-0.1220657276995286;26.73989974286667;0.4059196617336152;0.1117487163998792;{'ML_CLOSE': 2161, 'SL': 843, 'TIME': 307};1.569263868338697;0;1.7127569025517937;2.0;2
E2_open_pullback_0_5atr;M0_no_mask;X2_ml_opposite_any_p0_60;val_select;0.2;3266;2106.1645242195727;1173.6120422403428;1.7946003009640672;0.285533521732771;-0.0987088636261904;46.497889225830434;0.4311083894672382;0.1279853031230863;{'ML_CLOSE': 1945, 'SL': 906, 'TIME': 415};1.6295636195977607;0;1.7382225376828937;3.0;3
E2_open_pullback_0_5atr;M0_no_mask;X2_ml_opposite_any_p0_60;val_eval;0.2;3311;2207.205742106214;1194.0685854369742;1.848474843929068;0.305991288634624;-0.1252268602541348;21.955602589742995;0.4110540622168529;0.1192993053458169;{'ML_CLOSE': 2030, 'SL': 868, 'TIME': 413};1.6593891616086367;0;1.7455335684675084;2.0;2
E2_open_pullback_0_5atr;M0_no_mask;X3_ml_hold_close_p0_50;val_select;0.2;3266;2292.8079656537197;2158.7323885635674;1.0621084752331744;0.0410519219504445;-1.0;151.62763053405982;0.2709736680955297;0.1959583588487446;{'SL': 2051, 'TIME': 684, 'ML_CLOSE': 531};0.970321019949238;1;1.029707515663125;2.0;3
E2_open_pullback_0_5atr;M0_no_mask;X3_ml_hold_close_p0_50;val_eval;0.2;3311;2427.337740044244;2221.869327642852;1.0924754709222126;0.0620563009366936;-1.0;176.19152242412815;0.2606463304137723;0.1972213832678949;{'SL': 2101, 'TIME': 676, 'ML_CLOSE': 534};0.9854427411444864;1;0.9837287601471294;1.0;2
E2_open_pullback_0_5atr;M0_no_mask;X3_ml_hold_close_p0_60;val_select;0.2;3266;2089.369917085801;2575.928118301012;0.811113439944851;-0.1489767915539531;-1.0;554.2843268989277;0.1935088793631353;0.2232088181261482;{'SL': 2556, 'TIME': 685, 'ML_CLOSE': 25};0.7436018624098997;2;0.7809972264666656;1.0;3
E2_open_pullback_0_5atr;M0_no_mask;X3_ml_hold_close_p0_60;val_eval;0.2;3311;2176.2805350503336;2636.045015724369;0.8255854972386747;-0.138859704220488;-1.0;556.0211922956528;0.1875566294170945;0.2349743279975838;{'SL': 2609, 'TIME': 681, 'ML_CLOSE': 21};0.7417120740405743;2;0.7485612494027062;0.0;2
E2_open_pullback_0_5atr;M0_no_mask;X3_ml_hold_close_p0_70;val_select;0.2;3266;2071.754478687428;2597.911858564204;0.7974691180756345;-0.1611014635262633;-1.0;576.4351186676224;0.189222290263319;0.2262706674831598;{'SL': 2581, 'TIME': 685};0.7165679444005046;2;0.7679536771969592;1.0;3
E2_open_pullback_0_5atr;M0_no_mask;X3_ml_hold_close_p0_70;val_eval;0.2;3311;2154.3421121410047;2651.678118781903;0.8124448050016875;-0.1502071901663841;-1.0;577.3202822437966;0.1839323467230444;0.2376925400181214;{'SL': 2627, 'TIME': 681, 'ML_CLOSE': 3};0.7315774764715831;2;0.733751443711266;0.0;2
E2_open_pullback_0_5atr;M0_no_mask;X4_ml_movement_exhaustion_p0_55;val_select;0.2;3266;2076.7910501378133;2400.4651647518103;0.8651619197117312;-0.0991041379712177;-1.0;411.30647726993664;0.1953459889773423;0.2262706674831598;{'SL': 2250, 'TIME': 680, 'ML_CLOSE': 336};0.7772581763601396;2;0.8347412141050676;1.0;3
E2_open_pullback_0_5atr;M0_no_mask;X4_ml_movement_exhaustion_p0_55;val_eval;0.2;3311;2155.5322990324294;2475.411835917983;0.8707772451257876;-0.0966111558095903;-1.0;439.0256712783653;0.1881606765327695;0.2379945635759589;{'SL': 2305, 'TIME': 675, 'ML_CLOSE': 331};0.788245612789716;2;0.7789079758395482;0.0;2
E2_open_pullback_0_5atr;M0_no_mask;X4_ml_movement_exhaustion_p0_65;val_select;0.2;3266;2073.159741845323;2590.058556266669;0.8004296801820543;-0.1582666302576074;-1.0;570.043392897209;0.1895284751990202;0.2262706674831598;{'SL': 2567, 'TIME': 685, 'ML_CLOSE': 14};0.7339131165067758;2;0.7705140509689881;1.0;3
E2_open_pullback_0_5atr;M0_no_mask;X4_ml_movement_exhaustion_p0_65;val_eval;0.2;3311;2154.387203308269;2642.7192883196217;0.8152160590155378;-0.1474877937213389;-1.0;567.7402560333269;0.1842343702808819;0.2379945635759589;{'SL': 2611, 'TIME': 681, 'ML_CLOSE': 19};0.7407068663568611;2;0.7372792257322357;0.0;2
E2_open_pullback_0_5atr;M0_no_mask;X4_ml_movement_exhaustion_p0_75;val_select;0.2;3266;2071.754478687428;2597.911858564204;0.7974691180756345;-0.1611014635262633;-1.0;576.4351186676224;0.189222290263319;0.2262706674831598;{'SL': 2581, 'TIME': 685};0.7213527159359034;2;0.7679536771969592;1.0;3
E2_open_pullback_0_5atr;M0_no_mask;X4_ml_movement_exhaustion_p0_75;val_eval;0.2;3311;2153.6798899187825;2653.304205738425;0.8116973113225836;-0.1508983134459805;-1.0;577.9463692003181;0.1836303231652069;0.2379945635759589;{'SL': 2630, 'TIME': 681};0.7222594742329645;2;0.733751443711266;0.0;2
E2_open_pullback_0_5atr;M0_no_mask;X5_fixed_sl_ml_profit_exit_hold_close_p0_55;val_select;0.2;3266;2135.251858779781;2548.911858564204;0.8377111399931119;-0.126656460436137;-1.0;500.3427986285377;0.204225352112676;0.2198407838334354;{'SL': 2532, 'TIME': 685, 'ML_CLOSE': 49};0.7619876209603819;2;0.8087557578616492;1.0;3
E2_open_pullback_0_5atr;M0_no_mask;X5_fixed_sl_ml_profit_exit_hold_close_p0_55;val_eval;0.2;3311;2222.128926625447;2582.304205738425;0.8605217470844093;-0.10878141924282;-1.0;485.5639294593002;0.2050739957716701;0.2259136212624584;{'SL': 2559, 'TIME': 680, 'ML_CLOSE': 72};0.7891360477603385;2;0.775498177721683;0.0;2
E2_open_pullback_0_5atr;M0_no_mask;X5_fixed_sl_ml_profit_exit_hold_close_p0_65;val_select;0.2;3266;2077.122287237384;2593.911858564204;0.8007682606405614;-0.1582331816677343;-1.0;567.0673101176666;0.1904470300061237;0.2256582976117575;{'SL': 2577, 'TIME': 685, 'ML_CLOSE': 4};0.7156994390357302;2;0.7715722606839794;1.0;3
E2_open_pullback_0_5atr;M0_no_mask;X5_fixed_sl_ml_profit_exit_hold_close_p0_65;val_eval;0.2;3311;2163.498820189916;2646.304205738425;0.8175548432785766;-0.1458186002864719;-1.0;568.2252167069628;0.1857444880700694;0.2364844457867713;{'SL': 2623, 'TIME': 681, 'ML_CLOSE': 7};0.7354334882191131;2;0.7396036959040316;0.0;2
E2_open_pullback_0_5atr;M0_no_mask;X5_fixed_sl_ml_profit_exit_hold_close_p0_75;val_select;0.2;3266;2071.754478687428;2597.911858564204;0.7974691180756345;-0.1611014635262633;-1.0;576.4351186676224;0.189222290263319;0.2262706674831598;{'SL': 2581, 'TIME': 685};0.7302968259052129;2;0.7679536771969592;1.0;3
E2_open_pullback_0_5atr;M0_no_mask;X5_fixed_sl_ml_profit_exit_hold_close_p0_75;val_eval;0.2;3311;2153.6798899187825;2653.304205738425;0.8116973113225836;-0.1508983134459805;-1.0;577.9463692003181;0.1836303231652069;0.2379945635759589;{'SL': 2630, 'TIME': 681};0.7334329346912306;2;0.733751443711266;0.0;2
E2_open_pullback_0_5atr;M0_no_mask;X5_fixed_sl_ml_profit_exit_movement_exhaustion_p0_55;val_select;0.2;3266;2077.375351299207;2575.911858564204;0.8064621250111881;-0.1526443684216158;-1.0;550.8735405996998;0.1956521739130435;0.2262706674831598;{'SL': 2559, 'TIME': 685, 'ML_CLOSE': 22};0.7323941940329183;2;0.7773468000138586;1.0;3
E2_open_pullback_0_5atr;M0_no_mask;X5_fixed_sl_ml_profit_exit_movement_exhaustion_p0_55;val_eval;0.2;3311;2155.697630353943;2635.304205738425;0.8180071301293683;-0.1448524842598855;-1.0;565.5634353076;0.1887647236484445;0.2379945635759589;{'SL': 2612, 'TIME': 680, 'ML_CLOSE': 19};0.7391238847754803;2;0.736995249801518;0.0;2
E2_open_pullback_0_5atr;M0_no_mask;X5_fixed_sl_ml_profit_exit_movement_exhaustion_p0_65;val_select;0.2;3266;2073.159741845323;2596.9118585642045;0.7983173302583875;-0.160365008180919;-1.0;574.0298555097277;0.1895284751990202;0.2262706674831598;{'SL': 2580, 'TIME': 685, 'ML_CLOSE': 1};0.7145744866500333;2;0.7688842713732906;1.0;3
E2_open_pullback_0_5atr;M0_no_mask;X5_fixed_sl_ml_profit_exit_movement_exhaustion_p0_65;val_eval;0.2;3311;2154.387203308269;2651.304205738425;0.8125763911381276;-0.1500806410239069;-1.0;575.2390558108322;0.1842343702808819;0.2379945635759589;{'SL': 2628, 'TIME': 681, 'ML_CLOSE': 2};0.7274820128469592;2;0.7344468326658048;0.0;2
E2_open_pullback_0_5atr;M0_no_mask;X5_fixed_sl_ml_profit_exit_movement_exhaustion_p0_75;val_select;0.2;3266;2071.754478687428;2597.911858564204;0.7974691180756345;-0.1611014635262633;-1.0;576.4351186676224;0.189222290263319;0.2262706674831598;{'SL': 2581, 'TIME': 685};0.7254732975978562;2;0.7679536771969592;1.0;3
E2_open_pullback_0_5atr;M0_no_mask;X5_fixed_sl_ml_profit_exit_movement_exhaustion_p0_75;val_eval;0.2;3311;2153.6798899187825;2653.304205738425;0.8116973113225836;-0.1508983134459805;-1.0;577.9463692003181;0.1836303231652069;0.2379945635759589;{'SL': 2630, 'TIME': 681};0.7243327995996363;2;0.733751443711266;0.0;2
E2_open_pullback_0_5atr;M0_no_mask;X6_trail_atr_0_2_activation_0;val_select;0.2;3266;2071.754478687428;2597.911858564204;0.7974691180756345;-0.1611014635262633;-1.0;576.4351186676224;0.189222290263319;0.2262706674831598;{'SL': 2581, 'TIME': 685};0.7273200591226779;2;0.7679536771969592;1.0;3
E2_open_pullback_0_5atr;M0_no_mask;X6_trail_atr_0_2_activation_0;val_eval;0.2;3311;2153.6798899187825;2653.304205738425;0.8116973113225836;-0.1508983134459805;-1.0;577.9463692003181;0.1836303231652069;0.2379945635759589;{'SL': 2630, 'TIME': 681};0.7386749690665794;2;0.733751443711266;0.0;2
E2_open_pullback_0_5atr;M0_no_mask;X6_trail_atr_0_2_activation_1;val_select;0.2;3266;2071.754478687428;2597.911858564204;0.7974691180756345;-0.1611014635262633;-1.0;576.4351186676224;0.189222290263319;0.2262706674831598;{'SL': 2581, 'TIME': 685};0.720337246334128;2;0.7679536771969592;1.0;3
E2_open_pullback_0_5atr;M0_no_mask;X6_trail_atr_0_2_activation_1;val_eval;0.2;3311;2153.6798899187825;2653.304205738425;0.8116973113225836;-0.1508983134459805;-1.0;577.9463692003181;0.1836303231652069;0.2379945635759589;{'SL': 2630, 'TIME': 681};0.7349253372531332;2;0.733751443711266;0.0;2
E2_open_pullback_0_5atr;M0_no_mask;X6_trail_atr_0_2_activation_2;val_select;0.2;3266;2071.754478687428;2597.911858564204;0.7974691180756345;-0.1611014635262633;-1.0;576.4351186676224;0.189222290263319;0.2262706674831598;{'SL': 2581, 'TIME': 685};0.7273499895755278;2;0.7679536771969592;1.0;3
E2_open_pullback_0_5atr;M0_no_mask;X6_trail_atr_0_2_activation_2;val_eval;0.2;3311;2153.6798899187825;2653.304205738425;0.8116973113225836;-0.1508983134459805;-1.0;577.9463692003181;0.1836303231652069;0.2379945635759589;{'SL': 2630, 'TIME': 681};0.72585410407343;2;0.733751443711266;0.0;2
E2_open_pullback_0_5atr;M0_no_mask;X6_trail_atr_0_2_activation_3;val_select;0.2;3266;2071.754478687428;2597.911858564204;0.7974691180756345;-0.1611014635262633;-1.0;576.4351186676224;0.189222290263319;0.2262706674831598;{'SL': 2581, 'TIME': 685};0.7337228127061901;2;0.7679536771969592;1.0;3
E2_open_pullback_0_5atr;M0_no_mask;X6_trail_atr_0_2_activation_3;val_eval;0.2;3311;2153.6798899187825;2653.304205738425;0.8116973113225836;-0.1508983134459805;-1.0;577.9463692003181;0.1836303231652069;0.2379945635759589;{'SL': 2630, 'TIME': 681};0.7398895731755373;2;0.733751443711266;0.0;2
E2_open_pullback_0_5atr;M0_no_mask;X6_trail_atr_2_activation_0;val_select;0.2;3266;2071.754478687428;2597.911858564204;0.7974691180756345;-0.1611014635262633;-1.0;576.4351186676224;0.189222290263319;0.2262706674831598;{'SL': 2581, 'TIME': 685};0.7226823571522056;2;0.7679536771969592;1.0;3
E2_open_pullback_0_5atr;M0_no_mask;X6_trail_atr_2_activation_0;val_eval;0.2;3311;2153.6798899187825;2653.304205738425;0.8116973113225836;-0.1508983134459805;-1.0;577.9463692003181;0.1836303231652069;0.2379945635759589;{'SL': 2630, 'TIME': 681};0.7236728017767466;2;0.733751443711266;0.0;2
E2_open_pullback_0_5atr;M0_no_mask;X6_trail_atr_2_activation_1;val_select;0.2;3266;2071.754478687428;2597.911858564204;0.7974691180756345;-0.1611014635262633;-1.0;576.4351186676224;0.189222290263319;0.2262706674831598;{'SL': 2581, 'TIME': 685};0.7195751875373176;2;0.7679536771969592;1.0;3
E2_open_pullback_0_5atr;M0_no_mask;X6_trail_atr_2_activation_1;val_eval;0.2;3311;2153.6798899187825;2653.304205738425;0.8116973113225836;-0.1508983134459805;-1.0;577.9463692003181;0.1836303231652069;0.2379945635759589;{'SL': 2630, 'TIME': 681};0.7428910500741507;2;0.733751443711266;0.0;2
E2_open_pullback_0_5atr;M0_no_mask;X6_trail_atr_2_activation_2;val_select;0.2;3266;2071.754478687428;2597.911858564204;0.7974691180756345;-0.1611014635262633;-1.0;576.4351186676224;0.189222290263319;0.2262706674831598;{'SL': 2581, 'TIME': 685};0.7107397564278617;2;0.7679536771969592;1.0;3
E2_open_pullback_0_5atr;M0_no_mask;X6_trail_atr_2_activation_2;val_eval;0.2;3311;2153.6798899187825;2653.304205738425;0.8116973113225836;-0.1508983134459805;-1.0;577.9463692003181;0.1836303231652069;0.2379945635759589;{'SL': 2630, 'TIME': 681};0.7358952304456089;2;0.733751443711266;0.0;2
E2_open_pullback_0_5atr;M0_no_mask;X6_trail_atr_2_activation_3;val_select;0.2;3266;2071.754478687428;2597.911858564204;0.7974691180756345;-0.1611014635262633;-1.0;576.4351186676224;0.189222290263319;0.2262706674831598;{'SL': 2581, 'TIME': 685};0.7160879890593426;2;0.7679536771969592;1.0;3
E2_open_pullback_0_5atr;M0_no_mask;X6_trail_atr_2_activation_3;val_eval;0.2;3311;2153.6798899187825;2653.304205738425;0.8116973113225836;-0.1508983134459805;-1.0;577.9463692003181;0.1836303231652069;0.2379945635759589;{'SL': 2630, 'TIME': 681};0.7277138410543559;2;0.733751443711266;0.0;2
E2_open_pullback_0_5atr;M0_no_mask;X6_trail_atr_3_activation_0;val_select;0.2;3266;2071.754478687428;2597.911858564204;0.7974691180756345;-0.1611014635262633;-1.0;576.4351186676224;0.189222290263319;0.2262706674831598;{'SL': 2581, 'TIME': 685};0.7266435412794399;2;0.7679536771969592;1.0;3
E2_open_pullback_0_5atr;M0_no_mask;X6_trail_atr_3_activation_0;val_eval;0.2;3311;2153.6798899187825;2653.304205738425;0.8116973113225836;-0.1508983134459805;-1.0;577.9463692003181;0.1836303231652069;0.2379945635759589;{'SL': 2630, 'TIME': 681};0.7312316919701337;2;0.733751443711266;0.0;2
E2_open_pullback_0_5atr;M0_no_mask;X6_trail_atr_3_activation_1;val_select;0.2;3266;2071.754478687428;2597.911858564204;0.7974691180756345;-0.1611014635262633;-1.0;576.4351186676224;0.189222290263319;0.2262706674831598;{'SL': 2581, 'TIME': 685};0.7273867177964637;2;0.7679536771969592;1.0;3
E2_open_pullback_0_5atr;M0_no_mask;X6_trail_atr_3_activation_1;val_eval;0.2;3311;2153.6798899187825;2653.304205738425;0.8116973113225836;-0.1508983134459805;-1.0;577.9463692003181;0.1836303231652069;0.2379945635759589;{'SL': 2630, 'TIME': 681};0.7360778423856011;2;0.733751443711266;0.0;2
E2_open_pullback_0_5atr;M0_no_mask;X6_trail_atr_3_activation_2;val_select;0.2;3266;2071.754478687428;2597.911858564204;0.7974691180756345;-0.1611014635262633;-1.0;576.4351186676224;0.189222290263319;0.2262706674831598;{'SL': 2581, 'TIME': 685};0.7263533902596281;2;0.7679536771969592;1.0;3
E2_open_pullback_0_5atr;M0_no_mask;X6_trail_atr_3_activation_2;val_eval;0.2;3311;2153.6798899187825;2653.304205738425;0.8116973113225836;-0.1508983134459805;-1.0;577.9463692003181;0.1836303231652069;0.2379945635759589;{'SL': 2630, 'TIME': 681};0.7208689192128086;2;0.733751443711266;0.0;2
E2_open_pullback_0_5atr;M0_no_mask;X6_trail_atr_3_activation_3;val_select;0.2;3266;2071.754478687428;2597.911858564204;0.7974691180756345;-0.1611014635262633;-1.0;576.4351186676224;0.189222290263319;0.2262706674831598;{'SL': 2581, 'TIME': 685};0.7289565718814568;2;0.7679536771969592;1.0;3
E2_open_pullback_0_5atr;M0_no_mask;X6_trail_atr_3_activation_3;val_eval;0.2;3311;2153.6798899187825;2653.304205738425;0.8116973113225836;-0.1508983134459805;-1.0;577.9463692003181;0.1836303231652069;0.2379945635759589;{'SL': 2630, 'TIME': 681};0.725549911078933;2;0.733751443711266;0.0;2
E2_open_pullback_0_5atr;M0_no_mask;X6_trail_atr_5_activation_0;val_select;0.2;3266;2071.754478687428;2597.911858564204;0.7974691180756345;-0.1611014635262633;-1.0;576.4351186676224;0.189222290263319;0.2262706674831598;{'SL': 2581, 'TIME': 685};0.7270388352225382;2;0.7679536771969592;1.0;3
E2_open_pullback_0_5atr;M0_no_mask;X6_trail_atr_5_activation_0;val_eval;0.2;3311;2153.6798899187825;2653.304205738425;0.8116973113225836;-0.1508983134459805;-1.0;577.9463692003181;0.1836303231652069;0.2379945635759589;{'SL': 2630, 'TIME': 681};0.7314224275117862;2;0.733751443711266;0.0;2
E2_open_pullback_0_5atr;M0_no_mask;X6_trail_atr_5_activation_1;val_select;0.2;3266;2071.754478687428;2597.911858564204;0.7974691180756345;-0.1611014635262633;-1.0;576.4351186676224;0.189222290263319;0.2262706674831598;{'SL': 2581, 'TIME': 685};0.7212775036440452;2;0.7679536771969592;1.0;3
E2_open_pullback_0_5atr;M0_no_mask;X6_trail_atr_5_activation_1;val_eval;0.2;3311;2153.6798899187825;2653.304205738425;0.8116973113225836;-0.1508983134459805;-1.0;577.9463692003181;0.1836303231652069;0.2379945635759589;{'SL': 2630, 'TIME': 681};0.7281324360907611;2;0.733751443711266;0.0;2
E2_open_pullback_0_5atr;M0_no_mask;X6_trail_atr_5_activation_2;val_select;0.2;3266;2071.754478687428;2597.911858564204;0.7974691180756345;-0.1611014635262633;-1.0;576.4351186676224;0.189222290263319;0.2262706674831598;{'SL': 2581, 'TIME': 685};0.7387719169931177;2;0.7679536771969592;1.0;3
E2_open_pullback_0_5atr;M0_no_mask;X6_trail_atr_5_activation_2;val_eval;0.2;3311;2153.6798899187825;2653.304205738425;0.8116973113225836;-0.1508983134459805;-1.0;577.9463692003181;0.1836303231652069;0.2379945635759589;{'SL': 2630, 'TIME': 681};0.7350491195264918;2;0.733751443711266;0.0;2
E2_open_pullback_0_5atr;M0_no_mask;X6_trail_atr_5_activation_3;val_select;0.2;3266;2071.754478687428;2597.911858564204;0.7974691180756345;-0.1611014635262633;-1.0;576.4351186676224;0.189222290263319;0.2262706674831598;{'SL': 2581, 'TIME': 685};0.7252137421844543;2;0.7679536771969592;1.0;3
E2_open_pullback_0_5atr;M0_no_mask;X6_trail_atr_5_activation_3;val_eval;0.2;3311;2153.6798899187825;2653.304205738425;0.8116973113225836;-0.1508983134459805;-1.0;577.9463692003181;0.1836303231652069;0.2379945635759589;{'SL': 2630, 'TIME': 681};0.7349579080476681;2;0.733751443711266;0.0;2
E2_open_pullback_0_5atr;M0_no_mask;X7_time_1;val_select;0.2;3266;977.9506934210574;1476.646259836104;0.662278244980353;-0.1526930699372464;-0.2559325771896624;498.8720809876852;0.3922229026331904;0.1368646662584201;{'TIME': 1995, 'SL': 1271};0.6105823395934357;3;0.5900942034281061;0.0;3
E2_open_pullback_0_5atr;M0_no_mask;X7_time_1;val_eval;0.2;3311;1036.396791958258;1540.0948292424448;0.6729434917121628;-0.1521286732963415;-0.3047210300428948;505.3515511805909;0.373905164602839;0.1365146481425551;{'TIME': 2024, 'SL': 1287};0.6216967363416478;2;0.6233406093955581;0.0;2
E2_open_pullback_0_5atr;M0_no_mask;X7_time_2;val_select;0.2;3266;1154.2360597307097;1662.6916471664326;0.6941973045319403;-0.1556814413459042;-0.4299474060385513;507.8059037704078;0.370789957134109;0.1484996938150643;{'TIME': 1773, 'SL': 1493};0.6356900084884857;3;0.627049884793479;0.0;3
E2_open_pullback_0_5atr;M0_no_mask;X7_time_2;val_eval;0.2;3311;1247.2288173225356;1753.4938114315964;0.7112821323870352;-0.1529039547294051;-0.5822222222222384;514.3632616825732;0.3524614919963757;0.1537299909392932;{'TIME': 1741, 'SL': 1570};0.6474109709633414;2;0.6707666285019049;0.0;2
E2_open_pullback_0_5atr;M0_no_mask;X7_time_6;val_select;0.2;3266;1518.148235014466;2043.7578155479507;0.7428219838305236;-0.1609337356195605;-1.0;525.5443323065336;0.3120024494794856;0.1772810777709736;{'SL': 1957, 'TIME': 1309};0.6827295689526593;3;0.6732501817098252;0.0;3
E2_open_pullback_0_5atr;M0_no_mask;X7_time_6;val_eval;0.2;3311;1696.4094087654837;2144.257162682962;0.7911408380899997;-0.1352605720076951;-1.0;475.2887448353604;0.294170945333736;0.188462700090607;{'SL': 2051, 'TIME': 1260};0.71823212349912;2;0.7877979839374474;0.0;2
E2_open_pullback_0_5atr;M0_no_mask;X7_time_12;val_select;0.2;3266;1769.882553743369;2320.3337438707867;0.7627706826307006;-0.1685398622557923;-1.0;553.6711446899824;0.2541334966319657;0.1993263931414574;{'SL': 2268, 'TIME': 998};0.6975760239442449;3;0.75205729940987;0.0;3
E2_open_pullback_0_5atr;M0_no_mask;X7_time_12;val_eval;0.2;3311;1962.613643320201;2405.242017951179;0.8159734565887821;-0.1336841965058827;-1.0;487.7752617163441;0.2419208698278465;0.2156448202959831;{'SL': 2350, 'TIME': 961};0.740169224882191;2;0.7827554129913167;0.0;2
E2_open_pullback_0_5atr;M0_no_mask;X8_giveback_30_activation_1;val_select;0.2;3266;1659.0568776292275;2182.464163568998;0.7601759998277179;-0.1602594261909892;-1.0;532.0012892490084;0.3129210042865891;0.1708511941212492;{'SL': 2158, 'GIVEBACK': 898, 'TIME': 210};0.6988712339456521;3;0.746753776245541;0.0;3
E2_open_pullback_0_5atr;M0_no_mask;X8_giveback_30_activation_1;val_eval;0.2;3311;1832.2004071989425;2244.1907255541646;0.8164192046317773;-0.1244307817442531;-1.0;462.6763017715899;0.2990033222591362;0.1836303231652069;{'SL': 2207, 'GIVEBACK': 881, 'TIME': 223};0.7328317222124523;2;0.8042893768183307;0.0;2
E2_open_pullback_0_5atr;M0_no_mask;X8_giveback_30_activation_2;val_select;0.2;3266;1921.959504776554;2414.938643057764;0.7958626652075076;-0.1509427857566473;-1.0;521.3959171321649;0.2470912431108389;0.1932026944274341;{'SL': 2399, 'GIVEBACK': 489, 'TIME': 378};0.7233524214904489;3;0.7779855399733856;0.0;3
E2_open_pullback_0_5atr;M0_no_mask;X8_giveback_30_activation_2;val_eval;0.2;3311;2042.066595258729;2448.7403421042754;0.8339253289321482;-0.1228250519014034;-1.0;475.5076297124951;0.2446390818483841;0.1999395952884325;{'SL': 2424, 'GIVEBACK': 528, 'TIME': 359};0.7685652044172093;2;0.7971252718291638;0.0;2
E2_open_pullback_0_5atr;M0_no_mask;X8_giveback_30_activation_3;val_select;0.2;3266;1994.74709467736;2513.0991189203737;0.7937399204271348;-0.1587115812134151;-1.0;562.4569511159433;0.2161665646050214;0.20789957134109;{'SL': 2497, 'TIME': 486, 'GIVEBACK': 283};0.7221846057923701;3;0.7745426404554538;0.0;3
E2_open_pullback_0_5atr;M0_no_mask;X8_giveback_30_activation_3;val_eval;0.2;3311;2087.566413729244;2550.0234336019003;0.8186459725119322;-0.1396729144888722;-1.0;500.87715840122144;0.2147387496224705;0.2162488674116581;{'SL': 2528, 'TIME': 453, 'GIVEBACK': 330};0.7564593079402451;2;0.7638572887642614;0.0;2
E2_open_pullback_0_5atr;M0_no_mask;X8_giveback_50_activation_1;val_select;0.2;3266;1712.1944908275022;2213.422152014467;0.7735508065053066;-0.1534683592121753;-1.0;536.1425644458858;0.2985303123086344;0.177893447642376;{'SL': 2182, 'GIVEBACK': 747, 'TIME': 337};0.7011996265327499;2;0.745472057923794;1.0;3
E2_open_pullback_0_5atr;M0_no_mask;X8_giveback_50_activation_1;val_eval;0.2;3311;1900.610351901808;2269.020561200389;0.8376346977201127;-0.1112685621560195;-1.0;455.5469675140537;0.2872244035034733;0.1902748414376321;{'SL': 2229, 'GIVEBACK': 750, 'TIME': 332};0.7477545444302988;2;0.8075385494527885;0.0;2
E2_open_pullback_0_5atr;M0_no_mask;X8_giveback_50_activation_2;val_select;0.2;3266;1940.287024767916;2425.007459188869;0.8001158996091975;-0.1484140950462193;-1.0;519.55619534413;0.2424984690753215;0.1959583588487446;{'SL': 2408, 'TIME': 491, 'GIVEBACK': 367};0.7204870263323776;2;0.7758704179172047;1.0;3
E2_open_pullback_0_5atr;M0_no_mask;X8_giveback_50_activation_2;val_eval;0.2;3311;2123.2681062450347;2464.2313189079478;0.8616350624039572;-0.1029789225801608;-1.0;480.9148169304259;0.2389006342494714;0.2044699486559951;{'SL': 2439, 'TIME': 476, 'GIVEBACK': 396};0.774813889140816;2;0.77832596032995;0.0;2
E2_open_pullback_0_5atr;M0_no_mask;X8_giveback_50_activation_3;val_select;0.2;3266;2014.051797382272;2518.5846723912928;0.799676032122443;-0.1544803658937602;-1.0;547.1608816701281;0.2140232700551133;0.2094304960195958;{'SL': 2502, 'TIME': 570, 'GIVEBACK': 194};0.732246104946432;2;0.7768207030298857;1.0;3
E2_open_pullback_0_5atr;M0_no_mask;X8_giveback_50_activation_3;val_eval;0.2;3311;2163.4056736320867;2558.058216210596;0.845721829128998;-0.1191943650191811;-1.0;492.02333395465206;0.2120205376019329;0.2186650558743582;{'SL': 2536, 'TIME': 552, 'GIVEBACK': 223};0.7575543317918725;2;0.7677476615214358;0.0;2
E2_open_pullback_0_5atr;M0_no_mask;X8_giveback_70_activation_1;val_select;0.2;3266;1807.19977810415;2280.0974387352107;0.7925976089454401;-0.1447941398135519;-1.0;510.8729238043031;0.2657685241886099;0.191059399877526;{'SL': 2233, 'GIVEBACK': 569, 'TIME': 464};0.7161806011438066;2;0.7664270765874585;1.0;3
E2_open_pullback_0_5atr;M0_no_mask;X8_giveback_70_activation_1;val_eval;0.2;3311;1850.665051870422;2334.201939067362;0.7928470201724968;-0.1460395310168952;-1.0;562.0064502027749;0.2561159770462096;0.2056780428873452;{'SL': 2282, 'GIVEBACK': 586, 'TIME': 443};0.7185197554915365;2;0.7463440084556907;0.0;2
E2_open_pullback_0_5atr;M0_no_mask;X8_giveback_70_activation_2;val_select;0.2;3266;1988.4122346154668;2455.085620268694;0.8099156372386912;-0.1428883605796777;-1.0;497.94778933722006;0.2296387017758726;0.2036129822412737;{'SL': 2433, 'TIME': 578, 'GIVEBACK': 255};0.7329861134925965;2;0.785533634595097;1.0;3
E2_open_pullback_0_5atr;M0_no_mask;X8_giveback_70_activation_2;val_eval;0.2;3311;2063.41465437254;2504.541127053232;0.82386934360319;-0.1332305867353344;-1.0;565.4199427170562;0.2222893385684083;0.215040773180308;{'SL': 2474, 'TIME': 565, 'GIVEBACK': 272};0.7419526342407186;2;0.7492328074465391;0.0;2
E2_open_pullback_0_5atr;M0_no_mask;X8_giveback_70_activation_3;val_select;0.2;3266;2018.607088005754;2533.1982693034124;0.7968610718184478;-0.1575600677580092;-1.0;555.348474066377;0.20789957134109;0.2134109001837109;{'SL': 2515, 'TIME': 626, 'GIVEBACK': 125};0.7269550660535148;2;0.7710569566399608;1.0;3
E2_open_pullback_0_5atr;M0_no_mask;X8_giveback_70_activation_3;val_eval;0.2;3311;2122.347596801419;2581.208219742018;0.8222302953202044;-0.1385867178920565;-1.0;555.1134265793288;0.2038659015403201;0.2250075505889459;{'SL': 2557, 'TIME': 621, 'GIVEBACK': 133};0.7498339992290962;2;0.7469704996846345;0.0;2
E2_open_pullback_0_5atr;M1_frozen_movement_top5;X0_fixed_r_0_7;val_select;0.2;172;68.59999999999958;70.96524179400055;0.9666704187260174;-0.0137514057790752;0.6999999999999793;22.466794680024847;0.5697674418604651;0.0930232558139534;{'TP': 98, 'SL': 70, 'TIME': 4};0.7401965239348591;1;0.6407456095276386;2.0;3
E2_open_pullback_0_5atr;M1_frozen_movement_top5;X0_fixed_r_0_7;val_eval;0.2;14;7.000000000000032;4.0;1.750000000000008;0.2142857142857165;0.699999999999994;1.3000000000000025;0.7142857142857143;0.0714285714285714;{'TP': 10, 'SL': 4};0.7000000000000013;0;1.750000000000008;1.0;1
E2_open_pullback_0_5atr;M1_frozen_movement_top5;X1_ml_opposite_strong_p0_55;val_select;0.2;172;93.81278626642876;80.10993518568756;1.1710505825398465;0.0796677388415186;-0.3237456335344579;24.80905907524053;0.3313953488372093;0.1395348837209302;{'ML_CLOSE': 74, 'SL': 65, 'TIME': 33};0.7915783143799636;2;0.6036538995059813;1.0;3
E2_open_pullback_0_5atr;M1_frozen_movement_top5;X1_ml_opposite_strong_p0_55;val_eval;0.2;14;8.96691760887102;3.9452417264953015;2.27284365078351;0.3586911344554084;-0.0943663048463151;1.9709748131169844;0.4285714285714285;0.0714285714285714;{'ML_CLOSE': 10, 'TIME': 2, 'SL': 2};0.2278080815062917;0;2.27284365078351;1.0;1
E2_open_pullback_0_5atr;M1_frozen_movement_top5;X1_ml_opposite_strong_p0_65;val_select;0.2;172;84.23301876779357;123.6896968335026;0.6810027102029262;-0.2293992910797036;-1.0;46.22820603874112;0.1802325581395348;0.1860465116279069;{'SL': 116, 'TIME': 35, 'ML_CLOSE': 21};0.4156546099670986;3;0.4080935396956138;0.0;3
E2_open_pullback_0_5atr;M1_frozen_movement_top5;X1_ml_opposite_strong_p0_65;val_eval;0.2;14;7.935326086956406;11.215885488466045;0.707507766115905;-0.2343256715364026;-1.0;7.396654719235362;0.1428571428571428;0.1428571428571428;{'SL': 10, 'TIME': 2, 'ML_CLOSE': 2};0.0;1;0.707507766115905;0.0;1
E2_open_pullback_0_5atr;M1_frozen_movement_top5;X1_ml_opposite_strong_p0_75;val_select;0.2;172;82.8930556601245;138.3170243427106;0.599297563362402;-0.3222323760615468;-1.0;56.28321723007369;0.1511627906976744;0.191860465116279;{'SL': 136, 'TIME': 35, 'ML_CLOSE': 1};0.3478942116045394;3;0.328331755036383;0.0;3
E2_open_pullback_0_5atr;M1_frozen_movement_top5;X1_ml_opposite_strong_p0_75;val_eval;0.2;14;7.935326086956406;12.0;0.6612771739130339;-0.2903338509316852;-1.0;8.0;0.1428571428571428;0.1428571428571428;{'SL': 12, 'TIME': 2};0.0;1;0.6612771739130339;0.0;1
E2_open_pullback_0_5atr;M1_frozen_movement_top5;X2_ml_opposite_any_p0_50;val_select;0.2;172;67.57837156960026;58.16859080580306;1.1617673839686429;0.0547080276964953;-0.0665575662091728;22.43328288496303;0.4244186046511627;0.0930232558139534;{'ML_CLOSE': 120, 'SL': 45, 'TIME': 7};0.767835134863749;1;0.6828548307322839;2.0;3
E2_open_pullback_0_5atr;M1_frozen_movement_top5;X2_ml_opposite_any_p0_50;val_eval;0.2;14;5.671696028582078;2.8426435170704623;1.995218885000096;0.2020751793936868;-0.1185782556750225;2.279720440147388;0.3571428571428571;0.0714285714285714;{'ML_CLOSE': 12, 'TIME': 1, 'SL': 1};0.1325608034351225;0;1.995218885000096;1.0;1
E2_open_pullback_0_5atr;M1_frozen_movement_top5;X2_ml_opposite_any_p0_55;val_select;0.2;172;92.88020867808716;58.352229652022544;1.591716533060838;0.2007440641050267;-0.0665575662091728;20.353071686577632;0.4302325581395348;0.0930232558139534;{'ML_CLOSE': 115, 'SL': 45, 'TIME': 12};0.979707732305432;1;0.6358789808698713;2.0;3
E2_open_pullback_0_5atr;M1_frozen_movement_top5;X2_ml_opposite_any_p0_55;val_eval;0.2;14;7.232291602022732;2.428977521094561;2.9775045422255166;0.3430938629234408;0.045599151643667;1.5694588707308643;0.5;0.0714285714285714;{'ML_CLOSE': 12, 'TIME': 1, 'SL': 1};0.5023125944593536;0;2.9775045422255166;1.0;1
E2_open_pullback_0_5atr;M1_frozen_movement_top5;X2_ml_opposite_any_p0_60;val_select;0.2;172;86.13951651310393;63.07149914087276;1.3657439205735036;0.1341163800711113;-0.1015574302400935;22.435355054213996;0.4127906976744186;0.1220930232558139;{'ML_CLOSE': 106, 'SL': 50, 'TIME': 16};0.8857754730913158;2;0.4591401108855298;1.0;3
E2_open_pullback_0_5atr;M1_frozen_movement_top5;X2_ml_opposite_any_p0_60;val_eval;0.2;14;7.292653775060955;2.428977521094561;3.002355399227693;0.3474054467118853;0.045599151643667;1.509096697692642;0.5;0.0714285714285714;{'ML_CLOSE': 12, 'TIME': 1, 'SL': 1};0.4220646467575359;0;3.002355399227693;1.0;1
E2_open_pullback_0_5atr;M1_frozen_movement_top5;X3_ml_hold_close_p0_50;val_select;0.2;172;85.99293143652191;130.06261240237723;0.6611656482070642;-0.2562190753828798;-1.0;50.875567708031866;0.1744186046511628;0.1802325581395348;{'SL': 126, 'TIME': 35, 'ML_CLOSE': 11};0.4138929505180503;3;0.3850164509502881;0.0;3
E2_open_pullback_0_5atr;M1_frozen_movement_top5;X3_ml_hold_close_p0_50;val_eval;0.2;14;7.935326086956406;11.396654719235364;0.6962855576876521;-0.2472377594484968;-1.0;7.396654719235362;0.1428571428571428;0.1428571428571428;{'SL': 11, 'TIME': 2, 'ML_CLOSE': 1};0.0;1;0.6962855576876521;0.0;1
E2_open_pullback_0_5atr;M1_frozen_movement_top5;X3_ml_hold_close_p0_60;val_select;0.2;172;82.8930556601245;138.90869100937724;0.5967449196863333;-0.3256722985421669;-1.0;56.87488389674034;0.1511627906976744;0.191860465116279;{'SL': 137, 'TIME': 35};0.3520534002228893;3;0.328331755036383;0.0;3
E2_open_pullback_0_5atr;M1_frozen_movement_top5;X3_ml_hold_close_p0_60;val_eval;0.2;14;7.935326086956406;12.0;0.6612771739130339;-0.2903338509316852;-1.0;8.0;0.1428571428571428;0.1428571428571428;{'SL': 12, 'TIME': 2};0.0;1;0.6612771739130339;0.0;1
E2_open_pullback_0_5atr;M1_frozen_movement_top5;X3_ml_hold_close_p0_70;val_select;0.2;172;82.8930556601245;138.90869100937724;0.5967449196863333;-0.3256722985421669;-1.0;56.87488389674034;0.1511627906976744;0.191860465116279;{'SL': 137, 'TIME': 35};0.3424505238464838;3;0.328331755036383;0.0;3
E2_open_pullback_0_5atr;M1_frozen_movement_top5;X3_ml_hold_close_p0_70;val_eval;0.2;14;7.935326086956406;12.0;0.6612771739130339;-0.2903338509316852;-1.0;8.0;0.1428571428571428;0.1428571428571428;{'SL': 12, 'TIME': 2};0.0;1;0.6612771739130339;0.0;1
E2_open_pullback_0_5atr;M1_frozen_movement_top5;X4_ml_movement_exhaustion_p0_55;val_select;0.2;172;82.98797091436181;130.75823254827344;0.6346672733108735;-0.2777340792669279;-1.0;51.09166486981169;0.1569767441860465;0.191860465116279;{'SL': 124, 'TIME': 35, 'ML_CLOSE': 13};0.4108715504573593;3;0.3626871367653355;0.0;3
E2_open_pullback_0_5atr;M1_frozen_movement_top5;X4_ml_movement_exhaustion_p0_55;val_eval;0.2;14;7.935326086956406;11.215885488466045;0.707507766115905;-0.2343256715364026;-1.0;7.396654719235362;0.1428571428571428;0.1428571428571428;{'SL': 10, 'TIME': 2, 'ML_CLOSE': 2};0.0;1;0.707507766115905;0.0;1
E2_open_pullback_0_5atr;M1_frozen_movement_top5;X4_ml_movement_exhaustion_p0_65;val_select;0.2;172;82.8930556601245;137.95562537898002;0.6008675284708958;-0.3201312192956715;-1.0;55.92181826634312;0.1511627906976744;0.191860465116279;{'SL': 135, 'TIME': 35, 'ML_CLOSE': 2};0.3644225280487297;3;0.328331755036383;0.0;3
E2_open_pullback_0_5atr;M1_frozen_movement_top5;X4_ml_movement_exhaustion_p0_65;val_eval;0.2;14;7.935326086956406;12.0;0.6612771739130339;-0.2903338509316852;-1.0;8.0;0.1428571428571428;0.1428571428571428;{'SL': 12, 'TIME': 2};0.0;1;0.6612771739130339;0.0;1
E2_open_pullback_0_5atr;M1_frozen_movement_top5;X4_ml_movement_exhaustion_p0_75;val_select;0.2;172;82.8930556601245;138.90869100937724;0.5967449196863333;-0.3256722985421669;-1.0;56.87488389674034;0.1511627906976744;0.191860465116279;{'SL': 137, 'TIME': 35};0.3826689537397016;3;0.328331755036383;0.0;3
E2_open_pullback_0_5atr;M1_frozen_movement_top5;X4_ml_movement_exhaustion_p0_75;val_eval;0.2;14;7.935326086956406;12.0;0.6612771739130339;-0.2903338509316852;-1.0;8.0;0.1428571428571428;0.1428571428571428;{'SL': 12, 'TIME': 2};0.0;1;0.6612771739130339;0.0;1
E2_open_pullback_0_5atr;M1_frozen_movement_top5;X5_fixed_sl_ml_profit_exit_hold_close_p0_55;val_select;0.2;172;82.8930556601245;138.90869100937724;0.5967449196863333;-0.3256722985421669;-1.0;56.87488389674034;0.1511627906976744;0.191860465116279;{'SL': 137, 'TIME': 35};0.3826382163862271;3;0.328331755036383;0.0;3
E2_open_pullback_0_5atr;M1_frozen_movement_top5;X5_fixed_sl_ml_profit_exit_hold_close_p0_55;val_eval;0.2;14;7.935326086956406;12.0;0.6612771739130339;-0.2903338509316852;-1.0;8.0;0.1428571428571428;0.1428571428571428;{'SL': 12, 'TIME': 2};0.0;1;0.6612771739130339;0.0;1
E2_open_pullback_0_5atr;M1_frozen_movement_top5;X5_fixed_sl_ml_profit_exit_hold_close_p0_65;val_select;0.2;172;82.8930556601245;138.90869100937724;0.5967449196863333;-0.3256722985421669;-1.0;56.87488389674034;0.1511627906976744;0.191860465116279;{'SL': 137, 'TIME': 35};0.3889487907646765;3;0.328331755036383;0.0;3
E2_open_pullback_0_5atr;M1_frozen_movement_top5;X5_fixed_sl_ml_profit_exit_hold_close_p0_65;val_eval;0.2;14;7.935326086956406;12.0;0.6612771739130339;-0.2903338509316852;-1.0;8.0;0.1428571428571428;0.1428571428571428;{'SL': 12, 'TIME': 2};0.0;1;0.6612771739130339;0.0;1
E2_open_pullback_0_5atr;M1_frozen_movement_top5;X5_fixed_sl_ml_profit_exit_hold_close_p0_75;val_select;0.2;172;82.8930556601245;138.90869100937724;0.5967449196863333;-0.3256722985421669;-1.0;56.87488389674034;0.1511627906976744;0.191860465116279;{'SL': 137, 'TIME': 35};0.383707532112653;3;0.328331755036383;0.0;3
E2_open_pullback_0_5atr;M1_frozen_movement_top5;X5_fixed_sl_ml_profit_exit_hold_close_p0_75;val_eval;0.2;14;7.935326086956406;12.0;0.6612771739130339;-0.2903338509316852;-1.0;8.0;0.1428571428571428;0.1428571428571428;{'SL': 12, 'TIME': 2};0.0;1;0.6612771739130339;0.0;1
E2_open_pullback_0_5atr;M1_frozen_movement_top5;X5_fixed_sl_ml_profit_exit_movement_exhaustion_p0_55;val_select;0.2;172;82.98797091436181;137.90869100937724;0.6017602683845281;-0.3193065121803222;-1.0;56.874883896740336;0.1569767441860465;0.191860465116279;{'SL': 136, 'TIME': 35, 'ML_CLOSE': 1};0.3696001526813958;3;0.3359919477779707;0.0;3
E2_open_pullback_0_5atr;M1_frozen_movement_top5;X5_fixed_sl_ml_profit_exit_movement_exhaustion_p0_55;val_eval;0.2;14;7.935326086956406;12.0;0.6612771739130339;-0.2903338509316852;-1.0;8.0;0.1428571428571428;0.1428571428571428;{'SL': 12, 'TIME': 2};0.0;1;0.6612771739130339;0.0;1
E2_open_pullback_0_5atr;M1_frozen_movement_top5;X5_fixed_sl_ml_profit_exit_movement_exhaustion_p0_65;val_select;0.2;172;82.8930556601245;138.90869100937724;0.5967449196863333;-0.3256722985421669;-1.0;56.87488389674034;0.1511627906976744;0.191860465116279;{'SL': 137, 'TIME': 35};0.3544884087991913;3;0.328331755036383;0.0;3
E2_open_pullback_0_5atr;M1_frozen_movement_top5;X5_fixed_sl_ml_profit_exit_movement_exhaustion_p0_65;val_eval;0.2;14;7.935326086956406;12.0;0.6612771739130339;-0.2903338509316852;-1.0;8.0;0.1428571428571428;0.1428571428571428;{'SL': 12, 'TIME': 2};0.0;1;0.6612771739130339;0.0;1
E2_open_pullback_0_5atr;M1_frozen_movement_top5;X5_fixed_sl_ml_profit_exit_movement_exhaustion_p0_75;val_select;0.2;172;82.8930556601245;138.90869100937724;0.5967449196863333;-0.3256722985421669;-1.0;56.87488389674034;0.1511627906976744;0.191860465116279;{'SL': 137, 'TIME': 35};0.3216457558208925;3;0.328331755036383;0.0;3
E2_open_pullback_0_5atr;M1_frozen_movement_top5;X5_fixed_sl_ml_profit_exit_movement_exhaustion_p0_75;val_eval;0.2;14;7.935326086956406;12.0;0.6612771739130339;-0.2903338509316852;-1.0;8.0;0.1428571428571428;0.1428571428571428;{'SL': 12, 'TIME': 2};0.0;1;0.6612771739130339;0.0;1
E2_open_pullback_0_5atr;M1_frozen_movement_top5;X6_trail_atr_0_2_activation_0;val_select;0.2;172;82.8930556601245;138.90869100937724;0.5967449196863333;-0.3256722985421669;-1.0;56.87488389674034;0.1511627906976744;0.191860465116279;{'SL': 137, 'TIME': 35};0.411544451994371;3;0.328331755036383;0.0;3
E2_open_pullback_0_5atr;M1_frozen_movement_top5;X6_trail_atr_0_2_activation_0;val_eval;0.2;14;7.935326086956406;12.0;0.6612771739130339;-0.2903338509316852;-1.0;8.0;0.1428571428571428;0.1428571428571428;{'SL': 12, 'TIME': 2};0.0;1;0.6612771739130339;0.0;1
E2_open_pullback_0_5atr;M1_frozen_movement_top5;X6_trail_atr_0_2_activation_1;val_select;0.2;172;82.8930556601245;138.90869100937724;0.5967449196863333;-0.3256722985421669;-1.0;56.87488389674034;0.1511627906976744;0.191860465116279;{'SL': 137, 'TIME': 35};0.4108701658813904;3;0.328331755036383;0.0;3
E2_open_pullback_0_5atr;M1_frozen_movement_top5;X6_trail_atr_0_2_activation_1;val_eval;0.2;14;7.935326086956406;12.0;0.6612771739130339;-0.2903338509316852;-1.0;8.0;0.1428571428571428;0.1428571428571428;{'SL': 12, 'TIME': 2};0.0;1;0.6612771739130339;0.0;1
E2_open_pullback_0_5atr;M1_frozen_movement_top5;X6_trail_atr_0_2_activation_2;val_select;0.2;172;82.8930556601245;138.90869100937724;0.5967449196863333;-0.3256722985421669;-1.0;56.87488389674034;0.1511627906976744;0.191860465116279;{'SL': 137, 'TIME': 35};0.3847919221132523;3;0.328331755036383;0.0;3
E2_open_pullback_0_5atr;M1_frozen_movement_top5;X6_trail_atr_0_2_activation_2;val_eval;0.2;14;7.935326086956406;12.0;0.6612771739130339;-0.2903338509316852;-1.0;8.0;0.1428571428571428;0.1428571428571428;{'SL': 12, 'TIME': 2};0.0;1;0.6612771739130339;0.0;1
E2_open_pullback_0_5atr;M1_frozen_movement_top5;X6_trail_atr_0_2_activation_3;val_select;0.2;172;82.8930556601245;138.90869100937724;0.5967449196863333;-0.3256722985421669;-1.0;56.87488389674034;0.1511627906976744;0.191860465116279;{'SL': 137, 'TIME': 35};0.4033696424878069;3;0.328331755036383;0.0;3
E2_open_pullback_0_5atr;M1_frozen_movement_top5;X6_trail_atr_0_2_activation_3;val_eval;0.2;14;7.935326086956406;12.0;0.6612771739130339;-0.2903338509316852;-1.0;8.0;0.1428571428571428;0.1428571428571428;{'SL': 12, 'TIME': 2};0.0;1;0.6612771739130339;0.0;1
E2_open_pullback_0_5atr;M1_frozen_movement_top5;X6_trail_atr_2_activation_0;val_select;0.2;172;82.8930556601245;138.90869100937724;0.5967449196863333;-0.3256722985421669;-1.0;56.87488389674034;0.1511627906976744;0.191860465116279;{'SL': 137, 'TIME': 35};0.3758725355833958;3;0.328331755036383;0.0;3
E2_open_pullback_0_5atr;M1_frozen_movement_top5;X6_trail_atr_2_activation_0;val_eval;0.2;14;7.935326086956406;12.0;0.6612771739130339;-0.2903338509316852;-1.0;8.0;0.1428571428571428;0.1428571428571428;{'SL': 12, 'TIME': 2};0.0;1;0.6612771739130339;0.0;1
E2_open_pullback_0_5atr;M1_frozen_movement_top5;X6_trail_atr_2_activation_1;val_select;0.2;172;82.8930556601245;138.90869100937724;0.5967449196863333;-0.3256722985421669;-1.0;56.87488389674034;0.1511627906976744;0.191860465116279;{'SL': 137, 'TIME': 35};0.3813603952179641;3;0.328331755036383;0.0;3
E2_open_pullback_0_5atr;M1_frozen_movement_top5;X6_trail_atr_2_activation_1;val_eval;0.2;14;7.935326086956406;12.0;0.6612771739130339;-0.2903338509316852;-1.0;8.0;0.1428571428571428;0.1428571428571428;{'SL': 12, 'TIME': 2};0.0;1;0.6612771739130339;0.0;1
E2_open_pullback_0_5atr;M1_frozen_movement_top5;X6_trail_atr_2_activation_2;val_select;0.2;172;82.8930556601245;138.90869100937724;0.5967449196863333;-0.3256722985421669;-1.0;56.87488389674034;0.1511627906976744;0.191860465116279;{'SL': 137, 'TIME': 35};0.3770396275888259;3;0.328331755036383;0.0;3
E2_open_pullback_0_5atr;M1_frozen_movement_top5;X6_trail_atr_2_activation_2;val_eval;0.2;14;7.935326086956406;12.0;0.6612771739130339;-0.2903338509316852;-1.0;8.0;0.1428571428571428;0.1428571428571428;{'SL': 12, 'TIME': 2};0.0;1;0.6612771739130339;0.0;1
E2_open_pullback_0_5atr;M1_frozen_movement_top5;X6_trail_atr_2_activation_3;val_select;0.2;172;82.8930556601245;138.90869100937724;0.5967449196863333;-0.3256722985421669;-1.0;56.87488389674034;0.1511627906976744;0.191860465116279;{'SL': 137, 'TIME': 35};0.3670072153038137;3;0.328331755036383;0.0;3
E2_open_pullback_0_5atr;M1_frozen_movement_top5;X6_trail_atr_2_activation_3;val_eval;0.2;14;7.935326086956406;12.0;0.6612771739130339;-0.2903338509316852;-1.0;8.0;0.1428571428571428;0.1428571428571428;{'SL': 12, 'TIME': 2};0.0;1;0.6612771739130339;0.0;1
E2_open_pullback_0_5atr;M1_frozen_movement_top5;X6_trail_atr_3_activation_0;val_select;0.2;172;82.8930556601245;138.90869100937724;0.5967449196863333;-0.3256722985421669;-1.0;56.87488389674034;0.1511627906976744;0.191860465116279;{'SL': 137, 'TIME': 35};0.3523100720082058;3;0.328331755036383;0.0;3
E2_open_pullback_0_5atr;M1_frozen_movement_top5;X6_trail_atr_3_activation_0;val_eval;0.2;14;7.935326086956406;12.0;0.6612771739130339;-0.2903338509316852;-1.0;8.0;0.1428571428571428;0.1428571428571428;{'SL': 12, 'TIME': 2};0.0;1;0.6612771739130339;0.0;1
E2_open_pullback_0_5atr;M1_frozen_movement_top5;X6_trail_atr_3_activation_1;val_select;0.2;172;82.8930556601245;138.90869100937724;0.5967449196863333;-0.3256722985421669;-1.0;56.87488389674034;0.1511627906976744;0.191860465116279;{'SL': 137, 'TIME': 35};0.3785803182732843;3;0.328331755036383;0.0;3
E2_open_pullback_0_5atr;M1_frozen_movement_top5;X6_trail_atr_3_activation_1;val_eval;0.2;14;7.935326086956406;12.0;0.6612771739130339;-0.2903338509316852;-1.0;8.0;0.1428571428571428;0.1428571428571428;{'SL': 12, 'TIME': 2};0.0;1;0.6612771739130339;0.0;1
E2_open_pullback_0_5atr;M1_frozen_movement_top5;X6_trail_atr_3_activation_2;val_select;0.2;172;82.8930556601245;138.90869100937724;0.5967449196863333;-0.3256722985421669;-1.0;56.87488389674034;0.1511627906976744;0.191860465116279;{'SL': 137, 'TIME': 35};0.3325667770981897;3;0.328331755036383;0.0;3
E2_open_pullback_0_5atr;M1_frozen_movement_top5;X6_trail_atr_3_activation_2;val_eval;0.2;14;7.935326086956406;12.0;0.6612771739130339;-0.2903338509316852;-1.0;8.0;0.1428571428571428;0.1428571428571428;{'SL': 12, 'TIME': 2};0.0;1;0.6612771739130339;0.0;1
E2_open_pullback_0_5atr;M1_frozen_movement_top5;X6_trail_atr_3_activation_3;val_select;0.2;172;82.8930556601245;138.90869100937724;0.5967449196863333;-0.3256722985421669;-1.0;56.87488389674034;0.1511627906976744;0.191860465116279;{'SL': 137, 'TIME': 35};0.3516537949833243;3;0.328331755036383;0.0;3
E2_open_pullback_0_5atr;M1_frozen_movement_top5;X6_trail_atr_3_activation_3;val_eval;0.2;14;7.935326086956406;12.0;0.6612771739130339;-0.2903338509316852;-1.0;8.0;0.1428571428571428;0.1428571428571428;{'SL': 12, 'TIME': 2};0.0;1;0.6612771739130339;0.0;1
E2_open_pullback_0_5atr;M1_frozen_movement_top5;X6_trail_atr_5_activation_0;val_select;0.2;172;82.8930556601245;138.90869100937724;0.5967449196863333;-0.3256722985421669;-1.0;56.87488389674034;0.1511627906976744;0.191860465116279;{'SL': 137, 'TIME': 35};0.3601471216705006;3;0.328331755036383;0.0;3
E2_open_pullback_0_5atr;M1_frozen_movement_top5;X6_trail_atr_5_activation_0;val_eval;0.2;14;7.935326086956406;12.0;0.6612771739130339;-0.2903338509316852;-1.0;8.0;0.1428571428571428;0.1428571428571428;{'SL': 12, 'TIME': 2};0.0;1;0.6612771739130339;0.0;1
E2_open_pullback_0_5atr;M1_frozen_movement_top5;X6_trail_atr_5_activation_1;val_select;0.2;172;82.8930556601245;138.90869100937724;0.5967449196863333;-0.3256722985421669;-1.0;56.87488389674034;0.1511627906976744;0.191860465116279;{'SL': 137, 'TIME': 35};0.3910540972615549;3;0.328331755036383;0.0;3
E2_open_pullback_0_5atr;M1_frozen_movement_top5;X6_trail_atr_5_activation_1;val_eval;0.2;14;7.935326086956406;12.0;0.6612771739130339;-0.2903338509316852;-1.0;8.0;0.1428571428571428;0.1428571428571428;{'SL': 12, 'TIME': 2};0.0;1;0.6612771739130339;0.0;1
E2_open_pullback_0_5atr;M1_frozen_movement_top5;X6_trail_atr_5_activation_2;val_select;0.2;172;82.8930556601245;138.90869100937724;0.5967449196863333;-0.3256722985421669;-1.0;56.87488389674034;0.1511627906976744;0.191860465116279;{'SL': 137, 'TIME': 35};0.3589432220517225;3;0.328331755036383;0.0;3
E2_open_pullback_0_5atr;M1_frozen_movement_top5;X6_trail_atr_5_activation_2;val_eval;0.2;14;7.935326086956406;12.0;0.6612771739130339;-0.2903338509316852;-1.0;8.0;0.1428571428571428;0.1428571428571428;{'SL': 12, 'TIME': 2};0.0;1;0.6612771739130339;0.0;1
E2_open_pullback_0_5atr;M1_frozen_movement_top5;X6_trail_atr_5_activation_3;val_select;0.2;172;82.8930556601245;138.90869100937724;0.5967449196863333;-0.3256722985421669;-1.0;56.87488389674034;0.1511627906976744;0.191860465116279;{'SL': 137, 'TIME': 35};0.3544539094512972;3;0.328331755036383;0.0;3
E2_open_pullback_0_5atr;M1_frozen_movement_top5;X6_trail_atr_5_activation_3;val_eval;0.2;14;7.935326086956406;12.0;0.6612771739130339;-0.2903338509316852;-1.0;8.0;0.1428571428571428;0.1428571428571428;{'SL': 12, 'TIME': 2};0.0;1;0.6612771739130339;0.0;1
E2_open_pullback_0_5atr;M1_frozen_movement_top5;X7_time_1;val_select;0.2;172;48.99577680947746;78.51454558964805;0.6240343931371799;-0.1716207487219219;-0.2831289023162073;37.0058832722472;0.377906976744186;0.1104651162790697;{'TIME': 104, 'SL': 68};0.4224983571606922;2;0.4044292825135162;1.0;3
E2_open_pullback_0_5atr;M1_frozen_movement_top5;X7_time_1;val_eval;0.2;14;3.3760892100362185;6.659376165842279;0.5069677888678347;-0.23452049684329;-0.3821580063627037;5.219001777415641;0.3571428571428571;0.0714285714285714;{'TIME': 9, 'SL': 5};0.0398098796257963;1;0.5069677888678347;0.0;1
E2_open_pullback_0_5atr;M1_frozen_movement_top5;X7_time_2;val_select;0.2;172;68.46607407137759;86.63104440195569;0.7903180037135968;-0.1056102926196402;-0.3367440151718304;27.28979127284883;0.3837209302325581;0.1162790697674418;{'TIME': 93, 'SL': 79};0.573322886648871;2;0.5951434945727472;1.0;3
E2_open_pullback_0_5atr;M1_frozen_movement_top5;X7_time_2;val_eval;0.2;14;5.910732694565219;6.479593107860937;0.9122073865092568;-0.0406328866639798;-0.2397965539304683;2.8132915898873367;0.4285714285714285;0.0714285714285714;{'TIME': 8, 'SL': 6};0.2038182689136804;1;0.9122073865092568;0.0;1
E2_open_pullback_0_5atr;M1_frozen_movement_top5;X7_time_6;val_select;0.2;172;80.2324368176056;109.00879114323092;0.7360180401614128;-0.1673043856141008;-1.0;35.84475477009578;0.2790697674418604;0.1511627906976744;{'SL': 103, 'TIME': 69};0.4593145906226679;2;0.7035618763979293;1.0;3
E2_open_pullback_0_5atr;M1_frozen_movement_top5;X7_time_6;val_eval;0.2;14;10.351758948001452;8.0;1.2939698685001817;0.1679827820001037;-1.0;3.0020120724345603;0.4285714285714285;0.0714285714285714;{'SL': 8, 'TIME': 6};0.3158796120403091;0;1.2939698685001817;1.0;1
E2_open_pullback_0_5atr;M1_frozen_movement_top5;X7_time_12;val_select;0.2;172;91.9567681423039;122.5115926187346;0.7505964633769832;-0.1776443283513412;-1.0;46.506790908262346;0.25;0.1627906976744186;{'SL': 120, 'TIME': 52};0.4703754915847679;3;0.4830677922623266;0.0;3
E2_open_pullback_0_5atr;M1_frozen_movement_top5;X7_time_12;val_eval;0.2;14;8.131601888488788;10.0;0.8131601888488789;-0.1334570079650865;-1.0;4.34466622745318;0.2857142857142857;0.1428571428571428;{'SL': 10, 'TIME': 4};0.2377356658049729;1;0.8131601888488789;0.0;1
E2_open_pullback_0_5atr;M1_frozen_movement_top5;X8_giveback_30_activation_1;val_select;0.2;172;73.32760622798794;115.2842962224202;0.6360589311012107;-0.243934244153676;-1.0;49.48486576155271;0.2965116279069767;0.1337209302325581;{'SL': 114, 'GIVEBACK': 48, 'TIME': 10};0.4305295798896064;2;0.6222195880953617;1.0;3
E2_open_pullback_0_5atr;M1_frozen_movement_top5;X8_giveback_30_activation_1;val_eval;0.2;14;9.874737869494512;8.0;1.234342233686814;0.1339098478210366;-1.0;3.040241448692118;0.4285714285714285;0.0714285714285714;{'SL': 8, 'GIVEBACK': 6};0.4734628151330343;0;1.234342233686814;1.0;1
E2_open_pullback_0_5atr;M1_frozen_movement_top5;X8_giveback_30_activation_2;val_select;0.2;172;87.223389349385;124.52269720852482;0.700461773674251;-0.2168564410415106;-1.0;48.96311000765515;0.2441860465116279;0.1627906976744186;{'SL': 123, 'GIVEBACK': 33, 'TIME': 16};0.4689584750621178;2;0.6742615859373918;1.0;3
E2_open_pullback_0_5atr;M1_frozen_movement_top5;X8_giveback_30_activation_2;val_eval;0.2;14;8.073515903552538;10.0;0.8073515903552538;-0.1376060068891044;-1.0;5.955752212389381;0.2857142857142857;0.1428571428571428;{'SL': 10, 'GIVEBACK': 4};0.1696776945768095;1;0.8073515903552538;0.0;1
E2_open_pullback_0_5atr;M1_frozen_movement_top5;X8_giveback_30_activation_3;val_select;0.2;172;81.15107051785213;130.82442134645586;0.6203052127625602;-0.2887985513290914;-1.0;56.26941579019214;0.2034883720930232;0.1686046511627907;{'SL': 129, 'GIVEBACK': 23, 'TIME': 20};0.4110801505043619;2;0.5947593687438316;1.0;3
E2_open_pullback_0_5atr;M1_frozen_movement_top5;X8_giveback_30_activation_3;val_eval;0.2;14;5.901268115941945;12.0;0.4917723429951621;-0.4356237060041468;-1.0;8.0;0.1428571428571428;0.1428571428571428;{'SL': 12, 'GIVEBACK': 2};0.0;1;0.4917723429951621;0.0;1
E2_open_pullback_0_5atr;M1_frozen_movement_top5;X8_giveback_50_activation_1;val_select;0.2;172;67.25846682964254;116.62391886392966;0.5767124573143182;-0.2870084420598088;-1.0;54.27440425666216;0.2848837209302325;0.1395348837209302;{'SL': 115, 'GIVEBACK': 39, 'TIME': 18};0.3882162846903321;2;0.5625201858058412;1.0;3
E2_open_pullback_0_5atr;M1_frozen_movement_top5;X8_giveback_50_activation_1;val_eval;0.2;14;6.879399438369094;8.0;0.8599249297961368;-0.0800428972593504;-1.0;3.372233400402365;0.4285714285714285;0.0714285714285714;{'SL': 8, 'GIVEBACK': 6};0.2739403025686412;1;0.8599249297961368;0.0;1
E2_open_pullback_0_5atr;M1_frozen_movement_top5;X8_giveback_50_activation_2;val_select;0.2;172;84.23290140845806;124.52269720852482;0.6764461684234341;-0.2342429988375974;-1.0;47.496774617086665;0.2441860465116279;0.1627906976744186;{'SL': 123, 'GIVEBACK': 25, 'TIME': 24};0.4578469623016371;2;0.6573399424719649;1.0;3
E2_open_pullback_0_5atr;M1_frozen_movement_top5;X8_giveback_50_activation_2;val_eval;0.2;14;5.410169424137367;10.0;0.5410169424137367;-0.3278450411330452;-1.0;6.304424778761062;0.2857142857142857;0.1428571428571428;{'SL': 10, 'GIVEBACK': 4};0.1144712049012933;1;0.5410169424137367;0.0;1
E2_open_pullback_0_5atr;M1_frozen_movement_top5;X8_giveback_50_activation_3;val_select;0.2;172;77.93690091149493;130.82442134645586;0.5957366377726868;-0.3074855839241914;-1.0;56.27832192076525;0.2034883720930232;0.1686046511627907;{'SL': 129, 'TIME': 25, 'GIVEBACK': 18};0.4123069906376561;2;0.5769361527149627;1.0;3
E2_open_pullback_0_5atr;M1_frozen_movement_top5;X8_giveback_50_activation_3;val_eval;0.2;14;3.586594202898453;12.0;0.2988828502415377;-0.6009575569358248;-1.0;9.121739130434872;0.1428571428571428;0.1428571428571428;{'SL': 12, 'GIVEBACK': 2};0.0;1;0.2988828502415377;0.0;1
E2_open_pullback_0_5atr;M1_frozen_movement_top5;X8_giveback_70_activation_1;val_select;0.2;172;61.81738936088731;120.46352135272583;0.5131627289881521;-0.3409658836734798;-1.0;59.81015582022505;0.2441860465116279;0.1569767441860465;{'SL': 118, 'GIVEBACK': 32, 'TIME': 22};0.304172016552415;3;0.3917325703883783;0.0;3
E2_open_pullback_0_5atr;M1_frozen_movement_top5;X8_giveback_70_activation_1;val_eval;0.2;14;8.636103924714652;9.10707964601776;0.9482846598899516;-0.0336411229502219;-1.0;4.506301808259423;0.2857142857142857;0.0714285714285714;{'SL': 8, 'GIVEBACK': 4, 'TIME': 2};0.062150108754141;1;0.9482846598899516;0.0;1
E2_open_pullback_0_5atr;M1_frozen_movement_top5;X8_giveback_70_activation_2;val_select;0.2;172;74.0922998999013;126.90403054185816;0.5838451275624584;-0.3070449455927725;-1.0;54.39288930180403;0.2209302325581395;0.1744186046511628;{'SL': 125, 'TIME': 26, 'GIVEBACK': 21};0.3505296213002293;3;0.3833056801658645;0.0;3
E2_open_pullback_0_5atr;M1_frozen_movement_top5;X8_giveback_70_activation_2;val_eval;0.2;14;7.935326086956406;11.10707964601776;0.7144385688997443;-0.2265538256472395;-1.0;7.207079646017668;0.1428571428571428;0.1428571428571428;{'SL': 10, 'TIME': 2, 'GIVEBACK': 2};0.0;1;0.7144385688997443;0.0;1
E2_open_pullback_0_5atr;M1_frozen_movement_top5;X8_giveback_70_activation_3;val_select;0.2;172;72.03449299490151;132.2057546797892;0.544866546614205;-0.349832916772603;-1.0;61.75242034473487;0.1860465116279069;0.1744186046511628;{'SL': 130, 'TIME': 27, 'GIVEBACK': 15};0.3341567497834206;3;0.5435171883777661;0.0;3
E2_open_pullback_0_5atr;M1_frozen_movement_top5;X8_giveback_70_activation_3;val_eval;0.2;14;7.935326086956406;12.0;0.6612771739130339;-0.2903338509316852;-1.0;8.0;0.1428571428571428;0.1428571428571428;{'SL': 12, 'TIME': 2};0.0;1;0.6612771739130339;0.0;1
E3_open_pullback_1_0atr;M0_no_mask;X0_fixed_r_0_7;val_select;0.2;2294;946.377117947078;928.9505295489888;1.0187594364218189;0.0075965947681295;0.6999999999999703;52.765649678758194;0.5919790758500436;0.2432432432432432;{'TP': 1349, 'SL': 924, 'TIME': 21};0.9540986058284656;2;0.8490937945136889;1.0;3
E3_open_pullback_1_0atr;M0_no_mask;X0_fixed_r_0_7;val_eval;0.2;2298;941.9958020418052;938.988035228502;1.0032032003608768;0.0013088628430387;0.6999999999999693;35.382333607229874;0.5870322019147084;0.2262837249782419;{'TP': 1345, 'SL': 934, 'TIME': 19};0.9334840174484113;1;0.988797642349837;1.0;2
E3_open_pullback_1_0atr;M0_no_mask;X1_ml_opposite_strong_p0_55;val_select;0.2;2294;2168.2061954112264;1145.162723872415;1.8933607863861892;0.4459648960500487;-0.4198562864897726;22.551411298343275;0.3740191804707933;0.3182214472537053;{'SL': 1006, 'ML_CLOSE': 902, 'TIME': 386};1.690756505179678;0;1.8539706957176327;3.0;3
E3_open_pullback_1_0atr;M0_no_mask;X1_ml_opposite_strong_p0_55;val_eval;0.2;2298;1917.9537065829977;1168.4142776963129;1.6415014290688943;0.3261703345895059;-0.4473684210526221;46.88509402513911;0.345953002610966;0.2919930374238468;{'SL': 993, 'ML_CLOSE': 973, 'TIME': 332};1.466019660094848;0;1.4973479721495582;2.0;2
E3_open_pullback_1_0atr;M0_no_mask;X1_ml_opposite_strong_p0_65;val_select;0.2;2294;1909.520512969891;1557.7880121215835;1.2257897082988047;0.1533271581727581;-1.0;56.31713839172639;0.2380122057541412;0.3901482127288579;{'SL': 1446, 'ML_CLOSE': 446, 'TIME': 402};1.1103310359461551;1;1.1917854519558404;2.0;3
E3_open_pullback_1_0atr;M0_no_mask;X1_ml_opposite_strong_p0_65;val_eval;0.2;2298;1643.3666718641698;1596.0149838429695;1.0296686989160868;0.0206056083643168;-1.0;131.73170828528845;0.2036553524804177;0.3651000870322019;{'SL': 1460, 'ML_CLOSE': 487, 'TIME': 351};0.8865969908625355;1;0.8880378662692154;1.0;2
E3_open_pullback_1_0atr;M0_no_mask;X1_ml_opposite_strong_p0_75;val_select;0.2;2294;1846.7545804900635;1846.6957695553265;1.0000318465746802;2.563685036472086e-05;-1.0;134.3155705063799;0.1734960767218831;0.4184829991281604;{'SL': 1815, 'TIME': 403, 'ML_CLOSE': 76};0.8898974193994688;1;0.9675102100667428;2.0;3
E3_open_pullback_1_0atr;M0_no_mask;X1_ml_opposite_strong_p0_75;val_eval;0.2;2298;1576.3474517817017;1901.735850642748;0.828899266556356;-0.1415963441518913;-1.0;357.54046071123344;0.1457789382071366;0.3964316797214969;{'SL': 1851, 'TIME': 351, 'ML_CLOSE': 96};0.7241358263130834;2;0.7277068336722196;0.0;2
E3_open_pullback_1_0atr;M0_no_mask;X2_ml_opposite_any_p0_50;val_select;0.2;2294;1860.0128173424164;904.0971862976604;2.057315126661654;0.41670254186781;-0.1025932080996443;20.74978669861764;0.4433304272013949;0.2410636442894507;{'ML_CLOSE': 1350, 'SL': 755, 'TIME': 189};1.83663170830177;0;1.7305121141362645;3.0;3
E3_open_pullback_1_0atr;M0_no_mask;X2_ml_opposite_any_p0_50;val_eval;0.2;2298;1635.3100961338646;913.6743613605518;1.7898172098193996;0.3140277348882998;-0.1431502179004327;30.37096862251518;0.4194952132288947;0.2201914708442123;{'ML_CLOSE': 1404, 'SL': 743, 'TIME': 151};1.5894728517580188;0;1.7588722349628874;2.0;2
E3_open_pullback_1_0atr;M0_no_mask;X2_ml_opposite_any_p0_55;val_select;0.2;2294;2025.0830152242715;915.7247845200266;2.211453757130436;0.4835912078048146;-0.0999999999999586;18.547544454388344;0.4498692240627724;0.2471665213600697;{'ML_CLOSE': 1271, 'SL': 770, 'TIME': 253};2.006294042924341;0;1.809562463426883;3.0;3
E3_open_pullback_1_0atr;M0_no_mask;X2_ml_opposite_any_p0_55;val_eval;0.2;2298;1788.5687351807492;920.1338032230176;1.943813746344068;0.3779090217396569;-0.1431502179004327;28.88537818041287;0.4273281114012184;0.2249782419495213;{'ML_CLOSE': 1341, 'SL': 754, 'TIME': 203};1.7601441464181098;0;1.938942831108843;2.0;2
E3_open_pullback_1_0atr;M0_no_mask;X2_ml_opposite_any_p0_60;val_select;0.2;2294;2076.44778751596;941.6717050556704;2.205065498270656;0.4946713524238403;-0.1200343053173305;19.80323679124126;0.4455100261551874;0.2585004359197907;{'ML_CLOSE': 1203, 'SL': 799, 'TIME': 292};1.9598456196237808;0;1.8194664447973907;3.0;3
E3_open_pullback_1_0atr;M0_no_mask;X2_ml_opposite_any_p0_60;val_eval;0.2;2298;1780.6362421285692;952.6168601832458;1.869205046177794;0.3603217501937873;-0.1695210449927403;29.27811601628801;0.4160139251523063;0.2384682332463011;{'ML_CLOSE': 1273, 'SL': 786, 'TIME': 239};1.6776216271474804;0;1.817820226917354;2.0;2
E3_open_pullback_1_0atr;M0_no_mask;X3_ml_hold_close_p0_50;val_select;0.2;2294;2111.262621978026;1537.5920344067208;1.3730967478591651;0.2500743624983894;-1.0;33.058050941424895;0.2820401046207498;0.3631211857018309;{'SL': 1484, 'ML_CLOSE': 409, 'TIME': 401};1.235511421429554;0;1.34300919448765;3.0;3
E3_open_pullback_1_0atr;M0_no_mask;X3_ml_hold_close_p0_50;val_eval;0.2;2298;1878.2027998840133;1575.556560224089;1.1920884640389422;0.131699843194049;-1.0;79.4731032319157;0.2519582245430809;0.3324630113141862;{'SL': 1505, 'ML_CLOSE': 447, 'TIME': 346};1.054500951160969;0;1.084907026159335;2.0;2
E3_open_pullback_1_0atr;M0_no_mask;X3_ml_hold_close_p0_60;val_select;0.2;2294;1865.198406779295;1870.810792106414;0.997000025149096;-0.0024465498374538;-1.0;139.67420195515948;0.1769834350479511;0.4141238012205754;{'SL': 1863, 'TIME': 402, 'ML_CLOSE': 29};0.8894492616227775;1;0.9656740012274034;2.0;3
E3_open_pullback_1_0atr;M0_no_mask;X3_ml_hold_close_p0_60;val_eval;0.2;2298;1595.6808951838343;1928.9364246670464;0.8272335338679006;-0.14501981265588;-1.0;363.01365193946;0.1496953872932985;0.3912097476066144;{'SL': 1915, 'TIME': 351, 'ML_CLOSE': 32};0.7395502011111458;2;0.7243928364175145;0.0;2
E3_open_pullback_1_0atr;M0_no_mask;X3_ml_hold_close_p0_70;val_select;0.2;2294;1835.743235776366;1897.608649352659;0.9673982232335432;-0.0269683581413657;-1.0;165.1480632756897;0.1678291194420226;0.4210985178727114;{'SL': 1891, 'TIME': 403};0.8495087333526078;1;0.935186522464574;2.0;3
E3_open_pullback_1_0atr;M0_no_mask;X3_ml_hold_close_p0_70;val_eval;0.2;2298;1575.5683357505495;1951.171372430657;0.8074986943805952;-0.1634477966406036;-1.0;405.3611591363545;0.1422976501305483;0.397302001740644;{'SL': 1942, 'TIME': 351, 'ML_CLOSE': 5};0.7159211694959482;2;0.7118985934600083;0.0;2
E3_open_pullback_1_0atr;M0_no_mask;X4_ml_movement_exhaustion_p0_55;val_select;0.2;2294;1843.608083795453;1812.5406008705413;1.0171402962835647;0.0135429306560208;-1.0;127.17558904660643;0.1730601569311246;0.4210985178727114;{'SL': 1751, 'TIME': 401, 'ML_CLOSE': 142};0.8962794210662147;1;0.9832307377338124;2.0;3
E3_open_pullback_1_0atr;M0_no_mask;X4_ml_movement_exhaustion_p0_55;val_eval;0.2;2298;1571.861732006837;1862.4182934594105;0.8439896330094193;-0.126438886619919;-1.0;323.0328657270031;0.144473455178416;0.3986074847693646;{'SL': 1778, 'TIME': 351, 'ML_CLOSE': 169};0.7422895499586051;2;0.7392771370882951;0.0;2
E3_open_pullback_1_0atr;M0_no_mask;X4_ml_movement_exhaustion_p0_65;val_select;0.2;2294;1835.7563505304647;1892.9557989396576;0.9697829983979376;-0.0249343715820371;-1.0;162.9195663483013;0.1682650392327811;0.4210985178727114;{'SL': 1882, 'TIME': 403, 'ML_CLOSE': 9};0.8705827127576447;1;0.9375899780966824;2.0;3
E3_open_pullback_1_0atr;M0_no_mask;X4_ml_movement_exhaustion_p0_65;val_eval;0.2;2298;1571.4250024172163;1947.5291720728007;0.8068813679153836;-0.1636658701721431;-1.0;405.8622921118322;0.1409921671018277;0.3986074847693646;{'SL': 1932, 'TIME': 351, 'ML_CLOSE': 15};0.701238046875055;2;0.7086323585692396;0.0;2
E3_open_pullback_1_0atr;M0_no_mask;X4_ml_movement_exhaustion_p0_75;val_select;0.2;2294;1835.743235776366;1897.608649352659;0.9673982232335432;-0.0269683581413657;-1.0;165.1480632756897;0.1678291194420226;0.4210985178727114;{'SL': 1891, 'TIME': 403};0.8595270976301954;1;0.935186522464574;2.0;3
E3_open_pullback_1_0atr;M0_no_mask;X4_ml_movement_exhaustion_p0_75;val_eval;0.2;2298;1571.4250024172163;1955.934357154511;0.8034139779124909;-0.1673234789979524;-1.0;414.2674771935421;0.1409921671018277;0.3986074847693646;{'SL': 1947, 'TIME': 351};0.7049269170550625;2;0.7059178672137736;0.0;2
E3_open_pullback_1_0atr;M0_no_mask;X5_fixed_sl_ml_profit_exit_hold_close_p0_55;val_select;0.2;2294;1919.849869095367;1831.608649352659;1.0481768961802482;0.038466094046516;-1.0;128.78593968470804;0.1965998256320837;0.4040976460331299;{'SL': 1825, 'TIME': 402, 'ML_CLOSE': 67};0.935416692443361;1;1.0174483831470456;2.0;3
E3_open_pullback_1_0atr;M0_no_mask;X5_fixed_sl_ml_profit_exit_hold_close_p0_55;val_eval;0.2;2298;1662.626025970441;1876.934357154511;0.8858200179632454;-0.0932586297580807;-1.0;248.75456025913675;0.1749347258485639;0.3798955613577023;{'SL': 1868, 'TIME': 351, 'ML_CLOSE': 79};0.7755748095819797;2;0.7851568360969151;0.0;2
E3_open_pullback_1_0atr;M0_no_mask;X5_fixed_sl_ml_profit_exit_hold_close_p0_65;val_select;0.2;2294;1840.169347275924;1892.608649352659;0.9722925803521656;-0.0228593295888122;-1.0;160.79812627277607;0.1700087183958151;0.4202266782911944;{'SL': 1886, 'TIME': 403, 'ML_CLOSE': 5};0.8448984577187006;1;0.9405572868144476;2.0;3
E3_open_pullback_1_0atr;M0_no_mask;X5_fixed_sl_ml_profit_exit_hold_close_p0_65;val_eval;0.2;2298;1579.3938022023794;1947.934357154511;0.8108044279836588;-0.1603744799617631;-1.0;398.29867740837904;0.144473455178416;0.3964316797214969;{'SL': 1939, 'TIME': 351, 'ML_CLOSE': 8};0.7019994864663592;2;0.7137879926719951;0.0;2
E3_open_pullback_1_0atr;M0_no_mask;X5_fixed_sl_ml_profit_exit_hold_close_p0_75;val_select;0.2;2294;1835.743235776366;1897.608649352659;0.9673982232335432;-0.0269683581413657;-1.0;165.1480632756897;0.1678291194420226;0.4210985178727114;{'SL': 1891, 'TIME': 403};0.863651371077895;1;0.935186522464574;2.0;3
E3_open_pullback_1_0atr;M0_no_mask;X5_fixed_sl_ml_profit_exit_hold_close_p0_75;val_eval;0.2;2298;1571.4250024172163;1955.934357154511;0.8034139779124909;-0.1673234789979524;-1.0;414.2674771935421;0.1409921671018277;0.3986074847693646;{'SL': 1947, 'TIME': 351};0.6862726937043572;2;0.7059178672137736;0.0;2
E3_open_pullback_1_0atr;M0_no_mask;X5_fixed_sl_ml_profit_exit_movement_exhaustion_p0_55;val_select;0.2;2294;1843.608083795453;1885.608649352659;0.977725725021666;-0.0183088777494359;-1.0;154.075701030549;0.1730601569311246;0.4210985178727114;{'SL': 1879, 'TIME': 403, 'ML_CLOSE': 12};0.8677346297150905;1;0.945375499968659;2.0;3
E3_open_pullback_1_0atr;M0_no_mask;X5_fixed_sl_ml_profit_exit_movement_exhaustion_p0_55;val_eval;0.2;2298;1572.0350450549845;1943.934357154511;0.8086873094604364;-0.1618360801129358;-1.0;401.6574345557741;0.1462140992167102;0.3986074847693646;{'SL': 1935, 'TIME': 351, 'ML_CLOSE': 12};0.7092872716927002;2;0.7117592370179268;0.0;2
E3_open_pullback_1_0atr;M0_no_mask;X5_fixed_sl_ml_profit_exit_movement_exhaustion_p0_65;val_select;0.2;2294;1835.7563505304647;1896.608649352659;0.9679152054679472;-0.0265267213697448;-1.0;164.13494852159127;0.1682650392327811;0.4210985178727114;{'SL': 1890, 'TIME': 403, 'ML_CLOSE': 1};0.8634919785631056;1;0.9357447608075532;2.0;3
E3_open_pullback_1_0atr;M0_no_mask;X5_fixed_sl_ml_profit_exit_movement_exhaustion_p0_65;val_eval;0.2;2298;1571.4250024172163;1955.934357154511;0.8034139779124909;-0.1673234789979524;-1.0;414.2674771935421;0.1409921671018277;0.3986074847693646;{'SL': 1947, 'TIME': 351};0.6909252392379021;2;0.7059178672137736;0.0;2
E3_open_pullback_1_0atr;M0_no_mask;X5_fixed_sl_ml_profit_exit_movement_exhaustion_p0_75;val_select;0.2;2294;1835.743235776366;1897.608649352659;0.9673982232335432;-0.0269683581413657;-1.0;165.1480632756897;0.1678291194420226;0.4210985178727114;{'SL': 1891, 'TIME': 403};0.8606823052375792;1;0.935186522464574;2.0;3
E3_open_pullback_1_0atr;M0_no_mask;X5_fixed_sl_ml_profit_exit_movement_exhaustion_p0_75;val_eval;0.2;2298;1571.4250024172163;1955.934357154511;0.8034139779124909;-0.1673234789979524;-1.0;414.2674771935421;0.1409921671018277;0.3986074847693646;{'SL': 1947, 'TIME': 351};0.710723728881575;2;0.7059178672137736;0.0;2
E3_open_pullback_1_0atr;M0_no_mask;X6_trail_atr_0_2_activation_0;val_select;0.2;2294;1835.743235776366;1897.608649352659;0.9673982232335432;-0.0269683581413657;-1.0;165.1480632756897;0.1678291194420226;0.4210985178727114;{'SL': 1891, 'TIME': 403};0.8610859234690594;1;0.935186522464574;2.0;3
E3_open_pullback_1_0atr;M0_no_mask;X6_trail_atr_0_2_activation_0;val_eval;0.2;2298;1571.4250024172163;1955.934357154511;0.8034139779124909;-0.1673234789979524;-1.0;414.2674771935421;0.1409921671018277;0.3986074847693646;{'SL': 1947, 'TIME': 351};0.6849229091275948;2;0.7059178672137736;0.0;2
E3_open_pullback_1_0atr;M0_no_mask;X6_trail_atr_0_2_activation_1;val_select;0.2;2294;1835.743235776366;1897.608649352659;0.9673982232335432;-0.0269683581413657;-1.0;165.1480632756897;0.1678291194420226;0.4210985178727114;{'SL': 1891, 'TIME': 403};0.8420011400385868;1;0.935186522464574;2.0;3
E3_open_pullback_1_0atr;M0_no_mask;X6_trail_atr_0_2_activation_1;val_eval;0.2;2298;1571.4250024172163;1955.934357154511;0.8034139779124909;-0.1673234789979524;-1.0;414.2674771935421;0.1409921671018277;0.3986074847693646;{'SL': 1947, 'TIME': 351};0.6637637263876389;2;0.7059178672137736;0.0;2
E3_open_pullback_1_0atr;M0_no_mask;X6_trail_atr_0_2_activation_2;val_select;0.2;2294;1835.743235776366;1897.608649352659;0.9673982232335432;-0.0269683581413657;-1.0;165.1480632756897;0.1678291194420226;0.4210985178727114;{'SL': 1891, 'TIME': 403};0.8731349532955679;1;0.935186522464574;2.0;3
E3_open_pullback_1_0atr;M0_no_mask;X6_trail_atr_0_2_activation_2;val_eval;0.2;2298;1571.4250024172163;1955.934357154511;0.8034139779124909;-0.1673234789979524;-1.0;414.2674771935421;0.1409921671018277;0.3986074847693646;{'SL': 1947, 'TIME': 351};0.7022563190587506;2;0.7059178672137736;0.0;2
E3_open_pullback_1_0atr;M0_no_mask;X6_trail_atr_0_2_activation_3;val_select;0.2;2294;1835.743235776366;1897.608649352659;0.9673982232335432;-0.0269683581413657;-1.0;165.1480632756897;0.1678291194420226;0.4210985178727114;{'SL': 1891, 'TIME': 403};0.8732316032940061;1;0.935186522464574;2.0;3
E3_open_pullback_1_0atr;M0_no_mask;X6_trail_atr_0_2_activation_3;val_eval;0.2;2298;1571.4250024172163;1955.934357154511;0.8034139779124909;-0.1673234789979524;-1.0;414.2674771935421;0.1409921671018277;0.3986074847693646;{'SL': 1947, 'TIME': 351};0.6895650005249725;2;0.7059178672137736;0.0;2
E3_open_pullback_1_0atr;M0_no_mask;X6_trail_atr_2_activation_0;val_select;0.2;2294;1835.743235776366;1897.608649352659;0.9673982232335432;-0.0269683581413657;-1.0;165.1480632756897;0.1678291194420226;0.4210985178727114;{'SL': 1891, 'TIME': 403};0.8608458544961588;1;0.935186522464574;2.0;3
E3_open_pullback_1_0atr;M0_no_mask;X6_trail_atr_2_activation_0;val_eval;0.2;2298;1571.4250024172163;1955.934357154511;0.8034139779124909;-0.1673234789979524;-1.0;414.2674771935421;0.1409921671018277;0.3986074847693646;{'SL': 1947, 'TIME': 351};0.7031194029041977;2;0.7059178672137736;0.0;2
E3_open_pullback_1_0atr;M0_no_mask;X6_trail_atr_2_activation_1;val_select;0.2;2294;1835.743235776366;1897.608649352659;0.9673982232335432;-0.0269683581413657;-1.0;165.1480632756897;0.1678291194420226;0.4210985178727114;{'SL': 1891, 'TIME': 403};0.8492401321937427;1;0.935186522464574;2.0;3
E3_open_pullback_1_0atr;M0_no_mask;X6_trail_atr_2_activation_1;val_eval;0.2;2298;1571.4250024172163;1955.934357154511;0.8034139779124909;-0.1673234789979524;-1.0;414.2674771935421;0.1409921671018277;0.3986074847693646;{'SL': 1947, 'TIME': 351};0.69451403642299;2;0.7059178672137736;0.0;2
E3_open_pullback_1_0atr;M0_no_mask;X6_trail_atr_2_activation_2;val_select;0.2;2294;1835.743235776366;1897.608649352659;0.9673982232335432;-0.0269683581413657;-1.0;165.1480632756897;0.1678291194420226;0.4210985178727114;{'SL': 1891, 'TIME': 403};0.8457139080460006;1;0.935186522464574;2.0;3
E3_open_pullback_1_0atr;M0_no_mask;X6_trail_atr_2_activation_2;val_eval;0.2;2298;1571.4250024172163;1955.934357154511;0.8034139779124909;-0.1673234789979524;-1.0;414.2674771935421;0.1409921671018277;0.3986074847693646;{'SL': 1947, 'TIME': 351};0.7069214314914105;2;0.7059178672137736;0.0;2
E3_open_pullback_1_0atr;M0_no_mask;X6_trail_atr_2_activation_3;val_select;0.2;2294;1835.743235776366;1897.608649352659;0.9673982232335432;-0.0269683581413657;-1.0;165.1480632756897;0.1678291194420226;0.4210985178727114;{'SL': 1891, 'TIME': 403};0.843509853327742;1;0.935186522464574;2.0;3
E3_open_pullback_1_0atr;M0_no_mask;X6_trail_atr_2_activation_3;val_eval;0.2;2298;1571.4250024172163;1955.934357154511;0.8034139779124909;-0.1673234789979524;-1.0;414.2674771935421;0.1409921671018277;0.3986074847693646;{'SL': 1947, 'TIME': 351};0.6996212174184133;2;0.7059178672137736;0.0;2
E3_open_pullback_1_0atr;M0_no_mask;X6_trail_atr_3_activation_0;val_select;0.2;2294;1835.743235776366;1897.608649352659;0.9673982232335432;-0.0269683581413657;-1.0;165.1480632756897;0.1678291194420226;0.4210985178727114;{'SL': 1891, 'TIME': 403};0.8467080910225273;1;0.935186522464574;2.0;3
E3_open_pullback_1_0atr;M0_no_mask;X6_trail_atr_3_activation_0;val_eval;0.2;2298;1571.4250024172163;1955.934357154511;0.8034139779124909;-0.1673234789979524;-1.0;414.2674771935421;0.1409921671018277;0.3986074847693646;{'SL': 1947, 'TIME': 351};0.7149288764085392;2;0.7059178672137736;0.0;2
E3_open_pullback_1_0atr;M0_no_mask;X6_trail_atr_3_activation_1;val_select;0.2;2294;1835.743235776366;1897.608649352659;0.9673982232335432;-0.0269683581413657;-1.0;165.1480632756897;0.1678291194420226;0.4210985178727114;{'SL': 1891, 'TIME': 403};0.8569384445123899;1;0.935186522464574;2.0;3
E3_open_pullback_1_0atr;M0_no_mask;X6_trail_atr_3_activation_1;val_eval;0.2;2298;1571.4250024172163;1955.934357154511;0.8034139779124909;-0.1673234789979524;-1.0;414.2674771935421;0.1409921671018277;0.3986074847693646;{'SL': 1947, 'TIME': 351};0.6954362001816274;2;0.7059178672137736;0.0;2
E3_open_pullback_1_0atr;M0_no_mask;X6_trail_atr_3_activation_2;val_select;0.2;2294;1835.743235776366;1897.608649352659;0.9673982232335432;-0.0269683581413657;-1.0;165.1480632756897;0.1678291194420226;0.4210985178727114;{'SL': 1891, 'TIME': 403};0.8532675000339737;1;0.935186522464574;2.0;3
E3_open_pullback_1_0atr;M0_no_mask;X6_trail_atr_3_activation_2;val_eval;0.2;2298;1571.4250024172163;1955.934357154511;0.8034139779124909;-0.1673234789979524;-1.0;414.2674771935421;0.1409921671018277;0.3986074847693646;{'SL': 1947, 'TIME': 351};0.6884724439451152;2;0.7059178672137736;0.0;2
E3_open_pullback_1_0atr;M0_no_mask;X6_trail_atr_3_activation_3;val_select;0.2;2294;1835.743235776366;1897.608649352659;0.9673982232335432;-0.0269683581413657;-1.0;165.1480632756897;0.1678291194420226;0.4210985178727114;{'SL': 1891, 'TIME': 403};0.8432875379752198;1;0.935186522464574;2.0;3
E3_open_pullback_1_0atr;M0_no_mask;X6_trail_atr_3_activation_3;val_eval;0.2;2298;1571.4250024172163;1955.934357154511;0.8034139779124909;-0.1673234789979524;-1.0;414.2674771935421;0.1409921671018277;0.3986074847693646;{'SL': 1947, 'TIME': 351};0.7035539764259857;2;0.7059178672137736;0.0;2
E3_open_pullback_1_0atr;M0_no_mask;X6_trail_atr_5_activation_0;val_select;0.2;2294;1835.743235776366;1897.608649352659;0.9673982232335432;-0.0269683581413657;-1.0;165.1480632756897;0.1678291194420226;0.4210985178727114;{'SL': 1891, 'TIME': 403};0.8632923560147276;1;0.935186522464574;2.0;3
E3_open_pullback_1_0atr;M0_no_mask;X6_trail_atr_5_activation_0;val_eval;0.2;2298;1571.4250024172163;1955.934357154511;0.8034139779124909;-0.1673234789979524;-1.0;414.2674771935421;0.1409921671018277;0.3986074847693646;{'SL': 1947, 'TIME': 351};0.7044891394650328;2;0.7059178672137736;0.0;2
E3_open_pullback_1_0atr;M0_no_mask;X6_trail_atr_5_activation_1;val_select;0.2;2294;1835.743235776366;1897.608649352659;0.9673982232335432;-0.0269683581413657;-1.0;165.1480632756897;0.1678291194420226;0.4210985178727114;{'SL': 1891, 'TIME': 403};0.8709895079211681;1;0.935186522464574;2.0;3
E3_open_pullback_1_0atr;M0_no_mask;X6_trail_atr_5_activation_1;val_eval;0.2;2298;1571.4250024172163;1955.934357154511;0.8034139779124909;-0.1673234789979524;-1.0;414.2674771935421;0.1409921671018277;0.3986074847693646;{'SL': 1947, 'TIME': 351};0.6975006867284097;2;0.7059178672137736;0.0;2
E3_open_pullback_1_0atr;M0_no_mask;X6_trail_atr_5_activation_2;val_select;0.2;2294;1835.743235776366;1897.608649352659;0.9673982232335432;-0.0269683581413657;-1.0;165.1480632756897;0.1678291194420226;0.4210985178727114;{'SL': 1891, 'TIME': 403};0.8484521528852736;1;0.935186522464574;2.0;3
E3_open_pullback_1_0atr;M0_no_mask;X6_trail_atr_5_activation_2;val_eval;0.2;2298;1571.4250024172163;1955.934357154511;0.8034139779124909;-0.1673234789979524;-1.0;414.2674771935421;0.1409921671018277;0.3986074847693646;{'SL': 1947, 'TIME': 351};0.6846739847701206;2;0.7059178672137736;0.0;2
E3_open_pullback_1_0atr;M0_no_mask;X6_trail_atr_5_activation_3;val_select;0.2;2294;1835.743235776366;1897.608649352659;0.9673982232335432;-0.0269683581413657;-1.0;165.1480632756897;0.1678291194420226;0.4210985178727114;{'SL': 1891, 'TIME': 403};0.8464786979646017;1;0.935186522464574;2.0;3
E3_open_pullback_1_0atr;M0_no_mask;X6_trail_atr_5_activation_3;val_eval;0.2;2298;1571.4250024172163;1955.934357154511;0.8034139779124909;-0.1673234789979524;-1.0;414.2674771935421;0.1409921671018277;0.3986074847693646;{'SL': 1947, 'TIME': 351};0.6967432877582311;2;0.7059178672137736;0.0;2
E3_open_pullback_1_0atr;M0_no_mask;X7_time_1;val_select;0.2;2294;960.6089342993646;1202.058885431064;0.7991363367817756;-0.1052528121759805;-0.6207102832045361;254.7850979782921;0.3853530950305144;0.2916303400174368;{'TIME': 1174, 'SL': 1120};0.7314690964135843;3;0.7129947962209213;0.0;3
E3_open_pullback_1_0atr;M0_no_mask;X7_time_1;val_eval;0.2;2298;980.6574669501176;1234.270139137957;0.7945241773693331;-0.110362346469904;-0.7031626084522943;260.43964451212685;0.3664055700609225;0.2684943429068755;{'TIME': 1170, 'SL': 1128};0.7244760619882545;2;0.768435578300701;0.0;2
E3_open_pullback_1_0atr;M0_no_mask;X7_time_2;val_select;0.2;2294;1186.4243335510869;1317.64600425837;0.9004120452054644;-0.0572021232376996;-1.0;148.20386293301442;0.3544027898866608;0.3112467306015693;{'SL': 1261, 'TIME': 1033};0.813973817658653;3;0.8388284057571213;0.0;3
E3_open_pullback_1_0atr;M0_no_mask;X7_time_2;val_eval;0.2;2298;1075.361407212331;1387.641551317064;0.7749561882113316;-0.1358921427783869;-1.0;317.2107052842798;0.3272410791993037;0.293733681462141;{'SL': 1312, 'TIME': 986};0.7059892402359341;2;0.7430606054882811;0.0;2
E3_open_pullback_1_0atr;M0_no_mask;X7_time_6;val_select;0.2;2294;1515.6574550120677;1578.976095619652;0.9598989238765292;-0.0276018485647708;-1.0;114.19066015887827;0.2816041848299913;0.3574542284219703;{'SL': 1549, 'TIME': 745};0.8714895318290521;3;0.9238154667047808;0.0;3
E3_open_pullback_1_0atr;M0_no_mask;X7_time_6;val_eval;0.2;2298;1295.8786801997926;1658.213548920278;0.7814908285145694;-0.1576740072761033;-1.0;387.5356685169717;0.2436901653611836;0.3424717145343777;{'SL': 1621, 'TIME': 677};0.7138874169068524;2;0.7482474694206279;0.0;2
E3_open_pullback_1_0atr;M0_no_mask;X7_time_12;val_select;0.2;2294;1656.6228171863918;1733.902493159202;0.9554302065556148;-0.0336877401799521;-1.0;167.65143145252142;0.2218831734960767;0.3866608544027899;{'SL': 1715, 'TIME': 579};0.8410970383071757;2;0.9484556021602536;1.0;3
E3_open_pullback_1_0atr;M0_no_mask;X7_time_12;val_eval;0.2;2298;1391.142942662298;1803.5222758410716;0.7713478016308613;-0.1794514069533392;-1.0;437.1076181258805;0.1945169712793733;0.3729329852045256;{'SL': 1783, 'TIME': 515};0.6814453440137477;2;0.7160441006021656;0.0;2
E3_open_pullback_1_0atr;M0_no_mask;X8_giveback_30_activation_1;val_select;0.2;2294;1453.126285053762;1545.316035200014;0.9403424619648628;-0.0401873365938326;-1.0;105.7645050508584;0.3090671316477768;0.3374019180470793;{'SL': 1531, 'GIVEBACK': 661, 'TIME': 102};0.8407920497280069;3;0.8643924695380208;0.0;3
E3_open_pullback_1_0atr;M0_no_mask;X8_giveback_30_activation_1;val_eval;0.2;2298;1341.0323318888832;1624.5244770443833;0.825492229165252;-0.1233647280920365;-1.0;295.75417418220803;0.273716275021758;0.3207136640557006;{'SL': 1599, 'GIVEBACK': 594, 'TIME': 105};0.734372782465553;2;0.7876777957304332;0.0;2
E3_open_pullback_1_0atr;M0_no_mask;X8_giveback_30_activation_2;val_select;0.2;2294;1602.9756929312716;1713.589625300558;0.9354489950591962;-0.0482188022533942;-1.0;146.15477739602878;0.2467306015693112;0.3661726242371403;{'SL': 1707, 'GIVEBACK': 423, 'TIME': 164};0.8416544510146442;3;0.9186730899263578;0.0;3
E3_open_pullback_1_0atr;M0_no_mask;X8_giveback_30_activation_2;val_eval;0.2;2298;1537.7212544708368;1752.695864084484;0.8773463131745686;-0.093548568152153;-1.0;252.846078007841;0.2258485639686684;0.3424717145343777;{'SL': 1740, 'GIVEBACK': 405, 'TIME': 153};0.7752168092998762;2;0.816248281413753;0.0;2
E3_open_pullback_1_0atr;M0_no_mask;X8_giveback_30_activation_3;val_select;0.2;2294;1670.1329637072436;1801.717345004833;0.92696724507737;-0.0573602359623319;-1.0;168.63806571537265;0.2092414995640802;0.3870967741935484;{'SL': 1795, 'GIVEBACK': 285, 'TIME': 214};0.825169578793608;3;0.9204729557394026;0.0;3
E3_open_pullback_1_0atr;M0_no_mask;X8_giveback_30_activation_3;val_eval;0.2;2298;1559.5472355717563;1843.798788590518;0.8458337456463695;-0.1236951927844915;-1.0;318.6223521106621;0.1888598781549173;0.365970409051349;{'SL': 1835, 'GIVEBACK': 281, 'TIME': 182};0.7576261064799176;2;0.7470215316862407;0.0;2
E3_open_pullback_1_0atr;M0_no_mask;X8_giveback_50_activation_1;val_select;0.2;2294;1511.244801459932;1565.8628128865314;0.9651195424164164;-0.0238090721127287;-1.0;125.37953959812754;0.2968613775065388;0.3448125544899738;{'SL': 1549, 'GIVEBACK': 558, 'TIME': 187};0.8445101737602925;2;0.893745532163392;1.0;3
E3_open_pullback_1_0atr;M0_no_mask;X8_giveback_50_activation_1;val_eval;0.2;2298;1385.782484867775;1646.6209648970262;0.8415916682771235;-0.113506736305157;-1.0;285.8962188496536;0.2606614447345518;0.3285465622280243;{'SL': 1619, 'GIVEBACK': 508, 'TIME': 171};0.7498573097059132;2;0.7933947351493873;0.0;2
E3_open_pullback_1_0atr;M0_no_mask;X8_giveback_50_activation_2;val_select;0.2;2294;1632.6348690497794;1726.4227384889346;0.9456750265457904;-0.040883988421602;-1.0;155.37207822415826;0.2401918047079337;0.3709677419354839;{'SL': 1718, 'GIVEBACK': 340, 'TIME': 236};0.844774752871194;2;0.9363489272205991;1.0;3
E3_open_pullback_1_0atr;M0_no_mask;X8_giveback_50_activation_2;val_eval;0.2;2298;1568.6408059234077;1762.7963471762716;0.8898593467340279;-0.0844889213458938;-1.0;228.8942874339453;0.2206266318537859;0.3468233246301131;{'SL': 1750, 'GIVEBACK': 329, 'TIME': 219};0.7670510487621556;2;0.8133061187792735;0.0;2
E3_open_pullback_1_0atr;M0_no_mask;X8_giveback_50_activation_3;val_select;0.2;2294;1701.4005806055077;1811.5180641721363;0.9392125942630594;-0.0480023903952174;-1.0;151.0730870196498;0.2040104620749782;0.3905841325196164;{'SL': 1803, 'TIME': 280, 'GIVEBACK': 211};0.8293508753010757;2;0.9291184875196083;1.0;3
E3_open_pullback_1_0atr;M0_no_mask;X8_giveback_50_activation_3;val_eval;0.2;2298;1589.593824062902;1848.8992716823052;0.8597514469333625;-0.1128396203739789;-1.0;291.03542370225136;0.1858137510879025;0.3681462140992167;{'SL': 1840, 'TIME': 250, 'GIVEBACK': 208};0.75984287770359;2;0.7675353904635567;0.0;2
E3_open_pullback_1_0atr;M0_no_mask;X8_giveback_70_activation_1;val_select;0.2;2294;1618.375026277853;1636.434414945269;0.988964184263981;-0.0078724449291263;-1.0;120.61459895393284;0.2576285963382738;0.3700959023539669;{'SL': 1613, 'GIVEBACK': 409, 'TIME': 272};0.8618853473822875;1;0.9686304749566258;2.0;3
E3_open_pullback_1_0atr;M0_no_mask;X8_giveback_70_activation_1;val_eval;0.2;2298;1324.4627200235518;1700.015890550846;0.7790884352230343;-0.163426096835202;-1.0;410.5697260032885;0.2267188859878155;0.3468233246301131;{'SL': 1664, 'GIVEBACK': 404, 'TIME': 230};0.6752601375945843;2;0.7416615986769287;0.0;2
E3_open_pullback_1_0atr;M0_no_mask;X8_giveback_70_activation_2;val_select;0.2;2294;1717.7107517512386;1761.3876835244996;0.9752031127605796;-0.0190396389595733;-1.0;140.2979532207926;0.2223190932868352;0.3853530950305144;{'SL': 1751, 'TIME': 308, 'GIVEBACK': 235};0.8581686466058864;1;0.9480929013340686;2.0;3
E3_open_pullback_1_0atr;M0_no_mask;X8_giveback_70_activation_2;val_eval;0.2;2298;1462.3995701427684;1800.5652005718475;0.8121891779749604;-0.1471564971405914;-1.0;371.1278871074143;0.1993037423846823;0.3616187989556135;{'SL': 1785, 'TIME': 266, 'GIVEBACK': 247};0.7094459471335854;2;0.7478507933782086;0.0;2
E3_open_pullback_1_0atr;M0_no_mask;X8_giveback_70_activation_3;val_select;0.2;2294;1769.971181071327;1829.915426809499;0.9672420676606426;-0.02613088305936;-1.0;138.94436465590053;0.1952920662598082;0.3984306887532694;{'SL': 1821, 'TIME': 340, 'GIVEBACK': 133};0.8522538300462669;1;0.9412292769321436;2.0;3
E3_open_pullback_1_0atr;M0_no_mask;X8_giveback_70_activation_3;val_eval;0.2;2298;1497.8586570888772;1868.0313483524012;0.8018380732261182;-0.1610847220467903;-1.0;398.996086658215;0.1740644038294168;0.3759791122715404;{'SL': 1858, 'TIME': 287, 'GIVEBACK': 153};0.6876665212031644;2;0.7144589144907011;0.0;2
E3_open_pullback_1_0atr;M1_frozen_movement_top5;X0_fixed_r_0_7;val_select;0.2;117;48.29999999999973;47.7715;1.0110630815444297;0.0045170940170915;0.6999999999999795;10.97150000000016;0.5897435897435898;0.2051282051282051;{'TP': 69, 'SL': 47, 'TIME': 1};0.736842105263156;1;0.7070241310409863;1.0;2
E3_open_pullback_1_0atr;M1_frozen_movement_top5;X0_fixed_r_0_7;val_eval;0.2;9;3.500000000000057;4.0;0.8750000000000142;-0.0555555555555491;0.6999999999999675;1.0;0.5555555555555556;0.2222222222222222;{'TP': 5, 'SL': 4};0.3500000000000012;1;0.8750000000000142;0.0;1
E3_open_pullback_1_0atr;M1_frozen_movement_top5;X1_ml_opposite_strong_p0_55;val_select;0.2;117;67.43495601769365;60.98237235741316;1.1058106369240996;0.055150287694705;-0.5770114942528836;15.116990998750452;0.3931623931623931;0.3247863247863248;{'SL': 57, 'ML_CLOSE': 41, 'TIME': 19};0.716320852242198;1;0.9746651455180784;1.0;2
E3_open_pullback_1_0atr;M1_frozen_movement_top5;X1_ml_opposite_strong_p0_55;val_eval;0.2;9;0.8083967918184537;5.0;0.1616793583636907;-0.4657336897979495;-1.0;4.720000000000013;0.4444444444444444;0.5555555555555556;{'SL': 5, 'ML_CLOSE': 4};0.026373626373601;1;0.1616793583636907;0.0;1
E3_open_pullback_1_0atr;M1_frozen_movement_top5;X1_ml_opposite_strong_p0_65;val_select;0.2;117;58.62724266161359;84.44631725762454;0.694254581674137;-0.2206758512479569;-1.0;30.59934488744596;0.2307692307692307;0.358974358974359;{'SL': 81, 'TIME': 21, 'ML_CLOSE': 15};0.3873761923792041;2;0.5407926551965173;0.0;2
E3_open_pullback_1_0atr;M1_frozen_movement_top5;X1_ml_opposite_strong_p0_65;val_eval;0.2;9;0.0;8.207221350078486;0.0;-0.911913483342054;-1.0;7.207221350078486;0.0;0.6666666666666666;{'SL': 8, 'ML_CLOSE': 1};0.0;1;0.0;0.0;1
E3_open_pullback_1_0atr;M1_frozen_movement_top5;X1_ml_opposite_strong_p0_75;val_select;0.2;117;56.52269658724301;96.7715;0.5840841217428996;-0.3440068667757008;-1.0;42.04260262613255;0.1709401709401709;0.3675213675213675;{'SL': 96, 'TIME': 21};0.2859739085638266;2;0.4429121648491779;0.0;2
E3_open_pullback_1_0atr;M1_frozen_movement_top5;X1_ml_opposite_strong_p0_75;val_eval;0.2;9;0.0;9.0;0.0;-1.0;-1.0;8.0;0.0;0.6666666666666666;{'SL': 9};0.0;1;0.0;0.0;1
E3_open_pullback_1_0atr;M1_frozen_movement_top5;X2_ml_opposite_any_p0_50;val_select;0.2;117;54.47935267448866;46.52838433472919;1.1708842559965014;0.0679569943569186;-0.0551523947750513;7.629232137700595;0.4700854700854701;0.2051282051282051;{'ML_CLOSE': 73, 'SL': 40, 'TIME': 4};0.7722966005665504;1;0.8756533075100924;1.0;2
E3_open_pullback_1_0atr;M1_frozen_movement_top5;X2_ml_opposite_any_p0_50;val_eval;0.2;9;1.6903144343496073;2.1628571428571144;0.7815192232792211;-0.052504745389723;0.0638297872340775;1.1920506114371132;0.6666666666666666;0.2222222222222222;{'ML_CLOSE': 7, 'SL': 2};0.1690073780900803;1;0.7815192232792211;0.0;1
E3_open_pullback_1_0atr;M1_frozen_movement_top5;X2_ml_opposite_any_p0_55;val_select;0.2;117;75.121798763212;47.19578839036857;1.5917055594422995;0.2386838493405421;-0.0551523947750513;7.274983771687452;0.4786324786324786;0.2136752136752136;{'ML_CLOSE': 68, 'SL': 41, 'TIME': 8};1.0011915391224715;0;1.4318108071002562;2.0;2
E3_open_pullback_1_0atr;M1_frozen_movement_top5;X2_ml_opposite_any_p0_55;val_eval;0.2;9;2.406593504117002;2.1628571428571144;1.1126918447040446;0.0270818179177653;0.0638297872340775;1.162857142857114;0.6666666666666666;0.2222222222222222;{'ML_CLOSE': 7, 'SL': 2};0.142958978300287;0;1.1126918447040446;1.0;1
E3_open_pullback_1_0atr;M1_frozen_movement_top5;X2_ml_opposite_any_p0_60;val_select;0.2;117;74.95160414774917;48.04956570914833;1.5598809904223307;0.2299319524666738;-0.0075949367088252;7.516242248317792;0.4871794871794871;0.2222222222222222;{'ML_CLOSE': 61, 'SL': 42, 'TIME': 14};0.9408229837034648;0;1.489961023645553;2.0;2
E3_open_pullback_1_0atr;M1_frozen_movement_top5;X2_ml_opposite_any_p0_60;val_eval;0.2;9;2.622763716882912;2.5872340425531077;1.0137326866241847;0.0039477415922004;0.0923076923076035;1.5872340425531073;0.6666666666666666;0.2222222222222222;{'ML_CLOSE': 7, 'SL': 2};0.2116520160094958;0;1.0137326866241847;1.0;1
E3_open_pullback_1_0atr;M1_frozen_movement_top5;X3_ml_hold_close_p0_50;val_select;0.2;117;63.66487579043618;83.68401724198029;0.7607770024512941;-0.1711037730901206;-1.0;26.322910968074588;0.2478632478632478;0.3333333333333333;{'SL': 82, 'TIME': 21, 'ML_CLOSE': 14};0.4619179289257279;2;0.6200784419941787;0.0;2
E3_open_pullback_1_0atr;M1_frozen_movement_top5;X3_ml_hold_close_p0_50;val_eval;0.2;9;0.0;8.207221350078486;0.0;-0.911913483342054;-1.0;7.207221350078486;0.0;0.6666666666666666;{'SL': 8, 'ML_CLOSE': 1};0.0;1;0.0;0.0;1
E3_open_pullback_1_0atr;M1_frozen_movement_top5;X3_ml_hold_close_p0_60;val_select;0.2;117;56.52269658724301;96.7715;0.5840841217428996;-0.3440068667757008;-1.0;42.04260262613255;0.1709401709401709;0.3675213675213675;{'SL': 96, 'TIME': 21};0.3268199826663508;2;0.4429121648491779;0.0;2
E3_open_pullback_1_0atr;M1_frozen_movement_top5;X3_ml_hold_close_p0_60;val_eval;0.2;9;0.0;9.0;0.0;-1.0;-1.0;8.0;0.0;0.6666666666666666;{'SL': 9};0.0;1;0.0;0.0;1
E3_open_pullback_1_0atr;M1_frozen_movement_top5;X3_ml_hold_close_p0_70;val_select;0.2;117;56.52269658724301;96.7715;0.5840841217428996;-0.3440068667757008;-1.0;42.04260262613255;0.1709401709401709;0.3675213675213675;{'SL': 96, 'TIME': 21};0.3372834205716511;2;0.4429121648491779;0.0;2
E3_open_pullback_1_0atr;M1_frozen_movement_top5;X3_ml_hold_close_p0_70;val_eval;0.2;9;0.0;9.0;0.0;-1.0;-1.0;8.0;0.0;0.6666666666666666;{'SL': 9};0.0;1;0.0;0.0;1
E3_open_pullback_1_0atr;M1_frozen_movement_top5;X4_ml_movement_exhaustion_p0_55;val_select;0.2;117;56.53581134134144;92.5786923172189;0.6106784393499823;-0.3080588117596364;-1.0;38.57742092999373;0.1794871794871795;0.3675213675213675;{'SL': 91, 'TIME': 21, 'ML_CLOSE': 5};0.3245025750463583;2;0.4638705044330335;0.0;2
E3_open_pullback_1_0atr;M1_frozen_movement_top5;X4_ml_movement_exhaustion_p0_55;val_eval;0.2;9;0.0;8.207221350078486;0.0;-0.911913483342054;-1.0;7.207221350078486;0.0;0.6666666666666666;{'SL': 8, 'ML_CLOSE': 1};0.0;1;0.0;0.0;1
E3_open_pullback_1_0atr;M1_frozen_movement_top5;X4_ml_movement_exhaustion_p0_65;val_select;0.2;117;56.52269658724301;96.7715;0.5840841217428996;-0.3440068667757008;-1.0;42.04260262613255;0.1709401709401709;0.3675213675213675;{'SL': 96, 'TIME': 21};0.3119469855354328;2;0.4429121648491779;0.0;2
E3_open_pullback_1_0atr;M1_frozen_movement_top5;X4_ml_movement_exhaustion_p0_65;val_eval;0.2;9;0.0;9.0;0.0;-1.0;-1.0;8.0;0.0;0.6666666666666666;{'SL': 9};0.0;1;0.0;0.0;1
E3_open_pullback_1_0atr;M1_frozen_movement_top5;X4_ml_movement_exhaustion_p0_75;val_select;0.2;117;56.52269658724301;96.7715;0.5840841217428996;-0.3440068667757008;-1.0;42.04260262613255;0.1709401709401709;0.3675213675213675;{'SL': 96, 'TIME': 21};0.3255626637323916;2;0.4429121648491779;0.0;2
E3_open_pullback_1_0atr;M1_frozen_movement_top5;X4_ml_movement_exhaustion_p0_75;val_eval;0.2;9;0.0;9.0;0.0;-1.0;-1.0;8.0;0.0;0.6666666666666666;{'SL': 9};0.0;1;0.0;0.0;1
E3_open_pullback_1_0atr;M1_frozen_movement_top5;X5_fixed_sl_ml_profit_exit_hold_close_p0_55;val_select;0.2;117;57.25210835194896;95.7715;0.5977990148629703;-0.329225569641462;-1.0;40.31319086142659;0.1794871794871795;0.358974358974359;{'SL': 95, 'TIME': 21, 'ML_CLOSE': 1};0.330130684128524;2;0.4429121648491779;0.0;2
E3_open_pullback_1_0atr;M1_frozen_movement_top5;X5_fixed_sl_ml_profit_exit_hold_close_p0_55;val_eval;0.2;9;0.0;9.0;0.0;-1.0;-1.0;8.0;0.0;0.6666666666666666;{'SL': 9};0.0;1;0.0;0.0;1
E3_open_pullback_1_0atr;M1_frozen_movement_top5;X5_fixed_sl_ml_profit_exit_hold_close_p0_65;val_select;0.2;117;56.52269658724301;96.7715;0.5840841217428996;-0.3440068667757008;-1.0;42.04260262613255;0.1709401709401709;0.3675213675213675;{'SL': 96, 'TIME': 21};0.3233076232474238;2;0.4429121648491779;0.0;2
E3_open_pullback_1_0atr;M1_frozen_movement_top5;X5_fixed_sl_ml_profit_exit_hold_close_p0_65;val_eval;0.2;9;0.0;9.0;0.0;-1.0;-1.0;8.0;0.0;0.6666666666666666;{'SL': 9};0.0;1;0.0;0.0;1
E3_open_pullback_1_0atr;M1_frozen_movement_top5;X5_fixed_sl_ml_profit_exit_hold_close_p0_75;val_select;0.2;117;56.52269658724301;96.7715;0.5840841217428996;-0.3440068667757008;-1.0;42.04260262613255;0.1709401709401709;0.3675213675213675;{'SL': 96, 'TIME': 21};0.328677530631034;2;0.4429121648491779;0.0;2
E3_open_pullback_1_0atr;M1_frozen_movement_top5;X5_fixed_sl_ml_profit_exit_hold_close_p0_75;val_eval;0.2;9;0.0;9.0;0.0;-1.0;-1.0;8.0;0.0;0.6666666666666666;{'SL': 9};0.0;1;0.0;0.0;1
E3_open_pullback_1_0atr;M1_frozen_movement_top5;X5_fixed_sl_ml_profit_exit_movement_exhaustion_p0_55;val_select;0.2;117;56.53581134134144;95.7715;0.5903197855451928;-0.3353477663133211;-1.0;41.029487872034125;0.1794871794871795;0.3675213675213675;{'SL': 95, 'TIME': 21, 'ML_CLOSE': 1};0.3064108578738557;2;0.4507746979344814;0.0;2
E3_open_pullback_1_0atr;M1_frozen_movement_top5;X5_fixed_sl_ml_profit_exit_movement_exhaustion_p0_55;val_eval;0.2;9;0.0;9.0;0.0;-1.0;-1.0;8.0;0.0;0.6666666666666666;{'SL': 9};0.0;1;0.0;0.0;1
E3_open_pullback_1_0atr;M1_frozen_movement_top5;X5_fixed_sl_ml_profit_exit_movement_exhaustion_p0_65;val_select;0.2;117;56.52269658724301;96.7715;0.5840841217428996;-0.3440068667757008;-1.0;42.04260262613255;0.1709401709401709;0.3675213675213675;{'SL': 96, 'TIME': 21};0.3444382408209984;2;0.4429121648491779;0.0;2
E3_open_pullback_1_0atr;M1_frozen_movement_top5;X5_fixed_sl_ml_profit_exit_movement_exhaustion_p0_65;val_eval;0.2;9;0.0;9.0;0.0;-1.0;-1.0;8.0;0.0;0.6666666666666666;{'SL': 9};0.0;1;0.0;0.0;1
E3_open_pullback_1_0atr;M1_frozen_movement_top5;X5_fixed_sl_ml_profit_exit_movement_exhaustion_p0_75;val_select;0.2;117;56.52269658724301;96.7715;0.5840841217428996;-0.3440068667757008;-1.0;42.04260262613255;0.1709401709401709;0.3675213675213675;{'SL': 96, 'TIME': 21};0.3261454166154054;2;0.4429121648491779;0.0;2
E3_open_pullback_1_0atr;M1_frozen_movement_top5;X5_fixed_sl_ml_profit_exit_movement_exhaustion_p0_75;val_eval;0.2;9;0.0;9.0;0.0;-1.0;-1.0;8.0;0.0;0.6666666666666666;{'SL': 9};0.0;1;0.0;0.0;1
E3_open_pullback_1_0atr;M1_frozen_movement_top5;X6_trail_atr_0_2_activation_0;val_select;0.2;117;56.52269658724301;96.7715;0.5840841217428996;-0.3440068667757008;-1.0;42.04260262613255;0.1709401709401709;0.3675213675213675;{'SL': 96, 'TIME': 21};0.3157130235815004;2;0.4429121648491779;0.0;2
E3_open_pullback_1_0atr;M1_frozen_movement_top5;X6_trail_atr_0_2_activation_0;val_eval;0.2;9;0.0;9.0;0.0;-1.0;-1.0;8.0;0.0;0.6666666666666666;{'SL': 9};0.0;1;0.0;0.0;1
E3_open_pullback_1_0atr;M1_frozen_movement_top5;X6_trail_atr_0_2_activation_1;val_select;0.2;117;56.52269658724301;96.7715;0.5840841217428996;-0.3440068667757008;-1.0;42.04260262613255;0.1709401709401709;0.3675213675213675;{'SL': 96, 'TIME': 21};0.3308363785715685;2;0.4429121648491779;0.0;2
E3_open_pullback_1_0atr;M1_frozen_movement_top5;X6_trail_atr_0_2_activation_1;val_eval;0.2;9;0.0;9.0;0.0;-1.0;-1.0;8.0;0.0;0.6666666666666666;{'SL': 9};0.0;1;0.0;0.0;1
E3_open_pullback_1_0atr;M1_frozen_movement_top5;X6_trail_atr_0_2_activation_2;val_select;0.2;117;56.52269658724301;96.7715;0.5840841217428996;-0.3440068667757008;-1.0;42.04260262613255;0.1709401709401709;0.3675213675213675;{'SL': 96, 'TIME': 21};0.3471159470873862;2;0.4429121648491779;0.0;2
E3_open_pullback_1_0atr;M1_frozen_movement_top5;X6_trail_atr_0_2_activation_2;val_eval;0.2;9;0.0;9.0;0.0;-1.0;-1.0;8.0;0.0;0.6666666666666666;{'SL': 9};0.0;1;0.0;0.0;1
E3_open_pullback_1_0atr;M1_frozen_movement_top5;X6_trail_atr_0_2_activation_3;val_select;0.2;117;56.52269658724301;96.7715;0.5840841217428996;-0.3440068667757008;-1.0;42.04260262613255;0.1709401709401709;0.3675213675213675;{'SL': 96, 'TIME': 21};0.2793288889062052;2;0.4429121648491779;0.0;2
E3_open_pullback_1_0atr;M1_frozen_movement_top5;X6_trail_atr_0_2_activation_3;val_eval;0.2;9;0.0;9.0;0.0;-1.0;-1.0;8.0;0.0;0.6666666666666666;{'SL': 9};0.0;1;0.0;0.0;1
E3_open_pullback_1_0atr;M1_frozen_movement_top5;X6_trail_atr_2_activation_0;val_select;0.2;117;56.52269658724301;96.7715;0.5840841217428996;-0.3440068667757008;-1.0;42.04260262613255;0.1709401709401709;0.3675213675213675;{'SL': 96, 'TIME': 21};0.3246133027694654;2;0.4429121648491779;0.0;2
E3_open_pullback_1_0atr;M1_frozen_movement_top5;X6_trail_atr_2_activation_0;val_eval;0.2;9;0.0;9.0;0.0;-1.0;-1.0;8.0;0.0;0.6666666666666666;{'SL': 9};0.0;1;0.0;0.0;1
E3_open_pullback_1_0atr;M1_frozen_movement_top5;X6_trail_atr_2_activation_1;val_select;0.2;117;56.52269658724301;96.7715;0.5840841217428996;-0.3440068667757008;-1.0;42.04260262613255;0.1709401709401709;0.3675213675213675;{'SL': 96, 'TIME': 21};0.3454577261896275;2;0.4429121648491779;0.0;2
E3_open_pullback_1_0atr;M1_frozen_movement_top5;X6_trail_atr_2_activation_1;val_eval;0.2;9;0.0;9.0;0.0;-1.0;-1.0;8.0;0.0;0.6666666666666666;{'SL': 9};0.0;1;0.0;0.0;1
E3_open_pullback_1_0atr;M1_frozen_movement_top5;X6_trail_atr_2_activation_2;val_select;0.2;117;56.52269658724301;96.7715;0.5840841217428996;-0.3440068667757008;-1.0;42.04260262613255;0.1709401709401709;0.3675213675213675;{'SL': 96, 'TIME': 21};0.3260584390260165;2;0.4429121648491779;0.0;2
E3_open_pullback_1_0atr;M1_frozen_movement_top5;X6_trail_atr_2_activation_2;val_eval;0.2;9;0.0;9.0;0.0;-1.0;-1.0;8.0;0.0;0.6666666666666666;{'SL': 9};0.0;1;0.0;0.0;1
E3_open_pullback_1_0atr;M1_frozen_movement_top5;X6_trail_atr_2_activation_3;val_select;0.2;117;56.52269658724301;96.7715;0.5840841217428996;-0.3440068667757008;-1.0;42.04260262613255;0.1709401709401709;0.3675213675213675;{'SL': 96, 'TIME': 21};0.3755427211507044;2;0.4429121648491779;0.0;2
E3_open_pullback_1_0atr;M1_frozen_movement_top5;X6_trail_atr_2_activation_3;val_eval;0.2;9;0.0;9.0;0.0;-1.0;-1.0;8.0;0.0;0.6666666666666666;{'SL': 9};0.0;1;0.0;0.0;1
E3_open_pullback_1_0atr;M1_frozen_movement_top5;X6_trail_atr_3_activation_0;val_select;0.2;117;56.52269658724301;96.7715;0.5840841217428996;-0.3440068667757008;-1.0;42.04260262613255;0.1709401709401709;0.3675213675213675;{'SL': 96, 'TIME': 21};0.3100055213467282;2;0.4429121648491779;0.0;2
E3_open_pullback_1_0atr;M1_frozen_movement_top5;X6_trail_atr_3_activation_0;val_eval;0.2;9;0.0;9.0;0.0;-1.0;-1.0;8.0;0.0;0.6666666666666666;{'SL': 9};0.0;1;0.0;0.0;1
E3_open_pullback_1_0atr;M1_frozen_movement_top5;X6_trail_atr_3_activation_1;val_select;0.2;117;56.52269658724301;96.7715;0.5840841217428996;-0.3440068667757008;-1.0;42.04260262613255;0.1709401709401709;0.3675213675213675;{'SL': 96, 'TIME': 21};0.301350854832187;2;0.4429121648491779;0.0;2
E3_open_pullback_1_0atr;M1_frozen_movement_top5;X6_trail_atr_3_activation_1;val_eval;0.2;9;0.0;9.0;0.0;-1.0;-1.0;8.0;0.0;0.6666666666666666;{'SL': 9};0.0;1;0.0;0.0;1
E3_open_pullback_1_0atr;M1_frozen_movement_top5;X6_trail_atr_3_activation_2;val_select;0.2;117;56.52269658724301;96.7715;0.5840841217428996;-0.3440068667757008;-1.0;42.04260262613255;0.1709401709401709;0.3675213675213675;{'SL': 96, 'TIME': 21};0.3626767878555905;2;0.4429121648491779;0.0;2
E3_open_pullback_1_0atr;M1_frozen_movement_top5;X6_trail_atr_3_activation_2;val_eval;0.2;9;0.0;9.0;0.0;-1.0;-1.0;8.0;0.0;0.6666666666666666;{'SL': 9};0.0;1;0.0;0.0;1
E3_open_pullback_1_0atr;M1_frozen_movement_top5;X6_trail_atr_3_activation_3;val_select;0.2;117;56.52269658724301;96.7715;0.5840841217428996;-0.3440068667757008;-1.0;42.04260262613255;0.1709401709401709;0.3675213675213675;{'SL': 96, 'TIME': 21};0.3281700569129879;2;0.4429121648491779;0.0;2
E3_open_pullback_1_0atr;M1_frozen_movement_top5;X6_trail_atr_3_activation_3;val_eval;0.2;9;0.0;9.0;0.0;-1.0;-1.0;8.0;0.0;0.6666666666666666;{'SL': 9};0.0;1;0.0;0.0;1
E3_open_pullback_1_0atr;M1_frozen_movement_top5;X6_trail_atr_5_activation_0;val_select;0.2;117;56.52269658724301;96.7715;0.5840841217428996;-0.3440068667757008;-1.0;42.04260262613255;0.1709401709401709;0.3675213675213675;{'SL': 96, 'TIME': 21};0.3289230905985755;2;0.4429121648491779;0.0;2
E3_open_pullback_1_0atr;M1_frozen_movement_top5;X6_trail_atr_5_activation_0;val_eval;0.2;9;0.0;9.0;0.0;-1.0;-1.0;8.0;0.0;0.6666666666666666;{'SL': 9};0.0;1;0.0;0.0;1
E3_open_pullback_1_0atr;M1_frozen_movement_top5;X6_trail_atr_5_activation_1;val_select;0.2;117;56.52269658724301;96.7715;0.5840841217428996;-0.3440068667757008;-1.0;42.04260262613255;0.1709401709401709;0.3675213675213675;{'SL': 96, 'TIME': 21};0.3482050031907863;2;0.4429121648491779;0.0;2
E3_open_pullback_1_0atr;M1_frozen_movement_top5;X6_trail_atr_5_activation_1;val_eval;0.2;9;0.0;9.0;0.0;-1.0;-1.0;8.0;0.0;0.6666666666666666;{'SL': 9};0.0;1;0.0;0.0;1
E3_open_pullback_1_0atr;M1_frozen_movement_top5;X6_trail_atr_5_activation_2;val_select;0.2;117;56.52269658724301;96.7715;0.5840841217428996;-0.3440068667757008;-1.0;42.04260262613255;0.1709401709401709;0.3675213675213675;{'SL': 96, 'TIME': 21};0.3241583225995968;2;0.4429121648491779;0.0;2
E3_open_pullback_1_0atr;M1_frozen_movement_top5;X6_trail_atr_5_activation_2;val_eval;0.2;9;0.0;9.0;0.0;-1.0;-1.0;8.0;0.0;0.6666666666666666;{'SL': 9};0.0;1;0.0;0.0;1
E3_open_pullback_1_0atr;M1_frozen_movement_top5;X6_trail_atr_5_activation_3;val_select;0.2;117;56.52269658724301;96.7715;0.5840841217428996;-0.3440068667757008;-1.0;42.04260262613255;0.1709401709401709;0.3675213675213675;{'SL': 96, 'TIME': 21};0.2991813971577831;2;0.4429121648491779;0.0;2
E3_open_pullback_1_0atr;M1_frozen_movement_top5;X6_trail_atr_5_activation_3;val_eval;0.2;9;0.0;9.0;0.0;-1.0;-1.0;8.0;0.0;0.6666666666666666;{'SL': 9};0.0;1;0.0;0.0;1
E3_open_pullback_1_0atr;M1_frozen_movement_top5;X7_time_1;val_select;0.2;117;47.7249981412844;59.65839949049501;0.7999711448659986;-0.1019948833265864;-0.4655737704917595;23.194260152851548;0.4188034188034188;0.2393162393162393;{'TIME': 60, 'SL': 57};0.5078636025824623;1;0.3836907372289385;1.0;2
E3_open_pullback_1_0atr;M1_frozen_movement_top5;X7_time_1;val_eval;0.2;9;2.575876157488901;5.207221350078487;0.4946738354900308;-0.2923716880655094;-1.0;3.2072213500784863;0.3333333333333333;0.3333333333333333;{'SL': 5, 'TIME': 4};0.0411038309535081;1;0.4946738354900308;0.0;1
E3_open_pullback_1_0atr;M1_frozen_movement_top5;X7_time_2;val_select;0.2;117;49.87209229595072;68.0766214563215;0.7325876523991287;-0.1555942663279553;-1.0;20.84305918563404;0.3162393162393162;0.2649572649572649;{'SL': 65, 'TIME': 52};0.4666781939407077;2;0.4827998059542689;0.0;2
E3_open_pullback_1_0atr;M1_frozen_movement_top5;X7_time_2;val_eval;0.2;9;3.590225489502721;5.872841444270022;0.6113268208535768;-0.2536239949741445;-1.0;3.872841444270022;0.3333333333333333;0.3333333333333333;{'SL': 5, 'TIME': 4};0.0796113751974613;1;0.6113268208535768;0.0;1
E3_open_pullback_1_0atr;M1_frozen_movement_top5;X7_time_6;val_select;0.2;117;58.65235794336541;84.26854990775664;0.6960171737566194;-0.2189418116614636;-1.0;28.497939517482592;0.2478632478632478;0.3162393162393162;{'SL': 82, 'TIME': 35};0.4050785828438959;2;0.6702154158584042;0.0;2
E3_open_pullback_1_0atr;M1_frozen_movement_top5;X7_time_6;val_eval;0.2;9;4.627478617374404;6.0;0.7712464362290673;-0.1525023758472884;-1.0;4.0;0.3333333333333333;0.3333333333333333;{'SL': 6, 'TIME': 3};0.1203571428571311;1;0.7712464362290673;0.0;1
E3_open_pullback_1_0atr;M1_frozen_movement_top5;X7_time_12;val_select;0.2;117;52.50724735653607;90.421;0.5806974857227422;-0.3240491678928541;-1.0;40.5179635479875;0.2222222222222222;0.3504273504273504;{'SL': 90, 'TIME': 27};0.3462259381226758;2;0.5294805035399878;0.0;2
E3_open_pullback_1_0atr;M1_frozen_movement_top5;X7_time_12;val_eval;0.2;9;2.260547112461849;7.0;0.3229353017802642;-0.5266058763931278;-1.0;4.0;0.2222222222222222;0.4444444444444444;{'SL': 7, 'TIME': 2};0.0;1;0.3229353017802642;0.0;1
E3_open_pullback_1_0atr;M1_frozen_movement_top5;X8_giveback_30_activation_1;val_select;0.2;117;44.59946270023697;81.10717121451636;0.5498830995138279;-0.3120316967032425;-1.0;40.121662450463816;0.2649572649572649;0.3076923076923077;{'SL': 79, 'GIVEBACK': 32, 'TIME': 6};0.3448116703024886;2;0.4603364565515285;0.0;2
E3_open_pullback_1_0atr;M1_frozen_movement_top5;X8_giveback_30_activation_1;val_eval;0.2;9;3.755939775217062;6.0;0.625989962536177;-0.249340024975882;-1.0;4.0;0.3333333333333333;0.3333333333333333;{'SL': 6, 'GIVEBACK': 3};0.0728571428571368;1;0.625989962536177;0.0;1
E3_open_pullback_1_0atr;M1_frozen_movement_top5;X8_giveback_30_activation_2;val_select;0.2;117;47.206959803506415;88.7715;0.5317805805185946;-0.3552524803119111;-1.0;44.220544134278576;0.2393162393162393;0.3333333333333333;{'SL': 88, 'GIVEBACK': 21, 'TIME': 8};0.3610879608167117;2;0.5077689205667666;0.0;2
E3_open_pullback_1_0atr;M1_frozen_movement_top5;X8_giveback_30_activation_2;val_eval;0.2;9;5.639040079168348;6.0;0.9398400131947248;-0.0401066578701835;-1.0;4.0;0.3333333333333333;0.3333333333333333;{'SL': 6, 'GIVEBACK': 3};0.1319148936170145;1;0.9398400131947248;0.0;1
E3_open_pullback_1_0atr;M1_frozen_movement_top5;X8_giveback_30_activation_3;val_select;0.2;117;54.93320729676045;91.7715;0.5985867867122194;-0.314857202591791;-1.0;39.49429664102455;0.2136752136752136;0.3418803418803419;{'SL': 91, 'TIME': 13, 'GIVEBACK': 13};0.3909332093121627;2;0.5715410074020416;0.0;2
E3_open_pullback_1_0atr;M1_frozen_movement_top5;X8_giveback_30_activation_3;val_eval;0.2;9;7.664571994061843;6.0;1.2774286656769738;0.1849524437846492;-1.0;4.0;0.3333333333333333;0.3333333333333333;{'SL': 6, 'GIVEBACK': 3};0.0;0;1.2774286656769738;1.0;1
E3_open_pullback_1_0atr;M1_frozen_movement_top5;X8_giveback_50_activation_1;val_select;0.2;117;48.191881038131775;81.28919368642646;0.592844864768031;-0.2828830140879886;-1.0;34.581646129732505;0.2564102564102564;0.3076923076923077;{'SL': 79, 'GIVEBACK': 26, 'TIME': 12};0.3127546466678087;2;0.5510581472687427;0.0;2
E3_open_pullback_1_0atr;M1_frozen_movement_top5;X8_giveback_50_activation_1;val_eval;0.2;9;3.335850710397727;6.0;0.5559751183996212;-0.2960165877335858;-1.0;4.0;0.3333333333333333;0.3333333333333333;{'SL': 6, 'GIVEBACK': 3};0.0728571428571368;1;0.5559751183996212;0.0;1
E3_open_pullback_1_0atr;M1_frozen_movement_top5;X8_giveback_50_activation_2;val_select;0.2;117;47.47861279664904;89.04162987012985;0.5332181460053927;-0.3552394621665027;-1.0;43.35681628685636;0.2307692307692307;0.3333333333333333;{'SL': 88, 'GIVEBACK': 15, 'TIME': 14};0.3027954815040355;2;0.4650233148537568;0.0;2
E3_open_pullback_1_0atr;M1_frozen_movement_top5;X8_giveback_50_activation_2;val_eval;0.2;9;4.490136424683356;6.0;0.7483560707805593;-0.1677626194796271;-1.0;4.0;0.3333333333333333;0.3333333333333333;{'SL': 6, 'GIVEBACK': 3};0.1319148936170145;1;0.7483560707805593;0.0;1
E3_open_pullback_1_0atr;M1_frozen_movement_top5;X8_giveback_50_activation_3;val_select;0.2;117;59.4104156035316;91.7715;0.6473732651589176;-0.2765904649270803;-1.0;34.15488360984394;0.2136752136752136;0.3418803418803419;{'SL': 91, 'TIME': 19, 'GIVEBACK': 7};0.3598661700488408;2;0.5532331101111932;0.0;2
E3_open_pullback_1_0atr;M1_frozen_movement_top5;X8_giveback_50_activation_3;val_eval;0.2;9;5.677370467236463;6.0;0.9462284112060771;-0.0358477258626152;-1.0;4.0;0.3333333333333333;0.3333333333333333;{'SL': 6, 'GIVEBACK': 3};0.2122093023255644;1;0.9462284112060771;0.0;1
E3_open_pullback_1_0atr;M1_frozen_movement_top5;X8_giveback_70_activation_1;val_select;0.2;117;42.57957042080875;84.01244855655625;0.5068245379390967;-0.3541271635533974;-1.0;42.91721161718532;0.2222222222222222;0.3247863247863248;{'SL': 81, 'GIVEBACK': 23, 'TIME': 13};0.2785687089330113;2;0.4543225326073346;0.0;2
E3_open_pullback_1_0atr;M1_frozen_movement_top5;X8_giveback_70_activation_1;val_eval;0.2;9;0.279999999999987;7.587234042553107;0.0369040942232179;-0.8119148936170134;-1.0;6.30723404255312;0.1111111111111111;0.4444444444444444;{'SL': 7, 'GIVEBACK': 2};0.0;1;0.0369040942232179;0.0;1
E3_open_pullback_1_0atr;M1_frozen_movement_top5;X8_giveback_70_activation_2;val_select;0.2;117;44.48315436631876;89.04162987012985;0.4995770453797724;-0.3808416709727445;-1.0;46.35227471718664;0.2307692307692307;0.3333333333333333;{'SL': 88, 'TIME': 15, 'GIVEBACK': 14};0.2693518072857322;2;0.4547292933950986;0.0;2
E3_open_pullback_1_0atr;M1_frozen_movement_top5;X8_giveback_70_activation_2;val_eval;0.2;9;0.279999999999987;7.587234042553107;0.0369040942232179;-0.8119148936170134;-1.0;6.30723404255312;0.1111111111111111;0.4444444444444444;{'SL': 7, 'GIVEBACK': 2};0.0;1;0.0369040942232179;0.0;1
E3_open_pullback_1_0atr;M1_frozen_movement_top5;X8_giveback_70_activation_3;val_select;0.2;117;56.70712537238702;91.7715;0.6179165140853862;-0.2996955096377177;-1.0;36.85817384098853;0.2136752136752136;0.3418803418803419;{'SL': 91, 'TIME': 19, 'GIVEBACK': 7};0.3559405395677623;2;0.5487621712140247;0.0;2
E3_open_pullback_1_0atr;M1_frozen_movement_top5;X8_giveback_70_activation_3;val_eval;0.2;9;0.279999999999987;8.0;0.0349999999999983;-0.8577777777777792;-1.0;6.720000000000013;0.1111111111111111;0.5555555555555556;{'SL': 8, 'GIVEBACK': 1};0.0;1;0.0349999999999983;0.0;1
