entry_id;mask_id;exit_id;split;spread;n_trades;gross_profit;gross_loss;pf;mean_pnl_r;median_pnl_r;max_drawdown_r;win_rate;ambiguous_same_bar_rate;exit_reason_counts;bs_p05;negative_years;pf_without_best_year;effective_profit_years;n_years
E0_selected_zone_edge;M0_no_mask;X0_fixed_r_0_7;val_eval;0.4;3472;1100.4000000000017;1900.0;0.579157894736843;-0.2302995391705064;-1.0;799.3999999999907;0.4527649769585253;0.0550115207373271;{'SL': 1900, 'TP': 1572};0.5469664864295962;2;0.5434210526315797;0.0;2
E0_selected_zone_edge;M0_no_mask;X1_ml_opposite_strong_p0_55;val_eval;0.4;3472;2253.7523333418544;1561.1101763233005;1.4436856331625822;0.1994937088187078;-0.3252906976744365;66.19997177991267;0.3332373271889401;0.0737327188940092;{'ML_CLOSE': 1743, 'SL': 1133, 'TIME': 596};1.3352627832391142;0;1.2702625786470678;2.0;2
E0_selected_zone_edge;M0_no_mask;X1_ml_opposite_strong_p0_65;val_eval;0.4;3472;2060.483052760292;2295.359628724116;0.8976733000682854;-0.067648783399719;-1.0;394.4432799592959;0.1964285714285714;0.108294930875576;{'SL': 1915, 'ML_CLOSE': 949, 'TIME': 608};0.8285148473042483;2;0.8067293297280297;0.0;2
E0_selected_zone_edge;M0_no_mask;X1_ml_opposite_strong_p0_75;val_eval;0.4;3472;2030.7719557405248;2818.665783932048;0.7204727737914324;-0.2269279459076967;-1.0;824.8597717891531;0.1702188940092165;0.1175115207373272;{'SL': 2763, 'TIME': 613, 'ML_CLOSE': 96};0.6603556705716218;2;0.6694894872781553;0.0;2
E0_selected_zone_edge;M0_no_mask;X2_ml_opposite_any_p0_50;val_eval;0.4;3472;1169.8683611830274;1361.070234937441;0.8595209351828917;-0.0550696640997735;-0.237867647058818;283.828853529503;0.3058755760368664;0.0452188940092165;{'ML_CLOSE': 2430, 'SL': 859, 'TIME': 183};0.7595574647655208;2;0.8471178180544369;0.0;2
E0_selected_zone_edge;M0_no_mask;X2_ml_opposite_any_p0_55;val_eval;0.4;3472;1468.5484353012507;1347.4249724199008;1.0898925471626215;0.0348857900003887;-0.2288675213675275;85.85311747955826;0.3338133640552995;0.045794930875576;{'ML_CLOSE': 2341, 'SL': 861, 'TIME': 270};0.9896917776379917;0;1.0838253636629045;2.0;2
E0_selected_zone_edge;M0_no_mask;X2_ml_opposite_any_p0_60;val_eval;0.4;3472;1689.2782677915288;1349.56863992223;1.2517171915678738;0.0978426347549823;-0.2272233201580982;66.55690954336725;0.3470622119815668;0.0498271889400921;{'ML_CLOSE': 2241, 'SL': 877, 'TIME': 354};1.11301094041699;0;1.239050150068854;2.0;2
E0_selected_zone_edge;M0_no_mask;X3_ml_hold_close_p0_50;val_eval;0.4;3472;2139.879106606182;2535.328763101086;0.8440243087010104;-0.1138967904651222;-1.0;526.3391853394616;0.2134216589861751;0.0982142857142857;{'SL': 2413, 'TIME': 607, 'ML_CLOSE': 452};0.7657977792464487;2;0.7643746895293779;0.0;2
E0_selected_zone_edge;M0_no_mask;X3_ml_hold_close_p0_60;val_eval;0.4;3472;2032.199455740525;2859.636494552367;0.7106495736824884;-0.2383171194734567;-1.0;854.1952722442151;0.1705069124423963;0.1172235023041474;{'SL': 2851, 'TIME': 613, 'ML_CLOSE': 8};0.6534237147212276;2;0.6624442661632715;0.0;2
E0_selected_zone_edge;M0_no_mask;X3_ml_hold_close_p0_70;val_eval;0.4;3472;2030.4769771080464;2865.4057343184486;0.7086176148771496;-0.2404748724684338;-1.0;861.6869906427754;0.1693548387096774;0.1175115207373272;{'SL': 2858, 'TIME': 613, 'ML_CLOSE': 1};0.6457441407016006;2;0.6603877137709476;0.0;2
E0_selected_zone_edge;M0_no_mask;X4_ml_movement_exhaustion_p0_55;val_eval;0.4;3472;2031.1044886751708;2693.221361414923;0.7541543067251257;-0.1907018642683618;-1.0;721.5138864695452;0.1722350230414746;0.1175115207373272;{'SL': 2517, 'TIME': 610, 'ML_CLOSE': 345};0.6853186205721433;2;0.6972175779223042;0.0;2
E0_selected_zone_edge;M0_no_mask;X4_ml_movement_exhaustion_p0_65;val_eval;0.4;3472;2030.4769771080464;2860.6102748647218;0.7098055246984204;-0.2390936917501945;-1.0;856.8915311890486;0.1693548387096774;0.1175115207373272;{'SL': 2847, 'TIME': 613, 'ML_CLOSE': 12};0.6510229274526761;2;0.6613207962644377;0.0;2
E0_selected_zone_edge;M0_no_mask;X4_ml_movement_exhaustion_p0_75;val_eval;0.4;3472;2030.4769771080464;2866.34184542956;0.7083861892975827;-0.2407444897239381;-1.0;862.6231017538865;0.1693548387096774;0.1175115207373272;{'SL': 2859, 'TIME': 613};0.6526531939449065;2;0.6599347613594136;0.0;2
E0_selected_zone_edge;M0_no_mask;X5_fixed_sl_ml_profit_exit_hold_close_p0_55;val_eval;0.4;3472;2057.026442160147;2842.007062820864;0.7237935714763578;-0.2260888884391466;-1.0;818.8861562334133;0.1762672811059907;0.1137672811059907;{'SL': 2835, 'TIME': 612, 'ML_CLOSE': 25};0.6636964733594929;2;0.671271514399021;0.0;2
E0_selected_zone_edge;M0_no_mask;X5_fixed_sl_ml_profit_exit_hold_close_p0_65;val_eval;0.4;3472;2031.2739215524905;2864.34184542956;0.7091590428683153;-0.2399389181673585;-1.0;859.8261573094418;0.1699308755760368;0.1175115207373272;{'SL': 2857, 'TIME': 613, 'ML_CLOSE': 2};0.6434393051704073;2;0.6614880271078938;0.0;2
E0_selected_zone_edge;M0_no_mask;X5_fixed_sl_ml_profit_exit_hold_close_p0_75;val_eval;0.4;3472;2030.4769771080464;2866.34184542956;0.7083861892975827;-0.2407444897239381;-1.0;862.6231017538865;0.1693548387096774;0.1175115207373272;{'SL': 2859, 'TIME': 613};0.648389331039661;2;0.6599347613594136;0.0;2
E0_selected_zone_edge;M0_no_mask;X5_fixed_sl_ml_profit_exit_movement_exhaustion_p0_55;val_eval;0.4;3472;2031.1044886751708;2856.34184542956;0.71108592689112;-0.2376835704937755;-1.0;851.9955901867619;0.1722350230414746;0.1175115207373272;{'SL': 2849, 'TIME': 613, 'ML_CLOSE': 10};0.6560736292524326;2;0.6625740716300974;0.0;2
E0_selected_zone_edge;M0_no_mask;X5_fixed_sl_ml_profit_exit_movement_exhaustion_p0_65;val_eval;0.4;3472;2030.4769771080464;2866.34184542956;0.7083861892975827;-0.2407444897239381;-1.0;862.6231017538865;0.1693548387096774;0.1175115207373272;{'SL': 2859, 'TIME': 613};0.6483918262338328;2;0.6599347613594136;0.0;2
E0_selected_zone_edge;M0_no_mask;X5_fixed_sl_ml_profit_exit_movement_exhaustion_p0_75;val_eval;0.4;3472;2030.4769771080464;2866.34184542956;0.7083861892975827;-0.2407444897239381;-1.0;862.6231017538865;0.1693548387096774;0.1175115207373272;{'SL': 2859, 'TIME': 613};0.6487045476611016;2;0.6599347613594136;0.0;2
E0_selected_zone_edge;M0_no_mask;X6_trail_atr_0_2_activation_0;val_eval;0.4;3472;2030.4769771080464;2866.34184542956;0.7083861892975827;-0.2407444897239381;-1.0;862.6231017538865;0.1693548387096774;0.1175115207373272;{'SL': 2859, 'TIME': 613};0.6478979142831616;2;0.6599347613594136;0.0;2
E0_selected_zone_edge;M0_no_mask;X6_trail_atr_0_2_activation_1;val_eval;0.4;3472;2030.4769771080464;2866.34184542956;0.7083861892975827;-0.2407444897239381;-1.0;862.6231017538865;0.1693548387096774;0.1175115207373272;{'SL': 2859, 'TIME': 613};0.635411808095698;2;0.6599347613594136;0.0;2
E0_selected_zone_edge;M0_no_mask;X6_trail_atr_0_2_activation_2;val_eval;0.4;3472;2030.4769771080464;2866.34184542956;0.7083861892975827;-0.2407444897239381;-1.0;862.6231017538865;0.1693548387096774;0.1175115207373272;{'SL': 2859, 'TIME': 613};0.6512524887124729;2;0.6599347613594136;0.0;2
E0_selected_zone_edge;M0_no_mask;X6_trail_atr_0_2_activation_3;val_eval;0.4;3472;2030.4769771080464;2866.34184542956;0.7083861892975827;-0.2407444897239381;-1.0;862.6231017538865;0.1693548387096774;0.1175115207373272;{'SL': 2859, 'TIME': 613};0.6490110503798655;2;0.6599347613594136;0.0;2
E0_selected_zone_edge;M0_no_mask;X6_trail_atr_2_activation_0;val_eval;0.4;3472;2030.4769771080464;2866.34184542956;0.7083861892975827;-0.2407444897239381;-1.0;862.6231017538865;0.1693548387096774;0.1175115207373272;{'SL': 2859, 'TIME': 613};0.6388278657442166;2;0.6599347613594136;0.0;2
E0_selected_zone_edge;M0_no_mask;X6_trail_atr_2_activation_1;val_eval;0.4;3472;2030.4769771080464;2866.34184542956;0.7083861892975827;-0.2407444897239381;-1.0;862.6231017538865;0.1693548387096774;0.1175115207373272;{'SL': 2859, 'TIME': 613};0.6359909412027173;2;0.6599347613594136;0.0;2
E0_selected_zone_edge;M0_no_mask;X6_trail_atr_2_activation_2;val_eval;0.4;3472;2030.4769771080464;2866.34184542956;0.7083861892975827;-0.2407444897239381;-1.0;862.6231017538865;0.1693548387096774;0.1175115207373272;{'SL': 2859, 'TIME': 613};0.6477993721304511;2;0.6599347613594136;0.0;2
E0_selected_zone_edge;M0_no_mask;X6_trail_atr_2_activation_3;val_eval;0.4;3472;2030.4769771080464;2866.34184542956;0.7083861892975827;-0.2407444897239381;-1.0;862.6231017538865;0.1693548387096774;0.1175115207373272;{'SL': 2859, 'TIME': 613};0.648209637931958;2;0.6599347613594136;0.0;2
E0_selected_zone_edge;M0_no_mask;X6_trail_atr_3_activation_0;val_eval;0.4;3472;2030.4769771080464;2866.34184542956;0.7083861892975827;-0.2407444897239381;-1.0;862.6231017538865;0.1693548387096774;0.1175115207373272;{'SL': 2859, 'TIME': 613};0.6378216774422972;2;0.6599347613594136;0.0;2
E0_selected_zone_edge;M0_no_mask;X6_trail_atr_3_activation_1;val_eval;0.4;3472;2030.4769771080464;2866.34184542956;0.7083861892975827;-0.2407444897239381;-1.0;862.6231017538865;0.1693548387096774;0.1175115207373272;{'SL': 2859, 'TIME': 613};0.639953324069325;2;0.6599347613594136;0.0;2
E0_selected_zone_edge;M0_no_mask;X6_trail_atr_3_activation_2;val_eval;0.4;3472;2030.4769771080464;2866.34184542956;0.7083861892975827;-0.2407444897239381;-1.0;862.6231017538865;0.1693548387096774;0.1175115207373272;{'SL': 2859, 'TIME': 613};0.6431235071175964;2;0.6599347613594136;0.0;2
E0_selected_zone_edge;M0_no_mask;X6_trail_atr_3_activation_3;val_eval;0.4;3472;2030.4769771080464;2866.34184542956;0.7083861892975827;-0.2407444897239381;-1.0;862.6231017538865;0.1693548387096774;0.1175115207373272;{'SL': 2859, 'TIME': 613};0.6412225900041952;2;0.6599347613594136;0.0;2
E0_selected_zone_edge;M0_no_mask;X6_trail_atr_5_activation_0;val_eval;0.4;3472;2030.4769771080464;2866.34184542956;0.7083861892975827;-0.2407444897239381;-1.0;862.6231017538865;0.1693548387096774;0.1175115207373272;{'SL': 2859, 'TIME': 613};0.6368318234539174;2;0.6599347613594136;0.0;2
E0_selected_zone_edge;M0_no_mask;X6_trail_atr_5_activation_1;val_eval;0.4;3472;2030.4769771080464;2866.34184542956;0.7083861892975827;-0.2407444897239381;-1.0;862.6231017538865;0.1693548387096774;0.1175115207373272;{'SL': 2859, 'TIME': 613};0.641805218121485;2;0.6599347613594136;0.0;2
E0_selected_zone_edge;M0_no_mask;X6_trail_atr_5_activation_2;val_eval;0.4;3472;2030.4769771080464;2866.34184542956;0.7083861892975827;-0.2407444897239381;-1.0;862.6231017538865;0.1693548387096774;0.1175115207373272;{'SL': 2859, 'TIME': 613};0.6506334828804206;2;0.6599347613594136;0.0;2
E0_selected_zone_edge;M0_no_mask;X6_trail_atr_5_activation_3;val_eval;0.4;3472;2030.4769771080464;2866.34184542956;0.7083861892975827;-0.2407444897239381;-1.0;862.6231017538865;0.1693548387096774;0.1175115207373272;{'SL': 2859, 'TIME': 613};0.6438348709454866;2;0.6599347613594136;0.0;2
E0_selected_zone_edge;M0_no_mask;X7_time_1;val_eval;0.4;3472;719.1364199020933;1664.891555071497;0.431941898985253;-0.2723949122031692;-0.3794117647059283;944.755135169403;0.3332373271889401;0.0555875576036866;{'TIME': 2175, 'SL': 1297};0.3968770816242511;2;0.4102871767560782;0.0;2
E0_selected_zone_edge;M0_no_mask;X7_time_2;val_eval;0.4;3472;942.9306033732364;1858.761312438717;0.5072897725292659;-0.2637761258829149;-0.6011111111111083;914.8307090654824;0.3323732718894009;0.0636520737327188;{'TIME': 1883, 'SL': 1589};0.467759878018732;2;0.4915017982369936;0.0;2
E0_selected_zone_edge;M0_no_mask;X7_time_6;val_eval;0.4;3472;1323.5852062813644;2308.094559834653;0.5734536311095432;-0.2835568414612005;-1.0;987.2042316020668;0.2831221198156682;0.0835253456221198;{'SL': 2217, 'TIME': 1255};0.5297990791020515;2;0.5272168046913883;0.0;2
E0_selected_zone_edge;M0_no_mask;X7_time_12;val_eval;0.4;3472;1741.5254130856806;2632.567945916311;0.661531040741861;-0.2566366742023704;-1.0;894.8759778499937;0.2235023041474654;0.0976382488479262;{'SL': 2606, 'TIME': 866};0.6053093785596975;2;0.6144783786801589;0.0;2
E0_selected_zone_edge;M0_no_mask;X8_giveback_30_activation_1;val_eval;0.4;3472;1577.6829644148795;2532.702302789124;0.6229247561695131;-0.275063173494886;-1.0;963.3221455889118;0.26036866359447;0.0875576036866359;{'SL': 2515, 'GIVEBACK': 839, 'TIME': 118};0.5680273081071965;2;0.5945102899429096;0.0;2
E0_selected_zone_edge;M0_no_mask;X8_giveback_30_activation_2;val_eval;0.4;3472;1903.0490156826029;2733.229101361439;0.6962639958482374;-0.239107167534227;-1.0;851.0192574348025;0.2067972350230414;0.1022465437788018;{'SL': 2725, 'GIVEBACK': 488, 'TIME': 259};0.6360844352971416;2;0.6696021759283585;0.0;2
E0_selected_zone_edge;M0_no_mask;X8_giveback_30_activation_3;val_eval;0.4;3472;2048.027378588572;2822.781320183518;0.7255352598321089;-0.2231434163579912;-1.0;805.4908910315155;0.1817396313364055;0.1140552995391705;{'SL': 2816, 'TIME': 415, 'GIVEBACK': 241};0.6578695711681877;2;0.6844991769680944;0.0;2
E0_selected_zone_edge;M0_no_mask;X8_giveback_50_activation_1;val_eval;0.4;3472;1705.1409120818466;2555.473633382045;0.6672504422693556;-0.2449114980703337;-1.0;858.5473459707791;0.25;0.0936059907834101;{'SL': 2536, 'GIVEBACK': 669, 'TIME': 267};0.6131907379323184;2;0.6229158178305964;0.0;2
E0_selected_zone_edge;M0_no_mask;X8_giveback_50_activation_2;val_eval;0.4;3472;1955.7655279200087;2739.792434694772;0.7138371152331079;-0.2258142012600123;-1.0;809.3523921416763;0.2039170506912442;0.1039746543778801;{'SL': 2731, 'TIME': 394, 'GIVEBACK': 347};0.6515930189129154;2;0.6623216216448211;0.0;2
E0_selected_zone_edge;M0_no_mask;X8_giveback_50_activation_3;val_eval;0.4;3472;2032.0665232332465;2823.781320183518;0.7196260236968994;-0.22802845534282;-1.0;816.8672026103162;0.1814516129032258;0.1143433179723502;{'SL': 2817, 'TIME': 504, 'GIVEBACK': 151};0.6657402985523101;2;0.6750127004925889;0.0;2
E0_selected_zone_edge;M0_no_mask;X8_giveback_70_activation_1;val_eval;0.4;3472;1705.9816828545036;2593.2314680403724;0.6578593943037653;-0.2555442929682802;-1.0;893.9728048852979;0.2272465437788018;0.0982142857142857;{'SL': 2559, 'GIVEBACK': 546, 'TIME': 367};0.5935868846351391;2;0.6100551523276826;0.0;2
E0_selected_zone_edge;M0_no_mask;X8_giveback_70_activation_2;val_eval;0.4;3472;1946.195726752169;2754.7398032099454;0.7064898559509596;-0.2328755980581154;-1.0;832.2407950155877;0.1944124423963133;0.1062788018433179;{'SL': 2740, 'TIME': 484, 'GIVEBACK': 248};0.6387638396294902;2;0.6514302845621956;0.0;2
E0_selected_zone_edge;M0_no_mask;X8_giveback_70_activation_3;val_eval;0.4;3472;2014.3303919375244;2827.259689317624;0.7124674113058553;-0.2341386225173098;-1.0;840.7853928462731;0.1779953917050691;0.1146313364055299;{'SL': 2818, 'TIME': 553, 'GIVEBACK': 101};0.6469376055460673;2;0.6673044337530138;0.0;2
E0_selected_zone_edge;M1_frozen_movement_top5;X0_fixed_r_0_7;val_eval;0.4;15;5.600000000000028;7.0;0.800000000000004;-0.0933333333333314;0.6999999999999889;4.29999999999998;0.5333333333333333;0.0666666666666666;{'TP': 8, 'SL': 7};0.3499999999999975;1;0.800000000000004;0.0;1
E0_selected_zone_edge;M1_frozen_movement_top5;X1_ml_opposite_strong_p0_55;val_eval;0.4;15;2.76396073611888;6.2335844287159325;0.4433982996021172;-0.2313082461731368;-0.1717391304347781;5.123790359263621;0.3333333333333333;0.0666666666666666;{'ML_CLOSE': 10, 'SL': 4, 'TIME': 1};0.0606233112617736;1;0.4433982996021172;0.0;1
E0_selected_zone_edge;M1_frozen_movement_top5;X1_ml_opposite_strong_p0_65;val_eval;0.4;15;1.84166666666658;13.847500000000023;0.132996329060594;-0.8003888888888964;-1.0;12.847500000000023;0.0666666666666666;0.0666666666666666;{'SL': 13, 'TIME': 1, 'ML_CLOSE': 1};0.0;1;0.132996329060594;0.0;1
E0_selected_zone_edge;M1_frozen_movement_top5;X1_ml_opposite_strong_p0_75;val_eval;0.4;15;1.84166666666658;14.0;0.1315476190476128;-0.8105555555555614;-1.0;13.0;0.0666666666666666;0.0666666666666666;{'SL': 14, 'TIME': 1};0.0;1;0.1315476190476128;0.0;1
E0_selected_zone_edge;M1_frozen_movement_top5;X2_ml_opposite_any_p0_50;val_eval;0.4;15;0.6996480115963508;4.122280101441131;0.1697235496810993;-0.2281754726563186;-0.1583333333333728;3.447632089844756;0.3333333333333333;0.0666666666666666;{'ML_CLOSE': 13, 'SL': 2};0.0333666762596366;1;0.1697235496810993;0.0;1
E0_selected_zone_edge;M1_frozen_movement_top5;X2_ml_opposite_any_p0_55;val_eval;0.4;15;1.3874528896451308;3.949109369733801;0.3513331133036347;-0.1707770986725779;-0.1369565217391568;2.5866564800886462;0.4;0.0666666666666666;{'ML_CLOSE': 13, 'SL': 2};0.0533763583875725;1;0.3513331133036347;0.0;1
E0_selected_zone_edge;M1_frozen_movement_top5;X2_ml_opposite_any_p0_60;val_eval;0.4;15;3.197412239238513;3.736428210313471;0.8557403111380169;-0.0359343980716638;-0.1116279069767437;2.405682637741513;0.4666666666666667;0.0666666666666666;{'ML_CLOSE': 12, 'SL': 2, 'TIME': 1};0.1596939464807617;1;0.8557403111380169;0.0;1
E0_selected_zone_edge;M1_frozen_movement_top5;X3_ml_hold_close_p0_50;val_eval;0.4;15;1.84166666666658;13.847500000000023;0.132996329060594;-0.8003888888888964;-1.0;12.847500000000023;0.0666666666666666;0.0666666666666666;{'SL': 13, 'TIME': 1, 'ML_CLOSE': 1};0.0;1;0.132996329060594;0.0;1
E0_selected_zone_edge;M1_frozen_movement_top5;X3_ml_hold_close_p0_60;val_eval;0.4;15;1.84166666666658;14.0;0.1315476190476128;-0.8105555555555614;-1.0;13.0;0.0666666666666666;0.0666666666666666;{'SL': 14, 'TIME': 1};0.0;1;0.1315476190476128;0.0;1
E0_selected_zone_edge;M1_frozen_movement_top5;X3_ml_hold_close_p0_70;val_eval;0.4;15;1.84166666666658;14.0;0.1315476190476128;-0.8105555555555614;-1.0;13.0;0.0666666666666666;0.0666666666666666;{'SL': 14, 'TIME': 1};0.0;1;0.1315476190476128;0.0;1
E0_selected_zone_edge;M1_frozen_movement_top5;X4_ml_movement_exhaustion_p0_55;val_eval;0.4;15;1.84166666666658;13.847500000000023;0.132996329060594;-0.8003888888888964;-1.0;12.847500000000023;0.0666666666666666;0.0666666666666666;{'SL': 13, 'TIME': 1, 'ML_CLOSE': 1};0.0;1;0.132996329060594;0.0;1
E0_selected_zone_edge;M1_frozen_movement_top5;X4_ml_movement_exhaustion_p0_65;val_eval;0.4;15;1.84166666666658;14.0;0.1315476190476128;-0.8105555555555614;-1.0;13.0;0.0666666666666666;0.0666666666666666;{'SL': 14, 'TIME': 1};0.0;1;0.1315476190476128;0.0;1
E0_selected_zone_edge;M1_frozen_movement_top5;X4_ml_movement_exhaustion_p0_75;val_eval;0.4;15;1.84166666666658;14.0;0.1315476190476128;-0.8105555555555614;-1.0;13.0;0.0666666666666666;0.0666666666666666;{'SL': 14, 'TIME': 1};0.0;1;0.1315476190476128;0.0;1
E0_selected_zone_edge;M1_frozen_movement_top5;X5_fixed_sl_ml_profit_exit_hold_close_p0_55;val_eval;0.4;15;1.84166666666658;14.0;0.1315476190476128;-0.8105555555555614;-1.0;13.0;0.0666666666666666;0.0666666666666666;{'SL': 14, 'TIME': 1};0.0;1;0.1315476190476128;0.0;1
E0_selected_zone_edge;M1_frozen_movement_top5;X5_fixed_sl_ml_profit_exit_hold_close_p0_65;val_eval;0.4;15;1.84166666666658;14.0;0.1315476190476128;-0.8105555555555614;-1.0;13.0;0.0666666666666666;0.0666666666666666;{'SL': 14, 'TIME': 1};0.0;1;0.1315476190476128;0.0;1
E0_selected_zone_edge;M1_frozen_movement_top5;X5_fixed_sl_ml_profit_exit_hold_close_p0_75;val_eval;0.4;15;1.84166666666658;14.0;0.1315476190476128;-0.8105555555555614;-1.0;13.0;0.0666666666666666;0.0666666666666666;{'SL': 14, 'TIME': 1};0.0;1;0.1315476190476128;0.0;1
E0_selected_zone_edge;M1_frozen_movement_top5;X5_fixed_sl_ml_profit_exit_movement_exhaustion_p0_55;val_eval;0.4;15;1.84166666666658;14.0;0.1315476190476128;-0.8105555555555614;-1.0;13.0;0.0666666666666666;0.0666666666666666;{'SL': 14, 'TIME': 1};0.0;1;0.1315476190476128;0.0;1
E0_selected_zone_edge;M1_frozen_movement_top5;X5_fixed_sl_ml_profit_exit_movement_exhaustion_p0_65;val_eval;0.4;15;1.84166666666658;14.0;0.1315476190476128;-0.8105555555555614;-1.0;13.0;0.0666666666666666;0.0666666666666666;{'SL': 14, 'TIME': 1};0.0;1;0.1315476190476128;0.0;1
E0_selected_zone_edge;M1_frozen_movement_top5;X5_fixed_sl_ml_profit_exit_movement_exhaustion_p0_75;val_eval;0.4;15;1.84166666666658;14.0;0.1315476190476128;-0.8105555555555614;-1.0;13.0;0.0666666666666666;0.0666666666666666;{'SL': 14, 'TIME': 1};0.0;1;0.1315476190476128;0.0;1
E0_selected_zone_edge;M1_frozen_movement_top5;X6_trail_atr_0_2_activation_0;val_eval;0.4;15;1.84166666666658;14.0;0.1315476190476128;-0.8105555555555614;-1.0;13.0;0.0666666666666666;0.0666666666666666;{'SL': 14, 'TIME': 1};0.0;1;0.1315476190476128;0.0;1
E0_selected_zone_edge;M1_frozen_movement_top5;X6_trail_atr_0_2_activation_1;val_eval;0.4;15;1.84166666666658;14.0;0.1315476190476128;-0.8105555555555614;-1.0;13.0;0.0666666666666666;0.0666666666666666;{'SL': 14, 'TIME': 1};0.0;1;0.1315476190476128;0.0;1
E0_selected_zone_edge;M1_frozen_movement_top5;X6_trail_atr_0_2_activation_2;val_eval;0.4;15;1.84166666666658;14.0;0.1315476190476128;-0.8105555555555614;-1.0;13.0;0.0666666666666666;0.0666666666666666;{'SL': 14, 'TIME': 1};0.0;1;0.1315476190476128;0.0;1
E0_selected_zone_edge;M1_frozen_movement_top5;X6_trail_atr_0_2_activation_3;val_eval;0.4;15;1.84166666666658;14.0;0.1315476190476128;-0.8105555555555614;-1.0;13.0;0.0666666666666666;0.0666666666666666;{'SL': 14, 'TIME': 1};0.0;1;0.1315476190476128;0.0;1
E0_selected_zone_edge;M1_frozen_movement_top5;X6_trail_atr_2_activation_0;val_eval;0.4;15;1.84166666666658;14.0;0.1315476190476128;-0.8105555555555614;-1.0;13.0;0.0666666666666666;0.0666666666666666;{'SL': 14, 'TIME': 1};0.0;1;0.1315476190476128;0.0;1
E0_selected_zone_edge;M1_frozen_movement_top5;X6_trail_atr_2_activation_1;val_eval;0.4;15;1.84166666666658;14.0;0.1315476190476128;-0.8105555555555614;-1.0;13.0;0.0666666666666666;0.0666666666666666;{'SL': 14, 'TIME': 1};0.0;1;0.1315476190476128;0.0;1
E0_selected_zone_edge;M1_frozen_movement_top5;X6_trail_atr_2_activation_2;val_eval;0.4;15;1.84166666666658;14.0;0.1315476190476128;-0.8105555555555614;-1.0;13.0;0.0666666666666666;0.0666666666666666;{'SL': 14, 'TIME': 1};0.0;1;0.1315476190476128;0.0;1
E0_selected_zone_edge;M1_frozen_movement_top5;X6_trail_atr_2_activation_3;val_eval;0.4;15;1.84166666666658;14.0;0.1315476190476128;-0.8105555555555614;-1.0;13.0;0.0666666666666666;0.0666666666666666;{'SL': 14, 'TIME': 1};0.0;1;0.1315476190476128;0.0;1
E0_selected_zone_edge;M1_frozen_movement_top5;X6_trail_atr_3_activation_0;val_eval;0.4;15;1.84166666666658;14.0;0.1315476190476128;-0.8105555555555614;-1.0;13.0;0.0666666666666666;0.0666666666666666;{'SL': 14, 'TIME': 1};0.0;1;0.1315476190476128;0.0;1
E0_selected_zone_edge;M1_frozen_movement_top5;X6_trail_atr_3_activation_1;val_eval;0.4;15;1.84166666666658;14.0;0.1315476190476128;-0.8105555555555614;-1.0;13.0;0.0666666666666666;0.0666666666666666;{'SL': 14, 'TIME': 1};0.0;1;0.1315476190476128;0.0;1
E0_selected_zone_edge;M1_frozen_movement_top5;X6_trail_atr_3_activation_2;val_eval;0.4;15;1.84166666666658;14.0;0.1315476190476128;-0.8105555555555614;-1.0;13.0;0.0666666666666666;0.0666666666666666;{'SL': 14, 'TIME': 1};0.0;1;0.1315476190476128;0.0;1
E0_selected_zone_edge;M1_frozen_movement_top5;X6_trail_atr_3_activation_3;val_eval;0.4;15;1.84166666666658;14.0;0.1315476190476128;-0.8105555555555614;-1.0;13.0;0.0666666666666666;0.0666666666666666;{'SL': 14, 'TIME': 1};0.0;1;0.1315476190476128;0.0;1
E0_selected_zone_edge;M1_frozen_movement_top5;X6_trail_atr_5_activation_0;val_eval;0.4;15;1.84166666666658;14.0;0.1315476190476128;-0.8105555555555614;-1.0;13.0;0.0666666666666666;0.0666666666666666;{'SL': 14, 'TIME': 1};0.0;1;0.1315476190476128;0.0;1
E0_selected_zone_edge;M1_frozen_movement_top5;X6_trail_atr_5_activation_1;val_eval;0.4;15;1.84166666666658;14.0;0.1315476190476128;-0.8105555555555614;-1.0;13.0;0.0666666666666666;0.0666666666666666;{'SL': 14, 'TIME': 1};0.0;1;0.1315476190476128;0.0;1
E0_selected_zone_edge;M1_frozen_movement_top5;X6_trail_atr_5_activation_2;val_eval;0.4;15;1.84166666666658;14.0;0.1315476190476128;-0.8105555555555614;-1.0;13.0;0.0666666666666666;0.0666666666666666;{'SL': 14, 'TIME': 1};0.0;1;0.1315476190476128;0.0;1
E0_selected_zone_edge;M1_frozen_movement_top5;X6_trail_atr_5_activation_3;val_eval;0.4;15;1.84166666666658;14.0;0.1315476190476128;-0.8105555555555614;-1.0;13.0;0.0666666666666666;0.0666666666666666;{'SL': 14, 'TIME': 1};0.0;1;0.1315476190476128;0.0;1
E0_selected_zone_edge;M1_frozen_movement_top5;X7_time_1;val_eval;0.4;15;2.0219110417847013;7.465760869565228;0.2708245116753181;-0.3629233218520352;-0.4543478260869477;5.677183161113782;0.3333333333333333;0.0666666666666666;{'TIME': 9, 'SL': 6};0.1110268878708315;1;0.2708245116753181;0.0;1
E0_selected_zone_edge;M1_frozen_movement_top5;X7_time_2;val_eval;0.4;15;3.250747963369201;7.7894021739131105;0.4173295832966529;-0.3025769473695939;-0.765217391304359;4.924070877210448;0.4;0.0666666666666666;{'TIME': 9, 'SL': 6};0.1193750312563388;1;0.4173295832966529;0.0;1
E0_selected_zone_edge;M1_frozen_movement_top5;X7_time_6;val_eval;0.4;15;3.934069787992983;11.0;0.3576427079993621;-0.4710620141338011;-1.0;7.511763545340259;0.2666666666666666;0.0666666666666666;{'SL': 11, 'TIME': 4};0.0777532805920042;1;0.3576427079993621;0.0;1
E0_selected_zone_edge;M1_frozen_movement_top5;X7_time_12;val_eval;0.4;15;3.675569578370064;12.0;0.306297464864172;-0.5549620281086624;-1.0;8.445263754963202;0.2;0.0666666666666666;{'SL': 12, 'TIME': 3};0.080059523809519;1;0.306297464864172;0.0;1
E0_selected_zone_edge;M1_frozen_movement_top5;X8_giveback_30_activation_1;val_eval;0.4;15;2.9900607392699805;12.0;0.2491717282724983;-0.6006626173820013;-1.0;8.957855927396594;0.2;0.0666666666666666;{'SL': 12, 'GIVEBACK': 3};0.0254355400696836;1;0.2491717282724983;0.0;1
E0_selected_zone_edge;M1_frozen_movement_top5;X8_giveback_30_activation_2;val_eval;0.4;15;3.083963178294409;13.0;0.2372279367918776;-0.6610691214470393;-1.0;10.313953488372164;0.1333333333333333;0.0666666666666666;{'SL': 13, 'GIVEBACK': 2};0.0;1;0.2372279367918776;0.0;1
E0_selected_zone_edge;M1_frozen_movement_top5;X8_giveback_30_activation_3;val_eval;0.4;15;1.84166666666658;14.0;0.1315476190476128;-0.8105555555555614;-1.0;13.0;0.0666666666666666;0.0666666666666666;{'SL': 14, 'TIME': 1};0.0;1;0.1315476190476128;0.0;1
E0_selected_zone_edge;M1_frozen_movement_top5;X8_giveback_50_activation_1;val_eval;0.4;15;1.8860878710529827;12.0;0.1571739892544152;-0.6742608085964679;-1.0;9.415995462280302;0.2;0.0666666666666666;{'SL': 12, 'GIVEBACK': 3};0.0215773809523774;1;0.1571739892544152;0.0;1
E0_selected_zone_edge;M1_frozen_movement_top5;X8_giveback_50_activation_2;val_eval;0.4;15;1.5299903100774117;13.0;0.117691562313647;-0.7646673126615059;-1.0;10.772093023255872;0.1333333333333333;0.0666666666666666;{'SL': 13, 'GIVEBACK': 2};0.0;1;0.117691562313647;0.0;1
E0_selected_zone_edge;M1_frozen_movement_top5;X8_giveback_50_activation_3;val_eval;0.4;15;1.84166666666658;14.0;0.1315476190476128;-0.8105555555555614;-1.0;13.0;0.0666666666666666;0.0666666666666666;{'SL': 14, 'TIME': 1};0.0;1;0.1315476190476128;0.0;1
E0_selected_zone_edge;M1_frozen_movement_top5;X8_giveback_70_activation_1;val_eval;0.4;15;0.7000413594251471;12.0;0.0583367799520955;-0.7533305760383234;-1.0;10.602041973908136;0.2;0.0666666666666666;{'SL': 12, 'GIVEBACK': 3};0.0028405315614626;1;0.0583367799520955;0.0;1
E0_selected_zone_edge;M1_frozen_movement_top5;X8_giveback_70_activation_2;val_eval;0.4;15;0.343943798449576;13.0;0.026457215265352;-0.8437370801033616;-1.0;11.958139534883708;0.1333333333333333;0.0666666666666666;{'SL': 13, 'GIVEBACK': 2};0.0;1;0.026457215265352;0.0;1
E0_selected_zone_edge;M1_frozen_movement_top5;X8_giveback_70_activation_3;val_eval;0.4;15;1.84166666666658;14.0;0.1315476190476128;-0.8105555555555614;-1.0;13.0;0.0666666666666666;0.0666666666666666;{'SL': 14, 'TIME': 1};0.0;1;0.1315476190476128;0.0;1
E1_simple_limit_at_fractal0;M0_no_mask;X0_fixed_r_0_7;val_eval;0.4;2651;899.5000000000018;1366.0;0.658491947291363;-0.1759713315729906;-1.0;467.5999999999956;0.4847227461335345;0.2512259524707657;{'SL': 1366, 'TP': 1285};0.6225715764135333;2;0.590236686390536;0.0;2
E1_simple_limit_at_fractal0;M0_no_mask;X1_ml_opposite_strong_p0_55;val_eval;0.4;2651;2232.791445395588;1648.306502932247;1.3545972435488027;0.22047715671948;-1.0;74.83834982299211;0.2659373821199547;0.3149754809505847;{'SL': 1472, 'ML_CLOSE': 919, 'TIME': 260};1.2057961120212484;0;1.059909855061386;2.0;2
E1_simple_limit_at_fractal0;M0_no_mask;X1_ml_opposite_strong_p0_65;val_eval;0.4;2651;1974.1935646916063;2064.8936089634103;0.956075197347656;-0.0342135210380248;-1.0;336.2295721297928;0.1463598642021878;0.3821199547340626;{'SL': 1940, 'ML_CLOSE': 448, 'TIME': 263};0.8298327172756796;1;0.7622945108276831;1.0;2
E1_simple_limit_at_fractal0;M0_no_mask;X1_ml_opposite_strong_p0_75;val_eval;0.4;2651;1899.9919463219644;2343.442932609574;0.8107694537311396;-0.1672768714777857;-1.0;578.2803916400629;0.1022255752546208;0.4104111655978876;{'SL': 2307, 'TIME': 265, 'ML_CLOSE': 79};0.7165606876691006;2;0.6496592094321879;0.0;2
E1_simple_limit_at_fractal0;M0_no_mask;X2_ml_opposite_any_p0_50;val_eval;0.4;2651;1817.8656857704216;1380.100060778015;1.317198468019501;0.165132261407924;-0.4872727272727802;58.87306052279328;0.3164843455299886;0.2399094681252357;{'ML_CLOSE': 1361, 'SL': 1144, 'TIME': 146};1.1647142482781916;0;1.2531469021059096;2.0;2
E1_simple_limit_at_fractal0;M0_no_mask;X2_ml_opposite_any_p0_55;val_eval;0.4;2651;1969.377211770098;1392.1938906094792;1.414585443201405;0.2177228672805049;-0.5111111111111515;57.3974869736928;0.3191248585439457;0.2459449264428517;{'ML_CLOSE': 1303, 'SL': 1160, 'TIME': 188};1.2393199070135097;0;1.226717102747973;2.0;2
E1_simple_limit_at_fractal0;M0_no_mask;X2_ml_opposite_any_p0_60;val_eval;0.4;2651;2102.941072989006;1408.6616958530776;1.4928645246618115;0.2618933900927681;-0.5520000000000437;50.3065925540828;0.3232742361373066;0.2557525462089777;{'ML_CLOSE': 1245, 'SL': 1191, 'TIME': 215};1.3437137601630458;0;1.2800722729721938;2.0;2
E1_simple_limit_at_fractal0;M0_no_mask;X3_ml_hold_close_p0_50;val_eval;0.4;2651;2202.5077338177844;2000.8770530460909;1.1007711495640051;0.0760583480843808;-1.0;152.128073196335;0.1908713692946058;0.3523198792908336;{'SL': 1924, 'ML_CLOSE': 466, 'TIME': 261};0.9667866944216988;1;0.8998367979533101;1.0;2
E1_simple_limit_at_fractal0;M0_no_mask;X3_ml_hold_close_p0_60;val_eval;0.4;2651;1926.3167246704345;2358.4009348305744;0.8167893322213339;-0.1629891400075971;-1.0;576.035899221719;0.1071293851376839;0.4047529234251226;{'SL': 2354, 'TIME': 265, 'ML_CLOSE': 32};0.7209092724433188;2;0.6613977593255892;0.0;2
E1_simple_limit_at_fractal0;M0_no_mask;X3_ml_hold_close_p0_70;val_eval;0.4;2651;1898.945543041092;2385.4238095238097;0.7960621234094956;-0.183507456236408;-1.0;611.0972808047438;0.0999622783855149;0.4104111655978876;{'SL': 2385, 'TIME': 265, 'ML_CLOSE': 1};0.679203300285146;2;0.6389767982461844;0.0;2
E1_simple_limit_at_fractal0;M0_no_mask;X4_ml_movement_exhaustion_p0_55;val_eval;0.4;2651;1900.5251980543912;2320.6126705718657;0.8189756188765647;-0.1584637768832418;-1.0;563.8945846115923;0.1029800075443228;0.4100339494530366;{'SL': 2272, 'TIME': 265, 'ML_CLOSE': 114};0.7116427342292948;2;0.6538575016172485;0.0;2
E1_simple_limit_at_fractal0;M0_no_mask;X4_ml_movement_exhaustion_p0_65;val_eval;0.4;2651;1899.4835547369985;2380.8580182494807;0.797814712249657;-0.1815822193558968;-1.0;605.4746744157053;0.0999622783855149;0.4104111655978876;{'SL': 2376, 'TIME': 265, 'ML_CLOSE': 10};0.6945271477463161;2;0.6409334058687259;0.0;2
E1_simple_limit_at_fractal0;M0_no_mask;X4_ml_movement_exhaustion_p0_75;val_eval;0.4;2651;1898.834431929981;2386.4238095238097;0.7956819842108754;-0.1839265852862424;-1.0;611.0972808047438;0.0995850622406639;0.4104111655978876;{'SL': 2386, 'TIME': 265};0.691951192485901;2;0.6389767982461844;0.0;2
E1_simple_limit_at_fractal0;M0_no_mask;X5_fixed_sl_ml_profit_exit_hold_close_p0_55;val_eval;0.4;2651;1993.7529452631857;2311.4238095238097;0.8625648559335082;-0.1198305787478776;-1.0;501.6126664844272;0.1278762731044888;0.3923047906450396;{'SL': 2311, 'TIME': 265, 'ML_CLOSE': 75};0.7506123999446247;1;0.6835021343316962;1.0;2
E1_simple_limit_at_fractal0;M0_no_mask;X5_fixed_sl_ml_profit_exit_hold_close_p0_65;val_eval;0.4;2651;1907.287193767345;2379.4238095238097;0.8015752326816664;-0.1780975540386514;-1.0;598.6594762323373;0.1022255752546208;0.4092795171633346;{'SL': 2379, 'TIME': 265, 'ML_CLOSE': 7};0.702926772062616;2;0.6471349916420932;0.0;2
E1_simple_limit_at_fractal0;M0_no_mask;X5_fixed_sl_ml_profit_exit_hold_close_p0_75;val_eval;0.4;2651;1898.834431929981;2386.4238095238097;0.7956819842108754;-0.1839265852862424;-1.0;611.0972808047438;0.0995850622406639;0.4104111655978876;{'SL': 2386, 'TIME': 265};0.693390407618096;2;0.6389767982461844;0.0;2
E1_simple_limit_at_fractal0;M0_no_mask;X5_fixed_sl_ml_profit_exit_movement_exhaustion_p0_55;val_eval;0.4;2651;1900.5251980543912;2377.4238095238097;0.7994053018401713;-0.1798938557032887;-1.0;604.9695268497128;0.1029800075443228;0.4104111655978876;{'SL': 2377, 'TIME': 265, 'ML_CLOSE': 9};0.6891204662810961;2;0.6402268703733079;0.0;2
E1_simple_limit_at_fractal0;M0_no_mask;X5_fixed_sl_ml_profit_exit_movement_exhaustion_p0_65;val_eval;0.4;2651;1899.4835547369985;2385.4238095238097;0.796287664755129;-0.1833045095385934;-1.0;609.4481579977262;0.0999622783855149;0.4104111655978876;{'SL': 2385, 'TIME': 265, 'ML_CLOSE': 1};0.6943196557801377;2;0.6389767982461844;0.0;2
E1_simple_limit_at_fractal0;M0_no_mask;X5_fixed_sl_ml_profit_exit_movement_exhaustion_p0_75;val_eval;0.4;2651;1898.834431929981;2386.4238095238097;0.7956819842108754;-0.1839265852862424;-1.0;611.0972808047438;0.0995850622406639;0.4104111655978876;{'SL': 2386, 'TIME': 265};0.6924966652034544;2;0.6389767982461844;0.0;2
E1_simple_limit_at_fractal0;M0_no_mask;X6_trail_atr_0_2_activation_0;val_eval;0.4;2651;1898.834431929981;2386.4238095238097;0.7956819842108754;-0.1839265852862424;-1.0;611.0972808047438;0.0995850622406639;0.4104111655978876;{'SL': 2386, 'TIME': 265};0.6879313543656513;2;0.6389767982461844;0.0;2
E1_simple_limit_at_fractal0;M0_no_mask;X6_trail_atr_0_2_activation_1;val_eval;0.4;2651;1898.834431929981;2386.4238095238097;0.7956819842108754;-0.1839265852862424;-1.0;611.0972808047438;0.0995850622406639;0.4104111655978876;{'SL': 2386, 'TIME': 265};0.6837254170371307;2;0.6389767982461844;0.0;2
E1_simple_limit_at_fractal0;M0_no_mask;X6_trail_atr_0_2_activation_2;val_eval;0.4;2651;1898.834431929981;2386.4238095238097;0.7956819842108754;-0.1839265852862424;-1.0;611.0972808047438;0.0995850622406639;0.4104111655978876;{'SL': 2386, 'TIME': 265};0.6950643936383198;2;0.6389767982461844;0.0;2
E1_simple_limit_at_fractal0;M0_no_mask;X6_trail_atr_0_2_activation_3;val_eval;0.4;2651;1898.834431929981;2386.4238095238097;0.7956819842108754;-0.1839265852862424;-1.0;611.0972808047438;0.0995850622406639;0.4104111655978876;{'SL': 2386, 'TIME': 265};0.6965621514192825;2;0.6389767982461844;0.0;2
E1_simple_limit_at_fractal0;M0_no_mask;X6_trail_atr_2_activation_0;val_eval;0.4;2651;1898.834431929981;2386.4238095238097;0.7956819842108754;-0.1839265852862424;-1.0;611.0972808047438;0.0995850622406639;0.4104111655978876;{'SL': 2386, 'TIME': 265};0.6910897780363348;2;0.6389767982461844;0.0;2
E1_simple_limit_at_fractal0;M0_no_mask;X6_trail_atr_2_activation_1;val_eval;0.4;2651;1898.834431929981;2386.4238095238097;0.7956819842108754;-0.1839265852862424;-1.0;611.0972808047438;0.0995850622406639;0.4104111655978876;{'SL': 2386, 'TIME': 265};0.6975450665727935;2;0.6389767982461844;0.0;2
E1_simple_limit_at_fractal0;M0_no_mask;X6_trail_atr_2_activation_2;val_eval;0.4;2651;1898.834431929981;2386.4238095238097;0.7956819842108754;-0.1839265852862424;-1.0;611.0972808047438;0.0995850622406639;0.4104111655978876;{'SL': 2386, 'TIME': 265};0.6880855969625025;2;0.6389767982461844;0.0;2
E1_simple_limit_at_fractal0;M0_no_mask;X6_trail_atr_2_activation_3;val_eval;0.4;2651;1898.834431929981;2386.4238095238097;0.7956819842108754;-0.1839265852862424;-1.0;611.0972808047438;0.0995850622406639;0.4104111655978876;{'SL': 2386, 'TIME': 265};0.700556167901591;2;0.6389767982461844;0.0;2
E1_simple_limit_at_fractal0;M0_no_mask;X6_trail_atr_3_activation_0;val_eval;0.4;2651;1898.834431929981;2386.4238095238097;0.7956819842108754;-0.1839265852862424;-1.0;611.0972808047438;0.0995850622406639;0.4104111655978876;{'SL': 2386, 'TIME': 265};0.7108058452956528;2;0.6389767982461844;0.0;2
E1_simple_limit_at_fractal0;M0_no_mask;X6_trail_atr_3_activation_1;val_eval;0.4;2651;1898.834431929981;2386.4238095238097;0.7956819842108754;-0.1839265852862424;-1.0;611.0972808047438;0.0995850622406639;0.4104111655978876;{'SL': 2386, 'TIME': 265};0.6977810724081043;2;0.6389767982461844;0.0;2
E1_simple_limit_at_fractal0;M0_no_mask;X6_trail_atr_3_activation_2;val_eval;0.4;2651;1898.834431929981;2386.4238095238097;0.7956819842108754;-0.1839265852862424;-1.0;611.0972808047438;0.0995850622406639;0.4104111655978876;{'SL': 2386, 'TIME': 265};0.6837511528841455;2;0.6389767982461844;0.0;2
E1_simple_limit_at_fractal0;M0_no_mask;X6_trail_atr_3_activation_3;val_eval;0.4;2651;1898.834431929981;2386.4238095238097;0.7956819842108754;-0.1839265852862424;-1.0;611.0972808047438;0.0995850622406639;0.4104111655978876;{'SL': 2386, 'TIME': 265};0.693360177614285;2;0.6389767982461844;0.0;2
E1_simple_limit_at_fractal0;M0_no_mask;X6_trail_atr_5_activation_0;val_eval;0.4;2651;1898.834431929981;2386.4238095238097;0.7956819842108754;-0.1839265852862424;-1.0;611.0972808047438;0.0995850622406639;0.4104111655978876;{'SL': 2386, 'TIME': 265};0.6993178937603581;2;0.6389767982461844;0.0;2
E1_simple_limit_at_fractal0;M0_no_mask;X6_trail_atr_5_activation_1;val_eval;0.4;2651;1898.834431929981;2386.4238095238097;0.7956819842108754;-0.1839265852862424;-1.0;611.0972808047438;0.0995850622406639;0.4104111655978876;{'SL': 2386, 'TIME': 265};0.6955285869163619;2;0.6389767982461844;0.0;2
E1_simple_limit_at_fractal0;M0_no_mask;X6_trail_atr_5_activation_2;val_eval;0.4;2651;1898.834431929981;2386.4238095238097;0.7956819842108754;-0.1839265852862424;-1.0;611.0972808047438;0.0995850622406639;0.4104111655978876;{'SL': 2386, 'TIME': 265};0.711035915494824;2;0.6389767982461844;0.0;2
E1_simple_limit_at_fractal0;M0_no_mask;X6_trail_atr_5_activation_3;val_eval;0.4;2651;1898.834431929981;2386.4238095238097;0.7956819842108754;-0.1839265852862424;-1.0;611.0972808047438;0.0995850622406639;0.4104111655978876;{'SL': 2386, 'TIME': 265};0.68412530962316;2;0.6389767982461844;0.0;2
E1_simple_limit_at_fractal0;M0_no_mask;X7_time_1;val_eval;0.4;2651;936.0700133151304;1726.3392509746336;0.5422283092889514;-0.2981023152242562;-1.0;790.1892376595022;0.2749905695963787;0.2855526216522067;{'SL': 1621, 'TIME': 1030};0.4876736190975376;2;0.5354392196493911;0.0;2
E1_simple_limit_at_fractal0;M0_no_mask;X7_time_2;val_eval;0.4;2651;1055.3491401518245;1880.217976263937;0.5612908468457696;-0.3111538423659422;-1.0;826.5150113782879;0.2482082233119577;0.3089400226329687;{'SL': 1824, 'TIME': 827};0.5026839453491909;2;0.5296401854148166;0.0;2
E1_simple_limit_at_fractal0;M0_no_mask;X7_time_6;val_eval;0.4;2651;1333.9352086686058;2148.3098571795063;0.6209230964568191;-0.3071952653756697;-1.0;815.5896485109004;0.1806865333836288;0.3553376084496416;{'SL': 2137, 'TIME': 514};0.5611391971129696;2;0.5445950763439537;0.0;2
E1_simple_limit_at_fractal0;M0_no_mask;X7_time_12;val_eval;0.4;2651;1608.8589454691537;2284.917731120483;0.7041211696843885;-0.2550202888160428;-1.0;677.8284012998304;0.1357978121463598;0.3828743870237646;{'SL': 2281, 'TIME': 370};0.6265681530249365;2;0.6312095746685469;0.0;2
E1_simple_limit_at_fractal0;M0_no_mask;X8_giveback_30_activation_1;val_eval;0.4;2651;1420.5934125026838;2062.2597814684777;0.6888527940408743;-0.2420469139818158;-1.0;645.7155090149336;0.2089777442474538;0.3360995850622407;{'SL': 2049, 'GIVEBACK': 562, 'TIME': 40};0.6114208960426566;2;0.6693391849799781;0.0;2
E1_simple_limit_at_fractal0;M0_no_mask;X8_giveback_30_activation_2;val_eval;0.4;2651;1493.9959845234166;2196.4654519014907;0.6801818727583705;-0.264982824359892;-1.0;711.5721700807759;0.1667295360241418;0.3591097698981516;{'SL': 2192, 'GIVEBACK': 411, 'TIME': 48};0.6084509930470449;2;0.6788095659320682;0.0;2
E1_simple_limit_at_fractal0;M0_no_mask;X8_giveback_30_activation_3;val_eval;0.4;2651;1649.079933932725;2285.206936777159;0.7216326484018257;-0.2399573756485982;-1.0;652.4002684230787;0.1361750282912108;0.3813655224443606;{'SL': 2283, 'GIVEBACK': 292, 'TIME': 76};0.6367699314404939;2;0.6491291675361842;0.0;2
E1_simple_limit_at_fractal0;M0_no_mask;X8_giveback_50_activation_1;val_eval;0.4;2651;1558.1027208617468;2092.6799846744298;0.7445489670051725;-0.201651174580416;-1.0;538.5385250739432;0.1931346661637118;0.3451527725386646;{'SL': 2073, 'GIVEBACK': 478, 'TIME': 100};0.6578832784069372;2;0.7017786685051596;0.0;2
E1_simple_limit_at_fractal0;M0_no_mask;X8_giveback_50_activation_2;val_eval;0.4;2651;1678.9942727514006;2209.365218641088;0.7599441950951403;-0.200064483549486;-1.0;565.0358388309669;0.1599396454168238;0.3632591474915126;{'SL': 2203, 'GIVEBACK': 329, 'TIME': 119};0.673781484587168;2;0.6819124324042243;0.0;2
E1_simple_limit_at_fractal0;M0_no_mask;X8_giveback_50_activation_3;val_eval;0.4;2651;1791.590622817228;2295.711672589292;0.7804075068349176;-0.1901625989332569;-1.0;619.3246759565886;0.1312712184081478;0.3851376838928706;{'SL': 2293, 'GIVEBACK': 212, 'TIME': 146};0.6844770648124876;2;0.6419998792648193;0.0;2
E1_simple_limit_at_fractal0;M0_no_mask;X8_giveback_70_activation_1;val_eval;0.4;2651;1530.4702188282654;2147.733677761445;0.7125977651118524;-0.2328417423361674;-1.0;645.0445112465161;0.1659751037344398;0.3609958506224066;{'SL': 2119, 'GIVEBACK': 380, 'TIME': 152};0.6164807065145177;2;0.6353265356358372;0.0;2
E1_simple_limit_at_fractal0;M0_no_mask;X8_giveback_70_activation_2;val_eval;0.4;2651;1673.0316786697954;2242.977817291974;0.7458975589378344;-0.2149928851837716;-1.0;641.9236114409532;0.1429649188985288;0.3741984156921916;{'SL': 2232, 'GIVEBACK': 243, 'TIME': 176};0.6505420740517716;2;0.6318560568725226;0.0;2
E1_simple_limit_at_fractal0;M0_no_mask;X8_giveback_70_activation_3;val_eval;0.4;2651;1779.2428897805908;2314.2622862702483;0.7688164389733392;-0.201817954164337;-1.0;654.0509996676677;0.1225952470765748;0.3911731422104866;{'SL': 2309, 'TIME': 198, 'GIVEBACK': 144};0.6642411721219982;2;0.6200421617707991;0.0;2
E1_simple_limit_at_fractal0;M1_frozen_movement_top5;X0_fixed_r_0_7;val_eval;0.4;11;3.5000000000000666;6.0;0.5833333333333445;-0.2272727272727212;-1.0;5.0;0.4545454545454545;0.2727272727272727;{'SL': 6, 'TP': 5};0.2624999999999939;1;0.5833333333333445;0.0;1
E1_simple_limit_at_fractal0;M1_frozen_movement_top5;X1_ml_opposite_strong_p0_55;val_eval;0.4;11;4.68333333333316;8.37134164777025;0.5594483573108726;-0.3352734831306445;-1.0;8.37134164777025;0.0909090909090909;0.3636363636363636;{'SL': 7, 'ML_CLOSE': 3, 'TIME': 1};0.0;1;0.5594483573108726;0.0;1
E1_simple_limit_at_fractal0;M1_frozen_movement_top5;X1_ml_opposite_strong_p0_65;val_eval;0.4;11;4.68333333333316;9.69500000000005;0.4830668729585493;-0.4556060606060809;-1.0;9.69500000000005;0.0909090909090909;0.3636363636363636;{'SL': 9, 'TIME': 1, 'ML_CLOSE': 1};0.0;1;0.4830668729585493;0.0;1
E1_simple_limit_at_fractal0;M1_frozen_movement_top5;X1_ml_opposite_strong_p0_75;val_eval;0.4;11;4.68333333333316;9.69500000000005;0.4830668729585493;-0.4556060606060809;-1.0;9.69500000000005;0.0909090909090909;0.3636363636363636;{'SL': 9, 'TIME': 1, 'ML_CLOSE': 1};0.0;1;0.4830668729585493;0.0;1
E1_simple_limit_at_fractal0;M1_frozen_movement_top5;X2_ml_opposite_any_p0_50;val_eval;0.4;11;5.084092706850038;5.597428604291984;0.9082907646113912;-0.0466668997674496;-0.4518518518518543;5.196669230775106;0.2727272727272727;0.2727272727272727;{'ML_CLOSE': 6, 'SL': 4, 'TIME': 1};0.0080568867233992;1;0.9082907646113912;0.0;1
E1_simple_limit_at_fractal0;M1_frozen_movement_top5;X2_ml_opposite_any_p0_55;val_eval;0.4;11;5.084092706850038;5.597428604291984;0.9082907646113912;-0.0466668997674496;-0.4518518518518543;5.196669230775106;0.2727272727272727;0.2727272727272727;{'ML_CLOSE': 6, 'SL': 4, 'TIME': 1};0.009611437881003;1;0.9082907646113912;0.0;1
E1_simple_limit_at_fractal0;M1_frozen_movement_top5;X2_ml_opposite_any_p0_60;val_eval;0.4;11;4.744557823129114;6.597428604291984;0.7191525831810476;-0.1684427982875337;-0.69500000000005;6.53620411449603;0.1818181818181818;0.2727272727272727;{'SL': 5, 'ML_CLOSE': 5, 'TIME': 1};0.0;1;0.7191525831810476;0.0;1
E1_simple_limit_at_fractal0;M1_frozen_movement_top5;X3_ml_hold_close_p0_50;val_eval;0.4;11;4.68333333333316;9.69500000000005;0.4830668729585493;-0.4556060606060809;-1.0;9.69500000000005;0.0909090909090909;0.3636363636363636;{'SL': 9, 'TIME': 1, 'ML_CLOSE': 1};0.0;1;0.4830668729585493;0.0;1
E1_simple_limit_at_fractal0;M1_frozen_movement_top5;X3_ml_hold_close_p0_60;val_eval;0.4;11;4.68333333333316;10.0;0.4683333333333159;-0.4833333333333491;-1.0;10.0;0.0909090909090909;0.3636363636363636;{'SL': 10, 'TIME': 1};0.0;1;0.4683333333333159;0.0;1
E1_simple_limit_at_fractal0;M1_frozen_movement_top5;X3_ml_hold_close_p0_70;val_eval;0.4;11;4.68333333333316;10.0;0.4683333333333159;-0.4833333333333491;-1.0;10.0;0.0909090909090909;0.3636363636363636;{'SL': 10, 'TIME': 1};0.0;1;0.4683333333333159;0.0;1
E1_simple_limit_at_fractal0;M1_frozen_movement_top5;X4_ml_movement_exhaustion_p0_55;val_eval;0.4;11;4.68333333333316;9.69500000000005;0.4830668729585493;-0.4556060606060809;-1.0;9.69500000000005;0.0909090909090909;0.3636363636363636;{'SL': 9, 'TIME': 1, 'ML_CLOSE': 1};0.0;1;0.4830668729585493;0.0;1
E1_simple_limit_at_fractal0;M1_frozen_movement_top5;X4_ml_movement_exhaustion_p0_65;val_eval;0.4;11;4.68333333333316;9.69500000000005;0.4830668729585493;-0.4556060606060809;-1.0;9.69500000000005;0.0909090909090909;0.3636363636363636;{'SL': 9, 'TIME': 1, 'ML_CLOSE': 1};0.0;1;0.4830668729585493;0.0;1
E1_simple_limit_at_fractal0;M1_frozen_movement_top5;X4_ml_movement_exhaustion_p0_75;val_eval;0.4;11;4.68333333333316;10.0;0.4683333333333159;-0.4833333333333491;-1.0;10.0;0.0909090909090909;0.3636363636363636;{'SL': 10, 'TIME': 1};0.0;1;0.4683333333333159;0.0;1
E1_simple_limit_at_fractal0;M1_frozen_movement_top5;X5_fixed_sl_ml_profit_exit_hold_close_p0_55;val_eval;0.4;11;4.68333333333316;10.0;0.4683333333333159;-0.4833333333333491;-1.0;10.0;0.0909090909090909;0.3636363636363636;{'SL': 10, 'TIME': 1};0.0;1;0.4683333333333159;0.0;1
E1_simple_limit_at_fractal0;M1_frozen_movement_top5;X5_fixed_sl_ml_profit_exit_hold_close_p0_65;val_eval;0.4;11;4.68333333333316;10.0;0.4683333333333159;-0.4833333333333491;-1.0;10.0;0.0909090909090909;0.3636363636363636;{'SL': 10, 'TIME': 1};0.0;1;0.4683333333333159;0.0;1
E1_simple_limit_at_fractal0;M1_frozen_movement_top5;X5_fixed_sl_ml_profit_exit_hold_close_p0_75;val_eval;0.4;11;4.68333333333316;10.0;0.4683333333333159;-0.4833333333333491;-1.0;10.0;0.0909090909090909;0.3636363636363636;{'SL': 10, 'TIME': 1};0.0;1;0.4683333333333159;0.0;1
E1_simple_limit_at_fractal0;M1_frozen_movement_top5;X5_fixed_sl_ml_profit_exit_movement_exhaustion_p0_55;val_eval;0.4;11;4.68333333333316;10.0;0.4683333333333159;-0.4833333333333491;-1.0;10.0;0.0909090909090909;0.3636363636363636;{'SL': 10, 'TIME': 1};0.0;1;0.4683333333333159;0.0;1
E1_simple_limit_at_fractal0;M1_frozen_movement_top5;X5_fixed_sl_ml_profit_exit_movement_exhaustion_p0_65;val_eval;0.4;11;4.68333333333316;10.0;0.4683333333333159;-0.4833333333333491;-1.0;10.0;0.0909090909090909;0.3636363636363636;{'SL': 10, 'TIME': 1};0.0;1;0.4683333333333159;0.0;1
E1_simple_limit_at_fractal0;M1_frozen_movement_top5;X5_fixed_sl_ml_profit_exit_movement_exhaustion_p0_75;val_eval;0.4;11;4.68333333333316;10.0;0.4683333333333159;-0.4833333333333491;-1.0;10.0;0.0909090909090909;0.3636363636363636;{'SL': 10, 'TIME': 1};0.0;1;0.4683333333333159;0.0;1
E1_simple_limit_at_fractal0;M1_frozen_movement_top5;X6_trail_atr_0_2_activation_0;val_eval;0.4;11;4.68333333333316;10.0;0.4683333333333159;-0.4833333333333491;-1.0;10.0;0.0909090909090909;0.3636363636363636;{'SL': 10, 'TIME': 1};0.0;1;0.4683333333333159;0.0;1
E1_simple_limit_at_fractal0;M1_frozen_movement_top5;X6_trail_atr_0_2_activation_1;val_eval;0.4;11;4.68333333333316;10.0;0.4683333333333159;-0.4833333333333491;-1.0;10.0;0.0909090909090909;0.3636363636363636;{'SL': 10, 'TIME': 1};0.0;1;0.4683333333333159;0.0;1
E1_simple_limit_at_fractal0;M1_frozen_movement_top5;X6_trail_atr_0_2_activation_2;val_eval;0.4;11;4.68333333333316;10.0;0.4683333333333159;-0.4833333333333491;-1.0;10.0;0.0909090909090909;0.3636363636363636;{'SL': 10, 'TIME': 1};0.0;1;0.4683333333333159;0.0;1
E1_simple_limit_at_fractal0;M1_frozen_movement_top5;X6_trail_atr_0_2_activation_3;val_eval;0.4;11;4.68333333333316;10.0;0.4683333333333159;-0.4833333333333491;-1.0;10.0;0.0909090909090909;0.3636363636363636;{'SL': 10, 'TIME': 1};0.0;1;0.4683333333333159;0.0;1
E1_simple_limit_at_fractal0;M1_frozen_movement_top5;X6_trail_atr_2_activation_0;val_eval;0.4;11;4.68333333333316;10.0;0.4683333333333159;-0.4833333333333491;-1.0;10.0;0.0909090909090909;0.3636363636363636;{'SL': 10, 'TIME': 1};0.0;1;0.4683333333333159;0.0;1
E1_simple_limit_at_fractal0;M1_frozen_movement_top5;X6_trail_atr_2_activation_1;val_eval;0.4;11;4.68333333333316;10.0;0.4683333333333159;-0.4833333333333491;-1.0;10.0;0.0909090909090909;0.3636363636363636;{'SL': 10, 'TIME': 1};0.0;1;0.4683333333333159;0.0;1
E1_simple_limit_at_fractal0;M1_frozen_movement_top5;X6_trail_atr_2_activation_2;val_eval;0.4;11;4.68333333333316;10.0;0.4683333333333159;-0.4833333333333491;-1.0;10.0;0.0909090909090909;0.3636363636363636;{'SL': 10, 'TIME': 1};0.0;1;0.4683333333333159;0.0;1
E1_simple_limit_at_fractal0;M1_frozen_movement_top5;X6_trail_atr_2_activation_3;val_eval;0.4;11;4.68333333333316;10.0;0.4683333333333159;-0.4833333333333491;-1.0;10.0;0.0909090909090909;0.3636363636363636;{'SL': 10, 'TIME': 1};0.0;1;0.4683333333333159;0.0;1
E1_simple_limit_at_fractal0;M1_frozen_movement_top5;X6_trail_atr_3_activation_0;val_eval;0.4;11;4.68333333333316;10.0;0.4683333333333159;-0.4833333333333491;-1.0;10.0;0.0909090909090909;0.3636363636363636;{'SL': 10, 'TIME': 1};0.0;1;0.4683333333333159;0.0;1
E1_simple_limit_at_fractal0;M1_frozen_movement_top5;X6_trail_atr_3_activation_1;val_eval;0.4;11;4.68333333333316;10.0;0.4683333333333159;-0.4833333333333491;-1.0;10.0;0.0909090909090909;0.3636363636363636;{'SL': 10, 'TIME': 1};0.0;1;0.4683333333333159;0.0;1
E1_simple_limit_at_fractal0;M1_frozen_movement_top5;X6_trail_atr_3_activation_2;val_eval;0.4;11;4.68333333333316;10.0;0.4683333333333159;-0.4833333333333491;-1.0;10.0;0.0909090909090909;0.3636363636363636;{'SL': 10, 'TIME': 1};0.0;1;0.4683333333333159;0.0;1
E1_simple_limit_at_fractal0;M1_frozen_movement_top5;X6_trail_atr_3_activation_3;val_eval;0.4;11;4.68333333333316;10.0;0.4683333333333159;-0.4833333333333491;-1.0;10.0;0.0909090909090909;0.3636363636363636;{'SL': 10, 'TIME': 1};0.0;1;0.4683333333333159;0.0;1
E1_simple_limit_at_fractal0;M1_frozen_movement_top5;X6_trail_atr_5_activation_0;val_eval;0.4;11;4.68333333333316;10.0;0.4683333333333159;-0.4833333333333491;-1.0;10.0;0.0909090909090909;0.3636363636363636;{'SL': 10, 'TIME': 1};0.0;1;0.4683333333333159;0.0;1
E1_simple_limit_at_fractal0;M1_frozen_movement_top5;X6_trail_atr_5_activation_1;val_eval;0.4;11;4.68333333333316;10.0;0.4683333333333159;-0.4833333333333491;-1.0;10.0;0.0909090909090909;0.3636363636363636;{'SL': 10, 'TIME': 1};0.0;1;0.4683333333333159;0.0;1
E1_simple_limit_at_fractal0;M1_frozen_movement_top5;X6_trail_atr_5_activation_2;val_eval;0.4;11;4.68333333333316;10.0;0.4683333333333159;-0.4833333333333491;-1.0;10.0;0.0909090909090909;0.3636363636363636;{'SL': 10, 'TIME': 1};0.0;1;0.4683333333333159;0.0;1
E1_simple_limit_at_fractal0;M1_frozen_movement_top5;X6_trail_atr_5_activation_3;val_eval;0.4;11;4.68333333333316;10.0;0.4683333333333159;-0.4833333333333491;-1.0;10.0;0.0909090909090909;0.3636363636363636;{'SL': 10, 'TIME': 1};0.0;1;0.4683333333333159;0.0;1
E1_simple_limit_at_fractal0;M1_frozen_movement_top5;X7_time_1;val_eval;0.4;11;1.9083333333332213;8.660869565217396;0.2203396921017272;-0.6138669301712887;-1.0;8.594202898550707;0.1818181818181818;0.3636363636363636;{'SL': 8, 'TIME': 3};0.0;1;0.2203396921017272;0.0;1
E1_simple_limit_at_fractal0;M1_frozen_movement_top5;X7_time_2;val_eval;0.4;11;2.2175925925923874;9.0;0.2463991769547097;-0.6165824915825102;-1.0;8.940740740740797;0.1818181818181818;0.3636363636363636;{'SL': 9, 'TIME': 2};0.0;1;0.2463991769547097;0.0;1
E1_simple_limit_at_fractal0;M1_frozen_movement_top5;X7_time_6;val_eval;0.4;11;3.891666666666485;10.0;0.3891666666666485;-0.5553030303030468;-1.0;10.0;0.0909090909090909;0.3636363636363636;{'SL': 10, 'TIME': 1};0.0;1;0.3891666666666485;0.0;1
E1_simple_limit_at_fractal0;M1_frozen_movement_top5;X7_time_12;val_eval;0.4;11;3.2416666666665326;10.0;0.3241666666666533;-0.6143939393939516;-1.0;10.0;0.0909090909090909;0.3636363636363636;{'SL': 10, 'TIME': 1};0.0;1;0.3241666666666533;0.0;1
E1_simple_limit_at_fractal0;M1_frozen_movement_top5;X8_giveback_30_activation_1;val_eval;0.4;11;2.849999999999858;10.0;0.2849999999999858;-0.6500000000000129;-1.0;10.0;0.0909090909090909;0.3636363636363636;{'SL': 10, 'GIVEBACK': 1};0.0;1;0.2849999999999858;0.0;1
E1_simple_limit_at_fractal0;M1_frozen_movement_top5;X8_giveback_30_activation_2;val_eval;0.4;11;2.849999999999858;10.0;0.2849999999999858;-0.6500000000000129;-1.0;10.0;0.0909090909090909;0.3636363636363636;{'SL': 10, 'GIVEBACK': 1};0.0;1;0.2849999999999858;0.0;1
E1_simple_limit_at_fractal0;M1_frozen_movement_top5;X8_giveback_30_activation_3;val_eval;0.4;11;2.849999999999858;10.0;0.2849999999999858;-0.6500000000000129;-1.0;10.0;0.0909090909090909;0.3636363636363636;{'SL': 10, 'GIVEBACK': 1};0.0;1;0.2849999999999858;0.0;1
E1_simple_limit_at_fractal0;M1_frozen_movement_top5;X8_giveback_50_activation_1;val_eval;0.4;11;1.604166666666568;10.0;0.1604166666666568;-0.7632575757575847;-1.0;10.0;0.0909090909090909;0.3636363636363636;{'SL': 10, 'GIVEBACK': 1};0.0;1;0.1604166666666568;0.0;1
E1_simple_limit_at_fractal0;M1_frozen_movement_top5;X8_giveback_50_activation_2;val_eval;0.4;11;1.604166666666568;10.0;0.1604166666666568;-0.7632575757575847;-1.0;10.0;0.0909090909090909;0.3636363636363636;{'SL': 10, 'GIVEBACK': 1};0.0;1;0.1604166666666568;0.0;1
E1_simple_limit_at_fractal0;M1_frozen_movement_top5;X8_giveback_50_activation_3;val_eval;0.4;11;1.604166666666568;10.0;0.1604166666666568;-0.7632575757575847;-1.0;10.0;0.0909090909090909;0.3636363636363636;{'SL': 10, 'GIVEBACK': 1};0.0;1;0.1604166666666568;0.0;1
E1_simple_limit_at_fractal0;M1_frozen_movement_top5;X8_giveback_70_activation_1;val_eval;0.4;11;1.604166666666568;10.0;0.1604166666666568;-0.7632575757575847;-1.0;10.0;0.0909090909090909;0.3636363636363636;{'SL': 10, 'GIVEBACK': 1};0.0;1;0.1604166666666568;0.0;1
E1_simple_limit_at_fractal0;M1_frozen_movement_top5;X8_giveback_70_activation_2;val_eval;0.4;11;1.604166666666568;10.0;0.1604166666666568;-0.7632575757575847;-1.0;10.0;0.0909090909090909;0.3636363636363636;{'SL': 10, 'GIVEBACK': 1};0.0;1;0.1604166666666568;0.0;1
E1_simple_limit_at_fractal0;M1_frozen_movement_top5;X8_giveback_70_activation_3;val_eval;0.4;11;1.604166666666568;10.0;0.1604166666666568;-0.7632575757575847;-1.0;10.0;0.0909090909090909;0.3636363636363636;{'SL': 10, 'GIVEBACK': 1};0.0;1;0.1604166666666568;0.0;1
E2_open_pullback_0_5atr;M0_no_mask;X0_fixed_r_0_7;val_eval;0.4;3267;1193.937954084361;1529.7091113552035;0.7804999952093015;-0.1027766015521403;0.6999999999999573;342.7711572708435;0.5252525252525253;0.1196816651362105;{'TP': 1702, 'SL': 1519, 'TIME': 46};0.7352474362328915;2;0.7742447470540736;0.0;2
E2_open_pullback_0_5atr;M0_no_mask;X1_ml_opposite_strong_p0_55;val_eval;0.4;3267;2323.2057035852245;1541.9802971252393;1.5066377358494447;0.2391262339944859;-0.368421052631569;38.15262305974022;0.3373125191307009;0.1640648913376186;{'ML_CLOSE': 1466, 'SL': 1197, 'TIME': 604};1.385748679361373;0;1.305206446985981;2.0;2
E2_open_pullback_0_5atr;M0_no_mask;X1_ml_opposite_strong_p0_65;val_eval;0.4;3267;2106.625834063744;2127.4872084410217;0.990194359667824;-0.0063854834335102;-1.0;261.4366178717945;0.2203856749311294;0.2096724823997551;{'SL': 1844, 'ML_CLOSE': 775, 'TIME': 648};0.8934354966641939;1;0.8590203240748904;1.0;2
E2_open_pullback_0_5atr;M0_no_mask;X1_ml_opposite_strong_p0_75;val_eval;0.4;3267;2050.742088243283;2588.6370643841983;0.7922091962826495;-0.1646449268873324;-1.0;627.5772143096492;0.179981634527089;0.2258953168044077;{'SL': 2517, 'TIME': 652, 'ML_CLOSE': 98};0.7126875034268225;2;0.7083316249413749;0.0;2
E2_open_pullback_0_5atr;M0_no_mask;X2_ml_opposite_any_p0_50;val_eval;0.4;3267;1597.3201045398068;1230.7556902663546;1.2978368632966646;0.1122021470074845;-0.175609756097627;44.72125361773253;0.349862258953168;0.1065197428833792;{'ML_CLOSE': 2207, 'SL': 869, 'TIME': 191};1.1483901464265964;0;1.2970731327476874;2.0;2
E2_open_pullback_0_5atr;M0_no_mask;X2_ml_opposite_any_p0_55;val_eval;0.4;3267;1905.8968679117245;1228.1539127325386;1.5518387786358672;0.2074511647319208;-0.1722222222222383;37.125516611907074;0.3731251913070095;0.1089684726048362;{'ML_CLOSE': 2091, 'SL': 877, 'TIME': 299};1.389721573488827;0;1.5170149804122288;2.0;2
E2_open_pullback_0_5atr;M0_no_mask;X2_ml_opposite_any_p0_60;val_eval;0.4;3267;2090.210015030543;1243.5099680955625;1.6808952631330358;0.25916744626109;-0.1727272727273187;37.73556559168779;0.3798591980410162;0.1166207529843893;{'ML_CLOSE': 1961, 'SL': 903, 'TIME': 403};1.527528796739105;0;1.584439584903056;2.0;2
E2_open_pullback_0_5atr;M0_no_mask;X3_ml_hold_close_p0_50;val_eval;0.4;3267;2301.353334477588;2230.8523991357797;1.0316026893438222;0.0215797169702505;-1.0;209.3503021471952;0.2509947964493419;0.1885521885521885;{'SL': 2107, 'TIME': 648, 'ML_CLOSE': 512};0.9375046207378726;1;0.9217137490645498;1.0;2
E2_open_pullback_0_5atr;M0_no_mask;X3_ml_hold_close_p0_60;val_eval;0.4;3267;2065.0019447406903;2624.073190776852;0.7869452544230865;-0.1711267970725931;-1.0;643.0201434958851;0.1808999081726354;0.2240587695133149;{'SL': 2597, 'TIME': 652, 'ML_CLOSE': 18};0.704836905933926;2;0.7084200026376262;0.0;2
E2_open_pullback_0_5atr;M0_no_mask;X3_ml_hold_close_p0_70;val_eval;0.4;3267;2046.756303963585;2637.014922547953;0.7761640961765796;-0.1806729778342112;-1.0;659.4833392291052;0.1778389960208142;0.2265074992347719;{'SL': 2614, 'TIME': 652, 'ML_CLOSE': 1};0.7024733042903568;2;0.6981272013102001;0.0;2
E2_open_pullback_0_5atr;M0_no_mask;X4_ml_movement_exhaustion_p0_55;val_eval;0.4;3267;2047.6858794115683;2482.327357050928;0.8249056570219144;-0.1330399380591856;-1.0;537.8502509348986;0.1812059993878175;0.2265074992347719;{'SL': 2327, 'TIME': 647, 'ML_CLOSE': 293};0.7494460768719062;2;0.7332411750646154;0.0;2
E2_open_pullback_0_5atr;M0_no_mask;X4_ml_movement_exhaustion_p0_65;val_eval;0.4;3267;2046.826386256159;2629.299792089072;0.7784682417785013;-0.1782899926026669;-1.0;651.1807903036863;0.1781450872359963;0.2265074992347719;{'SL': 2601, 'TIME': 652, 'ML_CLOSE': 14};0.6975582670963002;2;0.7006997941875966;0.0;2
E2_open_pullback_0_5atr;M0_no_mask;X4_ml_movement_exhaustion_p0_75;val_eval;0.4;3267;2046.182970630252;2638.014922547953;0.7756525382555173;-0.1811545613460978;-1.0;659.4833392291052;0.177532904805632;0.2265074992347719;{'SL': 2615, 'TIME': 652};0.689212941188055;2;0.6981272013102001;0.0;2
E2_open_pullback_0_5atr;M0_no_mask;X5_fixed_sl_ml_profit_exit_hold_close_p0_55;val_eval;0.4;3267;2107.721801724368;2575.014922547953;0.8185279950295576;-0.1430343191991384;-1.0;579.2401560891053;0.1968166513621059;0.2170186715641261;{'SL': 2552, 'TIME': 651, 'ML_CLOSE': 64};0.7452121492148615;2;0.7347569415603159;0.0;2
E2_open_pullback_0_5atr;M0_no_mask;X5_fixed_sl_ml_profit_exit_hold_close_p0_65;val_eval;0.4;3267;2055.57133647114;2631.014922547953;0.7812845601348637;-0.1761382265310111;-1.0;649.9260844993282;0.1796755433119069;0.2252831343740434;{'SL': 2608, 'TIME': 652, 'ML_CLOSE': 7};0.7107920855669525;2;0.7038401405018319;0.0;2
E2_open_pullback_0_5atr;M0_no_mask;X5_fixed_sl_ml_profit_exit_hold_close_p0_75;val_eval;0.4;3267;2046.182970630252;2638.014922547953;0.7756525382555173;-0.1811545613460978;-1.0;659.4833392291052;0.177532904805632;0.2265074992347719;{'SL': 2615, 'TIME': 652};0.6943839157734952;2;0.6981272013102001;0.0;2
E2_open_pullback_0_5atr;M0_no_mask;X5_fixed_sl_ml_profit_exit_movement_exhaustion_p0_55;val_eval;0.4;3267;2047.8512107330823;2624.0149225479527;0.780426663406545;-0.176358650693257;-1.0;649.3240134249966;0.1818181818181818;0.2265074992347719;{'SL': 2601, 'TIME': 652, 'ML_CLOSE': 14};0.7052009758178164;2;0.7000549838364293;0.0;2
E2_open_pullback_0_5atr;M0_no_mask;X5_fixed_sl_ml_profit_exit_movement_exhaustion_p0_65;val_eval;0.4;3267;2046.826386256159;2636.014922547953;0.7764851286493141;-0.1803454350449323;-1.0;656.839923603198;0.1781450872359963;0.2265074992347719;{'SL': 2613, 'TIME': 652, 'ML_CLOSE': 2};0.6940391468765594;2;0.6987972537441023;0.0;2
E2_open_pullback_0_5atr;M0_no_mask;X5_fixed_sl_ml_profit_exit_movement_exhaustion_p0_75;val_eval;0.4;3267;2046.182970630252;2638.014922547953;0.7756525382555173;-0.1811545613460978;-1.0;659.4833392291052;0.177532904805632;0.2265074992347719;{'SL': 2615, 'TIME': 652};0.6987574967991796;2;0.6981272013102001;0.0;2
E2_open_pullback_0_5atr;M0_no_mask;X6_trail_atr_0_2_activation_0;val_eval;0.4;3267;2046.182970630252;2638.014922547953;0.7756525382555173;-0.1811545613460978;-1.0;659.4833392291052;0.177532904805632;0.2265074992347719;{'SL': 2615, 'TIME': 652};0.6994111705082241;2;0.6981272013102001;0.0;2
E2_open_pullback_0_5atr;M0_no_mask;X6_trail_atr_0_2_activation_1;val_eval;0.4;3267;2046.182970630252;2638.014922547953;0.7756525382555173;-0.1811545613460978;-1.0;659.4833392291052;0.177532904805632;0.2265074992347719;{'SL': 2615, 'TIME': 652};0.6921964323453328;2;0.6981272013102001;0.0;2
E2_open_pullback_0_5atr;M0_no_mask;X6_trail_atr_0_2_activation_2;val_eval;0.4;3267;2046.182970630252;2638.014922547953;0.7756525382555173;-0.1811545613460978;-1.0;659.4833392291052;0.177532904805632;0.2265074992347719;{'SL': 2615, 'TIME': 652};0.7020704680170545;2;0.6981272013102001;0.0;2
E2_open_pullback_0_5atr;M0_no_mask;X6_trail_atr_0_2_activation_3;val_eval;0.4;3267;2046.182970630252;2638.014922547953;0.7756525382555173;-0.1811545613460978;-1.0;659.4833392291052;0.177532904805632;0.2265074992347719;{'SL': 2615, 'TIME': 652};0.6979086888728816;2;0.6981272013102001;0.0;2
E2_open_pullback_0_5atr;M0_no_mask;X6_trail_atr_2_activation_0;val_eval;0.4;3267;2046.182970630252;2638.014922547953;0.7756525382555173;-0.1811545613460978;-1.0;659.4833392291052;0.177532904805632;0.2265074992347719;{'SL': 2615, 'TIME': 652};0.7016062623153019;2;0.6981272013102001;0.0;2
E2_open_pullback_0_5atr;M0_no_mask;X6_trail_atr_2_activation_1;val_eval;0.4;3267;2046.182970630252;2638.014922547953;0.7756525382555173;-0.1811545613460978;-1.0;659.4833392291052;0.177532904805632;0.2265074992347719;{'SL': 2615, 'TIME': 652};0.6889357586666366;2;0.6981272013102001;0.0;2
E2_open_pullback_0_5atr;M0_no_mask;X6_trail_atr_2_activation_2;val_eval;0.4;3267;2046.182970630252;2638.014922547953;0.7756525382555173;-0.1811545613460978;-1.0;659.4833392291052;0.177532904805632;0.2265074992347719;{'SL': 2615, 'TIME': 652};0.7108157675723064;2;0.6981272013102001;0.0;2
E2_open_pullback_0_5atr;M0_no_mask;X6_trail_atr_2_activation_3;val_eval;0.4;3267;2046.182970630252;2638.014922547953;0.7756525382555173;-0.1811545613460978;-1.0;659.4833392291052;0.177532904805632;0.2265074992347719;{'SL': 2615, 'TIME': 652};0.6911078047289994;2;0.6981272013102001;0.0;2
E2_open_pullback_0_5atr;M0_no_mask;X6_trail_atr_3_activation_0;val_eval;0.4;3267;2046.182970630252;2638.014922547953;0.7756525382555173;-0.1811545613460978;-1.0;659.4833392291052;0.177532904805632;0.2265074992347719;{'SL': 2615, 'TIME': 652};0.6891260311329898;2;0.6981272013102001;0.0;2
E2_open_pullback_0_5atr;M0_no_mask;X6_trail_atr_3_activation_1;val_eval;0.4;3267;2046.182970630252;2638.014922547953;0.7756525382555173;-0.1811545613460978;-1.0;659.4833392291052;0.177532904805632;0.2265074992347719;{'SL': 2615, 'TIME': 652};0.699291463232615;2;0.6981272013102001;0.0;2
E2_open_pullback_0_5atr;M0_no_mask;X6_trail_atr_3_activation_2;val_eval;0.4;3267;2046.182970630252;2638.014922547953;0.7756525382555173;-0.1811545613460978;-1.0;659.4833392291052;0.177532904805632;0.2265074992347719;{'SL': 2615, 'TIME': 652};0.7047069712753905;2;0.6981272013102001;0.0;2
E2_open_pullback_0_5atr;M0_no_mask;X6_trail_atr_3_activation_3;val_eval;0.4;3267;2046.182970630252;2638.014922547953;0.7756525382555173;-0.1811545613460978;-1.0;659.4833392291052;0.177532904805632;0.2265074992347719;{'SL': 2615, 'TIME': 652};0.7002034550420517;2;0.6981272013102001;0.0;2
E2_open_pullback_0_5atr;M0_no_mask;X6_trail_atr_5_activation_0;val_eval;0.4;3267;2046.182970630252;2638.014922547953;0.7756525382555173;-0.1811545613460978;-1.0;659.4833392291052;0.177532904805632;0.2265074992347719;{'SL': 2615, 'TIME': 652};0.6957920678813538;2;0.6981272013102001;0.0;2
E2_open_pullback_0_5atr;M0_no_mask;X6_trail_atr_5_activation_1;val_eval;0.4;3267;2046.182970630252;2638.014922547953;0.7756525382555173;-0.1811545613460978;-1.0;659.4833392291052;0.177532904805632;0.2265074992347719;{'SL': 2615, 'TIME': 652};0.7005617575188516;2;0.6981272013102001;0.0;2
E2_open_pullback_0_5atr;M0_no_mask;X6_trail_atr_5_activation_2;val_eval;0.4;3267;2046.182970630252;2638.014922547953;0.7756525382555173;-0.1811545613460978;-1.0;659.4833392291052;0.177532904805632;0.2265074992347719;{'SL': 2615, 'TIME': 652};0.6987756578398276;2;0.6981272013102001;0.0;2
E2_open_pullback_0_5atr;M0_no_mask;X6_trail_atr_5_activation_3;val_eval;0.4;3267;2046.182970630252;2638.014922547953;0.7756525382555173;-0.1811545613460978;-1.0;659.4833392291052;0.177532904805632;0.2265074992347719;{'SL': 2615, 'TIME': 652};0.6968231892666965;2;0.6981272013102001;0.0;2
E2_open_pullback_0_5atr;M0_no_mask;X7_time_1;val_eval;0.4;3267;946.2774185393544;1583.234176771868;0.5976863261433408;-0.1949668681458566;-0.3544303797468637;638.4200719618894;0.3529231711049893;0.1340679522497704;{'TIME': 1933, 'SL': 1334};0.5501170270997151;2;0.5728119599179674;0.0;2
E2_open_pullback_0_5atr;M0_no_mask;X7_time_2;val_eval;0.4;3267;1126.4467106474165;1784.214967486749;0.6313402427254228;-0.2013370850441789;-0.7122302158273166;662.8400639980778;0.3348637894092439;0.1481481481481481;{'TIME': 1668, 'SL': 1599};0.5771129087709941;2;0.6087849199173782;0.0;2
E2_open_pullback_0_5atr;M0_no_mask;X7_time_6;val_eval;0.4;3267;1565.6691713496205;2160.844448860339;0.7245635715126914;-0.1821779239396139;-1.0;616.929271651083;0.2806856443220079;0.1808999081726354;{'SL': 2071, 'TIME': 1196};0.6606105596753143;2;0.7157400541312108;0.0;2
E2_open_pullback_0_5atr;M0_no_mask;X7_time_12;val_eval;0.4;3267;1843.4345276619565;2400.9555591244434;0.7677920237449967;-0.1706522900099439;-1.0;589.9338786254161;0.2332415059687786;0.2056932966023875;{'SL': 2346, 'TIME': 921};0.7046533624230122;2;0.7279839670983936;0.0;2
E2_open_pullback_0_5atr;M0_no_mask;X8_giveback_30_activation_1;val_eval;0.4;3267;1705.2726386735112;2253.4833990754723;0.7567274022844485;-0.1678024978273527;-1.0;579.4973450466982;0.2871135598408326;0.1738598102234466;{'SL': 2216, 'GIVEBACK': 833, 'TIME': 218};0.6774248897519026;2;0.7500663633430183;0.0;2
E2_open_pullback_0_5atr;M0_no_mask;X8_giveback_30_activation_2;val_eval;0.4;3267;1885.768804793736;2459.4202467094474;0.7667533872329377;-0.1755896669469578;-1.0;613.5231017198555;0.2310988674625038;0.1928374655647383;{'SL': 2435, 'GIVEBACK': 488, 'TIME': 344};0.695024555220632;2;0.7337423690429727;0.0;2
E2_open_pullback_0_5atr;M0_no_mask;X8_giveback_30_activation_3;val_eval;0.4;3267;1952.4924298814185;2546.0872893820583;0.7668599729568946;-0.1816941718704132;-1.0;622.7937412917273;0.2056932966023875;0.2072237526782981;{'SL': 2523, 'TIME': 439, 'GIVEBACK': 305};0.693752241609383;2;0.7263160290878597;0.0;2
E2_open_pullback_0_5atr;M0_no_mask;X8_giveback_50_activation_1;val_eval;0.4;3267;1782.1383474127654;2277.7508006258213;0.78241146789329;-0.151702618063378;-1.0;545.7391493086918;0.2757881848790939;0.1805938169574533;{'SL': 2238, 'GIVEBACK': 708, 'TIME': 321};0.6939709550213639;2;0.7552421898571622;0.0;2
E2_open_pullback_0_5atr;M0_no_mask;X8_giveback_50_activation_2;val_eval;0.4;3267;1983.739988190623;2471.524189411624;0.8026383058232889;-0.1493064588983779;-1.0;591.7364429070122;0.226813590449954;0.1965105601469237;{'SL': 2447, 'TIME': 454, 'GIVEBACK': 366};0.7249160026580689;2;0.7267110930405773;0.0;2
E2_open_pullback_0_5atr;M0_no_mask;X8_giveback_50_activation_3;val_eval;0.4;3267;2026.1354551411207;2553.120166094387;0.7935918888771238;-0.1613053905580858;-1.0;588.5599794774243;0.2032445668809305;0.209366391184573;{'SL': 2530, 'TIME': 529, 'GIVEBACK': 208};0.7091679658919808;2;0.7216015888788352;0.0;2
E2_open_pullback_0_5atr;M0_no_mask;X8_giveback_70_activation_1;val_eval;0.4;3267;1744.5372099745198;2338.442449545416;0.7460252914557085;-0.1817891764832862;-1.0;640.7603005394818;0.24640342822161;0.1949801040710131;{'SL': 2288, 'GIVEBACK': 554, 'TIME': 425};0.6784638534960085;2;0.6975024621100353;0.0;2
E2_open_pullback_0_5atr;M0_no_mask;X8_giveback_70_activation_2;val_eval;0.4;3267;1945.7978453596268;2509.371447994091;0.7754124431897214;-0.1725049288749506;-1.0;666.3022638285762;0.21181512090603;0.2066115702479339;{'SL': 2480, 'TIME': 536, 'GIVEBACK': 251};0.6991102979019391;2;0.6969731398223469;0.0;2
E2_open_pullback_0_5atr;M0_no_mask;X8_giveback_70_activation_3;val_eval;0.4;3267;2008.898177944326;2572.2934216163167;0.7809755143260532;-0.1724503347633887;-1.0;640.054262114282;0.1962044689317416;0.2145699418426691;{'SL': 2547, 'TIME': 593, 'GIVEBACK': 127};0.7024840194468154;2;0.7040773473475382;0.0;2
E2_open_pullback_0_5atr;M1_frozen_movement_top5;X0_fixed_r_0_7;val_eval;0.4;14;6.300000000000026;5.0;1.2600000000000051;0.0928571428571446;0.6999999999999806;2.0;0.6428571428571429;0.0714285714285714;{'TP': 9, 'SL': 5};0.5249999999999935;0;1.2600000000000051;1.0;1
E2_open_pullback_0_5atr;M1_frozen_movement_top5;X1_ml_opposite_strong_p0_55;val_eval;0.4;14;5.2161369351111455;5.873656001904447;0.8880562520889698;-0.0469656476280929;-0.2275807437249512;5.327672359131613;0.2857142857142857;0.0714285714285714;{'ML_CLOSE': 9, 'SL': 4, 'TIME': 1};0.0232339698130081;1;0.8880562520889698;0.0;1
E2_open_pullback_0_5atr;M1_frozen_movement_top5;X1_ml_opposite_strong_p0_65;val_eval;0.4;14;4.704166666666568;12.1812638675541;0.3861805078532566;-0.5340783714919667;-1.0;11.1812638675541;0.0714285714285714;0.0714285714285714;{'SL': 11, 'ML_CLOSE': 2, 'TIME': 1};0.0;1;0.3861805078532566;0.0;1
E2_open_pullback_0_5atr;M1_frozen_movement_top5;X1_ml_opposite_strong_p0_75;val_eval;0.4;14;4.704166666666568;13.0;0.3618589743589667;-0.5925595238095308;-1.0;12.0;0.0714285714285714;0.0714285714285714;{'SL': 13, 'TIME': 1};0.0;1;0.3618589743589667;0.0;1
E2_open_pullback_0_5atr;M1_frozen_movement_top5;X2_ml_opposite_any_p0_50;val_eval;0.4;14;5.454457816702055;2.9527623061250305;1.847239043043749;0.1786925364697874;-0.1239385727190965;2.430407808770543;0.3571428571428571;0.0714285714285714;{'ML_CLOSE': 12, 'TIME': 1, 'SL': 1};0.0843971500600365;0;1.847239043043749;1.0;1
E2_open_pullback_0_5atr;M1_frozen_movement_top5;X2_ml_opposite_any_p0_55;val_eval;0.4;14;6.891256385894974;2.508928935531047;2.746692538119399;0.313023389311709;-0.0238429172510749;1.7201462393540217;0.5;0.0714285714285714;{'ML_CLOSE': 12, 'TIME': 1, 'SL': 1};0.3008428799478534;0;2.746692538119399;1.0;1
E2_open_pullback_0_5atr;M1_frozen_movement_top5;X2_ml_opposite_any_p0_60;val_eval;0.4;14;6.951618558933197;2.508928935531047;2.7707514790417123;0.3173349731001536;-0.0238429172510749;1.6597840663157983;0.5;0.0714285714285714;{'ML_CLOSE': 12, 'TIME': 1, 'SL': 1};0.392000213308307;0;2.7707514790417123;1.0;1
E2_open_pullback_0_5atr;M1_frozen_movement_top5;X3_ml_hold_close_p0_50;val_eval;0.4;14;4.704166666666568;12.420549581839907;0.3787406213928354;-0.5511702082266672;-1.0;11.420549581839907;0.0714285714285714;0.0714285714285714;{'SL': 12, 'TIME': 1, 'ML_CLOSE': 1};0.0;1;0.3787406213928354;0.0;1
E2_open_pullback_0_5atr;M1_frozen_movement_top5;X3_ml_hold_close_p0_60;val_eval;0.4;14;4.704166666666568;13.0;0.3618589743589667;-0.5925595238095308;-1.0;12.0;0.0714285714285714;0.0714285714285714;{'SL': 13, 'TIME': 1};0.0;1;0.3618589743589667;0.0;1
E2_open_pullback_0_5atr;M1_frozen_movement_top5;X3_ml_hold_close_p0_70;val_eval;0.4;14;4.704166666666568;13.0;0.3618589743589667;-0.5925595238095308;-1.0;12.0;0.0714285714285714;0.0714285714285714;{'SL': 13, 'TIME': 1};0.0;1;0.3618589743589667;0.0;1
E2_open_pullback_0_5atr;M1_frozen_movement_top5;X4_ml_movement_exhaustion_p0_55;val_eval;0.4;14;4.704166666666568;12.1812638675541;0.3861805078532566;-0.5340783714919667;-1.0;11.1812638675541;0.0714285714285714;0.0714285714285714;{'SL': 11, 'ML_CLOSE': 2, 'TIME': 1};0.0;1;0.3861805078532566;0.0;1
E2_open_pullback_0_5atr;M1_frozen_movement_top5;X4_ml_movement_exhaustion_p0_65;val_eval;0.4;14;4.704166666666568;13.0;0.3618589743589667;-0.5925595238095308;-1.0;12.0;0.0714285714285714;0.0714285714285714;{'SL': 13, 'TIME': 1};0.0;1;0.3618589743589667;0.0;1
E2_open_pullback_0_5atr;M1_frozen_movement_top5;X4_ml_movement_exhaustion_p0_75;val_eval;0.4;14;4.704166666666568;13.0;0.3618589743589667;-0.5925595238095308;-1.0;12.0;0.0714285714285714;0.0714285714285714;{'SL': 13, 'TIME': 1};0.0;1;0.3618589743589667;0.0;1
E2_open_pullback_0_5atr;M1_frozen_movement_top5;X5_fixed_sl_ml_profit_exit_hold_close_p0_55;val_eval;0.4;14;4.704166666666568;13.0;0.3618589743589667;-0.5925595238095308;-1.0;12.0;0.0714285714285714;0.0714285714285714;{'SL': 13, 'TIME': 1};0.0;1;0.3618589743589667;0.0;1
E2_open_pullback_0_5atr;M1_frozen_movement_top5;X5_fixed_sl_ml_profit_exit_hold_close_p0_65;val_eval;0.4;14;4.704166666666568;13.0;0.3618589743589667;-0.5925595238095308;-1.0;12.0;0.0714285714285714;0.0714285714285714;{'SL': 13, 'TIME': 1};0.0;1;0.3618589743589667;0.0;1
E2_open_pullback_0_5atr;M1_frozen_movement_top5;X5_fixed_sl_ml_profit_exit_hold_close_p0_75;val_eval;0.4;14;4.704166666666568;13.0;0.3618589743589667;-0.5925595238095308;-1.0;12.0;0.0714285714285714;0.0714285714285714;{'SL': 13, 'TIME': 1};0.0;1;0.3618589743589667;0.0;1
E2_open_pullback_0_5atr;M1_frozen_movement_top5;X5_fixed_sl_ml_profit_exit_movement_exhaustion_p0_55;val_eval;0.4;14;4.704166666666568;13.0;0.3618589743589667;-0.5925595238095308;-1.0;12.0;0.0714285714285714;0.0714285714285714;{'SL': 13, 'TIME': 1};0.0;1;0.3618589743589667;0.0;1
E2_open_pullback_0_5atr;M1_frozen_movement_top5;X5_fixed_sl_ml_profit_exit_movement_exhaustion_p0_65;val_eval;0.4;14;4.704166666666568;13.0;0.3618589743589667;-0.5925595238095308;-1.0;12.0;0.0714285714285714;0.0714285714285714;{'SL': 13, 'TIME': 1};0.0;1;0.3618589743589667;0.0;1
E2_open_pullback_0_5atr;M1_frozen_movement_top5;X5_fixed_sl_ml_profit_exit_movement_exhaustion_p0_75;val_eval;0.4;14;4.704166666666568;13.0;0.3618589743589667;-0.5925595238095308;-1.0;12.0;0.0714285714285714;0.0714285714285714;{'SL': 13, 'TIME': 1};0.0;1;0.3618589743589667;0.0;1
E2_open_pullback_0_5atr;M1_frozen_movement_top5;X6_trail_atr_0_2_activation_0;val_eval;0.4;14;4.704166666666568;13.0;0.3618589743589667;-0.5925595238095308;-1.0;12.0;0.0714285714285714;0.0714285714285714;{'SL': 13, 'TIME': 1};0.0;1;0.3618589743589667;0.0;1
E2_open_pullback_0_5atr;M1_frozen_movement_top5;X6_trail_atr_0_2_activation_1;val_eval;0.4;14;4.704166666666568;13.0;0.3618589743589667;-0.5925595238095308;-1.0;12.0;0.0714285714285714;0.0714285714285714;{'SL': 13, 'TIME': 1};0.0;1;0.3618589743589667;0.0;1
E2_open_pullback_0_5atr;M1_frozen_movement_top5;X6_trail_atr_0_2_activation_2;val_eval;0.4;14;4.704166666666568;13.0;0.3618589743589667;-0.5925595238095308;-1.0;12.0;0.0714285714285714;0.0714285714285714;{'SL': 13, 'TIME': 1};0.0;1;0.3618589743589667;0.0;1
E2_open_pullback_0_5atr;M1_frozen_movement_top5;X6_trail_atr_0_2_activation_3;val_eval;0.4;14;4.704166666666568;13.0;0.3618589743589667;-0.5925595238095308;-1.0;12.0;0.0714285714285714;0.0714285714285714;{'SL': 13, 'TIME': 1};0.0;1;0.3618589743589667;0.0;1
E2_open_pullback_0_5atr;M1_frozen_movement_top5;X6_trail_atr_2_activation_0;val_eval;0.4;14;4.704166666666568;13.0;0.3618589743589667;-0.5925595238095308;-1.0;12.0;0.0714285714285714;0.0714285714285714;{'SL': 13, 'TIME': 1};0.0;1;0.3618589743589667;0.0;1
E2_open_pullback_0_5atr;M1_frozen_movement_top5;X6_trail_atr_2_activation_1;val_eval;0.4;14;4.704166666666568;13.0;0.3618589743589667;-0.5925595238095308;-1.0;12.0;0.0714285714285714;0.0714285714285714;{'SL': 13, 'TIME': 1};0.0;1;0.3618589743589667;0.0;1
E2_open_pullback_0_5atr;M1_frozen_movement_top5;X6_trail_atr_2_activation_2;val_eval;0.4;14;4.704166666666568;13.0;0.3618589743589667;-0.5925595238095308;-1.0;12.0;0.0714285714285714;0.0714285714285714;{'SL': 13, 'TIME': 1};0.0;1;0.3618589743589667;0.0;1
E2_open_pullback_0_5atr;M1_frozen_movement_top5;X6_trail_atr_2_activation_3;val_eval;0.4;14;4.704166666666568;13.0;0.3618589743589667;-0.5925595238095308;-1.0;12.0;0.0714285714285714;0.0714285714285714;{'SL': 13, 'TIME': 1};0.0;1;0.3618589743589667;0.0;1
E2_open_pullback_0_5atr;M1_frozen_movement_top5;X6_trail_atr_3_activation_0;val_eval;0.4;14;4.704166666666568;13.0;0.3618589743589667;-0.5925595238095308;-1.0;12.0;0.0714285714285714;0.0714285714285714;{'SL': 13, 'TIME': 1};0.0;1;0.3618589743589667;0.0;1
E2_open_pullback_0_5atr;M1_frozen_movement_top5;X6_trail_atr_3_activation_1;val_eval;0.4;14;4.704166666666568;13.0;0.3618589743589667;-0.5925595238095308;-1.0;12.0;0.0714285714285714;0.0714285714285714;{'SL': 13, 'TIME': 1};0.0;1;0.3618589743589667;0.0;1
E2_open_pullback_0_5atr;M1_frozen_movement_top5;X6_trail_atr_3_activation_2;val_eval;0.4;14;4.704166666666568;13.0;0.3618589743589667;-0.5925595238095308;-1.0;12.0;0.0714285714285714;0.0714285714285714;{'SL': 13, 'TIME': 1};0.0;1;0.3618589743589667;0.0;1
E2_open_pullback_0_5atr;M1_frozen_movement_top5;X6_trail_atr_3_activation_3;val_eval;0.4;14;4.704166666666568;13.0;0.3618589743589667;-0.5925595238095308;-1.0;12.0;0.0714285714285714;0.0714285714285714;{'SL': 13, 'TIME': 1};0.0;1;0.3618589743589667;0.0;1
E2_open_pullback_0_5atr;M1_frozen_movement_top5;X6_trail_atr_5_activation_0;val_eval;0.4;14;4.704166666666568;13.0;0.3618589743589667;-0.5925595238095308;-1.0;12.0;0.0714285714285714;0.0714285714285714;{'SL': 13, 'TIME': 1};0.0;1;0.3618589743589667;0.0;1
E2_open_pullback_0_5atr;M1_frozen_movement_top5;X6_trail_atr_5_activation_1;val_eval;0.4;14;4.704166666666568;13.0;0.3618589743589667;-0.5925595238095308;-1.0;12.0;0.0714285714285714;0.0714285714285714;{'SL': 13, 'TIME': 1};0.0;1;0.3618589743589667;0.0;1
E2_open_pullback_0_5atr;M1_frozen_movement_top5;X6_trail_atr_5_activation_2;val_eval;0.4;14;4.704166666666568;13.0;0.3618589743589667;-0.5925595238095308;-1.0;12.0;0.0714285714285714;0.0714285714285714;{'SL': 13, 'TIME': 1};0.0;1;0.3618589743589667;0.0;1
E2_open_pullback_0_5atr;M1_frozen_movement_top5;X6_trail_atr_5_activation_3;val_eval;0.4;14;4.704166666666568;13.0;0.3618589743589667;-0.5925595238095308;-1.0;12.0;0.0714285714285714;0.0714285714285714;{'SL': 13, 'TIME': 1};0.0;1;0.3618589743589667;0.0;1
E2_open_pullback_0_5atr;M1_frozen_movement_top5;X7_time_1;val_eval;0.4;14;3.14773067651726;7.206108886991755;0.4368141983254577;-0.2898841578910355;-0.5651397515527825;5.886864836146182;0.3571428571428571;0.0714285714285714;{'TIME': 8, 'SL': 6};0.0413035771498563;1;0.4368141983254577;0.0;1
E2_open_pullback_0_5atr;M1_frozen_movement_top5;X7_time_2;val_eval;0.4;14;4.774885456626827;8.503487970465482;0.561520810426389;-0.2663287509884753;-1.0;5.824830791879672;0.2857142857142857;0.0714285714285714;{'SL': 8, 'TIME': 6};0.0007684079524535;1;0.561520810426389;0.0;1
E2_open_pullback_0_5atr;M1_frozen_movement_top5;X7_time_6;val_eval;0.4;14;6.24173123796849;10.0;0.624173123796849;-0.2684477687165364;-1.0;6.670768762031404;0.2857142857142857;0.0714285714285714;{'SL': 10, 'TIME': 4};0.1134661921051007;1;0.624173123796849;0.0;1
E2_open_pullback_0_5atr;M1_frozen_movement_top5;X7_time_12;val_eval;0.4;14;4.877592323854597;11.0;0.4434174839867815;-0.4373148340103859;-1.0;8.384907676145342;0.2142857142857142;0.0714285714285714;{'SL': 11, 'TIME': 3};0.053505786249149;1;0.4434174839867815;0.0;1
E2_open_pullback_0_5atr;M1_frozen_movement_top5;X8_giveback_30_activation_1;val_eval;0.4;14;5.879042668004007;10.0;0.5879042668004006;-0.2943540951425709;-1.0;5.991790665329259;0.2857142857142857;0.0714285714285714;{'SL': 10, 'GIVEBACK': 4};0.1735224061510984;1;0.5879042668004006;0.0;1
E2_open_pullback_0_5atr;M1_frozen_movement_top5;X8_giveback_30_activation_2;val_eval;0.4;14;4.959525565388288;11.0;0.4508659604898444;-0.4314624596151222;-1.0;7.911307767944978;0.2142857142857142;0.0714285714285714;{'SL': 11, 'GIVEBACK': 3};0.0803267528931245;1;0.4508659604898444;0.0;1
E2_open_pullback_0_5atr;M1_frozen_movement_top5;X8_giveback_30_activation_3;val_eval;0.4;14;2.870833333333266;13.0;0.2208333333333281;-0.7235119047619095;-1.0;12.0;0.0714285714285714;0.0714285714285714;{'SL': 13, 'GIVEBACK': 1};0.0;1;0.2208333333333281;0.0;1
E2_open_pullback_0_5atr;M1_frozen_movement_top5;X8_giveback_50_activation_1;val_eval;0.4;14;3.952544816588788;10.0;0.3952544816588788;-0.4319610845293722;-1.0;6.672455183411188;0.2857142857142857;0.0714285714285714;{'SL': 10, 'GIVEBACK': 4};0.106925031012034;1;0.3952544816588788;0.0;1
E2_open_pullback_0_5atr;M1_frozen_movement_top5;X8_giveback_50_activation_2;val_eval;0.4;14;3.3650196656833176;11.0;0.3059108786984834;-0.5453557381654773;-1.0;8.259980334316658;0.2142857142857142;0.0714285714285714;{'SL': 11, 'GIVEBACK': 3};0.0803418803418771;1;0.3059108786984834;0.0;1
E2_open_pullback_0_5atr;M1_frozen_movement_top5;X8_giveback_50_activation_3;val_eval;0.4;14;1.6249999999999762;13.0;0.1249999999999981;-0.8125000000000018;-1.0;12.000000000000002;0.0714285714285714;0.0714285714285714;{'SL': 13, 'GIVEBACK': 1};0.0;1;0.1249999999999981;0.0;1
E2_open_pullback_0_5atr;M1_frozen_movement_top5;X8_giveback_70_activation_1;val_eval;0.4;14;1.8282193158953548;11.040412979351071;0.1655933812724832;-0.6580138331039798;-1.0;9.837193663455691;0.1428571428571428;0.0714285714285714;{'SL': 10, 'GIVEBACK': 4};0.0;1;0.1655933812724832;0.0;1
E2_open_pullback_0_5atr;M1_frozen_movement_top5;X8_giveback_70_activation_2;val_eval;0.4;14;1.6249999999999762;12.040412979351071;0.1349621481245535;-0.7439580699536498;-1.0;11.040412979351071;0.0714285714285714;0.0714285714285714;{'SL': 11, 'GIVEBACK': 3};0.0;1;0.1349621481245535;0.0;1
E2_open_pullback_0_5atr;M1_frozen_movement_top5;X8_giveback_70_activation_3;val_eval;0.4;14;1.6249999999999762;13.0;0.1249999999999981;-0.8125000000000018;-1.0;12.000000000000002;0.0714285714285714;0.0714285714285714;{'SL': 13, 'GIVEBACK': 1};0.0;1;0.1249999999999981;0.0;1
E3_open_pullback_1_0atr;M0_no_mask;X0_fixed_r_0_7;val_eval;0.4;2247;866.9694044510863;995.1457399545892;0.8711984281725892;-0.0570433179810872;0.6999999999999686;136.43653368682112;0.5527369826435247;0.2340898976412995;{'TP': 1237, 'SL': 990, 'TIME': 20};0.810857826038734;2;0.8521479532487437;0.0;2
E3_open_pullback_1_0atr;M0_no_mask;X1_ml_opposite_strong_p0_55;val_eval;0.4;2247;1590.4035863535446;1223.038383677032;1.3003709512141712;0.1634914119610647;-0.6078431372549138;54.93323378319401;0.308411214953271;0.2963951935914553;{'SL': 1041, 'ML_CLOSE': 906, 'TIME': 300};1.1375334382006883;0;1.1566905190020371;2.0;2
E3_open_pullback_1_0atr;M0_no_mask;X1_ml_opposite_strong_p0_65;val_eval;0.4;2247;1380.1636354088728;1615.3206003239832;0.8544208717031497;-0.1046537449555453;-1.0;297.52889151535544;0.1820204717400979;0.360925678682688;{'SL': 1480, 'ML_CLOSE': 449, 'TIME': 318};0.7562338683240136;2;0.7091431775280499;0.0;2
E3_open_pullback_1_0atr;M0_no_mask;X1_ml_opposite_strong_p0_75;val_eval;0.4;2247;1319.8684824415918;1888.5930517401569;0.6988633582155034;-0.2531039471733712;-1.0;596.8773544873856;0.1335113484646194;0.3902981753449043;{'SL': 1844, 'TIME': 318, 'ML_CLOSE': 85};0.6113036878166906;2;0.5888315519278965;0.0;2
E3_open_pullback_1_0atr;M0_no_mask;X2_ml_opposite_any_p0_50;val_eval;0.4;2247;1381.3953037584447;960.654426313878;1.4379731836129557;0.187245606339371;-0.2255319148934955;32.86800840631492;0.3680462839341344;0.2251891410769915;{'ML_CLOSE': 1339, 'SL': 774, 'TIME': 134};1.2627283043457078;0;1.3989479890268135;2.0;2
E3_open_pullback_1_0atr;M0_no_mask;X2_ml_opposite_any_p0_55;val_eval;0.4;2247;1519.7427340050822;965.3574707795595;1.5742797668285895;0.2467224135405084;-0.2247474747474639;31.226412068855183;0.3800623052959501;0.2309746328437917;{'ML_CLOSE': 1276, 'SL': 787, 'TIME': 184};1.4025462198808076;0;1.5224312840660597;2.0;2
E3_open_pullback_1_0atr;M0_no_mask;X2_ml_opposite_any_p0_60;val_eval;0.4;2247;1498.3804206319849;992.6265347333238;1.5095107456849677;0.2250796109918385;-0.2466666666665939;31.6191499047303;0.3711615487316422;0.242545616377392;{'ML_CLOSE': 1216, 'SL': 816, 'TIME': 215};1.3081444089475178;0;1.4260130136348312;2.0;2
E3_open_pullback_1_0atr;M0_no_mask;X3_ml_hold_close_p0_50;val_eval;0.4;2247;1589.5637425396278;1591.883729235341;0.9985426154856;-0.0010324818405487;-1.0;138.95393816941822;0.2265242545616377;0.3297730307076101;{'SL': 1520, 'ML_CLOSE': 412, 'TIME': 315};0.8728820634545017;1;0.8903823889827363;1.0;2
E3_open_pullback_1_0atr;M0_no_mask;X3_ml_hold_close_p0_60;val_eval;0.4;2247;1333.103763840008;1916.264518976788;0.6956783631060678;-0.259528595966524;-1.0;608.9667004987604;0.1366266132621272;0.3858477970627503;{'SL': 1902, 'TIME': 318, 'ML_CLOSE': 27};0.6020309086523643;2;0.5849185397283879;0.0;2
E3_open_pullback_1_0atr;M0_no_mask;X3_ml_hold_close_p0_70;val_eval;0.4;2247;1317.572206918408;1935.5139538521985;0.6807350596962018;-0.2750074530190433;-1.0;643.7476922957708;0.1299510458388963;0.3916332888295505;{'SL': 1926, 'TIME': 318, 'ML_CLOSE': 3};0.586742662084452;2;0.5737782931117952;0.0;2
E3_open_pullback_1_0atr;M0_no_mask;X4_ml_movement_exhaustion_p0_55;val_eval;0.4;2247;1317.1724522532854;1856.5840850144195;0.709460165518469;-0.2400585815581371;-1.0;567.8280543135907;0.1317311971517579;0.3920783266577659;{'SL': 1782, 'TIME': 318, 'ML_CLOSE': 147};0.6152399279829329;2;0.5946089496490811;0.0;2
E3_open_pullback_1_0atr;M0_no_mask;X4_ml_movement_exhaustion_p0_65;val_eval;0.4;2247;1316.8877624739634;1930.7546187784023;0.6820585845896692;-0.2731939725431413;-1.0;639.6728016664189;0.1295060080106809;0.3920783266577659;{'SL': 1916, 'TIME': 318, 'ML_CLOSE': 13};0.6002066272951428;2;0.574686225302493;0.0;2
E3_open_pullback_1_0atr;M0_no_mask;X4_ml_movement_exhaustion_p0_75;val_eval;0.4;2247;1316.8877624739634;1938.1899820543133;0.6794420436938676;-0.2765029904674454;-1.0;647.1081649423301;0.1295060080106809;0.3920783266577659;{'SL': 1929, 'TIME': 318};0.5886288128366768;2;0.5731990610335546;0.0;2
E3_open_pullback_1_0atr;M0_no_mask;X5_fixed_sl_ml_profit_exit_hold_close_p0_55;val_eval;0.4;2247;1395.9970314591633;1876.1899820543133;0.7440595274528817;-0.2137040278572096;-1.0;505.99889595713074;0.1570983533600356;0.3756119270137962;{'SL': 1867, 'TIME': 318, 'ML_CLOSE': 62};0.6514835505141197;2;0.6310049108257092;0.0;2
E3_open_pullback_1_0atr;M0_no_mask;X5_fixed_sl_ml_profit_exit_hold_close_p0_65;val_eval;0.4;2247;1322.8353883077011;1932.1899820543133;0.6846300832702052;-0.2711858450140687;-1.0;635.1605391085927;0.1321762349799733;0.3902981753449043;{'SL': 1923, 'TIME': 318, 'ML_CLOSE': 6};0.599037626098806;2;0.5800961348530284;0.0;2
E3_open_pullback_1_0atr;M0_no_mask;X5_fixed_sl_ml_profit_exit_hold_close_p0_75;val_eval;0.4;2247;1316.8877624739634;1938.1899820543133;0.6794420436938676;-0.2765029904674454;-1.0;647.1081649423301;0.1295060080106809;0.3920783266577659;{'SL': 1929, 'TIME': 318};0.5768150565390686;2;0.5731990610335546;0.0;2
E3_open_pullback_1_0atr;M0_no_mask;X5_fixed_sl_ml_profit_exit_movement_exhaustion_p0_55;val_eval;0.4;2247;1317.1724522532854;1933.1899820543133;0.6813466159459329;-0.2741511036052639;-1.0;641.8234751630084;0.1317311971517579;0.3920783266577659;{'SL': 1924, 'TIME': 318, 'ML_CLOSE': 5};0.5970060854187277;2;0.5738720623851966;0.0;2
E3_open_pullback_1_0atr;M0_no_mask;X5_fixed_sl_ml_profit_exit_movement_exhaustion_p0_65;val_eval;0.4;2247;1316.8877624739634;1938.1899820543133;0.6794420436938676;-0.2765029904674454;-1.0;647.1081649423301;0.1295060080106809;0.3920783266577659;{'SL': 1929, 'TIME': 318};0.603138061301831;2;0.5731990610335546;0.0;2
E3_open_pullback_1_0atr;M0_no_mask;X5_fixed_sl_ml_profit_exit_movement_exhaustion_p0_75;val_eval;0.4;2247;1316.8877624739634;1938.1899820543133;0.6794420436938676;-0.2765029904674454;-1.0;647.1081649423301;0.1295060080106809;0.3920783266577659;{'SL': 1929, 'TIME': 318};0.5987973391900338;2;0.5731990610335546;0.0;2
E3_open_pullback_1_0atr;M0_no_mask;X6_trail_atr_0_2_activation_0;val_eval;0.4;2247;1316.8877624739634;1938.1899820543133;0.6794420436938676;-0.2765029904674454;-1.0;647.1081649423301;0.1295060080106809;0.3920783266577659;{'SL': 1929, 'TIME': 318};0.5977879281187993;2;0.5731990610335546;0.0;2
E3_open_pullback_1_0atr;M0_no_mask;X6_trail_atr_0_2_activation_1;val_eval;0.4;2247;1316.8877624739634;1938.1899820543133;0.6794420436938676;-0.2765029904674454;-1.0;647.1081649423301;0.1295060080106809;0.3920783266577659;{'SL': 1929, 'TIME': 318};0.5889284988774377;2;0.5731990610335546;0.0;2
E3_open_pullback_1_0atr;M0_no_mask;X6_trail_atr_0_2_activation_2;val_eval;0.4;2247;1316.8877624739634;1938.1899820543133;0.6794420436938676;-0.2765029904674454;-1.0;647.1081649423301;0.1295060080106809;0.3920783266577659;{'SL': 1929, 'TIME': 318};0.587766696078362;2;0.5731990610335546;0.0;2
E3_open_pullback_1_0atr;M0_no_mask;X6_trail_atr_0_2_activation_3;val_eval;0.4;2247;1316.8877624739634;1938.1899820543133;0.6794420436938676;-0.2765029904674454;-1.0;647.1081649423301;0.1295060080106809;0.3920783266577659;{'SL': 1929, 'TIME': 318};0.5827943575520632;2;0.5731990610335546;0.0;2
E3_open_pullback_1_0atr;M0_no_mask;X6_trail_atr_2_activation_0;val_eval;0.4;2247;1316.8877624739634;1938.1899820543133;0.6794420436938676;-0.2765029904674454;-1.0;647.1081649423301;0.1295060080106809;0.3920783266577659;{'SL': 1929, 'TIME': 318};0.5836079709986904;2;0.5731990610335546;0.0;2
E3_open_pullback_1_0atr;M0_no_mask;X6_trail_atr_2_activation_1;val_eval;0.4;2247;1316.8877624739634;1938.1899820543133;0.6794420436938676;-0.2765029904674454;-1.0;647.1081649423301;0.1295060080106809;0.3920783266577659;{'SL': 1929, 'TIME': 318};0.5942631182899181;2;0.5731990610335546;0.0;2
E3_open_pullback_1_0atr;M0_no_mask;X6_trail_atr_2_activation_2;val_eval;0.4;2247;1316.8877624739634;1938.1899820543133;0.6794420436938676;-0.2765029904674454;-1.0;647.1081649423301;0.1295060080106809;0.3920783266577659;{'SL': 1929, 'TIME': 318};0.589532214721299;2;0.5731990610335546;0.0;2
E3_open_pullback_1_0atr;M0_no_mask;X6_trail_atr_2_activation_3;val_eval;0.4;2247;1316.8877624739634;1938.1899820543133;0.6794420436938676;-0.2765029904674454;-1.0;647.1081649423301;0.1295060080106809;0.3920783266577659;{'SL': 1929, 'TIME': 318};0.5818367974215287;2;0.5731990610335546;0.0;2
E3_open_pullback_1_0atr;M0_no_mask;X6_trail_atr_3_activation_0;val_eval;0.4;2247;1316.8877624739634;1938.1899820543133;0.6794420436938676;-0.2765029904674454;-1.0;647.1081649423301;0.1295060080106809;0.3920783266577659;{'SL': 1929, 'TIME': 318};0.5996648673087752;2;0.5731990610335546;0.0;2
E3_open_pullback_1_0atr;M0_no_mask;X6_trail_atr_3_activation_1;val_eval;0.4;2247;1316.8877624739634;1938.1899820543133;0.6794420436938676;-0.2765029904674454;-1.0;647.1081649423301;0.1295060080106809;0.3920783266577659;{'SL': 1929, 'TIME': 318};0.5963775663732814;2;0.5731990610335546;0.0;2
E3_open_pullback_1_0atr;M0_no_mask;X6_trail_atr_3_activation_2;val_eval;0.4;2247;1316.8877624739634;1938.1899820543133;0.6794420436938676;-0.2765029904674454;-1.0;647.1081649423301;0.1295060080106809;0.3920783266577659;{'SL': 1929, 'TIME': 318};0.5882407189446487;2;0.5731990610335546;0.0;2
E3_open_pullback_1_0atr;M0_no_mask;X6_trail_atr_3_activation_3;val_eval;0.4;2247;1316.8877624739634;1938.1899820543133;0.6794420436938676;-0.2765029904674454;-1.0;647.1081649423301;0.1295060080106809;0.3920783266577659;{'SL': 1929, 'TIME': 318};0.5962511902561229;2;0.5731990610335546;0.0;2
E3_open_pullback_1_0atr;M0_no_mask;X6_trail_atr_5_activation_0;val_eval;0.4;2247;1316.8877624739634;1938.1899820543133;0.6794420436938676;-0.2765029904674454;-1.0;647.1081649423301;0.1295060080106809;0.3920783266577659;{'SL': 1929, 'TIME': 318};0.5960016392570975;2;0.5731990610335546;0.0;2
E3_open_pullback_1_0atr;M0_no_mask;X6_trail_atr_5_activation_1;val_eval;0.4;2247;1316.8877624739634;1938.1899820543133;0.6794420436938676;-0.2765029904674454;-1.0;647.1081649423301;0.1295060080106809;0.3920783266577659;{'SL': 1929, 'TIME': 318};0.5975050901927984;2;0.5731990610335546;0.0;2
E3_open_pullback_1_0atr;M0_no_mask;X6_trail_atr_5_activation_2;val_eval;0.4;2247;1316.8877624739634;1938.1899820543133;0.6794420436938676;-0.2765029904674454;-1.0;647.1081649423301;0.1295060080106809;0.3920783266577659;{'SL': 1929, 'TIME': 318};0.6045662819750252;2;0.5731990610335546;0.0;2
E3_open_pullback_1_0atr;M0_no_mask;X6_trail_atr_5_activation_3;val_eval;0.4;2247;1316.8877624739634;1938.1899820543133;0.6794420436938676;-0.2765029904674454;-1.0;647.1081649423301;0.1295060080106809;0.3920783266577659;{'SL': 1929, 'TIME': 318};0.5941007393189447;2;0.5731990610335546;0.0;2
E3_open_pullback_1_0atr;M0_no_mask;X7_time_1;val_eval;0.4;2247;851.4374894962789;1259.405639489953;0.676062948107095;-0.1815612594542386;-1.0;413.3398186256663;0.3395638629283489;0.2705829995549622;{'SL': 1150, 'TIME': 1097};0.6109402842194597;2;0.6513939110993767;0.0;2
E3_open_pullback_1_0atr;M0_no_mask;X7_time_2;val_eval;0.4;2247;929.1834938733506;1395.6750231763367;0.6657592050036657;-0.2076063770818808;-1.0;468.231592328304;0.3052959501557632;0.2919448153093013;{'SL': 1317, 'TIME': 930};0.604531036614096;2;0.6405141857045701;0.0;2
E3_open_pullback_1_0atr;M0_no_mask;X7_time_6;val_eval;0.4;2247;1113.8368450775552;1671.496008571958;0.6663712263537868;-0.2481794230059646;-1.0;578.8241951939369;0.2216288384512683;0.3400089007565643;{'SL': 1635, 'TIME': 612};0.6008811138799381;2;0.6188736626848486;0.0;2
E3_open_pullback_1_0atr;M0_no_mask;X7_time_12;val_eval;0.4;2247;1179.488913469441;1800.5884785962014;0.6550574589864141;-0.2764128015695418;-1.0;642.2845663125532;0.1771250556297285;0.3671562082777036;{'SL': 1779, 'TIME': 468};0.5724771291430013;2;0.6005036402354573;0.0;2
E3_open_pullback_1_0atr;M0_no_mask;X8_giveback_30_activation_1;val_eval;0.4;2247;1091.784895275156;1643.6227380555306;0.6642551663447902;-0.2455887150780482;-1.0;555.2904477555275;0.2510013351134846;0.3226524254561638;{'SL': 1622, 'GIVEBACK': 532, 'TIME': 93};0.5829836305577449;2;0.6075157653492521;0.0;2
E3_open_pullback_1_0atr;M0_no_mask;X8_giveback_30_activation_2;val_eval;0.4;2247;1302.5586515925345;1762.385198560446;0.7390885106482351;-0.2046402078183851;-1.0;493.3455179394748;0.205607476635514;0.3431241655540721;{'SL': 1751, 'GIVEBACK': 355, 'TIME': 141};0.6541371112848938;2;0.6513759576975041;0.0;2
E3_open_pullback_1_0atr;M0_no_mask;X8_giveback_30_activation_3;val_eval;0.4;2247;1319.2269097442993;1843.00837523949;0.7158008218887623;-0.2331025658634582;-1.0;554.400848241053;0.1717846016911437;0.3627058299955496;{'SL': 1834, 'GIVEBACK': 245, 'TIME': 168};0.638441719307621;2;0.5976378561383124;0.0;2
E3_open_pullback_1_0atr;M0_no_mask;X8_giveback_50_activation_1;val_eval;0.4;2247;1143.8666564312157;1663.5533425083836;0.687604435158322;-0.2312802341242403;-1.0;531.2266816755784;0.240320427236315;0.3297730307076101;{'SL': 1640, 'GIVEBACK': 449, 'TIME': 158};0.6033666139638644;2;0.623153316312161;0.0;2
E3_open_pullback_1_0atr;M0_no_mask;X8_giveback_50_activation_2;val_eval;0.4;2247;1307.5862091689987;1771.592144807472;0.7380853505145232;-0.2065001938755999;-1.0;496.0201001697388;0.2002670226969292;0.3471295060080107;{'SL': 1760, 'GIVEBACK': 285, 'TIME': 202};0.6491530992982714;2;0.6494184683937105;0.0;2
E3_open_pullback_1_0atr;M0_no_mask;X8_giveback_50_activation_3;val_eval;0.4;2247;1334.3045715947528;1847.1944881531824;0.7223411395779906;-0.2282554145787402;-1.0;541.906943844386;0.1691143747218513;0.3644859813084112;{'SL': 1838, 'TIME': 232, 'GIVEBACK': 177};0.6354473623605216;2;0.6227040702548021;0.0;2
E3_open_pullback_1_0atr;M0_no_mask;X8_giveback_70_activation_1;val_eval;0.4;2247;1104.275254391439;1710.8196088627617;0.645465628679278;-0.2699351822302281;-1.0;638.8339107729428;0.2113929684023142;0.3453493546951491;{'SL': 1680, 'GIVEBACK': 358, 'TIME': 209};0.5442114335930262;2;0.590220436089107;0.0;2
E3_open_pullback_1_0atr;M0_no_mask;X8_giveback_70_activation_2;val_eval;0.4;2247;1219.9335453316935;1801.5447337902;0.6771597298975325;-0.2588389801773502;-1.0;612.7522911518789;0.1833555852247441;0.3582554517133956;{'SL': 1788, 'TIME': 245, 'GIVEBACK': 214};0.5907505493498035;2;0.6002747000564482;0.0;2
E3_open_pullback_1_0atr;M0_no_mask;X8_giveback_70_activation_3;val_eval;0.4;2247;1262.2065917954023;1863.963819032669;0.6771626031080595;-0.2678047295225932;-1.0;628.807075038272;0.1593235425011126;0.3716065865598575;{'SL': 1854, 'TIME': 267, 'GIVEBACK': 126};0.5839440123453572;2;0.5862631154719374;0.0;2
E3_open_pullback_1_0atr;M1_frozen_movement_top5;X0_fixed_r_0_7;val_eval;0.4;9;3.4999999999999245;4.0;0.8749999999999811;-0.0555555555555639;0.6999999999999535;1.0;0.5555555555555556;0.2222222222222222;{'TP': 5, 'SL': 4};0.1999999999999953;1;0.8749999999999811;0.0;1
E3_open_pullback_1_0atr;M1_frozen_movement_top5;X1_ml_opposite_strong_p0_55;val_eval;0.4;9;0.7363346607151826;5.0;0.1472669321430365;-0.4737405932538686;-1.0;4.720000000000013;0.4444444444444444;0.5555555555555556;{'SL': 5, 'ML_CLOSE': 4};0.0178811667767444;1;0.1472669321430365;0.0;1
E3_open_pullback_1_0atr;M1_frozen_movement_top5;X1_ml_opposite_strong_p0_65;val_eval;0.4;9;0.0;8.23861852433281;0.0;-0.9154020582592012;-1.0;7.238618524332811;0.0;0.6666666666666666;{'SL': 8, 'ML_CLOSE': 1};0.0;1;0.0;0.0;1
E3_open_pullback_1_0atr;M1_frozen_movement_top5;X1_ml_opposite_strong_p0_75;val_eval;0.4;9;0.0;9.0;0.0;-1.0;-1.0;8.0;0.0;0.6666666666666666;{'SL': 9};0.0;1;0.0;0.0;1
E3_open_pullback_1_0atr;M1_frozen_movement_top5;X2_ml_opposite_any_p0_50;val_eval;0.4;9;1.5046218825806;2.1628571428571144;0.6956640144031928;-0.0731372511418349;0.0588235294117961;1.2900801250733651;0.6666666666666666;0.2222222222222222;{'ML_CLOSE': 7, 'SL': 2};0.1262477825863029;1;0.6956640144031928;0.0;1
E3_open_pullback_1_0atr;M1_frozen_movement_top5;X2_ml_opposite_any_p0_55;val_eval;0.4;9;2.2209009523479946;2.1628571428571144;1.0268366358280163;0.0064493121656533;0.0588235294117961;1.162857142857114;0.6666666666666666;0.2222222222222222;{'ML_CLOSE': 7, 'SL': 2};0.1063765709658681;0;1.0268366358280163;1.0;1
E3_open_pullback_1_0atr;M1_frozen_movement_top5;X2_ml_opposite_any_p0_60;val_eval;0.4;9;4.508744089602698;2.0;2.254372044801349;0.2787493432891886;0.1755102040816553;1.0;0.7777777777777778;0.2222222222222222;{'ML_CLOSE': 7, 'SL': 2};0.3974314158450928;0;2.254372044801349;1.0;1
E3_open_pullback_1_0atr;M1_frozen_movement_top5;X3_ml_hold_close_p0_50;val_eval;0.4;9;0.0;8.23861852433281;0.0;-0.9154020582592012;-1.0;7.238618524332811;0.0;0.6666666666666666;{'SL': 8, 'ML_CLOSE': 1};0.0;1;0.0;0.0;1
E3_open_pullback_1_0atr;M1_frozen_movement_top5;X3_ml_hold_close_p0_60;val_eval;0.4;9;0.0;9.0;0.0;-1.0;-1.0;8.0;0.0;0.6666666666666666;{'SL': 9};0.0;1;0.0;0.0;1
E3_open_pullback_1_0atr;M1_frozen_movement_top5;X3_ml_hold_close_p0_70;val_eval;0.4;9;0.0;9.0;0.0;-1.0;-1.0;8.0;0.0;0.6666666666666666;{'SL': 9};0.0;1;0.0;0.0;1
E3_open_pullback_1_0atr;M1_frozen_movement_top5;X4_ml_movement_exhaustion_p0_55;val_eval;0.4;9;0.0;8.23861852433281;0.0;-0.9154020582592012;-1.0;7.238618524332811;0.0;0.6666666666666666;{'SL': 8, 'ML_CLOSE': 1};0.0;1;0.0;0.0;1
E3_open_pullback_1_0atr;M1_frozen_movement_top5;X4_ml_movement_exhaustion_p0_65;val_eval;0.4;9;0.0;9.0;0.0;-1.0;-1.0;8.0;0.0;0.6666666666666666;{'SL': 9};0.0;1;0.0;0.0;1
E3_open_pullback_1_0atr;M1_frozen_movement_top5;X4_ml_movement_exhaustion_p0_75;val_eval;0.4;9;0.0;9.0;0.0;-1.0;-1.0;8.0;0.0;0.6666666666666666;{'SL': 9};0.0;1;0.0;0.0;1
E3_open_pullback_1_0atr;M1_frozen_movement_top5;X5_fixed_sl_ml_profit_exit_hold_close_p0_55;val_eval;0.4;9;0.0;9.0;0.0;-1.0;-1.0;8.0;0.0;0.6666666666666666;{'SL': 9};0.0;1;0.0;0.0;1
E3_open_pullback_1_0atr;M1_frozen_movement_top5;X5_fixed_sl_ml_profit_exit_hold_close_p0_65;val_eval;0.4;9;0.0;9.0;0.0;-1.0;-1.0;8.0;0.0;0.6666666666666666;{'SL': 9};0.0;1;0.0;0.0;1
E3_open_pullback_1_0atr;M1_frozen_movement_top5;X5_fixed_sl_ml_profit_exit_hold_close_p0_75;val_eval;0.4;9;0.0;9.0;0.0;-1.0;-1.0;8.0;0.0;0.6666666666666666;{'SL': 9};0.0;1;0.0;0.0;1
E3_open_pullback_1_0atr;M1_frozen_movement_top5;X5_fixed_sl_ml_profit_exit_movement_exhaustion_p0_55;val_eval;0.4;9;0.0;9.0;0.0;-1.0;-1.0;8.0;0.0;0.6666666666666666;{'SL': 9};0.0;1;0.0;0.0;1
E3_open_pullback_1_0atr;M1_frozen_movement_top5;X5_fixed_sl_ml_profit_exit_movement_exhaustion_p0_65;val_eval;0.4;9;0.0;9.0;0.0;-1.0;-1.0;8.0;0.0;0.6666666666666666;{'SL': 9};0.0;1;0.0;0.0;1
E3_open_pullback_1_0atr;M1_frozen_movement_top5;X5_fixed_sl_ml_profit_exit_movement_exhaustion_p0_75;val_eval;0.4;9;0.0;9.0;0.0;-1.0;-1.0;8.0;0.0;0.6666666666666666;{'SL': 9};0.0;1;0.0;0.0;1
E3_open_pullback_1_0atr;M1_frozen_movement_top5;X6_trail_atr_0_2_activation_0;val_eval;0.4;9;0.0;9.0;0.0;-1.0;-1.0;8.0;0.0;0.6666666666666666;{'SL': 9};0.0;1;0.0;0.0;1
E3_open_pullback_1_0atr;M1_frozen_movement_top5;X6_trail_atr_0_2_activation_1;val_eval;0.4;9;0.0;9.0;0.0;-1.0;-1.0;8.0;0.0;0.6666666666666666;{'SL': 9};0.0;1;0.0;0.0;1
E3_open_pullback_1_0atr;M1_frozen_movement_top5;X6_trail_atr_0_2_activation_2;val_eval;0.4;9;0.0;9.0;0.0;-1.0;-1.0;8.0;0.0;0.6666666666666666;{'SL': 9};0.0;1;0.0;0.0;1
E3_open_pullback_1_0atr;M1_frozen_movement_top5;X6_trail_atr_0_2_activation_3;val_eval;0.4;9;0.0;9.0;0.0;-1.0;-1.0;8.0;0.0;0.6666666666666666;{'SL': 9};0.0;1;0.0;0.0;1
E3_open_pullback_1_0atr;M1_frozen_movement_top5;X6_trail_atr_2_activation_0;val_eval;0.4;9;0.0;9.0;0.0;-1.0;-1.0;8.0;0.0;0.6666666666666666;{'SL': 9};0.0;1;0.0;0.0;1
E3_open_pullback_1_0atr;M1_frozen_movement_top5;X6_trail_atr_2_activation_1;val_eval;0.4;9;0.0;9.0;0.0;-1.0;-1.0;8.0;0.0;0.6666666666666666;{'SL': 9};0.0;1;0.0;0.0;1
E3_open_pullback_1_0atr;M1_frozen_movement_top5;X6_trail_atr_2_activation_2;val_eval;0.4;9;0.0;9.0;0.0;-1.0;-1.0;8.0;0.0;0.6666666666666666;{'SL': 9};0.0;1;0.0;0.0;1
E3_open_pullback_1_0atr;M1_frozen_movement_top5;X6_trail_atr_2_activation_3;val_eval;0.4;9;0.0;9.0;0.0;-1.0;-1.0;8.0;0.0;0.6666666666666666;{'SL': 9};0.0;1;0.0;0.0;1
E3_open_pullback_1_0atr;M1_frozen_movement_top5;X6_trail_atr_3_activation_0;val_eval;0.4;9;0.0;9.0;0.0;-1.0;-1.0;8.0;0.0;0.6666666666666666;{'SL': 9};0.0;1;0.0;0.0;1
E3_open_pullback_1_0atr;M1_frozen_movement_top5;X6_trail_atr_3_activation_1;val_eval;0.4;9;0.0;9.0;0.0;-1.0;-1.0;8.0;0.0;0.6666666666666666;{'SL': 9};0.0;1;0.0;0.0;1
E3_open_pullback_1_0atr;M1_frozen_movement_top5;X6_trail_atr_3_activation_2;val_eval;0.4;9;0.0;9.0;0.0;-1.0;-1.0;8.0;0.0;0.6666666666666666;{'SL': 9};0.0;1;0.0;0.0;1
E3_open_pullback_1_0atr;M1_frozen_movement_top5;X6_trail_atr_3_activation_3;val_eval;0.4;9;0.0;9.0;0.0;-1.0;-1.0;8.0;0.0;0.6666666666666666;{'SL': 9};0.0;1;0.0;0.0;1
E3_open_pullback_1_0atr;M1_frozen_movement_top5;X6_trail_atr_5_activation_0;val_eval;0.4;9;0.0;9.0;0.0;-1.0;-1.0;8.0;0.0;0.6666666666666666;{'SL': 9};0.0;1;0.0;0.0;1
E3_open_pullback_1_0atr;M1_frozen_movement_top5;X6_trail_atr_5_activation_1;val_eval;0.4;9;0.0;9.0;0.0;-1.0;-1.0;8.0;0.0;0.6666666666666666;{'SL': 9};0.0;1;0.0;0.0;1
E3_open_pullback_1_0atr;M1_frozen_movement_top5;X6_trail_atr_5_activation_2;val_eval;0.4;9;0.0;9.0;0.0;-1.0;-1.0;8.0;0.0;0.6666666666666666;{'SL': 9};0.0;1;0.0;0.0;1
E3_open_pullback_1_0atr;M1_frozen_movement_top5;X6_trail_atr_5_activation_3;val_eval;0.4;9;0.0;9.0;0.0;-1.0;-1.0;8.0;0.0;0.6666666666666666;{'SL': 9};0.0;1;0.0;0.0;1
E3_open_pullback_1_0atr;M1_frozen_movement_top5;X7_time_1;val_eval;0.4;9;2.365706468633618;5.238618524332812;0.4515897574227193;-0.3192124506332436;-1.0;3.238618524332811;0.3333333333333333;0.3333333333333333;{'SL': 5, 'TIME': 4};0.054870194469983;1;0.4515897574227193;0.0;1
E3_open_pullback_1_0atr;M1_frozen_movement_top5;X7_time_2;val_eval;0.4;9;3.4274483746983417;5.904238618524347;0.5805064117742192;-0.2751989159806672;-1.0;3.9042386185243463;0.3333333333333333;0.3333333333333333;{'SL': 5, 'TIME': 4};0.0780774577954215;1;0.5805064117742192;0.0;1
E3_open_pullback_1_0atr;M1_frozen_movement_top5;X7_time_6;val_eval;0.4;9;4.451685232232098;6.0;0.7419475387053497;-0.1720349741964335;-1.0;4.0;0.3333333333333333;0.3333333333333333;{'SL': 6, 'TIME': 3};0.1203571428571311;1;0.7419475387053497;0.0;1
E3_open_pullback_1_0atr;M1_frozen_movement_top5;X7_time_12;val_eval;0.4;9;2.2194957983191665;7.0;0.3170708283313095;-0.5311671335200926;-1.0;4.0;0.2222222222222222;0.4444444444444444;{'SL': 7, 'TIME': 2};0.0;1;0.3170708283313095;0.0;1
E3_open_pullback_1_0atr;M1_frozen_movement_top5;X8_giveback_30_activation_1;val_eval;0.4;9;3.5931626604126823;6.0;0.5988604434021138;-0.2674263710652575;-1.0;4.0;0.3333333333333333;0.3333333333333333;{'SL': 6, 'GIVEBACK': 3};0.0728571428571368;1;0.5988604434021138;0.0;1
E3_open_pullback_1_0atr;M1_frozen_movement_top5;X8_giveback_30_activation_2;val_eval;0.4;9;5.463246694026042;6.0;0.9105411156710068;-0.0596392562193286;-1.0;4.0;0.3333333333333333;0.3333333333333333;{'SL': 6, 'GIVEBACK': 3};0.1215686274509726;1;0.9105411156710068;0.0;1
E3_open_pullback_1_0atr;M1_frozen_movement_top5;X8_giveback_30_activation_3;val_eval;0.4;9;7.329913360692572;6.0;1.2216522267820953;0.1477681511880635;-1.0;4.0;0.3333333333333333;0.3333333333333333;{'SL': 6, 'GIVEBACK': 3};0.2738372093023029;0;1.2216522267820953;1.0;1
E3_open_pullback_1_0atr;M1_frozen_movement_top5;X8_giveback_50_activation_1;val_eval;0.4;9;3.160057325255421;6.0;0.5266762208759035;-0.315549186082731;-1.0;4.0;0.3333333333333333;0.3333333333333333;{'SL': 6, 'GIVEBACK': 3};0.0728571428571368;1;0.5266762208759035;0.0;1
E3_open_pullback_1_0atr;M1_frozen_movement_top5;X8_giveback_50_activation_2;val_eval;0.4;9;4.31434303954105;6.0;0.7190571732568416;-0.1872952178287722;-1.0;4.0;0.3333333333333333;0.3333333333333333;{'SL': 6, 'GIVEBACK': 3};0.1966307569539259;1;0.7190571732568416;0.0;1
E3_open_pullback_1_0atr;M1_frozen_movement_top5;X8_giveback_50_activation_3;val_eval;0.4;9;5.408460686599781;6.0;0.9014101144332968;-0.0657265903778021;-1.0;4.0;0.3333333333333333;0.3333333333333333;{'SL': 6, 'GIVEBACK': 3};0.2005813953488181;1;0.9014101144332968;0.0;1
E3_open_pullback_1_0atr;M1_frozen_movement_top5;X8_giveback_70_activation_1;val_eval;0.4;9;0.279999999999987;7.54117647058815;0.0371294851794058;-0.806797385620907;-1.0;6.261176470588163;0.1111111111111111;0.4444444444444444;{'SL': 7, 'GIVEBACK': 2};0.0;1;0.0371294851794058;0.0;1
E3_open_pullback_1_0atr;M1_frozen_movement_top5;X8_giveback_70_activation_2;val_eval;0.4;9;0.279999999999987;7.54117647058815;0.0371294851794058;-0.806797385620907;-1.0;6.261176470588163;0.1111111111111111;0.4444444444444444;{'SL': 7, 'GIVEBACK': 2};0.0;1;0.0371294851794058;0.0;1
E3_open_pullback_1_0atr;M1_frozen_movement_top5;X8_giveback_70_activation_3;val_eval;0.4;9;0.279999999999987;8.0;0.0349999999999983;-0.8577777777777792;-1.0;6.720000000000013;0.1111111111111111;0.5555555555555556;{'SL': 8, 'GIVEBACK': 1};0.0;1;0.0349999999999983;0.0;1
