original_rank;rule_id;profile_id;model_id;target_id;filter_id;time_basis;calendar_field;calendar_value;n_trades;gross_profit;gross_loss;pf;mean_pnl_r;median_pnl_r;max_drawdown_r;win_rate;ambiguous_same_bar_rate;exit_reason_counts
1;rank01_time_only_linear_target_entry_ev_regression_top30;time_only;linear;target_entry_ev_regression;top30;signal_time;month;1;37;25.426684100518944;2.404258055617189;10.57568842958155;0.6222277309432906;0.0434210526315399;0.6370168067227073;0.5405405405405406;0.0;{'ML_CLOSE': 26, 'TIME': 11}
1;rank01_time_only_linear_target_entry_ev_regression_top30;time_only;linear;target_entry_ev_regression;top30;signal_time;month;2;30;17.88858777065549;7.277719244160592;2.457993661270833;0.35369561754983003;-0.09868421052633185;3.1190889111877773;0.3;0.0;{'ML_CLOSE': 23, 'TIME': 5, 'SL': 2}
1;rank01_time_only_linear_target_entry_ev_regression_top30;time_only;linear;target_entry_ev_regression;top30;signal_time;month;3;54;24.8029060852591;5.530961341699065;4.484375238399307;0.3568878656214821;-0.00040010002500590015;1.6911123658949485;0.5;0.0;{'ML_CLOSE': 38, 'TIME': 14, 'SL': 2}
1;rank01_time_only_linear_target_entry_ev_regression_top30;time_only;linear;target_entry_ev_regression;top30;signal_time;month;4;68;31.55913014129689;8.05188814411191;3.91946951776461;0.34569473525272026;0.0815540540540537;1.7839622641509436;0.5441176470588235;0.0;{'ML_CLOSE': 44, 'TIME': 23, 'SL': 1}
1;rank01_time_only_linear_target_entry_ev_regression_top30;time_only;linear;target_entry_ev_regression;top30;signal_time;month;5;55;29.32735131982965;4.717105473177915;6.217234591549595;0.447459015393668;0.0426829268292292;1.2216575922564878;0.5818181818181818;0.0;{'ML_CLOSE': 39, 'TIME': 16}
1;rank01_time_only_linear_target_entry_ev_regression_top30;time_only;linear;target_entry_ev_regression;top30;signal_time;month;6;50;23.441304341306992;5.072557921306583;4.621199936001719;0.3673749284000082;0.060465440356729;1.4157323232323442;0.54;0.0;{'ML_CLOSE': 34, 'TIME': 16}
1;rank01_time_only_linear_target_entry_ev_regression_top30;time_only;linear;target_entry_ev_regression;top30;signal_time;month;7;66;26.18707706614204;8.68146640874232;3.0164347626538532;0.26523652511211704;0.07554347826086225;3.3905792682927585;0.5757575757575758;0.0;{'ML_CLOSE': 46, 'TIME': 18, 'SL': 2}
1;rank01_time_only_linear_target_entry_ev_regression_top30;time_only;linear;target_entry_ev_regression;top30;signal_time;month;8;66;21.53854351463248;7.795181846845016;2.763058506883952;0.20823275254223428;-0.0159574468085201;1.8927809388335497;0.48484848484848486;0.0;{'ML_CLOSE': 51, 'TIME': 13, 'SL': 2}
1;rank01_time_only_linear_target_entry_ev_regression_top30;time_only;linear;target_entry_ev_regression;top30;signal_time;month;9;73;40.218206481829434;8.26438804678053;4.866447007833425;0.43772354020614945;0.0999999999999943;1.379668539288212;0.5753424657534246;0.0;{'ML_CLOSE': 46, 'TIME': 24, 'SL': 3}
1;rank01_time_only_linear_target_entry_ev_regression_top30;time_only;linear;target_entry_ev_regression;top30;signal_time;month;10;54;16.151173559404754;6.929183132032069;2.330891427120966;0.17077760050690152;-0.0315043604651122;2.9743302983102407;0.42592592592592593;0.0;{'ML_CLOSE': 43, 'TIME': 10, 'SL': 1}
1;rank01_time_only_linear_target_entry_ev_regression_top30;time_only;linear;target_entry_ev_regression;top30;signal_time;month;11;76;32.12991763080104;7.079525553585059;4.538428089228452;0.3296104220686312;0.026233692569472902;2.1233896185116166;0.5657894736842105;0.0;{'ML_CLOSE': 55, 'TIME': 21}
1;rank01_time_only_linear_target_entry_ev_regression_top30;time_only;linear;target_entry_ev_regression;top30;signal_time;month;12;31;9.589028712318244;2.2652601259738048;4.233080608433899;0.23625059955949804;0.0336956521739316;0.7511230866494385;0.5806451612903226;0.0;{'ML_CLOSE': 24, 'TIME': 7}
1;rank01_time_only_linear_target_entry_ev_regression_top30;time_only;linear;target_entry_ev_regression;top30;signal_time;quarter;1;121;68.11817795643353;15.212938641476846;4.477647584189607;0.43723338276823703;-0.0129032258064397;3.119088911187788;0.4628099173553719;0.0;{'ML_CLOSE': 87, 'TIME': 30, 'SL': 4}
1;rank01_time_only_linear_target_entry_ev_regression_top30;time_only;linear;target_entry_ev_regression;top30;signal_time;quarter;2;173;84.32778580243354;17.84155153859641;4.7264827624440775;0.3843134928545499;0.0584905660377462;1.7839622641509436;0.5549132947976878;0.0;{'ML_CLOSE': 117, 'TIME': 55, 'SL': 1}
1;rank01_time_only_linear_target_entry_ev_regression_top30;time_only;linear;target_entry_ev_regression;top30;signal_time;quarter;3;205;87.94382706260396;24.74103630236787;3.5545733003183537;0.30830629639139556;0.038888888888904;3.3905792682927585;0.5463414634146342;0.0;{'ML_CLOSE': 143, 'TIME': 55, 'SL': 7}
1;rank01_time_only_linear_target_entry_ev_regression_top30;time_only;linear;target_entry_ev_regression;top30;signal_time;quarter;4;161;57.870119902524024;16.273968811590933;3.5559930446288397;0.2583611869002056;0.0051282051282004;3.3286832662641856;0.5217391304347826;0.0;{'ML_CLOSE': 122, 'TIME': 38, 'SL': 1}
1;rank01_time_only_linear_target_entry_ev_regression_top30;time_only;linear;target_entry_ev_regression;top30;fill_time;month;1;37;25.426684100518944;2.404258055617189;10.57568842958155;0.6222277309432906;0.0434210526315399;0.6370168067227073;0.5405405405405406;0.0;{'ML_CLOSE': 26, 'TIME': 11}
1;rank01_time_only_linear_target_entry_ev_regression_top30;time_only;linear;target_entry_ev_regression;top30;fill_time;month;2;30;17.88858777065549;7.277719244160592;2.457993661270833;0.35369561754983003;-0.09868421052633185;3.1190889111877773;0.3;0.0;{'ML_CLOSE': 23, 'TIME': 5, 'SL': 2}
1;rank01_time_only_linear_target_entry_ev_regression_top30;time_only;linear;target_entry_ev_regression;top30;fill_time;month;3;53;24.8029060852591;5.428635760303703;4.568902239974838;0.3655522702821773;0.0026881720430082;1.6911123658949485;0.5094339622641509;0.0;{'ML_CLOSE': 37, 'TIME': 14, 'SL': 2}
1;rank01_time_only_linear_target_entry_ev_regression_top30;time_only;linear;target_entry_ev_regression;top30;fill_time;month;4;68;31.55913014129689;7.855122816416367;4.017649485421371;0.3485883430129489;0.0815540540540537;1.7839622641509436;0.5441176470588235;0.0;{'ML_CLOSE': 44, 'TIME': 23, 'SL': 1}
1;rank01_time_only_linear_target_entry_ev_regression_top30;time_only;linear;target_entry_ev_regression;top30;fill_time;month;5;55;29.32735131982965;4.762787291359726;6.15760258137772;0.44662843688127146;0.0426829268292292;1.2216575922564878;0.5818181818181818;0.0;{'ML_CLOSE': 39, 'TIME': 16}
1;rank01_time_only_linear_target_entry_ev_regression_top30;time_only;linear;target_entry_ev_regression;top30;fill_time;month;6;49;23.441304341306992;4.995238811844606;4.692729461847441;0.3764503169278037;0.0619565217391232;1.314595959595966;0.5510204081632653;0.0;{'ML_CLOSE': 33, 'TIME': 16}
1;rank01_time_only_linear_target_entry_ev_regression_top30;time_only;linear;target_entry_ev_regression;top30;fill_time;month;7;67;24.81434979341477;9.012194609113392;2.7534192135977382;0.23585306245225937;0.038888888888904;3.3905792682927585;0.5522388059701493;0.0;{'ML_CLOSE': 48, 'TIME': 17, 'SL': 2}
1;rank01_time_only_linear_target_entry_ev_regression_top30;time_only;linear;target_entry_ev_regression;top30;fill_time;month;8;67;22.91127078735975;7.795181846845016;2.9391579616109595;0.22561326776887666;-0.0159574468085201;1.8927809388335497;0.4925373134328358;0.0;{'ML_CLOSE': 51, 'TIME': 14, 'SL': 2}
1;rank01_time_only_linear_target_entry_ev_regression_top30;time_only;linear;target_entry_ev_regression;top30;fill_time;month;9;72;39.12285764462014;8.26438804678053;4.733908599543655;0.42858985552555023;0.09935897435897059;1.379668539288212;0.5694444444444444;0.0;{'ML_CLOSE': 46, 'TIME': 23, 'SL': 3}
1;rank01_time_only_linear_target_entry_ev_regression_top30;time_only;linear;target_entry_ev_regression;top30;fill_time;month;10;55;17.246522396614047;6.929183132032069;2.4889690556578334;0.18758798662876325;-0.0281249999999977;2.9743302983102407;0.43636363636363634;0.0;{'ML_CLOSE': 43, 'TIME': 11, 'SL': 1}
1;rank01_time_only_linear_target_entry_ev_regression_top30;time_only;linear;target_entry_ev_regression;top30;fill_time;month;11;74;32.12991763080104;6.150038374097853;5.224344252244469;0.3510794494149079;0.03109756097558125;1.4272357723577578;0.581081081081081;0.0;{'ML_CLOSE': 53, 'TIME': 21}
1;rank01_time_only_linear_target_entry_ev_regression_top30;time_only;linear;target_entry_ev_regression;top30;fill_time;month;12;33;9.589028712318244;3.1947473054610116;3.0014983331943115;0.19376610323809793;0.0161764705882206;1.1630288461538294;0.5454545454545454;0.0;{'ML_CLOSE': 26, 'TIME': 7}
1;rank01_time_only_linear_target_entry_ev_regression_top30;time_only;linear;target_entry_ev_regression;top30;fill_time;quarter;1;120;68.11817795643353;15.110613060081484;4.507969179383262;0.44172970746960033;-0.00984144341169135;3.119088911187788;0.4666666666666667;0.0;{'ML_CLOSE': 86, 'TIME': 30, 'SL': 4}
1;rank01_time_only_linear_target_entry_ev_regression_top30;time_only;linear;target_entry_ev_regression;top30;fill_time;quarter;2;172;84.32778580243354;17.6131489196207;4.787774530679977;0.38787579583030724;0.0587324625060405;1.7839622641509436;0.5581395348837209;0.0;{'ML_CLOSE': 116, 'TIME': 55, 'SL': 1}
1;rank01_time_only_linear_target_entry_ev_regression_top30;time_only;linear;target_entry_ev_regression;top30;fill_time;quarter;3;206;86.84847822539469;25.071764502738937;3.4639954525700425;0.29988695981871705;0.0366666666666585;3.3905792682927585;0.5388349514563107;0.0;{'ML_CLOSE': 145, 'TIME': 54, 'SL': 7}
1;rank01_time_only_linear_target_entry_ev_regression_top30;time_only;linear;target_entry_ev_regression;top30;fill_time;quarter;4;162;58.965468739733325;16.273968811590933;3.623299849126901;0.2635277773342123;0.00867521367520575;3.328683266264182;0.5246913580246914;0.0;{'ML_CLOSE': 122, 'TIME': 39, 'SL': 1}
1;rank01_time_only_linear_target_entry_ev_regression_top30;time_only;linear;target_entry_ev_regression;top30;exit_time;month;1;37;25.426684100518944;2.404258055617189;10.57568842958155;0.6222277309432906;0.0434210526315399;0.6370168067227073;0.5405405405405406;0.0;{'ML_CLOSE': 26, 'TIME': 11}
1;rank01_time_only_linear_target_entry_ev_regression_top30;time_only;linear;target_entry_ev_regression;top30;exit_time;month;2;29;17.320254437322163;7.277719244160592;2.3799014301382098;0.3462943170055715;-0.1026315789473959;3.1190889111877773;0.27586206896551724;0.0;{'ML_CLOSE': 22, 'TIME': 5, 'SL': 2}
1;rank01_time_only_linear_target_entry_ev_regression_top30;time_only;linear;target_entry_ev_regression;top30;exit_time;month;3;53;21.7200766278948;5.428635760303703;4.001019332835047;0.3073856767470018;0.0026881720430082;1.6911123658949503;0.5094339622641509;0.0;{'ML_CLOSE': 38, 'TIME': 13, 'SL': 2}
1;rank01_time_only_linear_target_entry_ev_regression_top30;time_only;linear;target_entry_ev_regression;top30;exit_time;month;4;69;35.21029293199452;7.855122816416367;4.482462433102736;0.39645174080548046;0.1081081081081006;1.7839622641509436;0.5507246376811594;0.0;{'ML_CLOSE': 44, 'TIME': 24, 'SL': 1}
1;rank01_time_only_linear_target_entry_ev_regression_top30;time_only;linear;target_entry_ev_regression;top30;exit_time;month;5;55;29.32735131982965;4.762787291359726;6.15760258137772;0.44662843688127146;0.0426829268292292;1.2216575922564878;0.5818181818181818;0.0;{'ML_CLOSE': 39, 'TIME': 16}
1;rank01_time_only_linear_target_entry_ev_regression_top30;time_only;linear;target_entry_ev_regression;top30;exit_time;month;6;48;21.413304341306993;4.995238811844606;4.286742866133289;0.3420430318637997;0.060465440356729;1.314595959595966;0.5416666666666666;0.0;{'ML_CLOSE': 33, 'TIME': 15}
1;rank01_time_only_linear_target_entry_ev_regression_top30;time_only;linear;target_entry_ev_regression;top30;exit_time;month;7;68;26.842349793414765;9.012194609113392;2.978447643182384;0.26220816447502016;0.0520531400966208;3.390579268292757;0.5588235294117647;0.0;{'ML_CLOSE': 48, 'TIME': 18, 'SL': 2}
1;rank01_time_only_linear_target_entry_ev_regression_top30;time_only;linear;target_entry_ev_regression;top30;exit_time;month;8;66;22.91127078735975;7.775737402400558;2.9465077846232934;0.22932626340847265;0.004183438757906249;1.8927809388335497;0.5;0.0;{'ML_CLOSE': 51, 'TIME': 13, 'SL': 2}
1;rank01_time_only_linear_target_entry_ev_regression_top30;time_only;linear;target_entry_ev_regression;top30;exit_time;month;9;71;33.31471810973648;8.283832491224988;4.021655211525167;0.3525476847677675;0.0888888888889022;1.379668539288212;0.5492957746478874;0.0;{'ML_CLOSE': 46, 'TIME': 22, 'SL': 3}
1;rank01_time_only_linear_target_entry_ev_regression_top30;time_only;linear;target_entry_ev_regression;top30;exit_time;month;10;57;23.054661931497712;6.929183132032069;3.3271832324536423;0.28290313683273044;-0.0209302325581201;2.9743302983102407;0.45614035087719296;0.0;{'ML_CLOSE': 43, 'TIME': 13, 'SL': 1}
1;rank01_time_only_linear_target_entry_ev_regression_top30;time_only;linear;target_entry_ev_regression;top30;exit_time;month;11;74;32.12991763080104;6.150038374097853;5.224344252244469;0.3510794494149079;0.03109756097558125;1.4272357723577578;0.581081081081081;0.0;{'ML_CLOSE': 53, 'TIME': 21}
1;rank01_time_only_linear_target_entry_ev_regression_top30;time_only;linear;target_entry_ev_regression;top30;exit_time;month;12;33;9.589028712318244;3.1947473054610116;3.0014983331943115;0.19376610323809793;0.0161764705882206;1.1630288461538294;0.5454545454545454;0.0;{'ML_CLOSE': 26, 'TIME': 7}
1;rank01_time_only_linear_target_entry_ev_regression_top30;time_only;linear;target_entry_ev_regression;top30;exit_time;quarter;1;119;64.46701516573592;15.110613060081484;4.266340148437914;0.41475968156012116;-0.0129032258064397;3.119088911187788;0.46218487394957986;0.0;{'ML_CLOSE': 86, 'TIME': 29, 'SL': 4}
1;rank01_time_only_linear_target_entry_ev_regression_top30;time_only;linear;target_entry_ev_regression;top30;exit_time;quarter;2;172;85.95094859313116;17.6131489196207;4.879930839475473;0.3973127887994794;0.0587324625060405;1.7839622641509436;0.5581395348837209;0.0;{'ML_CLOSE': 116, 'TIME': 55, 'SL': 1}
1;rank01_time_only_linear_target_entry_ev_regression_top30;time_only;linear;target_entry_ev_regression;top30;exit_time;quarter;3;205;83.06833869051103;25.071764502738937;3.3132226765067263;0.28291011798913207;0.0366666666666585;3.390579268292757;0.5365853658536586;0.0;{'ML_CLOSE': 145, 'TIME': 53, 'SL': 7}
1;rank01_time_only_linear_target_entry_ev_regression_top30;time_only;linear;target_entry_ev_regression;top30;exit_time;quarter;4;164;64.77360827461699;16.273968811590933;3.9801973952710776;0.2957295089208906;0.014199346405215849;3.3286832662641856;0.5304878048780488;0.0;{'ML_CLOSE': 122, 'TIME': 41, 'SL': 1}
2;rank02_time_only_linear_target_entry_ev_regression_top40;time_only;linear;target_entry_ev_regression;top40;signal_time;month;1;48;35.29755523391845;5.959051962427225;5.9233508042009335;0.6112188181560674;0.0296052631578681;2.0;0.5208333333333334;0.0;{'ML_CLOSE': 30, 'TIME': 15, 'SL': 3}
2;rank02_time_only_linear_target_entry_ev_regression_top40;time_only;linear;target_entry_ev_regression;top40;signal_time;month;2;41;20.07289244259176;11.430740425877428;1.7560448137856264;0.21078419552961777;-0.0947368421052678;4.361770526221775;0.3170731707317073;0.0;{'ML_CLOSE': 29, 'TIME': 7, 'SL': 5}
2;rank02_time_only_linear_target_entry_ev_regression_top40;time_only;linear;target_entry_ev_regression;top40;signal_time;month;3;76;28.672603677880762;9.057625800367655;3.165576091332557;0.25809181417780397;-0.013230256040389549;2.6519082671384204;0.4605263157894737;0.0;{'ML_CLOSE': 55, 'TIME': 18, 'SL': 3}
2;rank02_time_only_linear_target_entry_ev_regression_top40;time_only;linear;target_entry_ev_regression;top40;signal_time;month;4;93;49.45282207135425;10.38258863018413;4.763053206941632;0.4201100370018292;0.1081081081081006;2.220500725689398;0.5698924731182796;0.0;{'ML_CLOSE': 60, 'TIME': 32, 'SL': 1}
2;rank02_time_only_linear_target_entry_ev_regression_top40;time_only;linear;target_entry_ev_regression;top40;signal_time;month;5;80;41.03705338313082;7.955564739443967;5.158282878356539;0.41351860804608565;0.0424953095684562;1.45621951219516;0.55;0.0;{'ML_CLOSE': 55, 'TIME': 24, 'SL': 1}
2;rank02_time_only_linear_target_entry_ev_regression_top40;time_only;linear;target_entry_ev_regression;top40;signal_time;month;6;77;34.50922156686002;7.3009869014251985;4.726651620224604;0.35335369695369895;0.051282051282034;1.331818181818166;0.5714285714285714;0.0;{'ML_CLOSE': 55, 'TIME': 21, 'SL': 1}
2;rank02_time_only_linear_target_entry_ev_regression_top40;time_only;linear;target_entry_ev_regression;top40;signal_time;month;7;84;39.97741198486956;12.527103850468272;3.1912732952537293;0.3267893825523962;0.03357487922704775;4.912170177383686;0.5357142857142857;0.0;{'ML_CLOSE': 56, 'TIME': 25, 'SL': 3}
2;rank02_time_only_linear_target_entry_ev_regression_top40;time_only;linear;target_entry_ev_regression;top40;signal_time;month;8;85;26.73680311290341;10.423937523039205;2.5649427631170245;0.1919160657631083;-0.0179487179487017;2.3638335704124778;0.4588235294117647;0.0;{'ML_CLOSE': 66, 'TIME': 17, 'SL': 2}
2;rank02_time_only_linear_target_entry_ev_regression_top40;time_only;linear;target_entry_ev_regression;top40;signal_time;month;9;97;58.739489913096875;13.60923767582129;4.316148436253397;0.46526033234304726;0.1037735849056527;1.4812140400249199;0.5773195876288659;0.0;{'ML_CLOSE': 63, 'TIME': 28, 'SL': 6}
2;rank02_time_only_linear_target_entry_ev_regression_top40;time_only;linear;target_entry_ev_regression;top40;signal_time;month;10;75;26.05749229392618;9.141233383975443;2.8505444724346383;0.2255501187993431;-0.0162499999999852;3.5820397566864024;0.48;0.0;{'ML_CLOSE': 57, 'TIME': 17, 'SL': 1}
2;rank02_time_only_linear_target_entry_ev_regression_top40;time_only;linear;target_entry_ev_regression;top40;signal_time;month;11;102;44.093955606055275;10.325154033600061;4.270537317173668;0.33106668208289436;0.026233692569472902;1.5429018136335344;0.5588235294117647;0.0;{'ML_CLOSE': 73, 'TIME': 28, 'SL': 1}
2;rank02_time_only_linear_target_entry_ev_regression_top40;time_only;linear;target_entry_ev_regression;top40;signal_time;month;12;42;13.134678241360666;3.542343459307119;3.7079064727195608;0.22838892338222724;0.036986714975852;0.796096096096071;0.5714285714285714;0.0;{'ML_CLOSE': 33, 'TIME': 9}
2;rank02_time_only_linear_target_entry_ev_regression_top40;time_only;linear;target_entry_ev_regression;top40;signal_time;quarter;1;165;84.04305135439097;26.447418188672312;3.177741235641195;0.349064443428598;-0.0247126436781644;4.3617705262217825;0.44242424242424244;0.0;{'ML_CLOSE': 114, 'TIME': 40, 'SL': 11}
2;rank02_time_only_linear_target_entry_ev_regression_top40;time_only;linear;target_entry_ev_regression;top40;signal_time;quarter;2;250;124.99909702134508;25.63914027105329;4.875323263567837;0.39743982700116715;0.059487179487171096;2.220500725689398;0.564;0.0;{'ML_CLOSE': 170, 'TIME': 77, 'SL': 3}
2;rank02_time_only_linear_target_entry_ev_regression_top40;time_only;linear;target_entry_ev_regression;top40;signal_time;quarter;3;266;125.45370501086984;36.56027904932877;3.4314208828002126;0.3341858118854928;0.0355555555555484;4.912170177383686;0.5263157894736842;0.0;{'ML_CLOSE': 185, 'TIME': 70, 'SL': 11}
2;rank02_time_only_linear_target_entry_ev_regression_top40;time_only;linear;target_entry_ev_regression;top40;signal_time;quarter;4;219;83.28612614134211;23.00873087688263;3.619761845492377;0.2752392477829201;0.0202127659574282;3.582039756686399;0.5342465753424658;0.0;{'ML_CLOSE': 163, 'TIME': 54, 'SL': 2}
2;rank02_time_only_linear_target_entry_ev_regression_top40;time_only;linear;target_entry_ev_regression;top40;fill_time;month;1;48;35.29755523391845;5.959051962427225;5.9233508042009335;0.6112188181560674;0.0296052631578681;2.0;0.5208333333333334;0.0;{'ML_CLOSE': 30, 'TIME': 15, 'SL': 3}
2;rank02_time_only_linear_target_entry_ev_regression_top40;time_only;linear;target_entry_ev_regression;top40;fill_time;month;2;41;20.07289244259176;11.430740425877428;1.7560448137856264;0.21078419552961777;-0.0947368421052678;4.361770526221775;0.3170731707317073;0.0;{'ML_CLOSE': 29, 'TIME': 7, 'SL': 5}
2;rank02_time_only_linear_target_entry_ev_regression_top40;time_only;linear;target_entry_ev_regression;top40;fill_time;month;3;75;28.672603677880762;8.955300218972294;3.201746784226874;0.2628973794521129;-0.006779661016943;2.6519082671384204;0.4666666666666667;0.0;{'ML_CLOSE': 54, 'TIME': 18, 'SL': 3}
2;rank02_time_only_linear_target_entry_ev_regression_top40;time_only;linear;target_entry_ev_regression;top40;fill_time;month;4;93;49.45282207135425;10.185823302488586;4.855063808074504;0.42222579321360926;0.1081081081081006;2.220500725689398;0.5698924731182796;0.0;{'ML_CLOSE': 60, 'TIME': 32, 'SL': 1}
2;rank02_time_only_linear_target_entry_ev_regression_top40;time_only;linear;target_entry_ev_regression;top40;fill_time;month;5;80;41.03705338313082;8.001246557625779;5.128832499733367;0.4129475853188129;0.0424953095684562;1.45621951219516;0.55;0.0;{'ML_CLOSE': 55, 'TIME': 24, 'SL': 1}
2;rank02_time_only_linear_target_entry_ev_regression_top40;time_only;linear;target_entry_ev_regression;top40;fill_time;month;6;76;34.50922156686002;7.223667791963221;4.7772437161705685;0.3590204444065368;0.0551282051281844;1.331818181818166;0.5789473684210527;0.0;{'ML_CLOSE': 54, 'TIME': 21, 'SL': 1}
2;rank02_time_only_linear_target_entry_ev_regression_top40;time_only;linear;target_entry_ev_regression;top40;fill_time;month;7;85;38.60468471214229;12.857832050839342;3.002425646835403;0.3029041489565052;0.0200000000000102;4.912170177383686;0.5176470588235295;0.0;{'ML_CLOSE': 58, 'TIME': 24, 'SL': 3}
2;rank02_time_only_linear_target_entry_ev_regression_top40;time_only;linear;target_entry_ev_regression;top40;fill_time;month;8;86;28.10953038563068;10.423937523039205;2.696632661458533;0.20564642863478458;-0.0169530823786109;2.3638335704124778;0.46511627906976744;0.0;{'ML_CLOSE': 66, 'TIME': 18, 'SL': 2}
2;rank02_time_only_linear_target_entry_ev_regression_top40;time_only;linear;target_entry_ev_regression;top40;fill_time;month;9;96;57.64414107588757;13.60923767582129;4.235662749743906;0.4586969104173572;0.1018867924528235;1.4812140400249199;0.5729166666666666;0.0;{'ML_CLOSE': 63, 'TIME': 27, 'SL': 6}
2;rank02_time_only_linear_target_entry_ev_regression_top40;time_only;linear;target_entry_ev_regression;top40;fill_time;month;10;76;27.152841131135474;9.141233383975443;2.9703695322705936;0.23699483877842145;-0.01275462962962855;3.582039756686399;0.4868421052631579;0.0;{'ML_CLOSE': 57, 'TIME': 18, 'SL': 1}
2;rank02_time_only_linear_target_entry_ev_regression_top40;time_only;linear;target_entry_ev_regression;top40;fill_time;month;11;100;44.093955606055275;9.395666854112855;4.693009691670113;0.3469828875194242;0.03109756097558125;1.378020545536831;0.57;0.0;{'ML_CLOSE': 71, 'TIME': 28, 'SL': 1}
2;rank02_time_only_linear_target_entry_ev_regression_top40;time_only;linear;target_entry_ev_regression;top40;fill_time;month;12;44;13.134678241360666;4.4718306387943265;2.9372038662228888;0.19688290005832584;0.024936061381076097;1.1630288461538303;0.5454545454545454;0.0;{'ML_CLOSE': 35, 'TIME': 9}
2;rank02_time_only_linear_target_entry_ev_regression_top40;time_only;linear;target_entry_ev_regression;top40;fill_time;quarter;1;164;84.04305135439097;26.34509260727695;3.190083732375148;0.35181682162874406;-0.022196747371000247;4.3617705262217825;0.4451219512195122;0.0;{'ML_CLOSE': 113, 'TIME': 40, 'SL': 11}
2;rank02_time_only_linear_target_entry_ev_regression_top40;time_only;linear;target_entry_ev_regression;top40;fill_time;quarter;2;249;124.99909702134508;25.410737652077586;4.919144762061841;0.39995325047898594;0.0600000000000074;2.220500725689398;0.5662650602409639;0.0;{'ML_CLOSE': 169, 'TIME': 77, 'SL': 3}
2;rank02_time_only_linear_target_entry_ev_regression_top40;time_only;linear;target_entry_ev_regression;top40;fill_time;quarter;3;267;124.35835617366055;36.89100724969984;3.370966678462605;0.32759306713093894;0.0337499999999977;4.912170177383686;0.5205992509363296;0.0;{'ML_CLOSE': 187, 'TIME': 69, 'SL': 11}
2;rank02_time_only_linear_target_entry_ev_regression_top40;time_only;linear;target_entry_ev_regression;top40;fill_time;quarter;4;220;84.3814749785514;23.00873087688263;3.6673676366622763;0.278967018643949;0.021081992734815452;3.582039756686399;0.5363636363636364;0.0;{'ML_CLOSE': 163, 'TIME': 55, 'SL': 2}
2;rank02_time_only_linear_target_entry_ev_regression_top40;time_only;linear;target_entry_ev_regression;top40;exit_time;month;1;48;35.29755523391845;5.959051962427225;5.9233508042009335;0.6112188181560674;0.0296052631578681;2.0;0.5208333333333334;0.0;{'ML_CLOSE': 30, 'TIME': 15, 'SL': 3}
2;rank02_time_only_linear_target_entry_ev_regression_top40;time_only;linear;target_entry_ev_regression;top40;exit_time;month;2;40;19.50455910925843;11.430740425877428;1.7063250832905912;0.20184546708452503;-0.09868421052633185;4.361770526221775;0.3;0.0;{'ML_CLOSE': 28, 'TIME': 7, 'SL': 5}
2;rank02_time_only_linear_target_entry_ev_regression_top40;time_only;linear;target_entry_ev_regression;top40;exit_time;month;3;75;25.589774220516464;8.955300218972294;2.85750042933269;0.2217929866872556;-0.006779661016943;2.6519082671384187;0.4666666666666667;0.0;{'ML_CLOSE': 55, 'TIME': 17, 'SL': 3}
2;rank02_time_only_linear_target_entry_ev_regression_top40;time_only;linear;target_entry_ev_regression;top40;exit_time;month;4;94;53.103984862051874;10.185823302488586;5.213519151571929;0.45657618680386475;0.1143219111969031;2.220500725689398;0.574468085106383;0.0;{'ML_CLOSE': 60, 'TIME': 33, 'SL': 1}
2;rank02_time_only_linear_target_entry_ev_regression_top40;time_only;linear;target_entry_ev_regression;top40;exit_time;month;5;80;41.03705338313082;8.001246557625779;5.128832499733367;0.4129475853188129;0.0424953095684562;1.45621951219516;0.55;0.0;{'ML_CLOSE': 55, 'TIME': 24, 'SL': 1}
2;rank02_time_only_linear_target_entry_ev_regression_top40;time_only;linear;target_entry_ev_regression;top40;exit_time;month;6;75;32.48122156686002;7.223667791963221;4.496499908674842;0.33676738366529063;0.051282051282034;1.331818181818166;0.5733333333333334;0.0;{'ML_CLOSE': 54, 'TIME': 20, 'SL': 1}
2;rank02_time_only_linear_target_entry_ev_regression_top40;time_only;linear;target_entry_ev_regression;top40;exit_time;month;7;86;40.632684712142286;12.857832050839342;3.160150525491569;0.32296340303840626;0.02413043478260085;4.912170177383685;0.5232558139534884;0.0;{'ML_CLOSE': 58, 'TIME': 25, 'SL': 3}
2;rank02_time_only_linear_target_entry_ev_regression_top40;time_only;linear;target_entry_ev_regression;top40;exit_time;month;8;85;28.10953038563068;10.404493078594745;2.70167226536588;0.20829455655336393;-0.0159574468085201;2.3638335704124778;0.47058823529411764;0.0;{'ML_CLOSE': 66, 'TIME': 17, 'SL': 2}
2;rank02_time_only_linear_target_entry_ev_regression_top40;time_only;linear;target_entry_ev_regression;top40;exit_time;month;9;95;51.83600154100392;13.628682120265747;3.8034493051917453;0.4021823096919806;0.0987179487179469;1.4812140400249199;0.5578947368421052;0.0;{'ML_CLOSE': 63, 'TIME': 26, 'SL': 6}
2;rank02_time_only_linear_target_entry_ev_regression_top40;time_only;linear;target_entry_ev_regression;top40;exit_time;month;10;77;32.56523598516809;9.141233383975443;3.562455373063208;0.304207825989515;-0.0092592592592719;3.582039756686399;0.4935064935064935;0.0;{'ML_CLOSE': 56, 'TIME': 20, 'SL': 1}
2;rank02_time_only_linear_target_entry_ev_regression_top40;time_only;linear;target_entry_ev_regression;top40;exit_time;month;11;100;43.42230898255848;9.395666854112855;4.6215249706891015;0.3402664212844562;0.03109756097558125;1.378020545536831;0.57;0.0;{'ML_CLOSE': 72, 'TIME': 27, 'SL': 1}
2;rank02_time_only_linear_target_entry_ev_regression_top40;time_only;linear;target_entry_ev_regression;top40;exit_time;month;12;45;14.202069545708504;4.4718306387943265;3.1758961134399306;0.21622753126475946;0.0336956521739316;1.1630288461538303;0.5555555555555556;0.0;{'ML_CLOSE': 35, 'TIME': 10}
2;rank02_time_only_linear_target_entry_ev_regression_top40;time_only;linear;target_entry_ev_regression;top40;exit_time;quarter;1;163;80.39188856369334;26.34509260727695;3.051493868785558;0.33157543531543804;-0.0247126436781644;4.3617705262217825;0.44171779141104295;0.0;{'ML_CLOSE': 113, 'TIME': 39, 'SL': 11}
2;rank02_time_only_linear_target_entry_ev_regression_top40;time_only;linear;target_entry_ev_regression;top40;exit_time;quarter;2;249;126.6222598120427;25.410737652077586;4.9830218054173665;0.40647197654604467;0.0600000000000074;2.220500725689398;0.5662650602409639;0.0;{'ML_CLOSE': 169, 'TIME': 77, 'SL': 3}
2;rank02_time_only_linear_target_entry_ev_regression_top40;time_only;linear;target_entry_ev_regression;top40;exit_time;quarter;3;266;120.57821663877688;36.89100724969984;3.268498900629989;0.3146135691318686;0.0310054347825946;4.912170177383685;0.518796992481203;0.0;{'ML_CLOSE': 187, 'TIME': 68, 'SL': 11}
2;rank02_time_only_linear_target_entry_ev_regression_top40;time_only;linear;target_entry_ev_regression;top40;exit_time;quarter;4;222;90.18961451343506;23.00873087688263;3.9197996185026667;0.3026165929574435;0.02318491208168465;3.582039756686399;0.5405405405405406;0.0;{'ML_CLOSE': 163, 'TIME': 57, 'SL': 2}
3;rank03_time_only_linear_target_entry_ev_regression_top50;time_only;linear;target_entry_ev_regression;top50;signal_time;month;1;57;38.228974152837324;7.310589395582372;5.229260198355313;0.5424278027588589;0.0157894736841963;2.0;0.5087719298245614;0.0;{'ML_CLOSE': 38, 'TIME': 16, 'SL': 3}
3;rank03_time_only_linear_target_entry_ev_regression_top50;time_only;linear;target_entry_ev_regression;top50;signal_time;month;2;51;20.977003146609967;11.94850247806674;1.7556177592226632;0.17702942487339668;-0.0705882352941208;4.361770526221775;0.37254901960784315;0.0;{'ML_CLOSE': 38, 'TIME': 8, 'SL': 5}
3;rank03_time_only_linear_target_entry_ev_regression_top50;time_only;linear;target_entry_ev_regression;top50;signal_time;month;3;91;30.801941284718367;10.809337192297358;2.8495679926302575;0.21969894607056054;-0.0247126436781644;2.9661128125929643;0.43956043956043955;0.0;{'ML_CLOSE': 68, 'TIME': 20, 'SL': 3}
3;rank03_time_only_linear_target_entry_ev_regression_top50;time_only;linear;target_entry_ev_regression;top50;signal_time;month;4;114;57.296012999730955;13.236697985743072;4.328572961432156;0.3864852194209462;0.10128048780486984;2.5214441219158203;0.5614035087719298;0.0;{'ML_CLOSE': 75, 'TIME': 38, 'SL': 1}
3;rank03_time_only_linear_target_entry_ev_regression_top50;time_only;linear;target_entry_ev_regression;top50;signal_time;month;5;103;54.82952044183203;10.761044762980989;5.095185611572843;0.427849278435447;0.0452830188679471;1.6145454545454534;0.5533980582524272;0.0;{'ML_CLOSE': 71, 'TIME': 30, 'SL': 2}
3;rank03_time_only_linear_target_entry_ev_regression_top50;time_only;linear;target_entry_ev_regression;top50;signal_time;month;6;96;55.63200347951393;8.886369654786996;6.260374668247741;0.48693368567423895;0.051250781738568396;1.4068181818181498;0.5729166666666666;0.0;{'ML_CLOSE': 68, 'TIME': 27, 'SL': 1}
3;rank03_time_only_linear_target_entry_ev_regression_top50;time_only;linear;target_entry_ev_regression;top50;signal_time;month;7;99;42.804901452345064;15.281168448969767;2.801153694188281;0.2780175050845989;0.0282608695651915;5.143389031204308;0.5353535353535354;0.0;{'ML_CLOSE': 65, 'TIME': 29, 'SL': 5}
3;rank03_time_only_linear_target_entry_ev_regression_top50;time_only;linear;target_entry_ev_regression;top50;signal_time;month;8;106;35.295385826051216;12.884207185657258;2.73943016574137;0.21142621358862232;-0.0159574468085201;2.7923086041506906;0.4811320754716981;0.0;{'ML_CLOSE': 81, 'TIME': 23, 'SL': 2}
3;rank03_time_only_linear_target_entry_ev_regression_top50;time_only;linear;target_entry_ev_regression;top50;signal_time;month;9;120;69.51058840818189;18.54941642491084;3.7473194205092626;0.42467643319392534;0.0976923076923007;3.1119005328596785;0.5583333333333333;0.0;{'ML_CLOSE': 78, 'TIME': 33, 'SL': 9}
3;rank03_time_only_linear_target_entry_ev_regression_top50;time_only;linear;target_entry_ev_regression;top50;signal_time;month;10;96;32.67443355295525;12.980819514274948;2.517131797189178;0.20514181290291975;-0.0245276162790589;6.1749018222673655;0.4583333333333333;0.0;{'ML_CLOSE': 73, 'TIME': 21, 'SL': 2}
3;rank03_time_only_linear_target_entry_ev_regression_top50;time_only;linear;target_entry_ev_regression;top50;signal_time;month;11;122;48.94368571912522;14.08399945763113;3.475126924448018;0.28573513329093514;0.0090180878553021;1.679144503546091;0.5245901639344263;0.0;{'ML_CLOSE': 89, 'TIME': 30, 'SL': 3}
3;rank03_time_only_linear_target_entry_ev_regression_top50;time_only;linear;target_entry_ev_regression;top50;signal_time;month;12;54;18.917965245186465;4.9418173664855924;3.8281392941560903;0.25881755330927536;0.025181159420291498;1.6023074545133156;0.5555555555555556;0.0;{'ML_CLOSE': 42, 'TIME': 12}
3;rank03_time_only_linear_target_entry_ev_regression_top50;time_only;linear;target_entry_ev_regression;top50;signal_time;quarter;1;199;90.00791858416568;30.068429065946475;2.993436018448424;0.3012034649156744;-0.0279411764705964;4.3617705262217825;0.44221105527638194;0.0;{'ML_CLOSE': 144, 'TIME': 44, 'SL': 11}
3;rank03_time_only_linear_target_entry_ev_regression_top50;time_only;linear;target_entry_ev_regression;top50;signal_time;quarter;2;313;167.7575369210769;32.88411240351106;5.101476812345567;0.4309055096407855;0.0584905660377462;2.5214441219158346;0.5623003194888179;0.0;{'ML_CLOSE': 214, 'TIME': 95, 'SL': 4}
3;rank03_time_only_linear_target_entry_ev_regression_top50;time_only;linear;target_entry_ev_regression;top50;signal_time;quarter;3;325;147.61087568657814;46.714792059537864;3.159831590354689;0.31044948808320094;0.0282608695651915;5.143389031204308;0.5261538461538462;0.0;{'ML_CLOSE': 224, 'TIME': 85, 'SL': 16}
3;rank03_time_only_linear_target_entry_ev_regression_top50;time_only;linear;target_entry_ev_regression;top50;signal_time;quarter;4;272;100.53608451726694;32.00663633839167;3.1411012220823347;0.25194650065762964;0.00360411899311675;6.174901822267373;0.5073529411764706;0.0;{'ML_CLOSE': 204, 'TIME': 63, 'SL': 5}
3;rank03_time_only_linear_target_entry_ev_regression_top50;time_only;linear;target_entry_ev_regression;top50;fill_time;month;1;57;38.228974152837324;7.310589395582372;5.229260198355313;0.5424278027588589;0.0157894736841963;2.0;0.5087719298245614;0.0;{'ML_CLOSE': 38, 'TIME': 16, 'SL': 3}
3;rank03_time_only_linear_target_entry_ev_regression_top50;time_only;linear;target_entry_ev_regression;top50;fill_time;month;2;51;20.977003146609967;11.94850247806674;1.7556177592226632;0.17702942487339668;-0.0705882352941208;4.361770526221775;0.37254901960784315;0.0;{'ML_CLOSE': 38, 'TIME': 8, 'SL': 5}
3;rank03_time_only_linear_target_entry_ev_regression_top50;time_only;linear;target_entry_ev_regression;top50;fill_time;month;3;90;30.801941284718367;10.707011610901995;2.876800960349711;0.22327699637573745;-0.022196747371000247;2.9661128125929643;0.4444444444444444;0.0;{'ML_CLOSE': 67, 'TIME': 20, 'SL': 3}
3;rank03_time_only_linear_target_entry_ev_regression_top50;time_only;linear;target_entry_ev_regression;top50;fill_time;month;4;114;57.296012999730955;13.039932658047533;4.393888718771181;0.38821123106739835;0.10128048780486984;2.5214441219158203;0.5614035087719298;0.0;{'ML_CLOSE': 75, 'TIME': 38, 'SL': 1}
3;rank03_time_only_linear_target_entry_ev_regression_top50;time_only;linear;target_entry_ev_regression;top50;fill_time;month;5;103;54.82952044183203;10.806726581162799;5.073647420432136;0.4274057656375654;0.0452830188679471;1.6145454545454534;0.5533980582524272;0.0;{'ML_CLOSE': 71, 'TIME': 30, 'SL': 2}
3;rank03_time_only_linear_target_entry_ev_regression_top50;time_only;linear;target_entry_ev_regression;top50;fill_time;month;6;95;55.63200347951393;8.809050545325022;6.315323449816954;0.4928731887809359;0.051282051282034;1.4068181818181498;0.5789473684210527;0.0;{'ML_CLOSE': 67, 'TIME': 27, 'SL': 1}
3;rank03_time_only_linear_target_entry_ev_regression_top50;time_only;linear;target_entry_ev_regression;top50;fill_time;month;7;99;41.30967417961779;15.611896649340839;2.646038153305476;0.2595735104068378;0.0151162790697538;5.1433890312043085;0.5151515151515151;0.0;{'ML_CLOSE': 66, 'TIME': 28, 'SL': 5}
3;rank03_time_only_linear_target_entry_ev_regression_top50;time_only;linear;target_entry_ev_regression;top50;fill_time;month;8;108;36.790613098778486;12.884207185657258;2.855481332195117;0.22135561030667816;-0.00797872340426005;2.7923086041506906;0.49074074074074076;0.0;{'ML_CLOSE': 82, 'TIME': 24, 'SL': 2}
3;rank03_time_only_linear_target_entry_ev_regression_top50;time_only;linear;target_entry_ev_regression;top50;fill_time;month;9;119;68.41523957097259;18.54941642491084;3.6882691079755316;0.4190405306391743;0.0966666666666545;3.1119005328596785;0.5546218487394958;0.0;{'ML_CLOSE': 78, 'TIME': 32, 'SL': 9}
3;rank03_time_only_linear_target_entry_ev_regression_top50;time_only;linear;target_entry_ev_regression;top50;fill_time;month;10;96;33.769782390164536;12.969569514274959;2.6037704916108297;0.2166688841238498;-0.0245276162790589;6.1749018222673655;0.46875;0.0;{'ML_CLOSE': 72, 'TIME': 22, 'SL': 2}
3;rank03_time_only_linear_target_entry_ev_regression_top50;time_only;linear;target_entry_ev_regression;top50;fill_time;month;11;121;48.94368571912522;13.16576227814391;3.7174972998240423;0.2956853176940604;0.0122222222222111;1.679144503546091;0.5289256198347108;0.0;{'ML_CLOSE': 88, 'TIME': 30, 'SL': 3}
3;rank03_time_only_linear_target_entry_ev_regression_top50;time_only;linear;target_entry_ev_regression;top50;fill_time;month;12;56;18.917965245186465;5.8713045459728;3.222105938647405;0.2329760839145297;0.016421568627436;1.6023074545133156;0.5357142857142857;0.0;{'ML_CLOSE': 44, 'TIME': 12}
3;rank03_time_only_linear_target_entry_ev_regression_top50;time_only;linear;target_entry_ev_regression;top50;fill_time;quarter;1;198;90.00791858416568;29.966103484551113;3.0036577371685595;0.30324149040209375;-0.0263269100743804;4.3617705262217825;0.4444444444444444;0.0;{'ML_CLOSE': 143, 'TIME': 44, 'SL': 11}
3;rank03_time_only_linear_target_entry_ev_regression_top50;time_only;linear;target_entry_ev_regression;top50;fill_time;quarter;2;312;167.7575369210769;32.655709784535354;5.137157882280092;0.4330186767196844;0.0587324625060405;2.5214441219158346;0.5641025641025641;0.0;{'ML_CLOSE': 213, 'TIME': 95, 'SL': 4}
3;rank03_time_only_linear_target_entry_ev_regression_top50;time_only;linear;target_entry_ev_regression;top50;fill_time;quarter;3;326;146.51552684936888;47.04552025990893;3.114335350952127;0.3051227195995703;0.025000000000002902;5.1433890312043085;0.5214723926380368;0.0;{'ML_CLOSE': 226, 'TIME': 84, 'SL': 16}
3;rank03_time_only_linear_target_entry_ev_regression_top50;time_only;linear;target_entry_ev_regression;top50;fill_time;quarter;4;273;101.63143335447623;32.00663633839167;3.1753237759811155;0.25503588650580417;0.0039473684210191;6.174901822267373;0.5091575091575091;0.0;{'ML_CLOSE': 204, 'TIME': 64, 'SL': 5}
3;rank03_time_only_linear_target_entry_ev_regression_top50;time_only;linear;target_entry_ev_regression;top50;exit_time;month;1;57;38.228974152837324;7.310589395582372;5.229260198355313;0.5424278027588589;0.0157894736841963;2.0;0.5087719298245614;0.0;{'ML_CLOSE': 38, 'TIME': 16, 'SL': 3}
3;rank03_time_only_linear_target_entry_ev_regression_top50;time_only;linear;target_entry_ev_regression;top50;exit_time;month;2;50;20.40866981327664;11.94850247806674;1.7080525237986768;0.16920334670419807;-0.0826625386996943;4.361770526221775;0.36;0.0;{'ML_CLOSE': 37, 'TIME': 8, 'SL': 5}
3;rank03_time_only_linear_target_entry_ev_regression_top50;time_only;linear;target_entry_ev_regression;top50;exit_time;month;3;90;27.71911182735407;10.707011610901995;2.5888747331823354;0.18902333573835634;-0.022196747371000247;2.966112812592968;0.4444444444444444;0.0;{'ML_CLOSE': 68, 'TIME': 19, 'SL': 3}
3;rank03_time_only_linear_target_entry_ev_regression_top50;time_only;linear;target_entry_ev_regression;top50;exit_time;month;4;115;60.947175790428574;13.039932658047533;4.673887311282647;0.41658472289026993;0.1049999999999897;2.5214441219158203;0.5652173913043478;0.0;{'ML_CLOSE': 75, 'TIME': 39, 'SL': 1}
3;rank03_time_only_linear_target_entry_ev_regression_top50;time_only;linear;target_entry_ev_regression;top50;exit_time;month;5;103;54.82952044183203;10.806726581162799;5.073647420432136;0.4274057656375654;0.0452830188679471;1.6145454545454534;0.5533980582524272;0.0;{'ML_CLOSE': 71, 'TIME': 30, 'SL': 2}
3;rank03_time_only_linear_target_entry_ev_regression_top50;time_only;linear;target_entry_ev_regression;top50;exit_time;month;6;93;50.70865464230461;8.809050545325022;5.756426800072771;0.45053337738687727;0.0512195121951028;1.4068181818181498;0.5698924731182796;0.0;{'ML_CLOSE': 67, 'TIME': 25, 'SL': 1}
3;rank03_time_only_linear_target_entry_ev_regression_top50;time_only;linear;target_entry_ev_regression;top50;exit_time;month;7;101;46.2330230168271;15.611896649340839;2.9613969433226512;0.3031794689850124;0.0200000000000102;5.143389031204308;0.5247524752475248;0.0;{'ML_CLOSE': 66, 'TIME': 30, 'SL': 5}
3;rank03_time_only_linear_target_entry_ev_regression_top50;time_only;linear;target_entry_ev_regression;top50;exit_time;month;8;107;36.790613098778486;12.864762741212802;2.859797249188143;0.22360607810809066;0.0;2.7923086041506906;0.4953271028037383;0.0;{'ML_CLOSE': 82, 'TIME': 23, 'SL': 2}
3;rank03_time_only_linear_target_entry_ev_regression_top50;time_only;linear;target_entry_ev_regression;top50;exit_time;month;9;118;62.60710003608893;18.568860869355298;3.3716177032383903;0.37320541666723406;0.071587301587316;3.1119005328596785;0.5423728813559322;0.0;{'ML_CLOSE': 78, 'TIME': 31, 'SL': 9}
3;rank03_time_only_linear_target_entry_ev_regression_top50;time_only;linear;target_entry_ev_regression;top50;exit_time;month;10;97;39.182177244197156;12.969569514274959;3.0210854108204046;0.27023306938064123;-0.0209302325581201;6.1749018222673655;0.4742268041237113;0.0;{'ML_CLOSE': 71, 'TIME': 24, 'SL': 2}
3;rank03_time_only_linear_target_entry_ev_regression_top50;time_only;linear;target_entry_ev_regression;top50;exit_time;month;11;121;48.272039095628415;13.16576227814391;3.666482659782137;0.29013451915276456;0.0122222222222111;1.679144503546091;0.5289256198347108;0.0;{'ML_CLOSE': 89, 'TIME': 29, 'SL': 3}
3;rank03_time_only_linear_target_entry_ev_regression_top50;time_only;linear;target_entry_ev_regression;top50;exit_time;month;12;57;19.985356549534302;5.8713045459728;3.4039039182940196;0.24761494743090365;0.0166666666666514;1.6023074545133156;0.543859649122807;0.0;{'ML_CLOSE': 44, 'TIME': 13}
3;rank03_time_only_linear_target_entry_ev_regression_top50;time_only;linear;target_entry_ev_regression;top50;exit_time;quarter;1;197;86.35675579346804;29.966103484551113;2.881814642267016;0.2862469660351113;-0.0279411764705964;4.3617705262217825;0.4416243654822335;0.0;{'ML_CLOSE': 143, 'TIME': 43, 'SL': 11}
3;rank03_time_only_linear_target_entry_ev_regression_top50;time_only;linear;target_entry_ev_regression;top50;exit_time;quarter;2;311;166.48535087456523;32.655709784535354;5.098200344535371;0.4303203893570092;0.0584905660377462;2.5214441219158346;0.5627009646302251;0.0;{'ML_CLOSE': 213, 'TIME': 94, 'SL': 4}
3;rank03_time_only_linear_target_entry_ev_regression_top50;time_only;linear;target_entry_ev_regression;top50;exit_time;quarter;3;326;145.63073615169452;47.04552025990893;3.09552823195788;0.30240863770486376;0.025000000000002902;5.143389031204308;0.5214723926380368;0.0;{'ML_CLOSE': 226, 'TIME': 84, 'SL': 16}
3;rank03_time_only_linear_target_entry_ev_regression_top50;time_only;linear;target_entry_ev_regression;top50;exit_time;quarter;4;275;107.4395728893599;32.00663633839167;3.3567905028647793;0.2743015874580662;0.0039999999999963;6.174901822267373;0.5127272727272727;0.0;{'ML_CLOSE': 204, 'TIME': 66, 'SL': 5}
4;rank04_time_only_linear_target_entry_good_0_5r_top40;time_only;linear;target_entry_good_0_5r;top40;signal_time;month;1;48;35.29755523391845;5.143224331277039;6.862923520420162;0.6282152271383628;0.0296052631578681;1.0;0.5208333333333334;0.0;{'ML_CLOSE': 31, 'TIME': 15, 'SL': 2}
4;rank04_time_only_linear_target_entry_good_0_5r_top40;time_only;linear;target_entry_good_0_5r;top40;signal_time;month;2;42;19.16964233013112;10.689046965884728;1.793391159315994;0.20191893724396168;-0.0947368421052678;3.3617705262217754;0.3333333333333333;0.0;{'ML_CLOSE': 31, 'TIME': 6, 'SL': 5}
4;rank04_time_only_linear_target_entry_good_0_5r_top40;time_only;linear;target_entry_good_0_5r;top40;signal_time;month;3;67;26.623674268012717;7.59460811380044;3.505602115220911;0.28401591274943694;-0.006779661016943;1.6911123658949485;0.4626865671641791;0.0;{'ML_CLOSE': 49, 'TIME': 16, 'SL': 2}
4;rank04_time_only_linear_target_entry_good_0_5r_top40;time_only;linear;target_entry_good_0_5r;top40;signal_time;month;4;92;46.492118773867695;10.797164000310726;4.3059565245586455;0.38798863884301044;0.0646794871795007;1.7839622641509436;0.5543478260869565;0.0;{'ML_CLOSE': 60, 'TIME': 31, 'SL': 1}
4;rank04_time_only_linear_target_entry_good_0_5r_top40;time_only;linear;target_entry_good_0_5r;top40;signal_time;month;5;73;32.83429072952556;7.547073239311915;4.350599191020855;0.34640023959196775;-0.0028301886792641;2.5903640499450766;0.4931506849315068;0.0;{'ML_CLOSE': 57, 'TIME': 16}
4;rank04_time_only_linear_target_entry_good_0_5r_top40;time_only;linear;target_entry_good_0_5r;top40;signal_time;month;6;68;39.19108296512236;6.513937969167239;6.016496188730619;0.4805462499405162;0.0551282051281844;1.4157323232323478;0.5588235294117647;0.0;{'ML_CLOSE': 49, 'TIME': 19}
4;rank04_time_only_linear_target_entry_good_0_5r_top40;time_only;linear;target_entry_good_0_5r;top40;signal_time;month;7;79;34.53720938253997;10.504543442577697;3.2878353610830446;0.30421096126534514;0.038888888888904;4.261773771464046;0.5569620253164557;0.0;{'ML_CLOSE': 55, 'TIME': 22, 'SL': 2}
4;rank04_time_only_linear_target_entry_good_0_5r_top40;time_only;linear;target_entry_good_0_5r;top40;signal_time;month;8;79;25.122683408915282;10.33833636069422;2.4300508836634807;0.18714363352178562;-0.0159574468085201;2.4638335704124756;0.4810126582278481;0.0;{'ML_CLOSE': 61, 'TIME': 16, 'SL': 2}
4;rank04_time_only_linear_target_entry_good_0_5r_top40;time_only;linear;target_entry_good_0_5r;top40;signal_time;month;9;87;51.178702436638574;12.506161322524397;4.092279086825983;0.4445119668288985;0.0999999999999943;2.1119005328596785;0.5632183908045977;0.0;{'ML_CLOSE': 53, 'TIME': 28, 'SL': 6}
4;rank04_time_only_linear_target_entry_good_0_5r_top40;time_only;linear;target_entry_good_0_5r;top40;signal_time;month;10;73;23.44234346082612;9.486143486928764;2.4712195733838533;0.19118082156023775;-0.0162499999999852;4.157935835872829;0.4657534246575342;0.0;{'ML_CLOSE': 56, 'TIME': 16, 'SL': 1}
4;rank04_time_only_linear_target_entry_good_0_5r_top40;time_only;linear;target_entry_good_0_5r;top40;signal_time;month;11;96;38.16605935623377;9.259656247166918;4.121757691373375;0.3011083657194464;0.0223156853042974;1.8258286429018824;0.5416666666666666;0.0;{'ML_CLOSE': 72, 'TIME': 24}
4;rank04_time_only_linear_target_entry_good_0_5r_top40;time_only;linear;target_entry_good_0_5r;top40;signal_time;month;12;36;12.050265646116086;2.6552601259738076;4.5382618178310095;0.26097237555950764;0.036986714975852;0.7511230866494385;0.6111111111111112;0.0;{'ML_CLOSE': 27, 'TIME': 9}
4;rank04_time_only_linear_target_entry_good_0_5r_top40;time_only;linear;target_entry_good_0_5r;top40;signal_time;quarter;1;157;81.0908718320623;23.426879410962215;3.4614457354536596;0.3672865759305738;-0.0196808510638361;3.3617705262217825;0.445859872611465;0.0;{'ML_CLOSE': 111, 'TIME': 37, 'SL': 9}
4;rank04_time_only_linear_target_entry_good_0_5r_top40;time_only;linear;target_entry_good_0_5r;top40;signal_time;quarter;2;233;118.5174924685156;24.858175208789884;4.767747088153424;0.40197131871126923;0.0423076923076832;2.874454959035944;0.5364806866952789;0.0;{'ML_CLOSE': 166, 'TIME': 66, 'SL': 1}
4;rank04_time_only_linear_target_entry_good_0_5r_top40;time_only;linear;target_entry_good_0_5r;top40;signal_time;quarter;3;245;110.83859522809382;33.34904112579632;3.3235916681981417;0.31628389429509185;0.0366666666666585;4.261773771464046;0.5346938775510204;0.0;{'ML_CLOSE': 169, 'TIME': 66, 'SL': 10}
4;rank04_time_only_linear_target_entry_good_0_5r_top40;time_only;linear;target_entry_good_0_5r;top40;signal_time;quarter;4;205;73.65866846317596;21.40105986006949;3.4418233930838964;0.25491516391759256;0.0161764705882206;4.157935835872834;0.526829268292683;0.0;{'ML_CLOSE': 155, 'TIME': 49, 'SL': 1}
4;rank04_time_only_linear_target_entry_good_0_5r_top40;time_only;linear;target_entry_good_0_5r;top40;fill_time;month;1;48;35.29755523391845;5.143224331277039;6.862923520420162;0.6282152271383628;0.0296052631578681;1.0;0.5208333333333334;0.0;{'ML_CLOSE': 31, 'TIME': 15, 'SL': 2}
4;rank04_time_only_linear_target_entry_good_0_5r_top40;time_only;linear;target_entry_good_0_5r;top40;fill_time;month;2;42;19.16964233013112;10.689046965884728;1.793391159315994;0.20191893724396168;-0.0947368421052678;3.3617705262217754;0.3333333333333333;0.0;{'ML_CLOSE': 31, 'TIME': 6, 'SL': 5}
4;rank04_time_only_linear_target_entry_good_0_5r_top40;time_only;linear;target_entry_good_0_5r;top40;fill_time;month;3;66;26.623674268012717;7.492282532405079;3.553479751045416;0.2898695717516309;-0.0063064971751355;1.6911123658949485;0.4696969696969697;0.0;{'ML_CLOSE': 48, 'TIME': 16, 'SL': 2}
4;rank04_time_only_linear_target_entry_good_0_5r_top40;time_only;linear;target_entry_good_0_5r;top40;fill_time;month;4;92;46.492118773867695;10.600398672615185;4.385883985097118;0.3901273924049185;0.0646794871795007;1.7839622641509436;0.5543478260869565;0.0;{'ML_CLOSE': 60, 'TIME': 31, 'SL': 1}
4;rank04_time_only_linear_target_entry_good_0_5r_top40;time_only;linear;target_entry_good_0_5r;top40;fill_time;month;5;72;32.83429072952556;7.281391421130114;4.509342903094405;0.3549013792832701;0.00118907232703225;2.3369549590359817;0.5;0.0;{'ML_CLOSE': 56, 'TIME': 16}
4;rank04_time_only_linear_target_entry_good_0_5r_top40;time_only;linear;target_entry_good_0_5r;top40;fill_time;month;6;68;39.19108296512236;6.747982496068876;5.807822262128515;0.47710441866255104;0.0551282051281844;1.3145959595959695;0.5588235294117647;0.0;{'ML_CLOSE': 49, 'TIME': 19}
4;rank04_time_only_linear_target_entry_good_0_5r_top40;time_only;linear;target_entry_good_0_5r;top40;fill_time;month;7;79;33.04198210981269;10.835271642948767;3.0494835015341137;0.28109760084637875;0.0207317073170542;4.261773771464046;0.5316455696202531;0.0;{'ML_CLOSE': 56, 'TIME': 21, 'SL': 2}
4;rank04_time_only_linear_target_entry_good_0_5r_top40;time_only;linear;target_entry_good_0_5r;top40;fill_time;month;8;81;26.617910681642556;10.33833636069422;2.5746802728185916;0.2009823990240536;0.0;2.4638335704124756;0.49382716049382713;0.0;{'ML_CLOSE': 62, 'TIME': 17, 'SL': 2}
4;rank04_time_only_linear_target_entry_good_0_5r_top40;time_only;linear;target_entry_good_0_5r;top40;fill_time;month;9;86;50.08335359942929;12.506161322524397;4.004694350873754;0.43694409624307984;0.09935897435897059;2.1119005328596785;0.5581395348837209;0.0;{'ML_CLOSE': 53, 'TIME': 27, 'SL': 6}
4;rank04_time_only_linear_target_entry_good_0_5r_top40;time_only;linear;target_entry_good_0_5r;top40;fill_time;month;10;73;24.537692298035413;9.474893486928774;2.589759170579251;0.20633970974118684;-0.0162499999999852;4.157935835872829;0.4794520547945205;0.0;{'ML_CLOSE': 55, 'TIME': 17, 'SL': 1}
4;rank04_time_only_linear_target_entry_good_0_5r_top40;time_only;linear;target_entry_good_0_5r;top40;fill_time;month;11;95;38.16605935623377;8.3414190676797;4.575487581497361;0.3139435819847796;0.0244186046511666;1.1296747967480236;0.5473684210526316;0.0;{'ML_CLOSE': 71, 'TIME': 24}
4;rank04_time_only_linear_target_entry_good_0_5r_top40;time_only;linear;target_entry_good_0_5r;top40;fill_time;month;12;38;12.050265646116086;3.5847473054610144;3.3615383789419906;0.22277679843829126;0.025181159420291498;1.1630288461538303;0.5789473684210527;0.0;{'ML_CLOSE': 29, 'TIME': 9}
4;rank04_time_only_linear_target_entry_good_0_5r_top40;time_only;linear;target_entry_good_0_5r;top40;fill_time;quarter;1;156;81.0908718320623;23.324553829566852;3.476631211237544;0.3702969102724067;-0.018393057110872697;3.3617705262217825;0.44871794871794873;0.0;{'ML_CLOSE': 110, 'TIME': 37, 'SL': 9}
4;rank04_time_only_linear_target_entry_good_0_5r_top40;time_only;linear;target_entry_good_0_5r;top40;fill_time;quarter;2;232;118.5174924685156;24.629772589814174;4.8119604854788385;0.40468844775302343;0.0424953095684562;2.874454959035944;0.5387931034482759;0.0;{'ML_CLOSE': 165, 'TIME': 66, 'SL': 1}
4;rank04_time_only_linear_target_entry_good_0_5r_top40;time_only;linear;target_entry_good_0_5r;top40;fill_time;quarter;3;246;109.74324639088454;33.67976932616739;3.2584322454257393;0.309201126279338;0.034097222222218004;4.261773771464046;0.5284552845528455;0.0;{'ML_CLOSE': 171, 'TIME': 65, 'SL': 10}
4;rank04_time_only_linear_target_entry_good_0_5r_top40;time_only;linear;target_entry_good_0_5r;top40;fill_time;quarter;4;206;74.75401730038526;21.40105986006949;3.4930053833391095;0.2589949390306591;0.016421568627436;4.157935835872834;0.529126213592233;0.0;{'ML_CLOSE': 155, 'TIME': 50, 'SL': 1}
4;rank04_time_only_linear_target_entry_good_0_5r_top40;time_only;linear;target_entry_good_0_5r;top40;exit_time;month;1;48;35.29755523391845;5.143224331277039;6.862923520420162;0.6282152271383628;0.0296052631578681;1.0;0.5208333333333334;0.0;{'ML_CLOSE': 31, 'TIME': 15, 'SL': 2}
4;rank04_time_only_linear_target_entry_good_0_5r_top40;time_only;linear;target_entry_good_0_5r;top40;exit_time;month;2;41;18.60130899679779;10.689046965884728;1.7402214674672045;0.19298200075397715;-0.0947368421052678;3.3617705262217754;0.3170731707317073;0.0;{'ML_CLOSE': 30, 'TIME': 6, 'SL': 5}
4;rank04_time_only_linear_target_entry_good_0_5r_top40;time_only;linear;target_entry_good_0_5r;top40;exit_time;month;3;66;23.540844810648416;7.492282532405079;3.142012425296464;0.24316003451883847;-0.0063064971751355;1.6911123658949503;0.4696969696969697;0.0;{'ML_CLOSE': 49, 'TIME': 15, 'SL': 2}
4;rank04_time_only_linear_target_entry_good_0_5r_top40;time_only;linear;target_entry_good_0_5r;top40;exit_time;month;4;93;50.143281564565314;10.600398672615185;4.730320350507595;0.42519228916075413;0.0743589743589946;1.7839622641509436;0.5591397849462365;0.0;{'ML_CLOSE': 60, 'TIME': 32, 'SL': 1}
4;rank04_time_only_linear_target_entry_good_0_5r_top40;time_only;linear;target_entry_good_0_5r;top40;exit_time;month;5;72;32.83429072952556;7.281391421130114;4.509342903094405;0.3549013792832701;0.00118907232703225;2.3369549590359817;0.5;0.0;{'ML_CLOSE': 56, 'TIME': 16}
4;rank04_time_only_linear_target_entry_good_0_5r_top40;time_only;linear;target_entry_good_0_5r;top40;exit_time;month;6;68;39.19108296512236;6.747982496068876;5.807822262128515;0.47710441866255104;0.0551282051281844;1.3145959595959695;0.5588235294117647;0.0;{'ML_CLOSE': 49, 'TIME': 19}
4;rank04_time_only_linear_target_entry_good_0_5r_top40;time_only;linear;target_entry_good_0_5r;top40;exit_time;month;7;79;33.04198210981269;10.835271642948767;3.0494835015341137;0.28109760084637875;0.0207317073170542;4.261773771464046;0.5316455696202531;0.0;{'ML_CLOSE': 56, 'TIME': 21, 'SL': 2}
4;rank04_time_only_linear_target_entry_good_0_5r_top40;time_only;linear;target_entry_good_0_5r;top40;exit_time;month;8;80;26.617910681642556;10.31889191624976;2.5795318816864223;0.20373773456740993;0.0121621621621663;2.4638335704124756;0.5;0.0;{'ML_CLOSE': 62, 'TIME': 16, 'SL': 2}
4;rank04_time_only_linear_target_entry_good_0_5r_top40;time_only;linear;target_entry_good_0_5r;top40;exit_time;month;9;85;44.275214064545615;12.525605766968855;3.5347762725618685;0.37352480350090317;0.0888888888889022;2.1119005328596785;0.5411764705882353;0.0;{'ML_CLOSE': 53, 'TIME': 26, 'SL': 6}
4;rank04_time_only_linear_target_entry_good_0_5r_top40;time_only;linear;target_entry_good_0_5r;top40;exit_time;month;10;74;29.950087152068033;9.474893486928774;3.1609946004549925;0.2766918062856657;-0.01275462962962855;4.157935835872827;0.4864864864864865;0.0;{'ML_CLOSE': 54, 'TIME': 19, 'SL': 1}
4;rank04_time_only_linear_target_entry_good_0_5r_top40;time_only;linear;target_entry_good_0_5r;top40;exit_time;month;11;95;37.49441273273697;8.3414190676797;4.494968113760845;0.30687361752691855;0.0244186046511666;1.1296747967480236;0.5473684210526316;0.0;{'ML_CLOSE': 72, 'TIME': 23}
4;rank04_time_only_linear_target_entry_good_0_5r_top40;time_only;linear;target_entry_good_0_5r;top40;exit_time;month;12;39;13.117656950463926;3.5847473054610144;3.6592975271870487;0.2444335806411002;0.0336956521739316;1.1630288461538303;0.5897435897435898;0.0;{'ML_CLOSE': 29, 'TIME': 10}
4;rank04_time_only_linear_target_entry_good_0_5r_top40;time_only;linear;target_entry_good_0_5r;top40;exit_time;quarter;1;155;77.43970904136467;23.324553829566852;3.320093906499508;0.34913003362450196;-0.0196808510638361;3.3617705262217825;0.44516129032258067;0.0;{'ML_CLOSE': 110, 'TIME': 36, 'SL': 9}
4;rank04_time_only_linear_target_entry_good_0_5r_top40;time_only;linear;target_entry_good_0_5r;top40;exit_time;quarter;2;233;122.16865525921324;24.629772589814174;4.960202324796819;0.4186218140317556;0.0426829268292292;2.874454959035944;0.5407725321888412;0.0;{'ML_CLOSE': 165, 'TIME': 67, 'SL': 1}
4;rank04_time_only_linear_target_entry_good_0_5r_top40;time_only;linear;target_entry_good_0_5r;top40;exit_time;quarter;3;244;103.93510685600087;33.67976932616739;3.085980365526103;0.28793171118784217;0.0310054347825946;4.261773771464046;0.5245901639344263;0.0;{'ML_CLOSE': 171, 'TIME': 63, 'SL': 10}
4;rank04_time_only_linear_target_entry_good_0_5r_top40;time_only;linear;target_entry_good_0_5r;top40;exit_time;quarter;4;208;80.56215683526891;21.40105986006949;3.764400331666906;0.284428350842305;0.0184397163120398;4.157935835872834;0.5336538461538461;0.0;{'ML_CLOSE': 155, 'TIME': 52, 'SL': 1}
5;rank05_time_only_linear_target_entry_avoid_sl_top30;time_only;linear;target_entry_avoid_sl;top30;signal_time;month;1;32;15.391188682357503;2.2106820712751203;6.962190032816376;0.4118908315963245;0.0296052631578681;0.6370168067227073;0.53125;0.0;{'ML_CLOSE': 25, 'TIME': 7}
5;rank05_time_only_linear_target_entry_avoid_sl_top30;time_only;linear;target_entry_avoid_sl;top30;signal_time;month;2;29;11.337419026749817;7.858504021088832;1.4426943087800272;0.11996258640210289;-0.0947368421052678;2.766821097647909;0.3793103448275862;0.0;{'ML_CLOSE': 21, 'TIME': 5, 'SL': 3}
5;rank05_time_only_linear_target_entry_avoid_sl_top30;time_only;linear;target_entry_avoid_sl;top30;signal_time;month;3;51;15.19313336903885;5.365751453543697;2.8315015148539664;0.1926937630489246;-0.037234042553194;1.846729739833;0.45098039215686275;0.0;{'ML_CLOSE': 40, 'TIME': 11}
5;rank05_time_only_linear_target_entry_avoid_sl_top30;time_only;linear;target_entry_avoid_sl;top30;signal_time;month;4;64;33.89789537582948;7.1020870176327815;4.772948471578723;0.41868450559682335;0.1683585858585791;1.7839622641509436;0.65625;0.0;{'ML_CLOSE': 42, 'TIME': 21, 'SL': 1}
5;rank05_time_only_linear_target_entry_avoid_sl_top30;time_only;linear;target_entry_avoid_sl;top30;signal_time;month;5;56;19.097899477516794;6.578071937957932;2.9032670450614533;0.22356834892069394;-0.059870719776379255;1.7015157339148193;0.44642857142857145;0.0;{'ML_CLOSE': 45, 'TIME': 11}
5;rank05_time_only_linear_target_entry_avoid_sl_top30;time_only;linear;target_entry_avoid_sl;top30;signal_time;month;6;48;37.74756610926276;4.0359617703459625;9.352805664962244;0.7023250903940998;0.1300054112554114;1.0;0.5833333333333334;0.0;{'ML_CLOSE': 29, 'TIME': 18, 'SL': 1}
5;rank05_time_only_linear_target_entry_avoid_sl_top30;time_only;linear;target_entry_avoid_sl;top30;signal_time;month;7;48;28.520160163487795;4.977097766483829;5.730279271495291;0.49048046660424927;0.044444444444442704;3.55896740171362;0.5625;0.0;{'ML_CLOSE': 30, 'TIME': 17, 'SL': 1}
5;rank05_time_only_linear_target_entry_avoid_sl_top30;time_only;linear;target_entry_avoid_sl;top30;signal_time;month;8;57;20.40614855617266;7.091625586905243;2.877499426062878;0.23358812226784942;0.0366666666666585;1.571052631578926;0.5263157894736842;0.0;{'ML_CLOSE': 39, 'TIME': 16, 'SL': 2}
5;rank05_time_only_linear_target_entry_avoid_sl_top30;time_only;linear;target_entry_avoid_sl;top30;signal_time;month;9;55;29.872375478583084;8.213007160089813;3.637203145730171;0.3938066966998777;0.0344444444444383;2.2646114759224076;0.5454545454545454;0.0;{'ML_CLOSE': 35, 'TIME': 16, 'SL': 4}
5;rank05_time_only_linear_target_entry_avoid_sl_top30;time_only;linear;target_entry_avoid_sl;top30;signal_time;month;10;41;12.37095051370417;5.5042848627553616;2.247512769081406;0.16747965002314164;-0.0162499999999852;1.8937450980392283;0.43902439024390244;0.0;{'ML_CLOSE': 31, 'TIME': 10}
5;rank05_time_only_linear_target_entry_avoid_sl_top30;time_only;linear;target_entry_avoid_sl;top30;signal_time;month;11;65;29.406082264312975;7.884470959684485;3.729620213540583;0.3311017123788998;0.0122222222222111;1.7021991423211134;0.5384615384615384;0.0;{'ML_CLOSE': 45, 'TIME': 20}
5;rank05_time_only_linear_target_entry_avoid_sl_top30;time_only;linear;target_entry_avoid_sl;top30;signal_time;month;12;24;5.851356340705603;2.031078113686829;2.880911522444686;0.15917825945911554;0.022112573099395752;0.7017992424242601;0.5416666666666666;0.0;{'ML_CLOSE': 18, 'TIME': 6}
5;rank05_time_only_linear_target_entry_avoid_sl_top30;time_only;linear;target_entry_avoid_sl;top30;signal_time;quarter;1;112;41.92174107814617;15.434937545907646;2.716029200212807;0.23648931725212968;-0.013804554079683801;2.766821097647906;0.45535714285714285;0.0;{'ML_CLOSE': 86, 'TIME': 23, 'SL': 3}
5;rank05_time_only_linear_target_entry_avoid_sl_top30;time_only;linear;target_entry_avoid_sl;top30;signal_time;quarter;2;168;90.74336096260905;17.716120725936673;5.122078493727996;0.4346859537897164;0.05344339622641655;1.7839622641509436;0.5654761904761905;0.0;{'ML_CLOSE': 116, 'TIME': 50, 'SL': 2}
5;rank05_time_only_linear_target_entry_avoid_sl_top30;time_only;linear;target_entry_avoid_sl;top30;signal_time;quarter;3;160;78.79868419824355;20.281730513478887;3.885205167570652;0.3657309605297791;0.037777777777781255;3.55896740171362;0.54375;0.0;{'ML_CLOSE': 104, 'TIME': 49, 'SL': 7}
5;rank05_time_only_linear_target_entry_avoid_sl_top30;time_only;linear;target_entry_avoid_sl;top30;signal_time;quarter;4;130;47.628389118722744;15.419833936126675;3.0887744521771787;0.2477581167892005;0.00267210144926105;1.8937450980392256;0.5076923076923077;0.0;{'ML_CLOSE': 94, 'TIME': 36}
5;rank05_time_only_linear_target_entry_avoid_sl_top30;time_only;linear;target_entry_avoid_sl;top30;fill_time;month;1;32;15.391188682357503;2.2106820712751203;6.962190032816376;0.4118908315963245;0.0296052631578681;0.6370168067227073;0.53125;0.0;{'ML_CLOSE': 25, 'TIME': 7}
5;rank05_time_only_linear_target_entry_avoid_sl_top30;time_only;linear;target_entry_avoid_sl;top30;fill_time;month;2;29;11.337419026749817;7.858504021088832;1.4426943087800272;0.11996258640210289;-0.0947368421052678;2.766821097647909;0.3793103448275862;0.0;{'ML_CLOSE': 21, 'TIME': 5, 'SL': 3}
5;rank05_time_only_linear_target_entry_avoid_sl_top30;time_only;linear;target_entry_avoid_sl;top30;fill_time;month;3;50;15.19313336903885;5.263425872148336;2.8865483694629437;0.1985941499378103;-0.0220068517850685;1.846729739833;0.46;0.0;{'ML_CLOSE': 39, 'TIME': 11}
5;rank05_time_only_linear_target_entry_avoid_sl_top30;time_only;linear;target_entry_avoid_sl;top30;fill_time;month;4;63;33.89789537582948;6.619607404222971;5.12083169074413;0.432988697962008;0.1694444444444384;1.7839622641509436;0.6666666666666666;0.0;{'ML_CLOSE': 41, 'TIME': 21, 'SL': 1}
5;rank05_time_only_linear_target_entry_avoid_sl_top30;time_only;linear;target_entry_avoid_sl;top30;fill_time;month;5;56;19.097899477516794;6.598104405490397;2.8944524523778528;0.22321062628618565;-0.059870719776379255;1.4481066430057243;0.44642857142857145;0.0;{'ML_CLOSE': 45, 'TIME': 11}
5;rank05_time_only_linear_target_entry_avoid_sl_top30;time_only;linear;target_entry_avoid_sl;top30;fill_time;month;6;48;37.74756610926276;4.2700062972476;8.840166379519026;0.6974491627503158;0.1300054112554114;1.0;0.5833333333333334;0.0;{'ML_CLOSE': 29, 'TIME': 18, 'SL': 1}
5;rank05_time_only_linear_target_entry_avoid_sl_top30;time_only;linear;target_entry_avoid_sl;top30;fill_time;month;7;48;27.02493289076052;5.3078259668548995;5.091525807273949;0.452439727581367;0.0119962884411343;3.5589674017136197;0.5208333333333334;0.0;{'ML_CLOSE': 31, 'TIME': 16, 'SL': 1}
5;rank05_time_only_linear_target_entry_avoid_sl_top30;time_only;linear;target_entry_avoid_sl;top30;fill_time;month;8;59;21.901375828899937;7.091625586905243;3.088343506084281;0.2510127159660117;0.0602564102564141;1.571052631578926;0.5423728813559322;0.0;{'ML_CLOSE': 40, 'TIME': 17, 'SL': 2}
5;rank05_time_only_linear_target_entry_avoid_sl_top30;time_only;linear;target_entry_avoid_sl;top30;fill_time;month;9;55;29.872375478583084;8.213007160089813;3.637203145730171;0.3938066966998777;0.0344444444444383;2.2646114759224076;0.5454545454545454;0.0;{'ML_CLOSE': 35, 'TIME': 16, 'SL': 4}
5;rank05_time_only_linear_target_entry_avoid_sl_top30;time_only;linear;target_entry_avoid_sl;top30;fill_time;month;10;40;12.37095051370417;5.493034862755372;2.25211578349582;0.17194789127371993;-0.01859011627905265;1.8937450980392283;0.45;0.0;{'ML_CLOSE': 30, 'TIME': 10}
5;rank05_time_only_linear_target_entry_avoid_sl_top30;time_only;linear;target_entry_avoid_sl;top30;fill_time;month;11;64;29.406082264312975;6.9662337801972685;4.221231039920721;0.35062263256430787;0.01621749408981965;1.0060452961672546;0.546875;0.0;{'ML_CLOSE': 44, 'TIME': 20}
5;rank05_time_only_linear_target_entry_avoid_sl_top30;time_only;linear;target_entry_avoid_sl;top30;fill_time;month;12;26;5.851356340705603;2.960565293174036;1.9764321206482618;0.11118427105890641;-0.02030892448514695;1.3979530885781188;0.5;0.0;{'ML_CLOSE': 20, 'TIME': 6}
5;rank05_time_only_linear_target_entry_avoid_sl_top30;time_only;linear;target_entry_avoid_sl;top30;fill_time;quarter;1;111;41.92174107814617;15.332611964512283;2.7341552225527583;0.23954170372643147;-0.0129032258064397;2.766821097647906;0.4594594594594595;0.0;{'ML_CLOSE': 85, 'TIME': 23, 'SL': 3}
5;rank05_time_only_linear_target_entry_avoid_sl_top30;time_only;linear;target_entry_avoid_sl;top30;fill_time;quarter;2;167;90.74336096260905;17.48771810696097;5.188976652504979;0.4386565440457968;0.0550000000000068;1.7839622641509436;0.5688622754491018;0.0;{'ML_CLOSE': 115, 'TIME': 50, 'SL': 2}
5;rank05_time_only_linear_target_entry_avoid_sl_top30;time_only;linear;target_entry_avoid_sl;top30;fill_time;quarter;3;162;78.79868419824355;20.612458713849954;3.822866805564395;0.3591742313851456;0.0366666666666585;3.5589674017136197;0.5370370370370371;0.0;{'ML_CLOSE': 106, 'TIME': 49, 'SL': 7}
5;rank05_time_only_linear_target_entry_avoid_sl_top30;time_only;linear;target_entry_avoid_sl;top30;fill_time;quarter;4;130;47.628389118722744;15.419833936126675;3.0887744521771787;0.2477581167892005;0.00267210144926105;1.8937450980392256;0.5076923076923077;0.0;{'ML_CLOSE': 94, 'TIME': 36}
5;rank05_time_only_linear_target_entry_avoid_sl_top30;time_only;linear;target_entry_avoid_sl;top30;exit_time;month;1;32;15.391188682357503;2.2106820712751203;6.962190032816376;0.4118908315963245;0.0296052631578681;0.6370168067227073;0.53125;0.0;{'ML_CLOSE': 25, 'TIME': 7}
5;rank05_time_only_linear_target_entry_avoid_sl_top30;time_only;linear;target_entry_avoid_sl;top30;exit_time;month;2;28;10.76908569341649;7.858504021088832;1.3703735042340008;0.10394934544027343;-0.1179934210526265;2.766821097647909;0.35714285714285715;0.0;{'ML_CLOSE': 20, 'TIME': 5, 'SL': 3}
5;rank05_time_only_linear_target_entry_avoid_sl_top30;time_only;linear;target_entry_avoid_sl;top30;exit_time;month;3;50;12.110303911674551;5.263425872148336;2.3008405942898884;0.13693756079052435;-0.0220068517850685;1.8467297398330018;0.46;0.0;{'ML_CLOSE': 40, 'TIME': 10}
5;rank05_time_only_linear_target_entry_avoid_sl_top30;time_only;linear;target_entry_avoid_sl;top30;exit_time;month;4;64;37.549058166527104;6.619607404222971;5.672399565958054;0.4832726681610021;0.17120870870870275;1.7839622641509436;0.671875;0.0;{'ML_CLOSE': 41, 'TIME': 22, 'SL': 1}
5;rank05_time_only_linear_target_entry_avoid_sl_top30;time_only;linear;target_entry_avoid_sl;top30;exit_time;month;5;55;19.06721765933498;6.598104405490397;2.8898023564872384;0.22671115006990147;-0.0660377358490614;1.4481066430057243;0.43636363636363634;0.0;{'ML_CLOSE': 44, 'TIME': 11}
5;rank05_time_only_linear_target_entry_avoid_sl_top30;time_only;linear;target_entry_avoid_sl;top30;exit_time;month;6;49;37.77824792744458;4.2700062972476;8.847351806435515;0.6838416659223872;0.1202380952380928;1.0;0.5918367346938775;0.0;{'ML_CLOSE': 30, 'TIME': 18, 'SL': 1}
5;rank05_time_only_linear_target_entry_avoid_sl_top30;time_only;linear;target_entry_avoid_sl;top30;exit_time;month;7;48;27.02493289076052;5.3078259668548995;5.091525807273949;0.452439727581367;0.0119962884411343;3.5589674017136197;0.5208333333333334;0.0;{'ML_CLOSE': 31, 'TIME': 16, 'SL': 1}
5;rank05_time_only_linear_target_entry_avoid_sl_top30;time_only;linear;target_entry_avoid_sl;top30;exit_time;month;8;58;21.901375828899937;7.072181142460785;3.096834680521106;0.25567577045584744;0.0784977703455912;1.571052631578926;0.5517241379310345;0.0;{'ML_CLOSE': 40, 'TIME': 16, 'SL': 2}
5;rank05_time_only_linear_target_entry_avoid_sl_top30;time_only;linear;target_entry_avoid_sl;top30;exit_time;month;9;56;29.872375478583084;8.23245160453427;3.6286123397470047;0.386427212036586;0.02972222222222115;2.2646114759224076;0.5357142857142857;0.0;{'ML_CLOSE': 35, 'TIME': 17, 'SL': 4}
5;rank05_time_only_linear_target_entry_avoid_sl_top30;time_only;linear;target_entry_avoid_sl;top30;exit_time;month;10;40;12.37095051370417;5.493034862755372;2.25211578349582;0.17194789127371993;-0.01859011627905265;1.8937450980392283;0.45;0.0;{'ML_CLOSE': 30, 'TIME': 10}
5;rank05_time_only_linear_target_entry_avoid_sl_top30;time_only;linear;target_entry_avoid_sl;top30;exit_time;month;11;63;28.338690959965135;6.9662337801972685;4.068007456270387;0.33924535205980744;0.0122222222222111;1.0716425120773767;0.5396825396825397;0.0;{'ML_CLOSE': 44, 'TIME': 19}
5;rank05_time_only_linear_target_entry_avoid_sl_top30;time_only;linear;target_entry_avoid_sl;top30;exit_time;month;12;27;6.918747645053442;2.960565293174036;2.3369684367392622;0.14659934636590388;0.0039473684210191;1.397953088578118;0.5185185185185185;0.0;{'ML_CLOSE': 20, 'TIME': 7}
5;rank05_time_only_linear_target_entry_avoid_sl_top30;time_only;linear;target_entry_avoid_sl;top30;exit_time;quarter;1;110;38.270578287448544;15.332611964512283;2.496024707077096;0.20852696657214784;-0.013804554079683801;2.766821097647906;0.45454545454545453;0.0;{'ML_CLOSE': 85, 'TIME': 22, 'SL': 3}
5;rank05_time_only_linear_target_entry_avoid_sl_top30;time_only;linear;target_entry_avoid_sl;top30;exit_time;quarter;2;168;94.39452375330666;17.48771810696097;5.397761055842558;0.45777860503777196;0.0604268292682798;1.7839622641509436;0.5714285714285714;0.0;{'ML_CLOSE': 115, 'TIME': 51, 'SL': 2}
5;rank05_time_only_linear_target_entry_avoid_sl_top30;time_only;linear;target_entry_avoid_sl;top30;exit_time;quarter;3;162;78.79868419824355;20.612458713849954;3.822866805564395;0.3591742313851456;0.0366666666666585;3.5589674017136197;0.5370370370370371;0.0;{'ML_CLOSE': 106, 'TIME': 49, 'SL': 7}
5;rank05_time_only_linear_target_entry_avoid_sl_top30;time_only;linear;target_entry_avoid_sl;top30;exit_time;quarter;4;130;47.628389118722744;15.419833936126675;3.0887744521771787;0.2477581167892005;0.00267210144926105;1.8937450980392256;0.5076923076923077;0.0;{'ML_CLOSE': 94, 'TIME': 36}
6;rank06_time_only_linear_target_entry_good_0_5r_top50;time_only;linear;target_entry_good_0_5r;top50;signal_time;month;1;57;37.16422190058508;7.585037612899894;4.899675360525542;0.5189330576786876;-0.0129032258064397;2.0;0.47368421052631576;0.0;{'ML_CLOSE': 39, 'TIME': 15, 'SL': 3}
6;rank06_time_only_linear_target_entry_good_0_5r_top50;time_only;linear;target_entry_good_0_5r;top50;signal_time;month;2;49;20.845275987661303;13.058177400667306;1.5963388571054378;0.15892037932640818;-0.0947368421052678;4.361770526221775;0.3469387755102041;0.0;{'ML_CLOSE': 35, 'TIME': 8, 'SL': 6}
6;rank06_time_only_linear_target_entry_good_0_5r_top50;time_only;linear;target_entry_good_0_5r;top50;signal_time;month;3;91;30.871288084871605;11.282963162832658;2.7360975693481904;0.21525631782460378;-0.0196808510638361;2.554568392166221;0.46153846153846156;0.0;{'ML_CLOSE': 65, 'TIME': 22, 'SL': 4}
6;rank06_time_only_linear_target_entry_good_0_5r_top50;time_only;linear;target_entry_good_0_5r;top50;signal_time;month;4;114;59.846032180027365;12.566593700107774;4.762311379535897;0.4147319164905227;0.10655405405404515;1.7839622641509436;0.5789473684210527;0.0;{'ML_CLOSE': 75, 'TIME': 38, 'SL': 1}
6;rank06_time_only_linear_target_entry_good_0_5r_top50;time_only;linear;target_entry_good_0_5r;top50;signal_time;month;5;105;52.90618534312483;11.718546479200587;4.514739557250446;0.392263227275469;0.0306818181818162;2.0578409090909275;0.5238095238095238;0.0;{'ML_CLOSE': 74, 'TIME': 29, 'SL': 2}
6;rank06_time_only_linear_target_entry_good_0_5r_top50;time_only;linear;target_entry_good_0_5r;top50;signal_time;month;6;95;52.75994808917643;11.324254793457861;4.659021635547833;0.43616519258651115;0.051282051282034;1.7958974358974023;0.5684210526315789;0.0;{'ML_CLOSE': 65, 'TIME': 26, 'SL': 4}
6;rank06_time_only_linear_target_entry_good_0_5r_top50;time_only;linear;target_entry_good_0_5r;top50;signal_time;month;7;101;51.0164568276945;13.30057372361847;3.835658362398467;0.3734245851888717;0.038888888888904;5.239390050533865;0.5544554455445545;0.0;{'ML_CLOSE': 66, 'TIME': 32, 'SL': 3}
6;rank06_time_only_linear_target_entry_good_0_5r_top50;time_only;linear;target_entry_good_0_5r;top50;signal_time;month;8;103;38.092234173282165;12.345823685099809;3.0854348113893555;0.24996515037070258;0.0193181818181901;2.3638335704124778;0.5048543689320388;0.0;{'ML_CLOSE': 76, 'TIME': 25, 'SL': 2}
6;rank06_time_only_linear_target_entry_good_0_5r_top50;time_only;linear;target_entry_good_0_5r;top50;signal_time;month;9;119;72.92521877004762;19.238073097648616;3.7906716748550533;0.4511524846420085;0.0987179487179469;3.1119005328596785;0.5546218487394958;0.0;{'ML_CLOSE': 76, 'TIME': 34, 'SL': 9}
6;rank06_time_only_linear_target_entry_good_0_5r_top50;time_only;linear;target_entry_good_0_5r;top50;signal_time;month;10;90;27.849598895478593;12.184193738872128;2.2857153696290933;0.17406005729562737;-0.01374999999998745;5.734665727829617;0.4777777777777778;0.0;{'ML_CLOSE': 69, 'TIME': 19, 'SL': 2}
6;rank06_time_only_linear_target_entry_good_0_5r_top50;time_only;linear;target_entry_good_0_5r;top50;signal_time;month;11;124;46.57244292919479;13.5605322330321;3.4344111373260837;0.2662250862593766;0.0090180878553021;1.5429018136335344;0.5241935483870968;0.0;{'ML_CLOSE': 93, 'TIME': 30, 'SL': 1}
6;rank06_time_only_linear_target_entry_good_0_5r_top50;time_only;linear;target_entry_good_0_5r;top50;signal_time;month;12;51;19.354213077652766;4.244798004761696;4.559513328064551;0.29626304064492287;0.0485294117647289;0.796096096096071;0.6078431372549019;0.0;{'ML_CLOSE': 37, 'TIME': 14}
6;rank06_time_only_linear_target_entry_good_0_5r_top50;time_only;linear;target_entry_good_0_5r;top50;signal_time;quarter;1;197;88.88078597311801;31.92617817639987;2.783946937902499;0.28910968424730016;-0.037234042553194;4.3617705262217825;0.4365482233502538;0.0;{'ML_CLOSE': 139, 'TIME': 45, 'SL': 13}
6;rank06_time_only_linear_target_entry_good_0_5r_top50;time_only;linear;target_entry_good_0_5r;top50;signal_time;quarter;2;314;165.51216561232863;35.609394972766225;4.6479915128833555;0.41370309120879745;0.05344339622641655;2.3193392255892036;0.5573248407643312;0.0;{'ML_CLOSE': 214, 'TIME': 93, 'SL': 7}
6;rank06_time_only_linear_target_entry_good_0_5r_top50;time_only;linear;target_entry_good_0_5r;top50;signal_time;quarter;3;323;162.03390977102433;44.884470506366895;3.610021638732258;0.36269176242928003;0.038888888888904;5.239390050533865;0.5386996904024768;0.0;{'ML_CLOSE': 218, 'TIME': 91, 'SL': 14}
6;rank06_time_only_linear_target_entry_good_0_5r_top50;time_only;linear;target_entry_good_0_5r;top50;signal_time;quarter;4;265;93.77625490232614;29.98952397666593;3.126967102755316;0.2407046450024914;0.0122222222222111;5.734665727829622;0.5245283018867924;0.0;{'ML_CLOSE': 199, 'TIME': 63, 'SL': 3}
6;rank06_time_only_linear_target_entry_good_0_5r_top50;time_only;linear;target_entry_good_0_5r;top50;fill_time;month;1;57;37.16422190058508;7.585037612899894;4.899675360525542;0.5189330576786876;-0.0129032258064397;2.0;0.47368421052631576;0.0;{'ML_CLOSE': 39, 'TIME': 15, 'SL': 3}
6;rank06_time_only_linear_target_entry_good_0_5r_top50;time_only;linear;target_entry_good_0_5r;top50;fill_time;month;2;49;20.845275987661303;13.058177400667306;1.5963388571054378;0.15892037932640818;-0.0947368421052678;4.361770526221775;0.3469387755102041;0.0;{'ML_CLOSE': 35, 'TIME': 8, 'SL': 6}
6;rank06_time_only_linear_target_entry_good_0_5r_top50;time_only;linear;target_entry_good_0_5r;top50;fill_time;month;3;90;30.871288084871605;11.180637581437296;2.7611384288250074;0.2187850055937145;-0.013230256040389549;2.554568392166221;0.4666666666666667;0.0;{'ML_CLOSE': 64, 'TIME': 22, 'SL': 4}
6;rank06_time_only_linear_target_entry_good_0_5r_top50;time_only;linear;target_entry_good_0_5r;top50;fill_time;month;4;114;59.846032180027365;12.36982837241223;4.838064876752759;0.4164579281369748;0.10655405405404515;1.7839622641509436;0.5789473684210527;0.0;{'ML_CLOSE': 75, 'TIME': 38, 'SL': 1}
6;rank06_time_only_linear_target_entry_good_0_5r_top50;time_only;linear;target_entry_good_0_5r;top50;fill_time;month;5;104;52.90618534312483;11.452864661018783;4.619471801076762;0.39858962194332737;0.03646159874608065;2.0578409090909275;0.5288461538461539;0.0;{'ML_CLOSE': 73, 'TIME': 29, 'SL': 2}
6;rank06_time_only_linear_target_entry_good_0_5r_top50;time_only;linear;target_entry_good_0_5r;top50;fill_time;month;6;95;52.75994808917643;11.558299320359499;4.564680895245706;0.4337015659875465;0.051282051282034;1.7958974358974023;0.5684210526315789;0.0;{'ML_CLOSE': 65, 'TIME': 26, 'SL': 4}
6;rank06_time_only_linear_target_entry_good_0_5r_top50;time_only;linear;target_entry_good_0_5r;top50;fill_time;month;7;101;49.52122955496724;13.63130192398954;3.6329053403046934;0.35534581812849203;0.0207317073170542;5.239390050533865;0.5346534653465347;0.0;{'ML_CLOSE': 67, 'TIME': 31, 'SL': 3}
6;rank06_time_only_linear_target_entry_good_0_5r_top50;time_only;linear;target_entry_good_0_5r;top50;fill_time;month;8;105;39.587461446009435;12.345823685099809;3.2065468012302487;0.25944416915152035;0.0243243243243326;2.3638335704124778;0.5142857142857142;0.0;{'ML_CLOSE': 77, 'TIME': 26, 'SL': 2}
6;rank06_time_only_linear_target_entry_good_0_5r_top50;time_only;linear;target_entry_good_0_5r;top50;fill_time;month;9;118;71.82986993283835;19.238073097648616;3.7337351598699247;0.445693193518557;0.0976923076923007;3.1119005328596785;0.5508474576271186;0.0;{'ML_CLOSE': 76, 'TIME': 33, 'SL': 9}
6;rank06_time_only_linear_target_entry_good_0_5r_top50;time_only;linear;target_entry_good_0_5r;top50;fill_time;month;10;90;28.944947732687886;12.172943738872139;2.3778100312956614;0.18635559993128606;-0.01275462962962855;5.734665727829615;0.4888888888888889;0.0;{'ML_CLOSE': 68, 'TIME': 20, 'SL': 2}
6;rank06_time_only_linear_target_entry_good_0_5r_top50;time_only;linear;target_entry_good_0_5r;top50;fill_time;month;11;123;46.57244292919479;12.642295053544885;3.683859831774448;0.27585486077764154;0.0122222222222111;1.2146749573015079;0.5284552845528455;0.0;{'ML_CLOSE': 92, 'TIME': 30, 'SL': 1}
6;rank06_time_only_linear_target_entry_good_0_5r_top50;time_only;linear;target_entry_good_0_5r;top50;fill_time;month;12;53;19.354213077652766;5.1742851842489035;3.7404612209178443;0.2675458093095068;0.0402777777777724;1.1630288461538303;0.5849056603773585;0.0;{'ML_CLOSE': 39, 'TIME': 14}
6;rank06_time_only_linear_target_entry_good_0_5r_top50;time_only;linear;target_entry_good_0_5r;top50;fill_time;quarter;1;196;88.88078597311801;31.823852595004503;2.792898367907534;0.29110680294955865;-0.035638297872338104;4.3617705262217825;0.4387755102040816;0.0;{'ML_CLOSE': 138, 'TIME': 45, 'SL': 13}
6;rank06_time_only_linear_target_entry_good_0_5r_top50;time_only;linear;target_entry_good_0_5r;top50;fill_time;quarter;2;313;165.51216561232863;35.38099235379052;4.677996703916548;0.415754547151879;0.0550000000000068;2.3193392255892036;0.5591054313099042;0.0;{'ML_CLOSE': 213, 'TIME': 93, 'SL': 7}
6;rank06_time_only_linear_target_entry_good_0_5r_top50;time_only;linear;target_entry_good_0_5r;top50;fill_time;quarter;3;324;160.93856093381504;45.215198706737965;3.559390769852616;0.35717087107122547;0.0366666666666585;5.239390050533865;0.5339506172839507;0.0;{'ML_CLOSE': 220, 'TIME': 90, 'SL': 14}
6;rank06_time_only_linear_target_entry_good_0_5r_top50;time_only;linear;target_entry_good_0_5r;top50;fill_time;quarter;4;266;94.87160373953543;29.98952397666593;3.1634914850049825;0.24391759309349434;0.014199346405215849;5.734665727829622;0.5263157894736842;0.0;{'ML_CLOSE': 199, 'TIME': 64, 'SL': 3}
6;rank06_time_only_linear_target_entry_good_0_5r_top50;time_only;linear;target_entry_good_0_5r;top50;exit_time;month;1;57;37.16422190058508;7.585037612899894;4.899675360525542;0.5189330576786876;-0.0129032258064397;2.0;0.47368421052631576;0.0;{'ML_CLOSE': 39, 'TIME': 15, 'SL': 3}
6;rank06_time_only_linear_target_entry_good_0_5r_top50;time_only;linear;target_entry_good_0_5r;top50;exit_time;month;2;48;20.276942654327975;13.058177400667306;1.5528156826305461;0.15039094278459733;-0.09868421052633185;4.361770526221775;0.3333333333333333;0.0;{'ML_CLOSE': 34, 'TIME': 8, 'SL': 6}
6;rank06_time_only_linear_target_entry_good_0_5r_top50;time_only;linear;target_entry_good_0_5r;top50;exit_time;month;3;90;27.788458627507307;11.180637581437296;2.4854091213584475;0.18453134495633342;-0.013230256040389549;2.554568392166221;0.4666666666666667;0.0;{'ML_CLOSE': 65, 'TIME': 21, 'SL': 4}
6;rank06_time_only_linear_target_entry_good_0_5r_top50;time_only;linear;target_entry_good_0_5r;top50;exit_time;month;4;115;63.49719497072498;12.36982837241223;5.133231687542197;0.4445857965070675;0.1081081081081006;1.7839622641509436;0.5826086956521739;0.0;{'ML_CLOSE': 75, 'TIME': 39, 'SL': 1}
6;rank06_time_only_linear_target_entry_good_0_5r_top50;time_only;linear;target_entry_good_0_5r;top50;exit_time;month;5;103;52.875503524943014;11.452864661018783;4.616792836547805;0.40216154236819646;0.0422413793103451;2.0578409090909275;0.5242718446601942;0.0;{'ML_CLOSE': 72, 'TIME': 29, 'SL': 2}
6;rank06_time_only_linear_target_entry_good_0_5r_top50;time_only;linear;target_entry_good_0_5r;top50;exit_time;month;6;95;50.76262990735826;11.558299320359499;4.391877083330231;0.4126771640736709;0.0512195121951028;1.7958974358974023;0.5684210526315789;0.0;{'ML_CLOSE': 66, 'TIME': 25, 'SL': 4}
6;rank06_time_only_linear_target_entry_good_0_5r_top50;time_only;linear;target_entry_good_0_5r;top50;exit_time;month;7;102;51.54922955496724;13.63130192398954;3.7816805645135383;0.371744388538997;0.02449628844112285;5.239390050533864;0.5392156862745098;0.0;{'ML_CLOSE': 67, 'TIME': 32, 'SL': 3}
6;rank06_time_only_linear_target_entry_good_0_5r_top50;time_only;linear;target_entry_good_0_5r;top50;exit_time;month;8;104;39.587461446009435;12.326379240655351;3.211605019861835;0.2621257904360971;0.029037162162165148;2.3638335704124778;0.5192307692307693;0.0;{'ML_CLOSE': 77, 'TIME': 25, 'SL': 2}
6;rank06_time_only_linear_target_entry_good_0_5r_top50;time_only;linear;target_entry_good_0_5r;top50;exit_time;month;9;117;66.02173039795467;19.257517542093073;3.4283614309915285;0.3996941269731761;0.0888888888889022;3.1119005328596785;0.5384615384615384;0.0;{'ML_CLOSE': 76, 'TIME': 32, 'SL': 9}
6;rank06_time_only_linear_target_entry_good_0_5r_top50;time_only;linear;target_entry_good_0_5r;top50;exit_time;month;10;91;34.357342586720506;12.172943738872139;2.822435010276637;0.24378460272360838;-0.0092592592592719;5.734665727829611;0.4945054945054945;0.0;{'ML_CLOSE': 67, 'TIME': 22, 'SL': 2}
6;rank06_time_only_linear_target_entry_good_0_5r_top50;time_only;linear;target_entry_good_0_5r;top50;exit_time;month;11;123;45.900796305697995;12.642295053544885;3.63073287811199;0.27039431912319595;0.0122222222222111;1.2146749573015079;0.5284552845528455;0.0;{'ML_CLOSE': 93, 'TIME': 29, 'SL': 1}
6;rank06_time_only_linear_target_entry_good_0_5r_top50;time_only;linear;target_entry_good_0_5r;top50;exit_time;month;12;54;20.421604382000602;5.1742851842489035;3.9467489044025297;0.28235776292132775;0.04440359477125065;1.1630288461538303;0.5925925925925926;0.0;{'ML_CLOSE': 39, 'TIME': 15}
6;rank06_time_only_linear_target_entry_good_0_5r_top50;time_only;linear;target_entry_good_0_5r;top50;exit_time;quarter;1;195;85.22962318242037;31.823852595004503;2.678167985098044;0.2738757466021327;-0.037234042553194;4.3617705262217825;0.4358974358974359;0.0;{'ML_CLOSE': 138, 'TIME': 44, 'SL': 13}
6;rank06_time_only_linear_target_entry_good_0_5r_top50;time_only;linear;target_entry_good_0_5r;top50;exit_time;quarter;2;313;167.13532840302628;35.38099235379052;4.723873393141851;0.42094037076433144;0.0550000000000068;2.3193392255892036;0.5591054313099042;0.0;{'ML_CLOSE': 213, 'TIME': 93, 'SL': 7}
6;rank06_time_only_linear_target_entry_good_0_5r_top50;time_only;linear;target_entry_good_0_5r;top50;exit_time;quarter;3;323;157.15842139893135;45.215198706737965;3.4757874762034744;0.34657344486747177;0.0366666666666585;5.239390050533864;0.5325077399380805;0.0;{'ML_CLOSE': 220, 'TIME': 89, 'SL': 14}
6;rank06_time_only_linear_target_entry_good_0_5r_top50;time_only;linear;target_entry_good_0_5r;top50;exit_time;quarter;4;268;100.6797432744191;29.98952397666593;3.3571637666791707;0.26376947499161635;0.016421568627436;5.734665727829622;0.5298507462686567;0.0;{'ML_CLOSE': 199, 'TIME': 66, 'SL': 3}
7;rank07_movement_plus_time_linear_target_entry_good_0_5r_top40;movement_plus_time;linear;target_entry_good_0_5r;top40;signal_time;month;1;53;35.64338856725175;6.226765866170583;5.724221744212166;0.5550306170015317;-0.0042857142857103;1.0012605042017029;0.49056603773584906;0.0;{'ML_CLOSE': 36, 'TIME': 15, 'SL': 2}
7;rank07_movement_plus_time_linear_target_entry_good_0_5r_top40;movement_plus_time;linear;target_entry_good_0_5r;top40;signal_time;month;2;43;11.504530491615096;10.726175112337831;1.0725659772589353;0.018101287890168925;-0.0947368421052678;5.207183039586685;0.3488372093023256;0.0;{'ML_CLOSE': 32, 'TIME': 6, 'SL': 5}
7;rank07_movement_plus_time_linear_target_entry_good_0_5r_top40;movement_plus_time;linear;target_entry_good_0_5r;top40;signal_time;month;3;72;26.41294480310434;7.807000159028733;3.3832386659500684;0.25841589783438346;-0.0293206075533727;1.651908267138424;0.4305555555555556;0.0;{'ML_CLOSE': 55, 'TIME': 15, 'SL': 2}
7;rank07_movement_plus_time_linear_target_entry_good_0_5r_top40;movement_plus_time;linear;target_entry_good_0_5r;top40;signal_time;month;4;95;51.82647777315958;11.617928888087857;4.460905060823579;0.42324788300075505;0.1049999999999897;2.151554856743541;0.5473684210526316;0.0;{'ML_CLOSE': 62, 'TIME': 32, 'SL': 1}
7;rank07_movement_plus_time_linear_target_entry_good_0_5r_top40;movement_plus_time;linear;target_entry_good_0_5r;top40;signal_time;month;5;82;40.89277603970267;9.355039845572366;4.3712027650055125;0.3846065389528085;0.00118907232703225;1.6145454545454534;0.5;0.0;{'ML_CLOSE': 57, 'TIME': 23, 'SL': 2}
7;rank07_movement_plus_time_linear_target_entry_good_0_5r_top40;movement_plus_time;linear;target_entry_good_0_5r;top40;signal_time;month;6;88;53.54306926890423;8.6325598710748;6.202455594696945;0.5103466977026071;0.0676803885291265;1.741666666666685;0.6022727272727273;0.0;{'ML_CLOSE': 60, 'TIME': 26, 'SL': 2}
7;rank07_movement_plus_time_linear_target_entry_good_0_5r_top40;movement_plus_time;linear;target_entry_good_0_5r;top40;signal_time;month;7;97;42.322972658046545;14.556269688344385;2.9075424929737146;0.28625466979074393;0.0032608695652144;5.7166005314879555;0.5051546391752577;0.0;{'ML_CLOSE': 67, 'TIME': 26, 'SL': 4}
7;rank07_movement_plus_time_linear_target_entry_good_0_5r_top40;movement_plus_time;linear;target_entry_good_0_5r;top40;signal_time;month;8;83;27.014228720329065;11.472556198978957;2.354682622756147;0.18724906652229042;-0.0179487179487017;2.582221827961923;0.4819277108433735;0.0;{'ML_CLOSE': 63, 'TIME': 18, 'SL': 2}
7;rank07_movement_plus_time_linear_target_entry_good_0_5r_top40;movement_plus_time;linear;target_entry_good_0_5r;top40;signal_time;month;9;101;48.84188608640287;15.786204913891268;3.093959970291773;0.3272839720050655;0.0344444444444383;4.3687107715657545;0.5247524752475248;0.0;{'ML_CLOSE': 68, 'TIME': 26, 'SL': 7}
7;rank07_movement_plus_time_linear_target_entry_good_0_5r_top40;movement_plus_time;linear;target_entry_good_0_5r;top40;signal_time;month;10;80;22.051888590360505;11.976137796169823;1.8413188763921104;0.12594688492738354;-0.0245276162790589;4.951575984239884;0.45;0.0;{'ML_CLOSE': 60, 'TIME': 18, 'SL': 2}
7;rank07_movement_plus_time_linear_target_entry_good_0_5r_top40;movement_plus_time;linear;target_entry_good_0_5r;top40;signal_time;month;11;129;49.561235311752135;14.371252648599047;3.448637117696453;0.2727905632802565;0.0058139534883931;1.6791445035460892;0.5271317829457365;0.0;{'ML_CLOSE': 95, 'TIME': 32, 'SL': 2}
7;rank07_movement_plus_time_linear_target_entry_good_0_5r_top40;movement_plus_time;linear;target_entry_good_0_5r;top40;signal_time;month;12;56;15.289433764582995;5.759840283680857;2.654489189205816;0.1701713121589667;0.01006191950461985;2.560210397942624;0.5178571428571429;0.0;{'ML_CLOSE': 43, 'TIME': 13}
7;rank07_movement_plus_time_linear_target_entry_good_0_5r_top40;movement_plus_time;linear;target_entry_good_0_5r;top40;signal_time;quarter;1;168;73.5608638619712;24.759941137537147;2.9709627924134976;0.29048168288353593;-0.0309348739495887;5.2071830395867025;0.42857142857142855;0.0;{'ML_CLOSE': 123, 'TIME': 36, 'SL': 9}
7;rank07_movement_plus_time_linear_target_entry_good_0_5r_top40;movement_plus_time;linear;target_entry_good_0_5r;top40;signal_time;quarter;2;265;146.2623230817665;29.605528604735017;4.940371949932817;0.44021431878125084;0.0518867924528263;2.1515548567435374;0.5509433962264151;0.0;{'ML_CLOSE': 179, 'TIME': 81, 'SL': 5}
7;rank07_movement_plus_time_linear_target_entry_good_0_5r_top40;movement_plus_time;linear;target_entry_good_0_5r;top40;signal_time;quarter;3;281;118.17908746477848;41.81503080121461;2.8262346146913684;0.2717582087671312;0.0077777777777959;5.7166005314879555;0.505338078291815;0.0;{'ML_CLOSE': 198, 'TIME': 70, 'SL': 13}
7;rank07_movement_plus_time_linear_target_entry_good_0_5r_top40;movement_plus_time;linear;target_entry_good_0_5r;top40;signal_time;quarter;4;265;86.90255766669563;32.10723072844973;2.7066351004134592;0.20677481863489022;0.0020833333333077;4.951575984239895;0.5018867924528302;0.0;{'ML_CLOSE': 198, 'TIME': 63, 'SL': 4}
7;rank07_movement_plus_time_linear_target_entry_good_0_5r_top40;movement_plus_time;linear;target_entry_good_0_5r;top40;fill_time;month;1;53;35.64338856725175;6.226765866170583;5.724221744212166;0.5550306170015317;-0.0042857142857103;1.0012605042017029;0.49056603773584906;0.0;{'ML_CLOSE': 36, 'TIME': 15, 'SL': 2}
7;rank07_movement_plus_time_linear_target_entry_good_0_5r_top40;movement_plus_time;linear;target_entry_good_0_5r;top40;fill_time;month;2;43;11.504530491615096;10.726175112337831;1.0725659772589353;0.018101287890168925;-0.0947368421052678;5.207183039586685;0.3488372093023256;0.0;{'ML_CLOSE': 32, 'TIME': 6, 'SL': 5}
7;rank07_movement_plus_time_linear_target_entry_good_0_5r_top40;movement_plus_time;linear;target_entry_good_0_5r;top40;fill_time;month;3;71;26.41294480310434;7.704674577633369;3.428171370116135;0.26349676373902775;-0.0247126436781644;1.6519082671384222;0.43661971830985913;0.0;{'ML_CLOSE': 54, 'TIME': 15, 'SL': 2}
7;rank07_movement_plus_time_linear_target_entry_good_0_5r_top40;movement_plus_time;linear;target_entry_good_0_5r;top40;fill_time;month;4;95;51.82647777315958;11.421163560392316;4.537758127629804;0.4253190969764976;0.1049999999999897;2.151554856743541;0.5473684210526316;0.0;{'ML_CLOSE': 62, 'TIME': 32, 'SL': 1}
7;rank07_movement_plus_time_linear_target_entry_good_0_5r_top40;movement_plus_time;linear;target_entry_good_0_5r;top40;fill_time;month;5;82;40.89277603970267;9.400721663754178;4.349961364920588;0.38404944360912785;0.00118907232703225;1.6145454545454534;0.5;0.0;{'ML_CLOSE': 57, 'TIME': 23, 'SL': 2}
7;rank07_movement_plus_time_linear_target_entry_good_0_5r_top40;movement_plus_time;linear;target_entry_good_0_5r;top40;fill_time;month;6;87;53.54306926890423;8.555240761612826;6.258511099903908;0.5171014770953035;0.0734042553191298;1.741666666666685;0.6091954022988506;0.0;{'ML_CLOSE': 59, 'TIME': 26, 'SL': 2}
7;rank07_movement_plus_time_linear_target_entry_good_0_5r_top40;movement_plus_time;linear;target_entry_good_0_5r;top40;fill_time;month;7;97;40.827745385319275;14.886997888715454;2.74251032280103;0.26743038656292595;-0.0287234042553169;5.716600531487956;0.4845360824742268;0.0;{'ML_CLOSE': 68, 'TIME': 25, 'SL': 4}
7;rank07_movement_plus_time_linear_target_entry_good_0_5r_top40;movement_plus_time;linear;target_entry_good_0_5r;top40;fill_time;month;8;85;28.50945599305634;11.472556198978957;2.4850134092691256;0.2004341152244398;-0.0159574468085201;2.582221827961923;0.49411764705882355;0.0;{'ML_CLOSE': 64, 'TIME': 19, 'SL': 2}
7;rank07_movement_plus_time_linear_target_entry_good_0_5r_top40;movement_plus_time;linear;target_entry_good_0_5r;top40;fill_time;month;9;100;47.74653724919358;15.786204913891268;3.0245735127369606;0.31960332335302316;0.02972222222222115;4.3687107715657545;0.52;0.0;{'ML_CLOSE': 68, 'TIME': 25, 'SL': 7}
7;rank07_movement_plus_time_linear_target_entry_good_0_5r_top40;movement_plus_time;linear;target_entry_good_0_5r;top40;fill_time;month;10;80;23.147237427569795;11.964887796169831;1.9345971163206084;0.13977937039249957;-0.0245276162790589;4.951575984239884;0.4625;0.0;{'ML_CLOSE': 59, 'TIME': 19, 'SL': 2}
7;rank07_movement_plus_time_linear_target_entry_good_0_5r_top40;movement_plus_time;linear;target_entry_good_0_5r;top40;fill_time;month;11;128;49.561235311752135;13.453015469111829;3.684024256535266;0.28209546752062736;0.0090180878553021;1.6791445035460892;0.53125;0.0;{'ML_CLOSE': 94, 'TIME': 32, 'SL': 2}
7;rank07_movement_plus_time_linear_target_entry_good_0_5r_top40;movement_plus_time;linear;target_entry_good_0_5r;top40;fill_time;month;12;58;15.289433764582995;6.689327463168064;2.285645881259029;0.14827769485198153;-0.0030263157894858997;2.5602103979426243;0.5;0.0;{'ML_CLOSE': 45, 'TIME': 13}
7;rank07_movement_plus_time_linear_target_entry_good_0_5r_top40;movement_plus_time;linear;target_entry_good_0_5r;top40;fill_time;quarter;1;167;73.5608638619712;24.657615556141792;2.983291863500907;0.2928338221905952;-0.0279411764705964;5.2071830395867025;0.4311377245508982;0.0;{'ML_CLOSE': 122, 'TIME': 36, 'SL': 9}
7;rank07_movement_plus_time_linear_target_entry_good_0_5r_top40;movement_plus_time;linear;target_entry_good_0_5r;top40;fill_time;quarter;2;264;146.2623230817665;29.377125985759314;4.978782579094626;0.4427469586969968;0.05344339622641655;2.1515548567435374;0.553030303030303;0.0;{'ML_CLOSE': 178, 'TIME': 81, 'SL': 5}
7;rank07_movement_plus_time_linear_target_entry_good_0_5r_top40;movement_plus_time;linear;target_entry_good_0_5r;top40;fill_time;quarter;3;282;117.08373862756918;42.14575900158569;2.7780669135218097;0.2657375164041968;-0.0043695652173873;5.716600531487956;0.5;0.0;{'ML_CLOSE': 200, 'TIME': 69, 'SL': 13}
7;rank07_movement_plus_time_linear_target_entry_good_0_5r_top40;movement_plus_time;linear;target_entry_good_0_5r;top40;fill_time;quarter;4;266;87.99790650390494;32.10723072844973;2.7407504324541865;0.21011532246411727;0.00267210144926105;4.951575984239895;0.5037593984962406;0.0;{'ML_CLOSE': 198, 'TIME': 64, 'SL': 4}
7;rank07_movement_plus_time_linear_target_entry_good_0_5r_top40;movement_plus_time;linear;target_entry_good_0_5r;top40;exit_time;month;1;53;35.64338856725175;6.226765866170583;5.724221744212166;0.5550306170015317;-0.0042857142857103;1.0012605042017029;0.49056603773584906;0.0;{'ML_CLOSE': 36, 'TIME': 15, 'SL': 2}
7;rank07_movement_plus_time_linear_target_entry_good_0_5r_top40;movement_plus_time;linear;target_entry_good_0_5r;top40;exit_time;month;2;42;10.936197158281768;10.726175112337831;1.0195803297768613;0.005000524903427041;-0.0947368421052828;5.207183039586685;0.3333333333333333;0.0;{'ML_CLOSE': 31, 'TIME': 6, 'SL': 5}
7;rank07_movement_plus_time_linear_target_entry_good_0_5r_top40;movement_plus_time;linear;target_entry_good_0_5r;top40;exit_time;month;3;71;23.330115345740044;7.704674577633369;3.0280468189360326;0.2200766305367137;-0.0247126436781644;1.6519082671384187;0.43661971830985913;0.0;{'ML_CLOSE': 55, 'TIME': 14, 'SL': 2}
7;rank07_movement_plus_time_linear_target_entry_good_0_5r_top40;movement_plus_time;linear;target_entry_good_0_5r;top40;exit_time;month;4;96;55.477640563857214;11.421163560392316;4.857442087271147;0.45892163545275944;0.10655405405404515;2.151554856743541;0.5520833333333334;0.0;{'ML_CLOSE': 62, 'TIME': 33, 'SL': 1}
7;rank07_movement_plus_time_linear_target_entry_good_0_5r_top40;movement_plus_time;linear;target_entry_good_0_5r;top40;exit_time;month;5;82;40.89277603970267;9.400721663754178;4.349961364920588;0.38404944360912785;0.00118907232703225;1.6145454545454534;0.5;0.0;{'ML_CLOSE': 57, 'TIME': 23, 'SL': 2}
7;rank07_movement_plus_time_linear_target_entry_good_0_5r_top40;movement_plus_time;linear;target_entry_good_0_5r;top40;exit_time;month;6;85;48.61972043169492;8.555240761612826;5.683033568131773;0.47134681964802455;0.0619565217391232;1.741666666666685;0.6;0.0;{'ML_CLOSE': 59, 'TIME': 24, 'SL': 2}
7;rank07_movement_plus_time_linear_target_entry_good_0_5r_top40;movement_plus_time;linear;target_entry_good_0_5r;top40;exit_time;month;7;98;44.50563967707405;14.886997888715454;2.989564451460689;0.30223103865672035;-0.02799806576402265;5.7166005314879555;0.4897959183673469;0.0;{'ML_CLOSE': 68, 'TIME': 26, 'SL': 4}
7;rank07_movement_plus_time_linear_target_entry_good_0_5r_top40;movement_plus_time;linear;target_entry_good_0_5r;top40;exit_time;month;8;85;29.754910538510867;11.453111754534499;2.597976093853301;0.2153152798114867;0.0243243243243326;2.582221827961923;0.5058823529411764;0.0;{'ML_CLOSE': 64, 'TIME': 19, 'SL': 2}
7;rank07_movement_plus_time_linear_target_entry_good_0_5r_top40;movement_plus_time;linear;target_entry_good_0_5r;top40;exit_time;month;9;98;41.52450882542103;15.805649358335726;2.627194105348254;0.26243734150087045;0.002139534883732099;4.3687107715657545;0.5;0.0;{'ML_CLOSE': 68, 'TIME': 23, 'SL': 7}
7;rank07_movement_plus_time_linear_target_entry_good_0_5r_top40;movement_plus_time;linear;target_entry_good_0_5r;top40;exit_time;month;10;82;28.97352117049131;11.964887796169831;2.421545581043078;0.2074223582234327;-0.01859011627905265;4.951575984239884;0.47560975609756095;0.0;{'ML_CLOSE': 58, 'TIME': 22, 'SL': 2}
7;rank07_movement_plus_time_linear_target_entry_good_0_5r_top40;movement_plus_time;linear;target_entry_good_0_5r;top40;exit_time;month;11;128;48.88958868825534;13.453015469111829;3.6340988977903135;0.2768482282745586;0.0090180878553021;1.6791445035460892;0.53125;0.0;{'ML_CLOSE': 95, 'TIME': 31, 'SL': 2}
7;rank07_movement_plus_time_linear_target_entry_good_0_5r_top40;movement_plus_time;linear;target_entry_good_0_5r;top40;exit_time;month;12;59;16.35682506893083;6.689327463168064;2.445212191956924;0.16385589162309774;0.0039473684210191;2.5602103979426234;0.5084745762711864;0.0;{'ML_CLOSE': 45, 'TIME': 14}
7;rank07_movement_plus_time_linear_target_entry_good_0_5r_top40;movement_plus_time;linear;target_entry_good_0_5r;top40;exit_time;quarter;1;166;69.90970107127359;24.657615556141792;2.8352174163839727;0.2726029247899505;-0.0309348739495887;5.2071830395867025;0.42771084337349397;0.0;{'ML_CLOSE': 122, 'TIME': 35, 'SL': 9}
7;rank07_movement_plus_time_linear_target_entry_good_0_5r_top40;movement_plus_time;linear;target_entry_good_0_5r;top40;exit_time;quarter;2;263;144.9901370352548;29.377125985759314;4.935477252115792;0.4395931979068269;0.0518867924528263;2.1515548567435374;0.5513307984790875;0.0;{'ML_CLOSE': 178, 'TIME': 80, 'SL': 5}
7;rank07_movement_plus_time_linear_target_entry_good_0_5r_top40;movement_plus_time;linear;target_entry_good_0_5r;top40;exit_time;quarter;3;281;115.78505904100595;42.14575900158569;2.7472529095193106;0.26206156597658464;-0.011999999999989;5.7166005314879555;0.498220640569395;0.0;{'ML_CLOSE': 200, 'TIME': 68, 'SL': 13}
7;rank07_movement_plus_time_linear_target_entry_good_0_5r_top40;movement_plus_time;linear;target_entry_good_0_5r;top40;exit_time;quarter;4;269;94.21993492767749;32.10723072844973;2.9345394414283956;0.23090224609378346;0.0039473684210191;4.951575984239895;0.5092936802973977;0.0;{'ML_CLOSE': 198, 'TIME': 67, 'SL': 4}
8;rank08_movement_plus_time_linear_target_entry_good_0_5r_top30;movement_plus_time;linear;target_entry_good_0_5r;top30;signal_time;month;1;48;30.560255529090316;5.582648219111739;5.474150318923872;0.5203668189578871;-0.0108633776090982;1.0;0.4583333333333333;0.0;{'ML_CLOSE': 32, 'TIME': 14, 'SL': 2}
8;rank08_movement_plus_time_linear_target_entry_good_0_5r_top30;movement_plus_time;linear;target_entry_good_0_5r;top30;signal_time;month;2;36;10.561600088684672;9.048884336378304;1.1671715203856625;0.042019882008510194;-0.0697088465845524;5.207183039586685;0.3611111111111111;0.0;{'ML_CLOSE': 27, 'TIME': 5, 'SL': 4}
8;rank08_movement_plus_time_linear_target_entry_good_0_5r_top30;movement_plus_time;linear;target_entry_good_0_5r;top30;signal_time;month;3;53;14.437341172799236;5.467978595725534;2.640343395653614;0.16923325617120197;-0.0394230769230844;2.36468632660228;0.39622641509433965;0.0;{'ML_CLOSE': 42, 'TIME': 10, 'SL': 1}
8;rank08_movement_plus_time_linear_target_entry_good_0_5r_top30;movement_plus_time;linear;target_entry_good_0_5r;top30;signal_time;month;4;68;40.39704316726855;8.713332187511268;4.636233566897545;0.46593692617290117;0.12441880053907364;1.7839622641509436;0.5882352941176471;0.0;{'ML_CLOSE': 41, 'TIME': 26, 'SL': 1}
8;rank08_movement_plus_time_linear_target_entry_good_0_5r_top30;movement_plus_time;linear;target_entry_good_0_5r;top30;signal_time;month;5;59;22.608466362171093;6.106889347399675;3.702124776797834;0.2796877460130749;-0.0359649122806887;1.5260155022597388;0.4576271186440678;0.0;{'ML_CLOSE': 45, 'TIME': 14}
8;rank08_movement_plus_time_linear_target_entry_good_0_5r_top30;movement_plus_time;linear;target_entry_good_0_5r;top30;signal_time;month;6;67;47.12166366120664;6.5862682089228;7.154531544489516;0.605005902272893;0.0734042553191298;1.741666666666685;0.6268656716417911;0.0;{'ML_CLOSE': 45, 'TIME': 21, 'SL': 1}
8;rank08_movement_plus_time_linear_target_entry_good_0_5r_top30;movement_plus_time;linear;target_entry_good_0_5r;top30;signal_time;month;7;76;37.02597281048635;10.36206221791241;3.5732243285010674;0.350840928849657;0.03357487922704775;5.557700864082172;0.5394736842105263;0.0;{'ML_CLOSE': 53, 'TIME': 21, 'SL': 2}
8;rank08_movement_plus_time_linear_target_entry_good_0_5r_top30;movement_plus_time;linear;target_entry_good_0_5r;top30;signal_time;month;8;69;22.46951575067045;9.5874712639827;2.343633178342009;0.1866962969085181;-0.0179487179487017;2.5889823259180713;0.4782608695652174;0.0;{'ML_CLOSE': 51, 'TIME': 16, 'SL': 2}
8;rank08_movement_plus_time_linear_target_entry_good_0_5r_top30;movement_plus_time;linear;target_entry_good_0_5r;top30;signal_time;month;9;72;32.6191704874452;11.322951164461044;2.880801128050951;0.29578082393033556;0.011222222222224652;3.1119005328596785;0.5;0.0;{'ML_CLOSE': 48, 'TIME': 18, 'SL': 6}
8;rank08_movement_plus_time_linear_target_entry_good_0_5r_top30;movement_plus_time;linear;target_entry_good_0_5r;top30;signal_time;month;10;64;17.174638956159846;9.603987095579535;1.7882821775203013;0.11829143532156733;-0.0245276162790589;4.851042170714452;0.453125;0.0;{'ML_CLOSE': 49, 'TIME': 13, 'SL': 2}
8;rank08_movement_plus_time_linear_target_entry_good_0_5r_top30;movement_plus_time;linear;target_entry_good_0_5r;top30;signal_time;month;11;103;43.065146203980575;11.035770306010912;3.9023235360855644;0.3109648145433948;0.0244186046511666;1.6791445035460892;0.5533980582524272;0.0;{'ML_CLOSE': 75, 'TIME': 27, 'SL': 1}
8;rank08_movement_plus_time_linear_target_entry_good_0_5r_top30;movement_plus_time;linear;target_entry_good_0_5r;top30;signal_time;month;12;45;14.946731229023321;3.838304975170837;3.894096828081793;0.2468539167522774;0.0166666666666514;1.4322041677305064;0.5555555555555556;0.0;{'ML_CLOSE': 33, 'TIME': 12}
8;rank08_movement_plus_time_linear_target_entry_good_0_5r_top30;movement_plus_time;linear;target_entry_good_0_5r;top30;signal_time;quarter;1;137;55.55919679057423;20.099511151215577;2.76420637161686;0.25882982218509965;-0.037234042553194;5.2071830395867025;0.40875912408759124;0.0;{'ML_CLOSE': 101, 'TIME': 29, 'SL': 7}
8;rank08_movement_plus_time_linear_target_entry_good_0_5r_top30;movement_plus_time;linear;target_entry_good_0_5r;top30;signal_time;quarter;2;194;110.12717319064627;21.406489743833742;5.144569451064204;0.45732311055058006;0.05344339622641655;1.7839622641509436;0.5618556701030928;0.0;{'ML_CLOSE': 131, 'TIME': 61, 'SL': 2}
8;rank08_movement_plus_time_linear_target_entry_good_0_5r_top30;movement_plus_time;linear;target_entry_good_0_5r;top30;signal_time;quarter;3;217;92.11465904860202;31.272484646356155;2.9455497409392812;0.28037868388131726;0.0200000000000102;5.557700864082172;0.5069124423963134;0.0;{'ML_CLOSE': 152, 'TIME': 55, 'SL': 10}
8;rank08_movement_plus_time_linear_target_entry_good_0_5r_top30;movement_plus_time;linear;target_entry_good_0_5r;top30;signal_time;quarter;4;212;75.18651638916371;24.478062376761287;3.071587743829898;0.23919082081321913;0.0090180878553021;4.851042170714457;0.5235849056603774;0.0;{'ML_CLOSE': 157, 'TIME': 52, 'SL': 3}
8;rank08_movement_plus_time_linear_target_entry_good_0_5r_top30;movement_plus_time;linear;target_entry_good_0_5r;top30;fill_time;month;1;48;30.560255529090316;5.582648219111739;5.474150318923872;0.5203668189578871;-0.0108633776090982;1.0;0.4583333333333333;0.0;{'ML_CLOSE': 32, 'TIME': 14, 'SL': 2}
8;rank08_movement_plus_time_linear_target_entry_good_0_5r_top30;movement_plus_time;linear;target_entry_good_0_5r;top30;fill_time;month;2;36;10.561600088684672;9.048884336378304;1.1671715203856625;0.042019882008510194;-0.0697088465845524;5.207183039586685;0.3611111111111111;0.0;{'ML_CLOSE': 27, 'TIME': 5, 'SL': 4}
8;rank08_movement_plus_time_linear_target_entry_good_0_5r_top30;movement_plus_time;linear;target_entry_good_0_5r;top30;fill_time;month;3;52;14.437341172799236;5.365653014330172;2.6906960129999278;0.1744555415090205;-0.0383285597381392;2.36468632660228;0.40384615384615385;0.0;{'ML_CLOSE': 41, 'TIME': 10, 'SL': 1}
8;rank08_movement_plus_time_linear_target_entry_good_0_5r_top30;movement_plus_time;linear;target_entry_good_0_5r;top30;fill_time;month;4;68;40.39704316726855;8.516566859815724;4.743348327114834;0.46883053393312984;0.12441880053907364;1.7839622641509436;0.5882352941176471;0.0;{'ML_CLOSE': 41, 'TIME': 26, 'SL': 1}
8;rank08_movement_plus_time_linear_target_entry_good_0_5r_top30;movement_plus_time;linear;target_entry_good_0_5r;top30;fill_time;month;5;59;22.608466362171093;6.152571165581486;3.6746371157227147;0.2789134779082984;-0.0359649122806887;1.5260155022597353;0.4576271186440678;0.0;{'ML_CLOSE': 45, 'TIME': 14}
8;rank08_movement_plus_time_linear_target_entry_good_0_5r_top30;movement_plus_time;linear;target_entry_good_0_5r;top30;fill_time;month;6;66;47.12166366120664;6.508949099460825;7.239519458695722;0.6153441600264516;0.09120212765956079;1.741666666666685;0.6363636363636364;0.0;{'ML_CLOSE': 44, 'TIME': 21, 'SL': 1}
8;rank08_movement_plus_time_linear_target_entry_good_0_5r_top30;movement_plus_time;linear;target_entry_good_0_5r;top30;fill_time;month;7;77;35.65324553775908;10.69279041828348;3.334325666459898;0.3241617547983843;0.0200000000000102;5.557700864082172;0.5194805194805194;0.0;{'ML_CLOSE': 55, 'TIME': 20, 'SL': 2}
8;rank08_movement_plus_time_linear_target_entry_good_0_5r_top30;movement_plus_time;linear;target_entry_good_0_5r;top30;fill_time;month;8;70;23.84224302339772;9.5874712639827;2.4868124625276313;0.2036395965630717;-0.0169530823786109;2.5889823259180713;0.4857142857142857;0.0;{'ML_CLOSE': 51, 'TIME': 17, 'SL': 2}
8;rank08_movement_plus_time_linear_target_entry_good_0_5r_top30;movement_plus_time;linear;target_entry_good_0_5r;top30;fill_time;month;9;71;31.523821650235913;11.322951164461044;2.784064082973231;0.2845193026165474;-0.011999999999989;3.1119005328596767;0.49295774647887325;0.0;{'ML_CLOSE': 48, 'TIME': 17, 'SL': 6}
8;rank08_movement_plus_time_linear_target_entry_good_0_5r_top30;movement_plus_time;linear;target_entry_good_0_5r;top30;fill_time;month;10;65;18.26998779336914;9.603987095579535;1.902333646593334;0.13332308765830153;-0.0209302325581201;4.851042170714451;0.46153846153846156;0.0;{'ML_CLOSE': 49, 'TIME': 14, 'SL': 2}
8;rank08_movement_plus_time_linear_target_entry_good_0_5r_top30;movement_plus_time;linear;target_entry_good_0_5r;top30;fill_time;month;11;101;43.065146203980575;10.106283126523703;4.261224988933578;0.32632537700452346;0.0260416666666669;1.6791445035460892;0.5643564356435643;0.0;{'ML_CLOSE': 73, 'TIME': 27, 'SL': 1}
8;rank08_movement_plus_time_linear_target_entry_good_0_5r_top30;movement_plus_time;linear;target_entry_good_0_5r;top30;fill_time;month;12;47;14.946731229023321;4.767792154658044;3.1349376701374543;0.21657317179500588;0.0161764705882206;1.4322041677305064;0.5319148936170213;0.0;{'ML_CLOSE': 35, 'TIME': 12}
8;rank08_movement_plus_time_linear_target_entry_good_0_5r_top30;movement_plus_time;linear;target_entry_good_0_5r;top30;fill_time;quarter;1;136;55.55919679057423;19.997185569820214;2.7783508132476533;0.26148537662319127;-0.035638297872338104;5.2071830395867025;0.4117647058823529;0.0;{'ML_CLOSE': 100, 'TIME': 29, 'SL': 7}
8;rank08_movement_plus_time_linear_target_entry_good_0_5r_top30;movement_plus_time;linear;target_entry_good_0_5r;top30;fill_time;quarter;2;193;110.12717319064627;21.17808712485804;5.200052891527826;0.4608760936051204;0.0550000000000068;1.7839622641509436;0.5647668393782384;0.0;{'ML_CLOSE': 130, 'TIME': 61, 'SL': 2}
8;rank08_movement_plus_time_linear_target_entry_good_0_5r_top30;movement_plus_time;linear;target_entry_good_0_5r;top30;fill_time;quarter;3;218;91.01931021139272;31.603212846727224;2.8800650950530975;0.27255090534250226;-0.0043695652173873;5.557700864082172;0.5;0.0;{'ML_CLOSE': 154, 'TIME': 54, 'SL': 10}
8;rank08_movement_plus_time_linear_target_entry_good_0_5r_top30;movement_plus_time;linear;target_entry_good_0_5r;top30;fill_time;quarter;4;213;76.28186522637301;24.478062376761287;3.116335927748622;0.24321034201695654;0.0122222222222111;4.851042170714457;0.5258215962441315;0.0;{'ML_CLOSE': 157, 'TIME': 53, 'SL': 3}
8;rank08_movement_plus_time_linear_target_entry_good_0_5r_top30;movement_plus_time;linear;target_entry_good_0_5r;top30;exit_time;month;1;48;30.560255529090316;5.582648219111739;5.474150318923872;0.5203668189578871;-0.0108633776090982;1.0;0.4583333333333333;0.0;{'ML_CLOSE': 32, 'TIME': 14, 'SL': 2}
8;rank08_movement_plus_time_linear_target_entry_good_0_5r_top30;movement_plus_time;linear;target_entry_good_0_5r;top30;exit_time;month;2;35;9.993266755351344;9.048884336378304;1.1043645143276322;0.026982354827801112;-0.0947368421052678;5.207183039586685;0.34285714285714286;0.0;{'ML_CLOSE': 26, 'TIME': 5, 'SL': 4}
8;rank08_movement_plus_time_linear_target_entry_good_0_5r_top30;movement_plus_time;linear;target_entry_good_0_5r;top30;exit_time;month;3;52;11.354511715434938;5.365653014330172;2.116147221057751;0.11517035963663015;-0.0383285597381392;2.36468632660228;0.40384615384615385;0.0;{'ML_CLOSE': 42, 'TIME': 9, 'SL': 1}
8;rank08_movement_plus_time_linear_target_entry_good_0_5r_top30;movement_plus_time;linear;target_entry_good_0_5r;top30;exit_time;month;4;69;44.04820595796618;8.516566859815724;5.17206131097282;0.5149512912775428;0.1283018867924417;1.7839622641509436;0.5942028985507246;0.0;{'ML_CLOSE': 41, 'TIME': 27, 'SL': 1}
8;rank08_movement_plus_time_linear_target_entry_good_0_5r_top30;movement_plus_time;linear;target_entry_good_0_5r;top30;exit_time;month;5;59;22.608466362171093;6.152571165581486;3.6746371157227147;0.2789134779082984;-0.0359649122806887;1.5260155022597353;0.4576271186440678;0.0;{'ML_CLOSE': 45, 'TIME': 14}
8;rank08_movement_plus_time_linear_target_entry_good_0_5r_top30;movement_plus_time;linear;target_entry_good_0_5r;top30;exit_time;month;6;64;42.19831482399732;6.508949099460825;6.483122571582694;0.5576463394458828;0.0676803885291265;1.741666666666685;0.625;0.0;{'ML_CLOSE': 44, 'TIME': 19, 'SL': 1}
8;rank08_movement_plus_time_linear_target_entry_good_0_5r_top30;movement_plus_time;linear;target_entry_good_0_5r;top30;exit_time;month;7;79;40.576594374968394;10.69279041828348;3.794761964621222;0.37827599945170765;0.0282608695651915;5.55770086408217;0.5316455696202531;0.0;{'ML_CLOSE': 55, 'TIME': 22, 'SL': 2}
8;rank08_movement_plus_time_linear_target_entry_good_0_5r_top30;movement_plus_time;linear;target_entry_good_0_5r;top30;exit_time;month;8;69;23.84224302339772;9.568026819538241;2.491866240875395;0.2068726986066591;-0.0159574468085201;2.5889823259180713;0.4927536231884058;0.0;{'ML_CLOSE': 51, 'TIME': 16, 'SL': 2}
8;rank08_movement_plus_time_linear_target_entry_good_0_5r_top30;movement_plus_time;linear;target_entry_good_0_5r;top30;exit_time;month;9;71;28.65405420837548;11.342395608905502;2.526278856459362;0.24382617745732374;-0.0128571428571311;3.1119005328596767;0.4788732394366197;0.0;{'ML_CLOSE': 48, 'TIME': 17, 'SL': 6}
8;rank08_movement_plus_time_linear_target_entry_good_0_5r_top30;movement_plus_time;linear;target_entry_good_0_5r;top30;exit_time;month;10;65;20.744010554378523;9.603987095579535;2.1599373622572284;0.17138497628921523;-0.0209302325581201;4.85104217071445;0.46153846153846156;0.0;{'ML_CLOSE': 48, 'TIME': 15, 'SL': 2}
8;rank08_movement_plus_time_linear_target_entry_good_0_5r_top30;movement_plus_time;linear;target_entry_good_0_5r;top30;exit_time;month;11;102;43.460890884831606;10.106283126523703;4.3003832705586404;0.3270059584147834;0.02704522357722305;1.6791445035460892;0.5686274509803921;0.0;{'ML_CLOSE': 74, 'TIME': 27, 'SL': 1}
8;rank08_movement_plus_time_linear_target_entry_good_0_5r_top30;movement_plus_time;linear;target_entry_good_0_5r;top30;exit_time;month;12;47;14.946731229023321;4.767792154658044;3.1349376701374543;0.21657317179500588;0.0161764705882206;1.4322041677305064;0.5319148936170213;0.0;{'ML_CLOSE': 35, 'TIME': 12}
8;rank08_movement_plus_time_linear_target_entry_good_0_5r_top30;movement_plus_time;linear;target_entry_good_0_5r;top30;exit_time;quarter;1;135;51.9080339998766;19.997185569820214;2.595766980240274;0.23637665503745472;-0.037234042553194;5.207183039586695;0.4074074074074074;0.0;{'ML_CLOSE': 100, 'TIME': 28, 'SL': 7}
8;rank08_movement_plus_time_linear_target_entry_good_0_5r_top30;movement_plus_time;linear;target_entry_good_0_5r;top30;exit_time;quarter;2;192;108.8549871441346;21.17808712485804;5.139982024928244;0.4566505209337321;0.05344339622641655;1.7839622641509436;0.5625;0.0;{'ML_CLOSE': 130, 'TIME': 60, 'SL': 2}
8;rank08_movement_plus_time_linear_target_entry_good_0_5r_top30;movement_plus_time;linear;target_entry_good_0_5r;top30;exit_time;quarter;3;219;93.07289160674162;31.603212846727224;2.9450452413853263;0.2806834646575999;0.0032608695652144;5.55770086408217;0.502283105022831;0.0;{'ML_CLOSE': 154, 'TIME': 55, 'SL': 10}
8;rank08_movement_plus_time_linear_target_entry_good_0_5r_top30;movement_plus_time;linear;target_entry_good_0_5r;top30;exit_time;quarter;4;214;79.15163266823345;24.478062376761287;3.233574269480478;0.2554839733246363;0.014199346405215849;4.851042170714457;0.5280373831775701;0.0;{'ML_CLOSE': 157, 'TIME': 54, 'SL': 3}
9;rank09_time_only_hist_gradient_boosting_target_entry_good_0_5r_top50;time_only;hist_gradient_boosting;target_entry_good_0_5r;top50;signal_time;month;1;58;40.947399485872154;10.390723333651467;3.9407650623570767;0.5268392440038052;-0.020422201138518052;2.7377712609970946;0.46551724137931033;0.0;{'ML_CLOSE': 36, 'TIME': 16, 'SL': 6}
9;rank09_time_only_hist_gradient_boosting_target_entry_good_0_5r_top50;time_only;hist_gradient_boosting;target_entry_good_0_5r;top50;signal_time;month;2;54;26.236879846305136;11.010027162966328;2.3829986482282557;0.28197875339516315;-0.07617276887873155;2.8776169358212367;0.4074074074074074;0.0;{'ML_CLOSE': 41, 'TIME': 10, 'SL': 3}
9;rank09_time_only_hist_gradient_boosting_target_entry_good_0_5r_top50;time_only;hist_gradient_boosting;target_entry_good_0_5r;top50;signal_time;month;3;101;25.730898353356203;14.857101631433661;1.7318921948353971;0.1076613536824014;-0.0500000000000137;3.570351530555673;0.43564356435643564;0.0;{'ML_CLOSE': 74, 'TIME': 22, 'SL': 5}
9;rank09_time_only_hist_gradient_boosting_target_entry_good_0_5r_top50;time_only;hist_gradient_boosting;target_entry_good_0_5r;top50;signal_time;month;4;113;68.30708100372823;11.913360783581732;5.733653353121387;0.4990594709747479;0.1694444444444384;1.7231818181818;0.6194690265486725;0.0;{'ML_CLOSE': 68, 'TIME': 44, 'SL': 1}
9;rank09_time_only_hist_gradient_boosting_target_entry_good_0_5r_top50;time_only;hist_gradient_boosting;target_entry_good_0_5r;top50;signal_time;month;5;112;64.40335986418563;15.33087664161128;4.200892184428719;0.43814717163012806;0.00085763293310605;2.2430916723710297;0.5;0.0;{'ML_CLOSE': 74, 'TIME': 34, 'SL': 4}
9;rank09_time_only_hist_gradient_boosting_target_entry_good_0_5r_top50;time_only;hist_gradient_boosting;target_entry_good_0_5r;top50;signal_time;month;6;101;67.05758514273447;15.453392728777589;4.3393438786978225;0.5109325981579889;0.051282051282034;2.5108974358973772;0.5643564356435643;0.0;{'ML_CLOSE': 63, 'TIME': 31, 'SL': 7}
9;rank09_time_only_hist_gradient_boosting_target_entry_good_0_5r_top50;time_only;hist_gradient_boosting;target_entry_good_0_5r;top50;signal_time;month;7;104;55.91626826652252;14.816262503652394;3.7739793185183146;0.39519236310452044;0.0203658536585322;4.324221776758073;0.5384615384615384;0.0;{'ML_CLOSE': 69, 'TIME': 31, 'SL': 4}
9;rank09_time_only_hist_gradient_boosting_target_entry_good_0_5r_top50;time_only;hist_gradient_boosting;target_entry_good_0_5r;top50;signal_time;month;8;104;34.82554603167918;15.152624241293719;2.2983178013992513;0.18916270952293715;-0.0159574468085201;4.489236605026079;0.4807692307692308;0.0;{'ML_CLOSE': 79, 'TIME': 23, 'SL': 2}
9;rank09_time_only_hist_gradient_boosting_target_entry_good_0_5r_top50;time_only;hist_gradient_boosting;target_entry_good_0_5r;top50;signal_time;month;9;105;51.149439407420324;21.851391127927773;2.3407864107126515;0.27902903123326245;-0.0414634146341638;3.4385537836147044;0.44761904761904764;0.0;{'ML_CLOSE': 71, 'TIME': 26, 'SL': 8}
9;rank09_time_only_hist_gradient_boosting_target_entry_good_0_5r_top50;time_only;hist_gradient_boosting;target_entry_good_0_5r;top50;signal_time;month;10;87;37.209502459944666;8.636727823646751;4.308287029500649;0.32842269696894144;0.0384615384615468;2.5859419767906964;0.5517241379310345;0.0;{'ML_CLOSE': 63, 'TIME': 23, 'SL': 1}
9;rank09_time_only_hist_gradient_boosting_target_entry_good_0_5r_top50;time_only;hist_gradient_boosting;target_entry_good_0_5r;top50;signal_time;month;11;119;54.800001527411986;15.312622037602948;3.57874708804544;0.3318267184017566;-0.0392156862745185;4.083506367663521;0.453781512605042;0.0;{'ML_CLOSE': 86, 'TIME': 30, 'SL': 3}
9;rank09_time_only_hist_gradient_boosting_target_entry_good_0_5r_top50;time_only;hist_gradient_boosting;target_entry_good_0_5r;top50;signal_time;month;12;49;8.673570468548451;7.837956891438207;1.1066111473543605;0.01705333830837231;-0.0555555555555678;2.8854358929011084;0.42857142857142855;0.0;{'ML_CLOSE': 39, 'TIME': 9, 'SL': 1}
9;rank09_time_only_hist_gradient_boosting_target_entry_good_0_5r_top50;time_only;hist_gradient_boosting;target_entry_good_0_5r;top50;signal_time;quarter;1;213;92.91517768553351;36.257852128051454;2.562622224763508;0.2659968336032021;-0.0394230769230844;3.5703515305556692;0.43661971830985913;0.0;{'ML_CLOSE': 151, 'TIME': 48, 'SL': 14}
9;rank09_time_only_hist_gradient_boosting_target_entry_good_0_5r_top50;time_only;hist_gradient_boosting;target_entry_good_0_5r;top50;signal_time;quarter;2;326;199.76802601064833;42.69763015397059;4.678667768919986;0.4818110302352077;0.06524390243900624;2.510897435897377;0.5613496932515337;0.0;{'ML_CLOSE': 205, 'TIME': 109, 'SL': 12}
9;rank09_time_only_hist_gradient_boosting_target_entry_good_0_5r_top50;time_only;hist_gradient_boosting;target_entry_good_0_5r;top50;signal_time;quarter;3;313;141.89125370562203;51.82027787287389;2.738141506182412;0.2877666959512721;-0.011999999999989;4.491800707590187;0.48881789137380194;0.0;{'ML_CLOSE': 219, 'TIME': 80, 'SL': 14}
9;rank09_time_only_hist_gradient_boosting_target_entry_good_0_5r_top50;time_only;hist_gradient_boosting;target_entry_good_0_5r;top50;signal_time;quarter;4;255;100.68307445590509;31.787306752687908;3.1673987116694438;0.270179481189087;-0.0092592592592719;4.083506367663524;0.4823529411764706;0.0;{'ML_CLOSE': 188, 'TIME': 62, 'SL': 5}
9;rank09_time_only_hist_gradient_boosting_target_entry_good_0_5r_top50;time_only;hist_gradient_boosting;target_entry_good_0_5r;top50;fill_time;month;1;58;40.947399485872154;10.390723333651467;3.9407650623570767;0.5268392440038052;-0.020422201138518052;2.7377712609970946;0.46551724137931033;0.0;{'ML_CLOSE': 36, 'TIME': 16, 'SL': 6}
9;rank09_time_only_hist_gradient_boosting_target_entry_good_0_5r_top50;time_only;hist_gradient_boosting;target_entry_good_0_5r;top50;fill_time;month;2;54;26.236879846305136;11.010027162966328;2.3829986482282557;0.28197875339516315;-0.07617276887873155;2.8776169358212367;0.4074074074074074;0.0;{'ML_CLOSE': 41, 'TIME': 10, 'SL': 3}
9;rank09_time_only_hist_gradient_boosting_target_entry_good_0_5r_top50;time_only;hist_gradient_boosting;target_entry_good_0_5r;top50;fill_time;month;3;100;25.730898353356203;14.754776050038299;1.7439030091744032;0.10976122303317902;-0.04471153846154905;3.570351530555673;0.44;0.0;{'ML_CLOSE': 73, 'TIME': 22, 'SL': 5}
9;rank09_time_only_hist_gradient_boosting_target_entry_good_0_5r_top50;time_only;hist_gradient_boosting;target_entry_good_0_5r;top50;fill_time;month;4;112;68.30708100372823;11.430881170171922;5.975661892275701;0.50782321279961;0.17120870870870275;1.7231818181818;0.625;0.0;{'ML_CLOSE': 67, 'TIME': 44, 'SL': 1}
9;rank09_time_only_hist_gradient_boosting_target_entry_good_0_5r_top50;time_only;hist_gradient_boosting;target_entry_good_0_5r;top50;fill_time;month;5;112;64.40335986418563;15.350909109143743;4.195410148433742;0.43796831031287387;0.00085763293310605;2.2430916723710297;0.5;0.0;{'ML_CLOSE': 74, 'TIME': 34, 'SL': 4}
9;rank09_time_only_hist_gradient_boosting_target_entry_good_0_5r_top50;time_only;hist_gradient_boosting;target_entry_good_0_5r;top50;fill_time;month;6;101;67.05758514273447;15.687437255679226;4.274604197601366;0.5086153256144084;0.051282051282034;2.5108974358973772;0.5643564356435643;0.0;{'ML_CLOSE': 63, 'TIME': 31, 'SL': 7}
9;rank09_time_only_hist_gradient_boosting_target_entry_good_0_5r_top50;time_only;hist_gradient_boosting;target_entry_good_0_5r;top50;fill_time;month;7;104;54.421040993795245;15.146990704023466;3.5928615826864863;0.37763509894011327;0.01144702842377485;4.324221776758073;0.5192307692307693;0.0;{'ML_CLOSE': 70, 'TIME': 30, 'SL': 4}
9;rank09_time_only_hist_gradient_boosting_target_entry_good_0_5r_top50;time_only;hist_gradient_boosting;target_entry_good_0_5r;top50;fill_time;month;8;106;36.32077330440645;15.152624241293719;2.3969955781933527;0.19969951946332773;-0.00797872340426005;4.489236605026079;0.49056603773584906;0.0;{'ML_CLOSE': 80, 'TIME': 24, 'SL': 2}
9;rank09_time_only_hist_gradient_boosting_target_entry_good_0_5r_top50;time_only;hist_gradient_boosting;target_entry_good_0_5r;top50;fill_time;month;9;104;50.05409057021103;21.851391127927773;2.290659220603947;0.27117980232964684;-0.043280726924926696;3.4385537836147044;0.4423076923076923;0.0;{'ML_CLOSE': 71, 'TIME': 25, 'SL': 8}
9;rank09_time_only_hist_gradient_boosting_target_entry_good_0_5r_top50;time_only;hist_gradient_boosting;target_entry_good_0_5r;top50;fill_time;month;10;87;38.30485129715395;8.625477823646762;4.440896154429977;0.3411422238334159;0.0439024390244055;2.5859419767906964;0.5632183908045977;0.0;{'ML_CLOSE': 62, 'TIME': 24, 'SL': 1}
9;rank09_time_only_hist_gradient_boosting_target_entry_good_0_5r_top50;time_only;hist_gradient_boosting;target_entry_good_0_5r;top50;fill_time;month;11;118;54.800001527411986;14.394384858115728;3.8070401804294596;0.3424204802482733;-0.0157440476190602;4.083506367663521;0.4576271186440678;0.0;{'ML_CLOSE': 85, 'TIME': 30, 'SL': 3}
9;rank09_time_only_hist_gradient_boosting_target_entry_good_0_5r_top50;time_only;hist_gradient_boosting;target_entry_good_0_5r;top50;fill_time;month;12;51;8.673570468548451;8.767444070925414;0.9892929339933555;-0.001840658870136544;-0.0652173913043623;2.8854358929011084;0.4117647058823529;0.0;{'ML_CLOSE': 41, 'TIME': 9, 'SL': 1}
9;rank09_time_only_hist_gradient_boosting_target_entry_good_0_5r_top50;time_only;hist_gradient_boosting;target_entry_good_0_5r;top50;fill_time;quarter;1;212;92.91517768553351;36.155526546656084;2.569874831324423;0.26773420348527077;-0.0383285597381392;3.5703515305556692;0.4386792452830189;0.0;{'ML_CLOSE': 150, 'TIME': 48, 'SL': 14}
9;rank09_time_only_hist_gradient_boosting_target_entry_good_0_5r_top50;time_only;hist_gradient_boosting;target_entry_good_0_5r;top50;fill_time;quarter;2;325;199.76802601064833;42.469227534994886;4.703829987160429;0.4839963030020105;0.0658536585365528;2.510897435897377;0.563076923076923;0.0;{'ML_CLOSE': 204, 'TIME': 109, 'SL': 12}
9;rank09_time_only_hist_gradient_boosting_target_entry_good_0_5r_top50;time_only;hist_gradient_boosting;target_entry_good_0_5r;top50;fill_time;quarter;3;314;140.79590486841275;52.15100607324496;2.6997735129149367;0.28230859488906945;-0.014407294832825601;4.491800707590187;0.4840764331210191;0.0;{'ML_CLOSE': 221, 'TIME': 79, 'SL': 14}
9;rank09_time_only_hist_gradient_boosting_target_entry_good_0_5r_top50;time_only;hist_gradient_boosting;target_entry_good_0_5r;top50;fill_time;quarter;4;256;101.77842329311439;31.787306752687908;3.2018573981423604;0.2734027989860409;-0.00879629629629875;4.083506367663524;0.484375;0.0;{'ML_CLOSE': 188, 'TIME': 63, 'SL': 5}
9;rank09_time_only_hist_gradient_boosting_target_entry_good_0_5r_top50;time_only;hist_gradient_boosting;target_entry_good_0_5r;top50;exit_time;month;1;58;40.947399485872154;10.390723333651467;3.9407650623570767;0.5268392440038052;-0.020422201138518052;2.7377712609970946;0.46551724137931033;0.0;{'ML_CLOSE': 36, 'TIME': 16, 'SL': 6}
9;rank09_time_only_hist_gradient_boosting_target_entry_good_0_5r_top50;time_only;hist_gradient_boosting;target_entry_good_0_5r;top50;exit_time;month;2;53;25.66854651297181;11.010027162966328;2.3313790359492788;0.27657583679255626;-0.0947368421052678;2.8776169358212367;0.39622641509433965;0.0;{'ML_CLOSE': 40, 'TIME': 10, 'SL': 3}
9;rank09_time_only_hist_gradient_boosting_target_entry_good_0_5r_top50;time_only;hist_gradient_boosting;target_entry_good_0_5r;top50;exit_time;month;3;100;22.6480688959919;14.754776050038299;1.5349652762729065;0.07893292845953603;-0.04471153846154905;3.570351530555672;0.44;0.0;{'ML_CLOSE': 74, 'TIME': 21, 'SL': 5}
9;rank09_time_only_hist_gradient_boosting_target_entry_good_0_5r_top50;time_only;hist_gradient_boosting;target_entry_good_0_5r;top50;exit_time;month;4;112;71.63731356186773;11.430881170171922;6.266998361316207;0.5375574320687126;0.17120870870870275;1.7231818181818;0.625;0.0;{'ML_CLOSE': 67, 'TIME': 44, 'SL': 1}
9;rank09_time_only_hist_gradient_boosting_target_entry_good_0_5r_top50;time_only;hist_gradient_boosting;target_entry_good_0_5r;top50;exit_time;month;5;111;63.42384083670149;15.350909109143743;4.131601613022592;0.4330894750230426;-0.0028301886792641;2.6101371269164915;0.4954954954954955;0.0;{'ML_CLOSE': 73, 'TIME': 34, 'SL': 4}
9;rank09_time_only_hist_gradient_boosting_target_entry_good_0_5r_top50;time_only;hist_gradient_boosting;target_entry_good_0_5r;top50;exit_time;month;6;103;68.35803440277674;15.687437255679226;4.357501693148095;0.5113650208456069;0.051282051282034;2.5108974358973772;0.5728155339805825;0.0;{'ML_CLOSE': 64, 'TIME': 32, 'SL': 7}
9;rank09_time_only_hist_gradient_boosting_target_entry_good_0_5r_top50;time_only;hist_gradient_boosting;target_entry_good_0_5r;top50;exit_time;month;7;102;50.12174029449452;15.146990704023466;3.309022978483824;0.34288970186736334;0.00551932367150515;4.324221776758073;0.5098039215686274;0.0;{'ML_CLOSE': 70, 'TIME': 28, 'SL': 4}
9;rank09_time_only_hist_gradient_boosting_target_entry_good_0_5r_top50;time_only;hist_gradient_boosting;target_entry_good_0_5r;top50;exit_time;month;8;107;40.620074003707174;15.13317979684926;2.6841730917757487;0.238195272961289;0.0193181818181901;4.489236605026079;0.5046728971962616;0.0;{'ML_CLOSE': 80, 'TIME': 25, 'SL': 2}
9;rank09_time_only_hist_gradient_boosting_target_entry_good_0_5r_top50;time_only;hist_gradient_boosting;target_entry_good_0_5r;top50;exit_time;month;9;104;49.64020168132214;21.870835572372233;2.2696984537723304;0.26701313566297996;-0.043280726924926696;3.4385537836147044;0.4326923076923077;0.0;{'ML_CLOSE': 71, 'TIME': 25, 'SL': 8}
9;rank09_time_only_hist_gradient_boosting_target_entry_good_0_5r_top50;time_only;hist_gradient_boosting;target_entry_good_0_5r;top50;exit_time;month;10;87;38.322995505191805;8.625477823646762;4.442999714187341;0.3413507779487936;0.0439024390244055;2.5859419767906964;0.5632183908045977;0.0;{'ML_CLOSE': 61, 'TIME': 25, 'SL': 1}
9;rank09_time_only_hist_gradient_boosting_target_entry_good_0_5r_top50;time_only;hist_gradient_boosting;target_entry_good_0_5r;top50;exit_time;month;11;116;45.65016045947076;14.394384858115728;3.171386683727068;0.2694463413909916;-0.0297268907563246;4.083506367663521;0.4482758620689655;0.0;{'ML_CLOSE': 86, 'TIME': 27, 'SL': 3}
9;rank09_time_only_hist_gradient_boosting_target_entry_good_0_5r_top50;time_only;hist_gradient_boosting;target_entry_good_0_5r;top50;exit_time;month;12;54;18.219156217340718;8.767444070925414;2.078046471691682;0.1750317064150982;-0.050060386473440396;2.885435892901108;0.4444444444444444;0.0;{'ML_CLOSE': 41, 'TIME': 12, 'SL': 1}
9;rank09_time_only_hist_gradient_boosting_target_entry_good_0_5r_top50;time_only;hist_gradient_boosting;target_entry_good_0_5r;top50;exit_time;quarter;1;211;89.26401489483587;36.155526546656084;2.468889915892862;0.2516989969108046;-0.0394230769230844;3.5703515305556692;0.43601895734597157;0.0;{'ML_CLOSE': 150, 'TIME': 47, 'SL': 14}
9;rank09_time_only_hist_gradient_boosting_target_entry_good_0_5r_top50;time_only;hist_gradient_boosting;target_entry_good_0_5r;top50;exit_time;quarter;2;326;203.41918880134594;42.469227534994886;4.78980194856917;0.4937115376268438;0.0696289569278413;2.510897435897377;0.5644171779141104;0.0;{'ML_CLOSE': 204, 'TIME': 110, 'SL': 12}
9;rank09_time_only_hist_gradient_boosting_target_entry_good_0_5r_top50;time_only;hist_gradient_boosting;target_entry_good_0_5r;top50;exit_time;quarter;3;313;140.38201597952386;52.15100607324496;2.6918371580858933;0.28188821056319135;-0.0159574468085201;4.491800707590187;0.48242811501597443;0.0;{'ML_CLOSE': 221, 'TIME': 78, 'SL': 14}
9;rank09_time_only_hist_gradient_boosting_target_entry_good_0_5r_top50;time_only;hist_gradient_boosting;target_entry_good_0_5r;top50;exit_time;quarter;4;257;102.19231218200328;31.787306752687908;3.214877969281307;0.2739494374681532;-0.0083333333333256;4.083506367663524;0.48638132295719844;0.0;{'ML_CLOSE': 188, 'TIME': 64, 'SL': 5}
10;rank10_movement_plus_time_linear_target_entry_ev_regression_top50;movement_plus_time;linear;target_entry_ev_regression;top50;signal_time;month;1;76;44.84229088821284;13.277047069597609;3.3774295333255817;0.4153321555080952;-0.0341094771241844;2.3830614254499203;0.4342105263157895;0.0;{'ML_CLOSE': 49, 'TIME': 20, 'SL': 7}
10;rank10_movement_plus_time_linear_target_entry_ev_regression_top50;movement_plus_time;linear;target_entry_ev_regression;top50;signal_time;month;2;56;27.31021822788431;13.616802383841431;2.0056263914274295;0.24452528292933703;-0.06409846547315805;3.461028129482763;0.39285714285714285;0.0;{'ML_CLOSE': 37, 'TIME': 12, 'SL': 7}
10;rank10_movement_plus_time_linear_target_entry_ev_regression_top50;movement_plus_time;linear;target_entry_ev_regression;top50;signal_time;month;3;99;37.83640479723542;12.47455264905115;3.033087106343117;0.256180324729134;-0.0326086956521608;3.183903053111017;0.42424242424242425;0.0;{'ML_CLOSE': 73, 'TIME': 23, 'SL': 3}
10;rank10_movement_plus_time_linear_target_entry_ev_regression_top50;movement_plus_time;linear;target_entry_ev_regression;top50;signal_time;month;4;125;67.89156466344555;14.683767610395803;4.623579347263691;0.42566237642439797;0.1283018867924417;1.7839622641509436;0.584;0.0;{'ML_CLOSE': 81, 'TIME': 42, 'SL': 2}
10;rank10_movement_plus_time_linear_target_entry_ev_regression_top50;movement_plus_time;linear;target_entry_ev_regression;top50;signal_time;month;5;119;51.05077784950953;14.286467244879328;3.573366107552416;0.30894378659353106;-0.0241379310344605;1.7917694805194984;0.48739495798319327;0.0;{'ML_CLOSE': 88, 'TIME': 29, 'SL': 2}
10;rank10_movement_plus_time_linear_target_entry_ev_regression_top50;movement_plus_time;linear;target_entry_ev_regression;top50;signal_time;month;6;114;68.4536903918015;14.598234023055113;4.68917612114534;0.472416283936372;0.05960081585080235;1.7416666666666885;0.5701754385964912;0.0;{'ML_CLOSE': 78, 'TIME': 31, 'SL': 5}
10;rank10_movement_plus_time_linear_target_entry_ev_regression_top50;movement_plus_time;linear;target_entry_ev_regression;top50;signal_time;month;7;132;59.84211031304728;19.8360094072007;3.0168422027126036;0.30307652201398927;0.01366925064599505;5.203145128765311;0.5227272727272727;0.0;{'ML_CLOSE': 91, 'TIME': 36, 'SL': 5}
10;rank10_movement_plus_time_linear_target_entry_ev_regression_top50;movement_plus_time;linear;target_entry_ev_regression;top50;signal_time;month;8;116;40.311014740442786;15.31486447636921;2.632149621868516;0.21548405400063428;-0.0126662234042557;4.473191537520355;0.4827586206896552;0.0;{'ML_CLOSE': 88, 'TIME': 25, 'SL': 3}
10;rank10_movement_plus_time_linear_target_entry_ev_regression_top50;movement_plus_time;linear;target_entry_ev_regression;top50;signal_time;month;9;133;71.57529438634916;18.88860849732759;3.7893365409355497;0.3961404954061773;0.0477777777777848;2.421374296435147;0.5413533834586466;0.0;{'ML_CLOSE': 90, 'TIME': 36, 'SL': 7}
10;rank10_movement_plus_time_linear_target_entry_ev_regression_top50;movement_plus_time;linear;target_entry_ev_regression;top50;signal_time;month;10;115;42.103776074043;17.227300482905758;2.444014726266694;0.21631717905336736;-0.0112499999999897;3.9940392156862945;0.48695652173913045;0.0;{'ML_CLOSE': 83, 'TIME': 29, 'SL': 3}
10;rank10_movement_plus_time_linear_target_entry_ev_regression_top50;movement_plus_time;linear;target_entry_ev_regression;top50;signal_time;month;11;165;74.99073892227297;19.85519448253228;3.776882618210892;0.33415481478630726;0.0058139534883931;3.757867907801412;0.5212121212121212;0.0;{'ML_CLOSE': 119, 'TIME': 41, 'SL': 5}
10;rank10_movement_plus_time_linear_target_entry_ev_regression_top50;movement_plus_time;linear;target_entry_ev_regression;top50;signal_time;month;12;85;27.680684305531507;13.22579727029641;2.0929312418616215;0.1700574945321776;-0.0099999999999909;5.69002903364371;0.49411764705882355;0.0;{'ML_CLOSE': 64, 'TIME': 18, 'SL': 3}
10;rank10_movement_plus_time_linear_target_entry_ev_regression_top50;movement_plus_time;linear;target_entry_ev_regression;top50;signal_time;quarter;1;231;109.98891391333257;39.36840210249021;2.7938373934251026;0.305716501345638;-0.0368421052631483;3.461028129482756;0.4199134199134199;0.0;{'ML_CLOSE': 159, 'TIME': 55, 'SL': 17}
10;rank10_movement_plus_time_linear_target_entry_ev_regression_top50;movement_plus_time;linear;target_entry_ev_regression;top50;signal_time;quarter;2;358;187.39603290475657;43.568468878330236;4.3011847266903205;0.40175297214085576;0.05158442186743015;2.0745640933140805;0.547486033519553;0.0;{'ML_CLOSE': 247, 'TIME': 102, 'SL': 9}
10;rank10_movement_plus_time_linear_target_entry_ev_regression_top50;movement_plus_time;linear;target_entry_ev_regression;top50;signal_time;quarter;3;381;171.72841943983923;54.039482380897496;3.1778324268432256;0.3088948479237316;0.0152173913043339;5.203145128765311;0.5170603674540682;0.0;{'ML_CLOSE': 269, 'TIME': 97, 'SL': 15}
10;rank10_movement_plus_time_linear_target_entry_ev_regression_top50;movement_plus_time;linear;target_entry_ev_regression;top50;signal_time;quarter;4;365;144.77519930184746;50.30829223573444;2.8777601637412036;0.258813444016748;0.0020833333333077;5.690029033643704;0.5041095890410959;0.0;{'ML_CLOSE': 266, 'TIME': 88, 'SL': 11}
10;rank10_movement_plus_time_linear_target_entry_ev_regression_top50;movement_plus_time;linear;target_entry_ev_regression;top50;fill_time;month;1;76;44.84229088821284;13.277047069597609;3.3774295333255817;0.4153321555080952;-0.0341094771241844;2.3830614254499203;0.4342105263157895;0.0;{'ML_CLOSE': 49, 'TIME': 20, 'SL': 7}
10;rank10_movement_plus_time_linear_target_entry_ev_regression_top50;movement_plus_time;linear;target_entry_ev_regression;top50;fill_time;month;2;56;27.31021822788431;13.616802383841431;2.0056263914274295;0.24452528292933703;-0.06409846547315805;3.461028129482763;0.39285714285714285;0.0;{'ML_CLOSE': 37, 'TIME': 12, 'SL': 7}
10;rank10_movement_plus_time_linear_target_entry_ev_regression_top50;movement_plus_time;linear;target_entry_ev_regression;top50;fill_time;month;3;98;37.83640479723542;12.372227067655789;3.058172517391763;0.2598385482610166;-0.0286606696651626;3.183903053111017;0.42857142857142855;0.0;{'ML_CLOSE': 72, 'TIME': 23, 'SL': 3}
10;rank10_movement_plus_time_linear_target_entry_ev_regression_top50;movement_plus_time;linear;target_entry_ev_regression;top50;fill_time;month;4;124;67.89156466344555;14.201287996985993;4.780662477787543;0.43298610214886735;0.1304970972423684;1.7839622641509436;0.5887096774193549;0.0;{'ML_CLOSE': 80, 'TIME': 42, 'SL': 2}
10;rank10_movement_plus_time_linear_target_entry_ev_regression_top50;movement_plus_time;linear;target_entry_ev_regression;top50;fill_time;month;5;120;51.05077784950953;14.617863348775405;3.4923556631678494;0.303607620839451;-0.0255305039787711;1.7917694805194984;0.48333333333333334;0.0;{'ML_CLOSE': 89, 'TIME': 29, 'SL': 2}
10;rank10_movement_plus_time_linear_target_entry_ev_regression_top50;movement_plus_time;linear;target_entry_ev_regression;top50;fill_time;month;6;113;68.4536903918015;14.520914913593137;4.7141444460721615;0.4772811989221981;0.0602272727272699;1.7416666666666885;0.5752212389380531;0.0;{'ML_CLOSE': 77, 'TIME': 31, 'SL': 5}
10;rank10_movement_plus_time_linear_target_entry_ev_regression_top50;movement_plus_time;linear;target_entry_ev_regression;top50;fill_time;month;7;132;58.34688304032;20.16673760757176;2.8932236921857504;0.28924352600566844;0.00551932367150515;5.203145128765312;0.5075757575757576;0.0;{'ML_CLOSE': 92, 'TIME': 35, 'SL': 5}
10;rank10_movement_plus_time_linear_target_entry_ev_regression_top50;movement_plus_time;linear;target_entry_ev_regression;top50;fill_time;month;8;118;41.806242013170056;15.31486447636921;2.7297820413414016;0.22450319946441402;-0.00468749999999565;4.473191537520355;0.4915254237288136;0.0;{'ML_CLOSE': 89, 'TIME': 26, 'SL': 3}
10;rank10_movement_plus_time_linear_target_entry_ev_regression_top50;movement_plus_time;linear;target_entry_ev_regression;top50;fill_time;month;9;132;70.47994554913988;18.88860849732759;3.7313466240306465;0.3908434625137295;0.041111111111111556;2.421374296435147;0.5378787878787878;0.0;{'ML_CLOSE': 90, 'TIME': 35, 'SL': 7}
10;rank10_movement_plus_time_linear_target_entry_ev_regression_top50;movement_plus_time;linear;target_entry_ev_regression;top50;fill_time;month;10;115;43.19912491125229;17.216050482905768;2.5092354924345597;0.22593977763779588;-0.0092592592592719;3.9940392156862927;0.4956521739130435;0.0;{'ML_CLOSE': 82, 'TIME': 30, 'SL': 3}
10;rank10_movement_plus_time_linear_target_entry_ev_regression_top50;movement_plus_time;linear;target_entry_ev_regression;top50;fill_time;month;11;164;74.99073892227297;18.936957303045062;3.9600204891529462;0.3417913513367556;0.00671132457026765;3.757867907801412;0.524390243902439;0.0;{'ML_CLOSE': 118, 'TIME': 41, 'SL': 5}
10;rank10_movement_plus_time_linear_target_entry_ev_regression_top50;movement_plus_time;linear;target_entry_ev_regression;top50;fill_time;month;12;87;27.680684305531507;14.155284449783617;1.9555018059672156;0.1554643661580217;-0.0125000000000121;5.69002903364371;0.4827586206896552;0.0;{'ML_CLOSE': 66, 'TIME': 18, 'SL': 3}
10;rank10_movement_plus_time_linear_target_entry_ev_regression_top50;movement_plus_time;linear;target_entry_ev_regression;top50;fill_time;quarter;1;230;109.98891391333257;39.26607652109483;2.8011180046023556;0.30749059735755535;-0.03544232922731525;3.461028129482756;0.4217391304347826;0.0;{'ML_CLOSE': 158, 'TIME': 55, 'SL': 17}
10;rank10_movement_plus_time_linear_target_entry_ev_regression_top50;movement_plus_time;linear;target_entry_ev_regression;top50;fill_time;quarter;2;357;187.39603290475657;43.34006625935453;4.323852016823093;0.40351811385266684;0.0518867924528263;2.0745640933140805;0.5490196078431373;0.0;{'ML_CLOSE': 246, 'TIME': 102, 'SL': 9}
10;rank10_movement_plus_time_linear_target_entry_ev_regression_top50;movement_plus_time;linear;target_entry_ev_regression;top50;fill_time;quarter;3;382;170.63307060262994;54.370210581268566;3.138355889712442;0.30435303670513447;0.01366925064599505;5.203145128765312;0.5130890052356021;0.0;{'ML_CLOSE': 271, 'TIME': 96, 'SL': 15}
10;rank10_movement_plus_time_linear_target_entry_ev_regression_top50;movement_plus_time;linear;target_entry_ev_regression;top50;fill_time;quarter;4;366;145.87054813905675;50.30829223573444;2.89953289321643;0.261099059845143;0.00267210144926105;5.690029033643704;0.505464480874317;0.0;{'ML_CLOSE': 266, 'TIME': 89, 'SL': 11}
10;rank10_movement_plus_time_linear_target_entry_ev_regression_top50;movement_plus_time;linear;target_entry_ev_regression;top50;exit_time;month;1;76;44.84229088821284;13.277047069597609;3.3774295333255817;0.4153321555080952;-0.0341094771241844;2.3830614254499203;0.4342105263157895;0.0;{'ML_CLOSE': 49, 'TIME': 20, 'SL': 7}
10;rank10_movement_plus_time_linear_target_entry_ev_regression_top50;movement_plus_time;linear;target_entry_ev_regression;top50;exit_time;month;2;55;26.74188489455098;13.616802383841431;1.9638887413306823;0.23863786383108274;-0.0705882352941208;3.461028129482763;0.38181818181818183;0.0;{'ML_CLOSE': 36, 'TIME': 12, 'SL': 7}
10;rank10_movement_plus_time_linear_target_entry_ev_regression_top50;movement_plus_time;linear;target_entry_ev_regression;top50;exit_time;month;3;98;34.75357533987111;12.372227067655789;2.808999151876704;0.22838110481852378;-0.0286606696651626;3.183903053111017;0.42857142857142855;0.0;{'ML_CLOSE': 73, 'TIME': 22, 'SL': 3}
10;rank10_movement_plus_time_linear_target_entry_ev_regression_top50;movement_plus_time;linear;target_entry_ev_regression;top50;exit_time;month;4;125;71.54272745414318;14.201287996985993;5.037763297901361;0.45873151565725745;0.1326923076922951;1.7839622641509436;0.592;0.0;{'ML_CLOSE': 80, 'TIME': 43, 'SL': 2}
10;rank10_movement_plus_time_linear_target_entry_ev_regression_top50;movement_plus_time;linear;target_entry_ev_regression;top50;exit_time;month;5;120;51.05077784950953;14.617863348775405;3.4923556631678494;0.303607620839451;-0.0255305039787711;1.7917694805194984;0.48333333333333334;0.0;{'ML_CLOSE': 89, 'TIME': 29, 'SL': 2}
10;rank10_movement_plus_time_linear_target_entry_ev_regression_top50;movement_plus_time;linear;target_entry_ev_regression;top50;exit_time;month;6;110;62.926581612437474;14.520914913593137;4.3335135552327655;0.4400515154440395;0.0551282051281844;1.9943197608637817;0.5636363636363636;0.0;{'ML_CLOSE': 77, 'TIME': 28, 'SL': 5}
10;rank10_movement_plus_time_linear_target_entry_ev_regression_top50;movement_plus_time;linear;target_entry_ev_regression;top50;exit_time;month;7;134;62.62853727422952;20.16673760757176;3.1055363784132908;0.3168791019899832;0.0100000000000161;5.203145128765311;0.5149253731343284;0.0;{'ML_CLOSE': 92, 'TIME': 37, 'SL': 5}
10;rank10_movement_plus_time_linear_target_entry_ev_regression_top50;movement_plus_time;linear;target_entry_ev_regression;top50;exit_time;month;8;118;43.05169655862458;15.29542003192475;2.8146789345285486;0.23522268242965969;0.00760869565216695;4.473191537520355;0.5;0.0;{'ML_CLOSE': 89, 'TIME': 26, 'SL': 3}
10;rank10_movement_plus_time_linear_target_entry_ev_regression_top50;movement_plus_time;linear;target_entry_ev_regression;top50;exit_time;month;9;130;64.25791712536733;18.908052941772045;3.398441781565328;0.348845109104579;0.0206395348837286;2.421374296435147;0.5230769230769231;0.0;{'ML_CLOSE': 90, 'TIME': 33, 'SL': 7}
10;rank10_movement_plus_time_linear_target_entry_ev_regression_top50;movement_plus_time;linear;target_entry_ev_regression;top50;exit_time;month;10;117;49.0254086541738;17.216050482905768;2.8476571152513936;0.27187485616468415;0.0019607843137236;3.9940392156862927;0.5042735042735043;0.0;{'ML_CLOSE': 81, 'TIME': 33, 'SL': 3}
10;rank10_movement_plus_time_linear_target_entry_ev_regression_top50;movement_plus_time;linear;target_entry_ev_regression;top50;exit_time;month;11;162;65.84089785433173;18.936957303045062;3.476846718334445;0.2895304972301647;0.004906976744194699;3.75786790780141;0.5185185185185185;0.0;{'ML_CLOSE': 119, 'TIME': 38, 'SL': 5}
10;rank10_movement_plus_time_linear_target_entry_ev_regression_top50;movement_plus_time;linear;target_entry_ev_regression;top50;exit_time;month;12;90;37.22627005432377;14.155284449783617;2.6298496640166653;0.2563442844948906;-0.0030263157894858997;5.690029033643713;0.5;0.0;{'ML_CLOSE': 66, 'TIME': 21, 'SL': 3}
10;rank10_movement_plus_time_linear_target_entry_ev_regression_top50;movement_plus_time;linear;target_entry_ev_regression;top50;exit_time;quarter;1;229;106.33775112263494;39.26607652109483;2.708132834853193;0.2928894087403498;-0.0368421052631483;3.461028129482756;0.4192139737991266;0.0;{'ML_CLOSE': 158, 'TIME': 54, 'SL': 17}
10;rank10_movement_plus_time_linear_target_entry_ev_regression_top50;movement_plus_time;linear;target_entry_ev_regression;top50;exit_time;quarter;2;355;185.52008691609018;43.34006625935453;4.280567680859221;0.4005071004415088;0.051282051282034;2.0745640933140805;0.5464788732394367;0.0;{'ML_CLOSE': 246, 'TIME': 100, 'SL': 9}
10;rank10_movement_plus_time_linear_target_entry_ev_regression_top50;movement_plus_time;linear;target_entry_ev_regression;top50;exit_time;quarter;3;382;169.93815095822143;54.370210581268566;3.1255746325317326;0.3025338753323373;0.01366925064599505;5.203145128765311;0.5130890052356021;0.0;{'ML_CLOSE': 271, 'TIME': 96, 'SL': 15}
10;rank10_movement_plus_time_linear_target_entry_ev_regression_top50;movement_plus_time;linear;target_entry_ev_regression;top50;exit_time;quarter;4;369;152.09257656282932;50.30829223573444;3.023210882415853;0.2758381689081162;0.0039473684210191;5.690029033643704;0.5094850948509485;0.0;{'ML_CLOSE': 266, 'TIME': 92, 'SL': 11}
11;rank11_movement_plus_time_linear_target_entry_good_0_5r_top50;movement_plus_time;linear;target_entry_good_0_5r;top50;signal_time;month;1;62;36.80315317056472;8.191893823378463;4.492630637561967;0.4614719249546173;-0.0108633776090982;2.0;0.46774193548387094;0.0;{'ML_CLOSE': 42, 'TIME': 17, 'SL': 3}
11;rank11_movement_plus_time_linear_target_entry_good_0_5r_top50;movement_plus_time;linear;target_entry_good_0_5r;top50;signal_time;month;2;54;27.92878965645576;11.534372043284112;2.4213532866505116;0.30360032616984534;-0.039361702127659604;2.416253869969049;0.42592592592592593;0.0;{'ML_CLOSE': 37, 'TIME': 12, 'SL': 5}
11;rank11_movement_plus_time_linear_target_entry_good_0_5r_top50;movement_plus_time;linear;target_entry_good_0_5r;top50;signal_time;month;3;96;34.97616462304637;13.34057354249093;2.6217886743507792;0.22537074042245256;-0.0383285597381392;3.4955907576458465;0.4166666666666667;0.0;{'ML_CLOSE': 70, 'TIME': 22, 'SL': 4}
11;rank11_movement_plus_time_linear_target_entry_good_0_5r_top50;movement_plus_time;linear;target_entry_good_0_5r;top50;signal_time;month;4;121;62.63068896179106;14.019178124576117;4.467500762544506;0.4017480234480573;0.1205357142857056;1.7839622641509436;0.5702479338842975;0.0;{'ML_CLOSE': 79, 'TIME': 41, 'SL': 1}
11;rank11_movement_plus_time_linear_target_entry_good_0_5r_top50;movement_plus_time;linear;target_entry_good_0_5r;top50;signal_time;month;5;106;47.585221121812886;12.422437721951521;3.8305864104052367;0.33172437169680535;0.00118907232703225;1.8635201963960348;0.5;0.0;{'ML_CLOSE': 78, 'TIME': 26, 'SL': 2}
11;rank11_movement_plus_time_linear_target_entry_good_0_5r_top50;movement_plus_time;linear;target_entry_good_0_5r;top50;signal_time;month;6;108;62.666614856993185;12.46206472512284;5.028590064266054;0.4648569456654662;0.05960081585080235;1.7416666666666885;0.5648148148148148;0.0;{'ML_CLOSE': 75, 'TIME': 29, 'SL': 4}
11;rank11_movement_plus_time_linear_target_entry_good_0_5r_top50;movement_plus_time;linear;target_entry_good_0_5r;top50;signal_time;month;7;112;48.705319158585645;16.67358805129536;2.921106063598696;0.28599759917223466;0.0100000000000161;5.203145128765311;0.5178571428571429;0.0;{'ML_CLOSE': 77, 'TIME': 31, 'SL': 4}
11;rank11_movement_plus_time_linear_target_entry_good_0_5r_top50;movement_plus_time;linear;target_entry_good_0_5r;top50;signal_time;month;8;109;37.61437557595128;14.042652199375153;2.678580587335559;0.2162543429043682;0.0;3.2123379755618986;0.4954128440366973;0.0;{'ML_CLOSE': 81, 'TIME': 25, 'SL': 3}
11;rank11_movement_plus_time_linear_target_entry_good_0_5r_top50;movement_plus_time;linear;target_entry_good_0_5r;top50;signal_time;month;9;128;64.44914021343529;19.00251100077719;3.3916117828217205;0.3550517907238915;0.071587301587316;2.1787140400249374;0.5546875;0.0;{'ML_CLOSE': 85, 'TIME': 35, 'SL': 8}
11;rank11_movement_plus_time_linear_target_entry_good_0_5r_top50;movement_plus_time;linear;target_entry_good_0_5r;top50;signal_time;month;10;102;30.488481078519996;14.668775402056434;2.0784612377557963;0.15509515369081917;-0.0245276162790589;4.907511435343299;0.46078431372549017;0.0;{'ML_CLOSE': 77, 'TIME': 23, 'SL': 2}
11;rank11_movement_plus_time_linear_target_entry_good_0_5r_top50;movement_plus_time;linear;target_entry_good_0_5r;top50;signal_time;month;11;151;61.71597786913289;17.18486460401952;3.5912984647372546;0.2949080348683004;0.0039999999999963;1.8068040780141779;0.5165562913907285;0.0;{'ML_CLOSE': 114, 'TIME': 35, 'SL': 2}
11;rank11_movement_plus_time_linear_target_entry_good_0_5r_top50;movement_plus_time;linear;target_entry_good_0_5r;top50;signal_time;month;12;74;19.711494925307026;10.306353407112143;1.9125576376708218;0.1270965070026335;-0.0030263157894858997;3.2928443489589805;0.5;0.0;{'ML_CLOSE': 58, 'TIME': 15, 'SL': 1}
11;rank11_movement_plus_time_linear_target_entry_good_0_5r_top50;movement_plus_time;linear;target_entry_good_0_5r;top50;signal_time;quarter;1;212;99.70810745006688;33.06683940915351;3.0153504003308473;0.3143456039665724;-0.0339855623100316;3.49559075764585;0.4339622641509434;0.0;{'ML_CLOSE': 149, 'TIME': 51, 'SL': 12}
11;rank11_movement_plus_time_linear_target_entry_good_0_5r_top50;movement_plus_time;linear;target_entry_good_0_5r;top50;signal_time;quarter;2;335;172.88252494059714;38.90368057165047;4.443860385450997;0.39993684886252734;0.051282051282034;2.216685179560983;0.5462686567164179;0.0;{'ML_CLOSE': 232, 'TIME': 96, 'SL': 7}
11;rank11_movement_plus_time_linear_target_entry_good_0_5r_top50;movement_plus_time;linear;target_entry_good_0_5r;top50;signal_time;quarter;3;349;150.7688349479722;49.7187512514477;3.032434064674586;0.2895417870960588;0.0243243243243326;5.203145128765311;0.5243553008595988;0.0;{'ML_CLOSE': 243, 'TIME': 91, 'SL': 15}
11;rank11_movement_plus_time_linear_target_entry_good_0_5r_top50;movement_plus_time;linear;target_entry_good_0_5r;top50;signal_time;quarter;4;327;111.9159538729599;42.15999341318809;2.65455340033216;0.21332097999930213;-0.0031249999999971;4.907511435343309;0.4954128440366973;0.0;{'ML_CLOSE': 249, 'TIME': 73, 'SL': 5}
11;rank11_movement_plus_time_linear_target_entry_good_0_5r_top50;movement_plus_time;linear;target_entry_good_0_5r;top50;fill_time;month;1;62;36.80315317056472;8.191893823378463;4.492630637561967;0.4614719249546173;-0.0108633776090982;2.0;0.46774193548387094;0.0;{'ML_CLOSE': 42, 'TIME': 17, 'SL': 3}
11;rank11_movement_plus_time_linear_target_entry_good_0_5r_top50;movement_plus_time;linear;target_entry_good_0_5r;top50;fill_time;month;2;54;27.92878965645576;11.534372043284112;2.4213532866505116;0.30360032616984534;-0.039361702127659604;2.416253869969049;0.42592592592592593;0.0;{'ML_CLOSE': 37, 'TIME': 12, 'SL': 5}
11;rank11_movement_plus_time_linear_target_entry_good_0_5r_top50;movement_plus_time;linear;target_entry_good_0_5r;top50;fill_time;month;3;95;34.97616462304637;13.238247961095563;2.642053897602915;0.2288201753889558;-0.037234042553194;3.4955907576458465;0.42105263157894735;0.0;{'ML_CLOSE': 69, 'TIME': 22, 'SL': 4}
11;rank11_movement_plus_time_linear_target_entry_good_0_5r_top50;movement_plus_time;linear;target_entry_good_0_5r;top50;fill_time;month;4;120;62.63068896179106;13.536698511166307;4.626732944530569;0.40911658708853965;0.12441880053907364;1.7839622641509436;0.575;0.0;{'ML_CLOSE': 78, 'TIME': 41, 'SL': 1}
11;rank11_movement_plus_time_linear_target_entry_good_0_5r_top50;movement_plus_time;linear;target_entry_good_0_5r;top50;fill_time;month;5;106;47.585221121812886;12.442470189483986;3.8244191384143744;0.33153538615404626;0.00118907232703225;1.8635201963960348;0.5;0.0;{'ML_CLOSE': 78, 'TIME': 26, 'SL': 2}
11;rank11_movement_plus_time_linear_target_entry_good_0_5r_top50;movement_plus_time;linear;target_entry_good_0_5r;top50;fill_time;month;6;108;62.666614856993185;12.696109252024478;4.935891272911076;0.46268986671267337;0.05960081585080235;1.7416666666666885;0.5648148148148148;0.0;{'ML_CLOSE': 75, 'TIME': 29, 'SL': 4}
11;rank11_movement_plus_time_linear_target_entry_good_0_5r_top50;movement_plus_time;linear;target_entry_good_0_5r;top50;fill_time;month;7;112;47.21009188585836;17.004316251666427;2.7763593188424593;0.26969442530528515;-0.012005928853757;5.203145128765312;0.5;0.0;{'ML_CLOSE': 78, 'TIME': 30, 'SL': 4}
11;rank11_movement_plus_time_linear_target_entry_good_0_5r_top50;movement_plus_time;linear;target_entry_good_0_5r;top50;fill_time;month;8;111;39.10960284867856;14.042652199375153;2.785058142394127;0.22582838422795867;0.0152173913043339;3.2123379755618986;0.5045045045045045;0.0;{'ML_CLOSE': 82, 'TIME': 26, 'SL': 3}
11;rank11_movement_plus_time_linear_target_entry_good_0_5r_top50;movement_plus_time;linear;target_entry_good_0_5r;top50;fill_time;month;9;127;63.35379137622599;19.00251100077719;3.3339694619113684;0.3492226801216441;0.0542857142857298;2.1787140400249374;0.5511811023622047;0.0;{'ML_CLOSE': 85, 'TIME': 34, 'SL': 8}
11;rank11_movement_plus_time_linear_target_entry_good_0_5r_top50;movement_plus_time;linear;target_entry_good_0_5r;top50;fill_time;month;10;102;31.583829915729282;14.657525402056443;2.154785958023862;0.1659441618987533;-0.0245276162790589;4.907511435343302;0.47058823529411764;0.0;{'ML_CLOSE': 76, 'TIME': 24, 'SL': 2}
11;rank11_movement_plus_time_linear_target_entry_good_0_5r_top50;movement_plus_time;linear;target_entry_good_0_5r;top50;fill_time;month;11;150;61.71597786913289;16.266627424532302;3.7940241857421992;0.30299566963067054;0.004906976744194699;1.8068040780141779;0.52;0.0;{'ML_CLOSE': 113, 'TIME': 35, 'SL': 2}
11;rank11_movement_plus_time_linear_target_entry_good_0_5r_top50;movement_plus_time;linear;target_entry_good_0_5r;top50;fill_time;month;12;76;19.711494925307026;11.23584058659935;1.7543409212138819;0.11152176761457466;-0.0112500000000015;3.2928443489589805;0.4868421052631579;0.0;{'ML_CLOSE': 60, 'TIME': 15, 'SL': 1}
11;rank11_movement_plus_time_linear_target_entry_good_0_5r_top50;movement_plus_time;linear;target_entry_good_0_5r;top50;fill_time;quarter;1;211;99.70810745006688;32.96451382775814;3.0247103892097007;0.31632034892089433;-0.033928571428581;3.49559075764585;0.43601895734597157;0.0;{'ML_CLOSE': 148, 'TIME': 51, 'SL': 12}
11;rank11_movement_plus_time_linear_target_entry_good_0_5r_top50;movement_plus_time;linear;target_entry_good_0_5r;top50;fill_time;quarter;2;334;172.88252494059714;38.67527795267476;4.470104265369363;0.40181810475425855;0.05158442186743015;2.216685179560983;0.5479041916167665;0.0;{'ML_CLOSE': 231, 'TIME': 96, 'SL': 7}
11;rank11_movement_plus_time_linear_target_entry_good_0_5r_top50;movement_plus_time;linear;target_entry_good_0_5r;top50;fill_time;quarter;3;350;149.67348611076292;50.049479451818776;2.9905103459637252;0.28464001902555475;0.018139534883731698;5.203145128765312;0.52;0.0;{'ML_CLOSE': 245, 'TIME': 90, 'SL': 15}
11;rank11_movement_plus_time_linear_target_entry_good_0_5r_top50;movement_plus_time;linear;target_entry_good_0_5r;top50;fill_time;quarter;4;328;113.01130271016919;42.15999341318809;2.680534164287086;0.2160100893200643;-0.0021059782608676;4.907511435343309;0.4969512195121951;0.0;{'ML_CLOSE': 249, 'TIME': 74, 'SL': 5}
11;rank11_movement_plus_time_linear_target_entry_good_0_5r_top50;movement_plus_time;linear;target_entry_good_0_5r;top50;exit_time;month;1;62;36.80315317056472;8.191893823378463;4.492630637561967;0.4614719249546173;-0.0108633776090982;2.0;0.46774193548387094;0.0;{'ML_CLOSE': 42, 'TIME': 17, 'SL': 3}
11;rank11_movement_plus_time_linear_target_entry_good_0_5r_top50;movement_plus_time;linear;target_entry_good_0_5r;top50;exit_time;month;2;53;27.36045632312243;11.534372043284112;2.372080267607898;0.2986053637705343;-0.044680851063837;2.416253869969049;0.41509433962264153;0.0;{'ML_CLOSE': 36, 'TIME': 12, 'SL': 5}
11;rank11_movement_plus_time_linear_target_entry_good_0_5r_top50;movement_plus_time;linear;target_entry_good_0_5r;top50;exit_time;month;3;95;31.893335165682075;13.238247961095563;2.4091809776799695;0.1963693389956474;-0.037234042553194;3.49559075764585;0.42105263157894735;0.0;{'ML_CLOSE': 70, 'TIME': 21, 'SL': 4}
11;rank11_movement_plus_time_linear_target_entry_good_0_5r_top50;movement_plus_time;linear;target_entry_good_0_5r;top50;exit_time;month;4;121;66.28185175248868;13.536698511166307;4.896456229546174;0.4359103573663007;0.1283018867924417;1.7839622641509436;0.5785123966942148;0.0;{'ML_CLOSE': 78, 'TIME': 42, 'SL': 1}
11;rank11_movement_plus_time_linear_target_entry_good_0_5r_top50;movement_plus_time;linear;target_entry_good_0_5r;top50;exit_time;month;5;105;47.554539303631074;12.442470189483986;3.8219532439645936;0.3344006582299723;-0.0028301886792641;1.8635201963960348;0.49523809523809526;0.0;{'ML_CLOSE': 77, 'TIME': 26, 'SL': 2}
11;rank11_movement_plus_time_linear_target_entry_good_0_5r_top50;movement_plus_time;linear;target_entry_good_0_5r;top50;exit_time;month;6;107;57.773947837965686;12.696109252024478;4.5505238408966315;0.42128821108356274;0.051282051282034;1.741666666666685;0.5607476635514018;0.0;{'ML_CLOSE': 76, 'TIME': 27, 'SL': 4}
11;rank11_movement_plus_time_linear_target_entry_good_0_5r_top50;movement_plus_time;linear;target_entry_good_0_5r;top50;exit_time;month;7;113;50.88798617761315;17.004316251666427;2.9926511260119684;0.299855486070325;0.0032608695652144;5.203145128765311;0.504424778761062;0.0;{'ML_CLOSE': 78, 'TIME': 31, 'SL': 4}
11;rank11_movement_plus_time_linear_target_entry_good_0_5r_top50;movement_plus_time;linear;target_entry_good_0_5r;top50;exit_time;month;8;111;40.35505739413309;14.023207754930695;2.8777336897076107;0.23722387062344505;0.0243243243243326;3.2123379755618986;0.5135135135135135;0.0;{'ML_CLOSE': 82, 'TIME': 26, 'SL': 3}
11;rank11_movement_plus_time_linear_target_entry_good_0_5r_top50;movement_plus_time;linear;target_entry_good_0_5r;top50;exit_time;month;9;125;57.13176295245345;19.02195544522165;3.0034642398873377;0.3048784600578544;0.0477777777777848;2.1787140400249374;0.536;0.0;{'ML_CLOSE': 85, 'TIME': 32, 'SL': 8}
11;rank11_movement_plus_time_linear_target_entry_good_0_5r_top50;movement_plus_time;linear;target_entry_good_0_5r;top50;exit_time;month;10;103;37.01649663737422;14.657525402056443;2.525426060812477;0.2170773906341532;-0.0209302325581201;4.907511435343299;0.47572815533980584;0.0;{'ML_CLOSE': 74, 'TIME': 27, 'SL': 2}
11;rank11_movement_plus_time_linear_target_entry_good_0_5r_top50;movement_plus_time;linear;target_entry_good_0_5r;top50;exit_time;month;11;150;54.55419826691267;16.266627424532302;3.3537497874106017;0.2552504722825357;0.004906976744194699;1.8068040780141779;0.52;0.0;{'ML_CLOSE': 115, 'TIME': 33, 'SL': 2}
11;rank11_movement_plus_time_linear_target_entry_good_0_5r_top50;movement_plus_time;linear;target_entry_good_0_5r;top50;exit_time;month;12;78;27.662636229654854;11.23584058659935;2.4619997067818185;0.21059994414173722;-0.0030263157894858997;3.2928443489589805;0.5;0.0;{'ML_CLOSE': 60, 'TIME': 17, 'SL': 1}
11;rank11_movement_plus_time_linear_target_entry_good_0_5r_top50;movement_plus_time;linear;target_entry_good_0_5r;top50;exit_time;quarter;1;210;96.05694465936925;32.96451382775814;2.9139499875919124;0.3004401468171956;-0.0339855623100316;3.495590757645843;0.43333333333333335;0.0;{'ML_CLOSE': 148, 'TIME': 50, 'SL': 12}
11;rank11_movement_plus_time_linear_target_entry_good_0_5r_top50;movement_plus_time;linear;target_entry_good_0_5r;top50;exit_time;quarter;2;333;171.61033889408546;38.67527795267476;4.437210227786275;0.39920438721144347;0.051282051282034;2.216685179560983;0.5465465465465466;0.0;{'ML_CLOSE': 231, 'TIME': 95, 'SL': 7}
11;rank11_movement_plus_time_linear_target_entry_good_0_5r_top50;movement_plus_time;linear;target_entry_good_0_5r;top50;exit_time;quarter;3;349;148.3748065241997;50.049479451818776;2.9645624320036323;0.28173446152544673;0.0162790697674532;5.203145128765311;0.5186246418338109;0.0;{'ML_CLOSE': 245, 'TIME': 89, 'SL': 15}
11;rank11_movement_plus_time_linear_target_entry_good_0_5r_top50;movement_plus_time;linear;target_entry_good_0_5r;top50;exit_time;quarter;4;331;119.23333113394176;42.15999341318809;2.8281155066937065;0.23284996290257898;0.0019607843137236;4.907511435343309;0.5015105740181269;0.0;{'ML_CLOSE': 249, 'TIME': 77, 'SL': 5}
