source_path;source_file;source_bucket;Magic;error_message;error_code;error_class;missing_magic_column;missing_magic_column_file
MT/MQL4/Files/ERROR_SoSimple_0.csv;ERROR_SoSimple_0.csv;mt4_files;0;INPUT_FILE_READ-120: global variable not found! ERROR-4058;4058;OTHER;False;
MT/MQL4/Files/ERROR_SoSimple_517154336.csv;ERROR_SoSimple_517154336.csv;mt4_files;1575743811;MAIL_SEND-647: requested history data is in update state! ERROR-4066;4066;OTHER;False;
MT/MQL4/Files/ERROR_SoSimple_517154336.csv;ERROR_SoSimple_517154336.csv;mt4_files;1575743811;MAIL_SEND-702: function is not confirmed! ERROR-4060;4060;OTHER;False;
MT/MQL4/Files/ERROR_SoSimple_517154336.csv;ERROR_SoSimple_517154336.csv;mt4_files;1575743811;MAIL_SEND-647: requested history data is in update state! ERROR-4066;4066;OTHER;False;
MT/MQL4/Files/ERROR_SoSimple_517154336.csv;ERROR_SoSimple_517154336.csv;mt4_files;1575743811;MAIL_SEND-702: function is not confirmed! ERROR-4060;4060;OTHER;False;
MT/MQL4/Files/ERROR_SoSimple_517154336.csv;ERROR_SoSimple_517154336.csv;mt4_files;1575743811;MAIL_SEND-647: requested history data is in update state! ERROR-4066;4066;OTHER;False;
MT/MQL4/Files/ERROR_SoSimple_517154336.csv;ERROR_SoSimple_517154336.csv;mt4_files;1575743811;MAIL_SEND-702: function is not confirmed! ERROR-4060;4060;OTHER;False;
MT/MQL4/Files/ERROR_SoSimple_517154336.csv;ERROR_SoSimple_517154336.csv;mt4_files;1576842233;MAIL_SEND-647: requested history data is in update state! ERROR-4066;4066;OTHER;False;
MT/MQL4/Files/ERROR_SoSimple_517154336.csv;ERROR_SoSimple_517154336.csv;mt4_files;1576849340;MAIL_SEND-702: function is not confirmed! ERROR-4060;4060;OTHER;False;
MT/MQL4/Files/ERROR_SoSimple_517154336.csv;ERROR_SoSimple_517154336.csv;mt4_files;1576842233;MAIL_SEND-647: requested history data is in update state! ERROR-4066;4066;OTHER;False;
MT/MQL4/Files/ERROR_SoSimple_517154336.csv;ERROR_SoSimple_517154336.csv;mt4_files;1576863375;MAIL_SEND-702: function is not confirmed! ERROR-4060;4060;OTHER;False;
MT/MQL4/Files/ERROR_SoSimple_517154336.csv;ERROR_SoSimple_517154336.csv;mt4_files;1576849340;MAIL_SEND-647: requested history data is in update state! ERROR-4066;4066;OTHER;False;
MT/MQL4/Files/ERROR_SoSimple_517154336.csv;ERROR_SoSimple_517154336.csv;mt4_files;1576849340;MAIL_SEND-702: function is not confirmed! ERROR-4060;4060;OTHER;False;
MT/MQL4/Files/ERROR_SoSimple_517154336.csv;ERROR_SoSimple_517154336.csv;mt4_files;1576895763;MLP_OpenMarketOrder: requote! ERROR-138;138;REQUOTE;False;
MT/MQL4/Files/ERROR_SoSimple_517154336.csv;ERROR_SoSimple_517154336.csv;mt4_files;1576899469;MLP_OpenMarketOrder: requote! ERROR-138;138;REQUOTE;False;
MT/MQL4/Files/ERROR_SoSimple_517154336.csv;ERROR_SoSimple_517154336.csv;mt4_files;1576899469;MLP_OpenMarketOrder: requote! ERROR-138;138;REQUOTE;False;
MT/MQL4/Files/ERROR_SoSimple_517154336.csv;ERROR_SoSimple_517154336.csv;mt4_files;1576899469;MLP_OpenMarketOrder: requote! ERROR-138;138;REQUOTE;False;
MT/MQL4/Files/ERROR_SoSimple_517154336.csv;ERROR_SoSimple_517154336.csv;mt4_files;1576849340;MAIL_SEND-647: requested history data is in update state! ERROR-4066;4066;OTHER;False;
MT/MQL4/Files/ERROR_SoSimple_517154336.csv;ERROR_SoSimple_517154336.csv;mt4_files;1576899469;MAIL_SEND-702: function is not confirmed! ERROR-4060;4060;OTHER;False;
MT/MQL4/Files/ERROR_SoSimple_517154336.csv;ERROR_SoSimple_517154336.csv;mt4_files;1576899469;MLP_OpenMarketOrder: requote! ERROR-138;138;REQUOTE;False;
MT/MQL4/Files/ERROR_SoSimple_517154336.csv;ERROR_SoSimple_517154336.csv;mt4_files;1576899469;MLP_OpenMarketOrder: requote! ERROR-138;138;REQUOTE;False;
MT/MQL4/Files/ERROR_SoSimple_517154336.csv;ERROR_SoSimple_517154336.csv;mt4_files;1576899469;MLP_OpenMarketOrder: requote! ERROR-138;138;REQUOTE;False;
MT/MQL4/Files/ERROR_SoSimple_517154336.csv;ERROR_SoSimple_517154336.csv;mt4_files;1575743811;MLP_OpenMarketOrder: requote! ERROR-138;138;REQUOTE;False;
MT/MQL4/Files/ERROR_SoSimple_517154336.csv;ERROR_SoSimple_517154336.csv;mt4_files;1575743811;MLP_OpenMarketOrder: requote! ERROR-138;138;REQUOTE;False;
MT/MQL4/Files/ERROR_SoSimple_517154336.csv;ERROR_SoSimple_517154336.csv;mt4_files;1575743811;MLP_OpenMarketOrder: requote! ERROR-138;138;REQUOTE;False;
MT/MQL4/Files/ERROR_SoSimple_517154336.csv;ERROR_SoSimple_517154336.csv;mt4_files;1575743811;MLP_OpenMarketOrder: requote! ERROR-138;138;REQUOTE;False;
MT/MQL4/Files/ERROR_SoSimple_517154336.csv;ERROR_SoSimple_517154336.csv;mt4_files;1575743811;MLP_OpenMarketOrder: requote! ERROR-138;138;REQUOTE;False;
MT/MQL4/Files/ERROR_SoSimple_517154336.csv;ERROR_SoSimple_517154336.csv;mt4_files;1575743811;MLP_OpenMarketOrder: requote! ERROR-138;138;REQUOTE;False;
MT/MQL4/Files/ERROR_SoSimple_517154336.csv;ERROR_SoSimple_517154336.csv;mt4_files;1576891795;MAIL_SEND-647: requested history data is in update state! ERROR-4066;4066;OTHER;False;
MT/MQL4/Files/ERROR_SoSimple_517154336.csv;ERROR_SoSimple_517154336.csv;mt4_files;1576938385;MAIL_SEND-702: function is not confirmed! ERROR-4060;4060;OTHER;False;
MT/MQL4/Files/ERROR_SoSimple_517154336.csv;ERROR_SoSimple_517154336.csv;mt4_files;1576948769;MLP_OpenMarketOrder: requote! ERROR-138;138;REQUOTE;False;
MT/MQL4/Files/ERROR_SoSimple_517154336.csv;ERROR_SoSimple_517154336.csv;mt4_files;1576948769;MLP_OpenMarketOrder: requote! ERROR-138;138;REQUOTE;False;
MT/MQL4/Files/ERROR_SoSimple_517154336.csv;ERROR_SoSimple_517154336.csv;mt4_files;1576938385;MAIL_SEND-647: requested history data is in update state! ERROR-4066;4066;OTHER;False;
MT/MQL4/Files/ERROR_SoSimple_517154336.csv;ERROR_SoSimple_517154336.csv;mt4_files;1576954863;MAIL_SEND-702: function is not confirmed! ERROR-4060;4060;OTHER;False;
MT/MQL4/Files/ERROR_SoSimple_517154336.csv;ERROR_SoSimple_517154336.csv;mt4_files;1576926134;MAIL_SEND-647: requested history data is in update state! ERROR-4066;4066;OTHER;False;
MT/MQL4/Files/ERROR_SoSimple_517154336.csv;ERROR_SoSimple_517154336.csv;mt4_files;1576971767;MAIL_SEND-702: function is not confirmed! ERROR-4060;4060;OTHER;False;
MT/MQL4/Files/ERROR_SoSimple_517154336.csv;ERROR_SoSimple_517154336.csv;mt4_files;1576971767;MLP_OpenMarketOrder: requote! ERROR-138;138;REQUOTE;False;
MT/MQL4/Files/ERROR_SoSimple_517154336.csv;ERROR_SoSimple_517154336.csv;mt4_files;1576971767;MLP_OpenMarketOrder: requote! ERROR-138;138;REQUOTE;False;
MT/MQL4/Files/ERROR_SoSimple_517154336.csv;ERROR_SoSimple_517154336.csv;mt4_files;1576977780;MLP_OpenMarketOrder: requote! ERROR-138;138;REQUOTE;False;
MT/MQL4/Files/ERROR_SoSimple_517154336.csv;ERROR_SoSimple_517154336.csv;mt4_files;1576977780;MLP_OpenMarketOrder: requote! ERROR-138;138;REQUOTE;False;
MT/MQL4/Files/ERROR_SoSimple_517154336.csv;ERROR_SoSimple_517154336.csv;mt4_files;1576977780;MLP_OpenMarketOrder: requote! ERROR-138;138;REQUOTE;False;
MT/MQL4/Files/ERROR_SoSimple_517154336.csv;ERROR_SoSimple_517154336.csv;mt4_files;1576954863;MAIL_SEND-647: requested history data is in update state! ERROR-4066;4066;OTHER;False;
MT/MQL4/Files/ERROR_SoSimple_517154336.csv;ERROR_SoSimple_517154336.csv;mt4_files;1576984359;MAIL_SEND-702: function is not confirmed! ERROR-4060;4060;OTHER;False;
MT/MQL4/Files/ERROR_SoSimple_517154336.csv;ERROR_SoSimple_517154336.csv;mt4_files;1576991786;MLP_OpenMarketOrder: requote! ERROR-138;138;REQUOTE;False;
MT/MQL4/Files/ERROR_SoSimple_517154336.csv;ERROR_SoSimple_517154336.csv;mt4_files;1576991786;MLP_OpenMarketOrder: requote! ERROR-138;138;REQUOTE;False;
MT/MQL4/Files/ERROR_SoSimple_517154336.csv;ERROR_SoSimple_517154336.csv;mt4_files;1576991786;MLP_OpenMarketOrder: requote! ERROR-138;138;REQUOTE;False;
MT/MQL4/Files/ERROR_SoSimple_517154336.csv;ERROR_SoSimple_517154336.csv;mt4_files;1576964198;MAIL_SEND-647: requested history data is in update state! ERROR-4066;4066;OTHER;False;
MT/MQL4/Files/ERROR_SoSimple_517154336.csv;ERROR_SoSimple_517154336.csv;mt4_files;1577004992;MAIL_SEND-702: function is not confirmed! ERROR-4060;4060;OTHER;False;
MT/MQL4/Files/ERROR_SoSimple_517154336.csv;ERROR_SoSimple_517154336.csv;mt4_files;1577022721;MLP_OpenMarketOrder: requote! ERROR-138;138;REQUOTE;False;
MT/MQL4/Files/ERROR_SoSimple_517154336.csv;ERROR_SoSimple_517154336.csv;mt4_files;1577022721;MLP_OpenMarketOrder: requote! ERROR-138;138;REQUOTE;False;
MT/MQL4/Files/ERROR_SoSimple_517154336.csv;ERROR_SoSimple_517154336.csv;mt4_files;1576977780;MAIL_SEND-647: requested history data is in update state! ERROR-4066;4066;OTHER;False;
MT/MQL4/Files/ERROR_SoSimple_517154336.csv;ERROR_SoSimple_517154336.csv;mt4_files;1577027778;MAIL_SEND-702: function is not confirmed! ERROR-4060;4060;OTHER;False;
MT/MQL4/Files/ERROR_SoSimple_517154336.csv;ERROR_SoSimple_517154336.csv;mt4_files;1577027778;MLP_OpenMarketOrder: requote! ERROR-138;138;REQUOTE;False;
MT/MQL4/Files/ERROR_SoSimple_517154336.csv;ERROR_SoSimple_517154336.csv;mt4_files;1577027778;MLP_OpenMarketOrder: requote! ERROR-138;138;REQUOTE;False;
MT/MQL4/Files/ERROR_SoSimple_517154336.csv;ERROR_SoSimple_517154336.csv;mt4_files;1577004992;MAIL_SEND-647: requested history data is in update state! ERROR-4066;4066;OTHER;False;
MT/MQL4/Files/ERROR_SoSimple_517154336.csv;ERROR_SoSimple_517154336.csv;mt4_files;1577051604;MAIL_SEND-702: function is not confirmed! ERROR-4060;4060;OTHER;False;
MT/MQL4/Files/ERROR_SoSimple_517154336.csv;ERROR_SoSimple_517154336.csv;mt4_files;1577019127;MLP_Close Ticket=1577019127: requote! ERROR-138;138;REQUOTE;False;
MT/MQL4/Files/ERROR_SoSimple_517154336.csv;ERROR_SoSimple_517154336.csv;mt4_files;1577019127;MLP_Close Ticket=1577019127: requote! ERROR-138;138;REQUOTE;False;
MT/MQL4/Files/ERROR_SoSimple_517154336.csv;ERROR_SoSimple_517154336.csv;mt4_files;1577019127;MLP_Close Ticket=1577019127: requote! ERROR-138;138;REQUOTE;False;
MT/MQL4/Files/ERROR_SoSimple_517154336.csv;ERROR_SoSimple_517154336.csv;mt4_files;1577019127;MAIL_SEND-647: requested history data is in update state! ERROR-4066;4066;OTHER;False;
MT/MQL4/Files/ERROR_SoSimple_517154336.csv;ERROR_SoSimple_517154336.csv;mt4_files;1577074706;MAIL_SEND-702: function is not confirmed! ERROR-4060;4060;OTHER;False;
MT/MQL4/Files/ERROR_SoSimple_517154336.csv;ERROR_SoSimple_517154336.csv;mt4_files;1577085191;MLP_OpenMarketOrder: requote! ERROR-138;138;REQUOTE;False;
MT/MQL4/Files/ERROR_SoSimple_517154336.csv;ERROR_SoSimple_517154336.csv;mt4_files;1577045413;MLP_Close Ticket=1577045413: requote! ERROR-138;138;REQUOTE;False;
MT/MQL4/Files/ERROR_SoSimple_517154336.csv;ERROR_SoSimple_517154336.csv;mt4_files;1577045413;MLP_Close Ticket=1577045413: requote! ERROR-138;138;REQUOTE;False;
MT/MQL4/Files/ERROR_SoSimple_517154336.csv;ERROR_SoSimple_517154336.csv;mt4_files;1577045413;MLP_Close Ticket=1577045413: requote! ERROR-138;138;REQUOTE;False;
MT/MQL4/Files/ERROR_SoSimple_517154336.csv;ERROR_SoSimple_517154336.csv;mt4_files;1577043409;MLP_Close Ticket=1577043409: requote! ERROR-138;138;REQUOTE;False;
MT/MQL4/Files/ERROR_SoSimple_517154336.csv;ERROR_SoSimple_517154336.csv;mt4_files;1577043409;MLP_Close Ticket=1577043409: requote! ERROR-138;138;REQUOTE;False;
MT/MQL4/Files/ERROR_SoSimple_517154336.csv;ERROR_SoSimple_517154336.csv;mt4_files;1577043409;MLP_Close Ticket=1577043409: requote! ERROR-138;138;REQUOTE;False;
MT/MQL4/Files/ERROR_SoSimple_517154336.csv;ERROR_SoSimple_517154336.csv;mt4_files;1577043409;MAIL_SEND-647: requested history data is in update state! ERROR-4066;4066;OTHER;False;
MT/MQL4/Files/ERROR_SoSimple_517154336.csv;ERROR_SoSimple_517154336.csv;mt4_files;1577105044;MAIL_SEND-702: function is not confirmed! ERROR-4060;4060;OTHER;False;
MT/MQL4/Files/ERROR_SoSimple_517154336.csv;ERROR_SoSimple_517154336.csv;mt4_files;1577105044;MLP_OpenMarketOrder: requote! ERROR-138;138;REQUOTE;False;
MT/MQL4/Files/ERROR_SoSimple_517154336.csv;ERROR_SoSimple_517154336.csv;mt4_files;1577105044;MLP_OpenMarketOrder: requote! ERROR-138;138;REQUOTE;False;
MT/MQL4/Files/ERROR_SoSimple_517154336.csv;ERROR_SoSimple_517154336.csv;mt4_files;1577119984;MLP_OpenMarketOrder: requote! ERROR-138;138;REQUOTE;False;
MT/MQL4/Files/ERROR_SoSimple_517154336.csv;ERROR_SoSimple_517154336.csv;mt4_files;1577074706;MAIL_SEND-647: requested history data is in update state! ERROR-4066;4066;OTHER;False;
MT/MQL4/Files/ERROR_SoSimple_517154336.csv;ERROR_SoSimple_517154336.csv;mt4_files;1577127679;MAIL_SEND-702: function is not confirmed! ERROR-4060;4060;OTHER;False;
MT/MQL4/Files/ERROR_SoSimple_517154336.csv;ERROR_SoSimple_517154336.csv;mt4_files;1577085191;MAIL_SEND-647: requested history data is in update state! ERROR-4066;4066;OTHER;False;
MT/MQL4/Files/ERROR_SoSimple_517154336.csv;ERROR_SoSimple_517154336.csv;mt4_files;1577142413;MAIL_SEND-702: function is not confirmed! ERROR-4060;4060;OTHER;False;
MT/MQL4/Files/ERROR_SoSimple_517154336.csv;ERROR_SoSimple_517154336.csv;mt4_files;1577160386;MLP_OpenMarketOrder: requote! ERROR-138;138;REQUOTE;False;
MT/MQL4/Files/ERROR_SoSimple_517154336.csv;ERROR_SoSimple_517154336.csv;mt4_files;1577160386;MLP_OpenMarketOrder: requote! ERROR-138;138;REQUOTE;False;
MT/MQL4/Files/ERROR_SoSimple_517154336.csv;ERROR_SoSimple_517154336.csv;mt4_files;1577160386;MLP_OpenMarketOrder: requote! ERROR-138;138;REQUOTE;False;
MT/MQL4/Files/ERROR_SoSimple_517154336.csv;ERROR_SoSimple_517154336.csv;mt4_files;1577133650;MAIL_SEND-647: requested history data is in update state! ERROR-4066;4066;OTHER;False;
MT/MQL4/Files/ERROR_SoSimple_517154336.csv;ERROR_SoSimple_517154336.csv;mt4_files;1577176235;MAIL_SEND-702: function is not confirmed! ERROR-4060;4060;OTHER;False;
MT/MQL4/Files/ERROR_SoSimple_517154336.csv;ERROR_SoSimple_517154336.csv;mt4_files;1577192971;MLP_OpenMarketOrder: requote! ERROR-138;138;REQUOTE;False;
MT/MQL4/Files/ERROR_SoSimple_517154336.csv;ERROR_SoSimple_517154336.csv;mt4_files;1577192971;MLP_OpenMarketOrder: requote! ERROR-138;138;REQUOTE;False;
MT/MQL4/Files/ERROR_SoSimple_517154336.csv;ERROR_SoSimple_517154336.csv;mt4_files;1577201703;MLP_OpenMarketOrder: requote! ERROR-138;138;REQUOTE;False;
MT/MQL4/Files/ERROR_SoSimple_517154336.csv;ERROR_SoSimple_517154336.csv;mt4_files;1577201703;MLP_OpenMarketOrder: requote! ERROR-138;138;REQUOTE;False;
MT/MQL4/Files/ERROR_SoSimple_517154336.csv;ERROR_SoSimple_517154336.csv;mt4_files;1577201703;MLP_OpenMarketOrder: requote! ERROR-138;138;REQUOTE;False;
MT/MQL4/Files/ERROR_SoSimple_517154336.csv;ERROR_SoSimple_517154336.csv;mt4_files;1577184662;MAIL_SEND-647: requested history data is in update state! ERROR-4066;4066;OTHER;False;
MT/MQL4/Files/ERROR_SoSimple_517154336.csv;ERROR_SoSimple_517154336.csv;mt4_files;1577201703;MAIL_SEND-702: function is not confirmed! ERROR-4060;4060;OTHER;False;
MT/MQL4/Files/ERROR_SoSimple_517154336.csv;ERROR_SoSimple_517154336.csv;mt4_files;1577201703;MLP_OpenMarketOrder: requote! ERROR-138;138;REQUOTE;False;
MT/MQL4/Files/ERROR_SoSimple_517154336.csv;ERROR_SoSimple_517154336.csv;mt4_files;1577201703;MLP_OpenMarketOrder: requote! ERROR-138;138;REQUOTE;False;
MT/MQL4/Files/ERROR_SoSimple_517154336.csv;ERROR_SoSimple_517154336.csv;mt4_files;1577201703;MLP_OpenMarketOrder: requote! ERROR-138;138;REQUOTE;False;
MT/MQL4/Files/ERROR_SoSimple_517154336.csv;ERROR_SoSimple_517154336.csv;mt4_files;1577201703;MLP_OpenMarketOrder: requote! ERROR-138;138;REQUOTE;False;
MT/MQL4/Files/ERROR_SoSimple_517154336.csv;ERROR_SoSimple_517154336.csv;mt4_files;1577201703;MLP_OpenMarketOrder: requote! ERROR-138;138;REQUOTE;False;
MT/MQL4/Files/ERROR_SoSimple_517154336.csv;ERROR_SoSimple_517154336.csv;mt4_files;1577201703;MLP_OpenMarketOrder: requote! ERROR-138;138;REQUOTE;False;
MT/MQL4/Files/ERROR_SoSimple_517154336.csv;ERROR_SoSimple_517154336.csv;mt4_files;1577184662;MAIL_SEND-647: requested history data is in update state! ERROR-4066;4066;OTHER;False;
MT/MQL4/Files/ERROR_SoSimple_517154336.csv;ERROR_SoSimple_517154336.csv;mt4_files;1577243880;MAIL_SEND-702: function is not confirmed! ERROR-4060;4060;OTHER;False;
MT/MQL4/Files/ERROR_SoSimple_517154336.csv;ERROR_SoSimple_517154336.csv;mt4_files;1577192971;MLP_Close Ticket=1577192971: requote! ERROR-138;138;REQUOTE;False;
MT/MQL4/Files/ERROR_SoSimple_517154336.csv;ERROR_SoSimple_517154336.csv;mt4_files;1577192971;MLP_Close Ticket=1577192971: requote! ERROR-138;138;REQUOTE;False;
MT/MQL4/Files/ERROR_SoSimple_517154336.csv;ERROR_SoSimple_517154336.csv;mt4_files;1577192971;MLP_Close Ticket=1577192971: requote! ERROR-138;138;REQUOTE;False;
MT/MQL4/Files/ERROR_SoSimple_517154336.csv;ERROR_SoSimple_517154336.csv;mt4_files;1577192971;MLP_Close Ticket=1577192971: requote! ERROR-138;138;REQUOTE;False;
MT/MQL4/Files/ERROR_SoSimple_517154336.csv;ERROR_SoSimple_517154336.csv;mt4_files;1577192971;MLP_Close Ticket=1577192971: requote! ERROR-138;138;REQUOTE;False;
MT/MQL4/Files/ERROR_SoSimple_517154336.csv;ERROR_SoSimple_517154336.csv;mt4_files;1577192971;MLP_Close Ticket=1577192971: requote! ERROR-138;138;REQUOTE;False;
MT/MQL4/Files/ERROR_SoSimple_517154336.csv;ERROR_SoSimple_517154336.csv;mt4_files;1577192971;MLP_Close Ticket=1577192971: requote! ERROR-138;138;REQUOTE;False;
MT/MQL4/Files/ERROR_SoSimple_517154336.csv;ERROR_SoSimple_517154336.csv;mt4_files;1577192971;MLP_Close Ticket=1577192971: requote! ERROR-138;138;REQUOTE;False;
MT/MQL4/Files/ERROR_SoSimple_517154336.csv;ERROR_SoSimple_517154336.csv;mt4_files;1577267470;MLP_OpenMarketOrder: requote! ERROR-138;138;REQUOTE;False;
MT/MQL4/Files/ERROR_SoSimple_517154336.csv;ERROR_SoSimple_517154336.csv;mt4_files;1577267470;MLP_OpenMarketOrder: requote! ERROR-138;138;REQUOTE;False;
MT/MQL4/Files/ERROR_SoSimple_517154336.csv;ERROR_SoSimple_517154336.csv;mt4_files;1577267470;MLP_OpenMarketOrder: requote! ERROR-138;138;REQUOTE;False;
MT/MQL4/Files/ERROR_SoSimple_517154336.csv;ERROR_SoSimple_517154336.csv;mt4_files;1577257509;MAIL_SEND-647: requested history data is in update state! ERROR-4066;4066;OTHER;False;
MT/MQL4/Files/ERROR_SoSimple_517154336.csv;ERROR_SoSimple_517154336.csv;mt4_files;1577267470;MAIL_SEND-702: function is not confirmed! ERROR-4060;4060;OTHER;False;
MT/MQL4/Files/ERROR_SoSimple_517154336.csv;ERROR_SoSimple_517154336.csv;mt4_files;1577261067;MAIL_SEND-647: requested history data is in update state! ERROR-4066;4066;OTHER;False;
MT/MQL4/Files/ERROR_SoSimple_517154336.csv;ERROR_SoSimple_517154336.csv;mt4_files;1577291768;MAIL_SEND-702: function is not confirmed! ERROR-4060;4060;OTHER;False;
MT/MQL4/Files/ERROR_SoSimple_517154336.csv;ERROR_SoSimple_517154336.csv;mt4_files;1577291768;MLP_OpenMarketOrder: requote! ERROR-138;138;REQUOTE;False;
MT/MQL4/Files/ERROR_SoSimple_517154336.csv;ERROR_SoSimple_517154336.csv;mt4_files;1577291768;MLP_OpenMarketOrder: requote! ERROR-138;138;REQUOTE;False;
MT/MQL4/Files/ERROR_SoSimple_517154336.csv;ERROR_SoSimple_517154336.csv;mt4_files;1577314548;MLP_OpenMarketOrder: requote! ERROR-138;138;REQUOTE;False;
MT/MQL4/Files/ERROR_SoSimple_517154336.csv;ERROR_SoSimple_517154336.csv;mt4_files;1577314548;MLP_OpenMarketOrder: requote! ERROR-138;138;REQUOTE;False;
MT/MQL4/Files/ERROR_SoSimple_517154336.csv;ERROR_SoSimple_517154336.csv;mt4_files;1577314548;MLP_OpenMarketOrder: requote! ERROR-138;138;REQUOTE;False;
MT/MQL4/Files/ERROR_SoSimple_517154336.csv;ERROR_SoSimple_517154336.csv;mt4_files;1577267470;MAIL_SEND-647: requested history data is in update state! ERROR-4066;4066;OTHER;False;
MT/MQL4/Files/ERROR_SoSimple_517154336.csv;ERROR_SoSimple_517154336.csv;mt4_files;1577314548;MAIL_SEND-702: function is not confirmed! ERROR-4060;4060;OTHER;False;
MT/MQL4/Files/ERROR_SoSimple_517154336.csv;ERROR_SoSimple_517154336.csv;mt4_files;1577342573;MLP_OpenMarketOrder: requote! ERROR-138;138;REQUOTE;False;
MT/MQL4/Files/ERROR_SoSimple_517154336.csv;ERROR_SoSimple_517154336.csv;mt4_files;1577342573;MLP_OpenMarketOrder: requote! ERROR-138;138;REQUOTE;False;
MT/MQL4/Files/ERROR_SoSimple_517154336.csv;ERROR_SoSimple_517154336.csv;mt4_files;1577342573;MLP_OpenMarketOrder: requote! ERROR-138;138;REQUOTE;False;
MT/MQL4/Files/ERROR_SoSimple_517154336.csv;ERROR_SoSimple_517154336.csv;mt4_files;1577291768;MAIL_SEND-647: requested history data is in update state! ERROR-4066;4066;OTHER;False;
MT/MQL4/Files/ERROR_SoSimple_517154336.csv;ERROR_SoSimple_517154336.csv;mt4_files;1577342573;MAIL_SEND-702: function is not confirmed! ERROR-4060;4060;OTHER;False;
MT/MQL4/Files/ERROR_SoSimple_517154336.csv;ERROR_SoSimple_517154336.csv;mt4_files;1577342573;MLP_OpenMarketOrder: requote! ERROR-138;138;REQUOTE;False;
MT/MQL4/Files/ERROR_SoSimple_517154336.csv;ERROR_SoSimple_517154336.csv;mt4_files;1577362013;MLP_OpenMarketOrder: requote! ERROR-138;138;REQUOTE;False;
MT/MQL4/Files/ERROR_SoSimple_517154336.csv;ERROR_SoSimple_517154336.csv;mt4_files;1577362013;MLP_OpenMarketOrder: requote! ERROR-138;138;REQUOTE;False;
MT/MQL4/Files/ERROR_SoSimple_517154336.csv;ERROR_SoSimple_517154336.csv;mt4_files;1577362013;MLP_OpenMarketOrder: requote! ERROR-138;138;REQUOTE;False;
MT/MQL4/Files/ERROR_SoSimple_517154336.csv;ERROR_SoSimple_517154336.csv;mt4_files;1577322975;MAIL_SEND-647: requested history data is in update state! ERROR-4066;4066;OTHER;False;
MT/MQL4/Files/ERROR_SoSimple_517154336.csv;ERROR_SoSimple_517154336.csv;mt4_files;1577362013;MAIL_SEND-702: function is not confirmed! ERROR-4060;4060;OTHER;False;
MT/MQL4/Files/ERROR_SoSimple_517154336.csv;ERROR_SoSimple_517154336.csv;mt4_files;1577342573;MLP_Close Ticket=1577342573: requote! ERROR-138;138;REQUOTE;False;
MT/MQL4/Files/ERROR_SoSimple_517154336.csv;ERROR_SoSimple_517154336.csv;mt4_files;1577342573;MLP_Close Ticket=1577342573: requote! ERROR-138;138;REQUOTE;False;
MT/MQL4/Files/ERROR_SoSimple_517154336.csv;ERROR_SoSimple_517154336.csv;mt4_files;1577342573;MLP_Close Ticket=1577342573: requote! ERROR-138;138;REQUOTE;False;
MT/MQL4/Files/ERROR_SoSimple_517154336.csv;ERROR_SoSimple_517154336.csv;mt4_files;1577382725;MLP_OpenMarketOrder: market is closed! ERROR-132;132;MARKET_CLOSED;False;
MT/MQL4/Files/ERROR_SoSimple_517154336.csv;ERROR_SoSimple_517154336.csv;mt4_files;1577342573;MAIL_SEND-647: requested history data is in update state! ERROR-4066;4066;OTHER;False;
MT/MQL4/Files/ERROR_SoSimple_517154336.csv;ERROR_SoSimple_517154336.csv;mt4_files;1577382725;MAIL_SEND-702: function is not confirmed! ERROR-4060;4060;OTHER;False;
MT/MQL4/Files/ERROR_SoSimple_517154336.csv;ERROR_SoSimple_517154336.csv;mt4_files;1577353858;MLP_Close Ticket=1577353858: requote! ERROR-138;138;REQUOTE;False;
MT/MQL4/Files/ERROR_SoSimple_517154336.csv;ERROR_SoSimple_517154336.csv;mt4_files;1577353858;MLP_Close Ticket=1577353858: requote! ERROR-138;138;REQUOTE;False;
MT/MQL4/Files/ERROR_SoSimple_517154336.csv;ERROR_SoSimple_517154336.csv;mt4_files;1577353858;MLP_Close Ticket=1577353858: requote! ERROR-138;138;REQUOTE;False;
MT/MQL4/Files/ERROR_SoSimple_517154336.csv;ERROR_SoSimple_517154336.csv;mt4_files;1577362013;MAIL_SEND-647: requested history data is in update state! ERROR-4066;4066;OTHER;False;
MT/MQL4/Files/ERROR_SoSimple_517154336.csv;ERROR_SoSimple_517154336.csv;mt4_files;1577398457;MAIL_SEND-702: function is not confirmed! ERROR-4060;4060;OTHER;False;
MT/MQL4/Files/ERROR_SoSimple_517154336.csv;ERROR_SoSimple_517154336.csv;mt4_files;1577398457;MAIL_SEND-647: requested history data is in update state! ERROR-4066;4066;OTHER;False;
MT/MQL4/Files/ERROR_SoSimple_517154336.csv;ERROR_SoSimple_517154336.csv;mt4_files;1577398457;MAIL_SEND-702: function is not confirmed! ERROR-4060;4060;OTHER;False;
MT/MQL4/Files/ERROR_SoSimple_517154336.csv;ERROR_SoSimple_517154336.csv;mt4_files;1575743811;MLP_OpenMarketOrder: requote! ERROR-138;138;REQUOTE;False;
MT/MQL4/Files/ERROR_SoSimple_517154336.csv;ERROR_SoSimple_517154336.csv;mt4_files;1575743811;MLP_OpenMarketOrder: requote! ERROR-138;138;REQUOTE;False;
MT/MQL4/Files/ERROR_SoSimple_517154336.csv;ERROR_SoSimple_517154336.csv;mt4_files;1575743811;MLP_OpenMarketOrder: requote! ERROR-138;138;REQUOTE;False;
MT/MQL4/Files/ERROR_SoSimple_517154336.csv;ERROR_SoSimple_517154336.csv;mt4_files;1577418864;MLP_OpenMarketOrder: requote! ERROR-138;138;REQUOTE;False;
MT/MQL4/Files/ERROR_SoSimple_517154336.csv;ERROR_SoSimple_517154336.csv;mt4_files;1577418864;MLP_OpenMarketOrder: requote! ERROR-138;138;REQUOTE;False;
MT/MQL4/Files/ERROR_SoSimple_517154336.csv;ERROR_SoSimple_517154336.csv;mt4_files;1577418864;MLP_OpenMarketOrder: requote! ERROR-138;138;REQUOTE;False;
MT/MQL4/Files/ERROR_SoSimple_517154336.csv;ERROR_SoSimple_517154336.csv;mt4_files;1577423203;MLP_OpenMarketOrder: requote! ERROR-138;138;REQUOTE;False;
MT/MQL4/Files/ERROR_SoSimple_517154336.csv;ERROR_SoSimple_517154336.csv;mt4_files;1577414658;MAIL_SEND-647: requested history data is in update state! ERROR-4066;4066;OTHER;False;
MT/MQL4/Files/ERROR_SoSimple_517154336.csv;ERROR_SoSimple_517154336.csv;mt4_files;1577425713;MAIL_SEND-702: function is not confirmed! ERROR-4060;4060;OTHER;False;
MT/MQL4/Files/ERROR_SoSimple_517154336.csv;ERROR_SoSimple_517154336.csv;mt4_files;1577425713;MLP_OpenMarketOrder: requote! ERROR-138;138;REQUOTE;False;
MT/MQL4/Files/ERROR_SoSimple_517154336.csv;ERROR_SoSimple_517154336.csv;mt4_files;1577425713;MLP_OpenMarketOrder: requote! ERROR-138;138;REQUOTE;False;
MT/MQL4/Files/ERROR_SoSimple_517154336.csv;ERROR_SoSimple_517154336.csv;mt4_files;1577425713;MLP_OpenMarketOrder: requote! ERROR-138;138;REQUOTE;False;
MT/MQL4/Files/ERROR_SoSimple_517154336.csv;ERROR_SoSimple_517154336.csv;mt4_files;1577434979;MLP_OpenMarketOrder: requote! ERROR-138;138;REQUOTE;False;
MT/MQL4/Files/ERROR_SoSimple_517154336.csv;ERROR_SoSimple_517154336.csv;mt4_files;1577434979;MLP_OpenMarketOrder: requote! ERROR-138;138;REQUOTE;False;
MT/MQL4/Files/ERROR_SoSimple_517154336.csv;ERROR_SoSimple_517154336.csv;mt4_files;1577434979;MLP_OpenMarketOrder: requote! ERROR-138;138;REQUOTE;False;
MT/MQL4/Files/ERROR_SoSimple_517154336.csv;ERROR_SoSimple_517154336.csv;mt4_files;1577441951;MLP_OpenMarketOrder: requote! ERROR-138;138;REQUOTE;False;
MT/MQL4/Files/ERROR_SoSimple_517154336.csv;ERROR_SoSimple_517154336.csv;mt4_files;1577441951;MLP_OpenMarketOrder: requote! ERROR-138;138;REQUOTE;False;
MT/MQL4/Files/ERROR_SoSimple_517154336.csv;ERROR_SoSimple_517154336.csv;mt4_files;1577441951;MLP_OpenMarketOrder: requote! ERROR-138;138;REQUOTE;False;
MT/MQL4/Files/ERROR_SoSimple_517154336.csv;ERROR_SoSimple_517154336.csv;mt4_files;1577418864;MAIL_SEND-647: requested history data is in update state! ERROR-4066;4066;OTHER;False;
MT/MQL4/Files/ERROR_SoSimple_517154336.csv;ERROR_SoSimple_517154336.csv;mt4_files;1577441951;MAIL_SEND-702: function is not confirmed! ERROR-4060;4060;OTHER;False;
MT/MQL4/Files/ERROR_SoSimple_517154336.csv;ERROR_SoSimple_517154336.csv;mt4_files;1577441951;MLP_OpenMarketOrder: requote! ERROR-138;138;REQUOTE;False;
MT/MQL4/Files/ERROR_SoSimple_517154336.csv;ERROR_SoSimple_517154336.csv;mt4_files;1577425713;MAIL_SEND-647: requested history data is in update state! ERROR-4066;4066;OTHER;False;
MT/MQL4/Files/ERROR_SoSimple_517154336.csv;ERROR_SoSimple_517154336.csv;mt4_files;1577458429;MAIL_SEND-702: function is not confirmed! ERROR-4060;4060;OTHER;False;
MT/MQL4/Files/ERROR_SoSimple_517154336.csv;ERROR_SoSimple_517154336.csv;mt4_files;1577462096;MLP_OpenMarketOrder: requote! ERROR-138;138;REQUOTE;False;
MT/MQL4/Files/ERROR_SoSimple_517154336.csv;ERROR_SoSimple_517154336.csv;mt4_files;1577462096;MLP_OpenMarketOrder: requote! ERROR-138;138;REQUOTE;False;
MT/MQL4/Files/ERROR_SoSimple_517154336.csv;ERROR_SoSimple_517154336.csv;mt4_files;1577462096;MLP_OpenMarketOrder: requote! ERROR-138;138;REQUOTE;False;
MT/MQL4/Files/ERROR_SoSimple_517154336.csv;ERROR_SoSimple_517154336.csv;mt4_files;1577441951;MAIL_SEND-647: requested history data is in update state! ERROR-4066;4066;OTHER;False;
MT/MQL4/Files/ERROR_SoSimple_517154336.csv;ERROR_SoSimple_517154336.csv;mt4_files;1577471727;MAIL_SEND-702: function is not confirmed! ERROR-4060;4060;OTHER;False;
MT/MQL4/Files/ERROR_SoSimple_517154336.csv;ERROR_SoSimple_517154336.csv;mt4_files;1577476857;MLP_OpenMarketOrder: requote! ERROR-138;138;REQUOTE;False;
MT/MQL4/Files/ERROR_SoSimple_517154336.csv;ERROR_SoSimple_517154336.csv;mt4_files;1577458429;MAIL_SEND-647: requested history data is in update state! ERROR-4066;4066;OTHER;False;
MT/MQL4/Files/ERROR_SoSimple_517154336.csv;ERROR_SoSimple_517154336.csv;mt4_files;1577490288;MAIL_SEND-702: function is not confirmed! ERROR-4060;4060;OTHER;False;
MT/MQL4/Files/ERROR_SoSimple_517154336.csv;ERROR_SoSimple_517154336.csv;mt4_files;1577493713;MLP_OpenMarketOrder: requote! ERROR-138;138;REQUOTE;False;
MT/MQL4/Files/ERROR_SoSimple_517154336.csv;ERROR_SoSimple_517154336.csv;mt4_files;1577493713;MLP_OpenMarketOrder: requote! ERROR-138;138;REQUOTE;False;
MT/MQL4/Files/ERROR_SoSimple_517154336.csv;ERROR_SoSimple_517154336.csv;mt4_files;1577493713;MLP_OpenMarketOrder: requote! ERROR-138;138;REQUOTE;False;
MT/MQL4/Files/ERROR_SoSimple_517154336.csv;ERROR_SoSimple_517154336.csv;mt4_files;1577505554;MLP_OpenMarketOrder: requote! ERROR-138;138;REQUOTE;False;
MT/MQL4/Files/ERROR_SoSimple_517154336.csv;ERROR_SoSimple_517154336.csv;mt4_files;1577505554;MLP_OpenMarketOrder: requote! ERROR-138;138;REQUOTE;False;
MT/MQL4/Files/ERROR_SoSimple_517154336.csv;ERROR_SoSimple_517154336.csv;mt4_files;1577505554;MLP_OpenMarketOrder: requote! ERROR-138;138;REQUOTE;False;
MT/MQL4/Files/ERROR_SoSimple_517154336.csv;ERROR_SoSimple_517154336.csv;mt4_files;1577471727;MAIL_SEND-647: requested history data is in update state! ERROR-4066;4066;OTHER;False;
MT/MQL4/Files/ERROR_SoSimple_517154336.csv;ERROR_SoSimple_517154336.csv;mt4_files;1577505554;MAIL_SEND-702: function is not confirmed! ERROR-4060;4060;OTHER;False;
MT/MQL4/Files/ERROR_SoSimple_517154336.csv;ERROR_SoSimple_517154336.csv;mt4_files;1577527359;MAIL_SEND-647: requested history data is in update state! ERROR-4066;4066;OTHER;False;
MT/MQL4/Files/ERROR_SoSimple_517154336.csv;ERROR_SoSimple_517154336.csv;mt4_files;1577529820;MAIL_SEND-702: function is not confirmed! ERROR-4060;4060;OTHER;False;
MT/MQL4/Files/ERROR_SoSimple_517154336.csv;ERROR_SoSimple_517154336.csv;mt4_files;1577547259;MLP_OpenMarketOrder: requote! ERROR-138;138;REQUOTE;False;
MT/MQL4/Files/ERROR_SoSimple_517154336.csv;ERROR_SoSimple_517154336.csv;mt4_files;1577547259;MLP_OpenMarketOrder: requote! ERROR-138;138;REQUOTE;False;
MT/MQL4/Files/ERROR_SoSimple_517154336.csv;ERROR_SoSimple_517154336.csv;mt4_files;1577547259;MLP_OpenMarketOrder: requote! ERROR-138;138;REQUOTE;False;
MT/MQL4/Files/ERROR_SoSimple_517154336.csv;ERROR_SoSimple_517154336.csv;mt4_files;1577547259;MAIL_SEND-647: requested history data is in update state! ERROR-4066;4066;OTHER;False;
MT/MQL4/Files/ERROR_SoSimple_517154336.csv;ERROR_SoSimple_517154336.csv;mt4_files;1577559531;MAIL_SEND-702: function is not confirmed! ERROR-4060;4060;OTHER;False;
MT/MQL4/Files/ERROR_SoSimple_517154336.csv;ERROR_SoSimple_517154336.csv;mt4_files;1575743811;MLP_OpenMarketOrder: requote! ERROR-138;138;REQUOTE;False;
MT/MQL4/Files/ERROR_SoSimple_517154336.csv;ERROR_SoSimple_517154336.csv;mt4_files;1577587051;MLP_OpenMarketOrder: requote! ERROR-138;138;REQUOTE;False;
MT/MQL4/Files/ERROR_SoSimple_517154336.csv;ERROR_SoSimple_517154336.csv;mt4_files;1577587051;MLP_OpenMarketOrder: requote! ERROR-138;138;REQUOTE;False;
MT/MQL4/Files/ERROR_SoSimple_517154336.csv;ERROR_SoSimple_517154336.csv;mt4_files;1577587051;MLP_OpenMarketOrder: requote! ERROR-138;138;REQUOTE;False;
MT/MQL4/Files/ERROR_SoSimple_517154336.csv;ERROR_SoSimple_517154336.csv;mt4_files;1577604381;MLP_OpenMarketOrder: requote! ERROR-138;138;REQUOTE;False;
MT/MQL4/Files/ERROR_SoSimple_517154336.csv;ERROR_SoSimple_517154336.csv;mt4_files;1577604381;MLP_OpenMarketOrder: requote! ERROR-138;138;REQUOTE;False;
MT/MQL4/Files/ERROR_SoSimple_517154336.csv;ERROR_SoSimple_517154336.csv;mt4_files;1577571814;MAIL_SEND-647: requested history data is in update state! ERROR-4066;4066;OTHER;False;
MT/MQL4/Files/ERROR_SoSimple_517154336.csv;ERROR_SoSimple_517154336.csv;mt4_files;1577607073;MAIL_SEND-702: function is not confirmed! ERROR-4060;4060;OTHER;False;
MT/MQL4/Files/ERROR_SoSimple_517154336.csv;ERROR_SoSimple_517154336.csv;mt4_files;1577614834;MLP_OpenMarketOrder: requote! ERROR-138;138;REQUOTE;False;
MT/MQL4/Files/ERROR_SoSimple_517154336.csv;ERROR_SoSimple_517154336.csv;mt4_files;1577614834;MLP_OpenMarketOrder: requote! ERROR-138;138;REQUOTE;False;
MT/MQL4/Files/ERROR_SoSimple_517154336.csv;ERROR_SoSimple_517154336.csv;mt4_files;1577614834;MLP_OpenMarketOrder: requote! ERROR-138;138;REQUOTE;False;
MT/MQL4/Files/ERROR_SoSimple_517154336.csv;ERROR_SoSimple_517154336.csv;mt4_files;1577571814;MAIL_SEND-647: requested history data is in update state! ERROR-4066;4066;OTHER;False;
MT/MQL4/Files/ERROR_SoSimple_517154336.csv;ERROR_SoSimple_517154336.csv;mt4_files;1577637501;MAIL_SEND-702: function is not confirmed! ERROR-4060;4060;OTHER;False;
MT/MQL4/Files/ERROR_SoSimple_517154336.csv;ERROR_SoSimple_517154336.csv;mt4_files;1577587051;MLP_Close Ticket=1577587051: requote! ERROR-138;138;REQUOTE;False;
MT/MQL4/Files/ERROR_SoSimple_517154336.csv;ERROR_SoSimple_517154336.csv;mt4_files;1577587051;MLP_Close Ticket=1577587051: requote! ERROR-138;138;REQUOTE;False;
MT/MQL4/Files/ERROR_SoSimple_517154336.csv;ERROR_SoSimple_517154336.csv;mt4_files;1577637501;MAIL_SEND-647: requested history data is in update state! ERROR-4066;4066;OTHER;False;
MT/MQL4/Files/ERROR_SoSimple_517154336.csv;ERROR_SoSimple_517154336.csv;mt4_files;1577672947;MAIL_SEND-702: function is not confirmed! ERROR-4060;4060;OTHER;False;
MT/MQL4/Files/ERROR_SoSimple_517154336.csv;ERROR_SoSimple_517154336.csv;mt4_files;1577691397;MLP_OpenMarketOrder: requote! ERROR-138;138;REQUOTE;False;
MT/MQL4/Files/ERROR_SoSimple_517154336.csv;ERROR_SoSimple_517154336.csv;mt4_files;1577637501;MAIL_SEND-647: requested history data is in update state! ERROR-4066;4066;OTHER;False;
MT/MQL4/Files/ERROR_SoSimple_517154336.csv;ERROR_SoSimple_517154336.csv;mt4_files;1577711609;MAIL_SEND-702: function is not confirmed! ERROR-4060;4060;OTHER;False;
MT/MQL4/Files/ERROR_SoSimple_517154336.csv;ERROR_SoSimple_517154336.csv;mt4_files;1577711609;MLP_OpenMarketOrder: requote! ERROR-138;138;REQUOTE;False;
MT/MQL4/Files/ERROR_SoSimple_517154336.csv;ERROR_SoSimple_517154336.csv;mt4_files;1577711609;MLP_OpenMarketOrder: requote! ERROR-138;138;REQUOTE;False;
MT/MQL4/Files/ERROR_SoSimple_517154336.csv;ERROR_SoSimple_517154336.csv;mt4_files;1577711609;MLP_OpenMarketOrder: requote! ERROR-138;138;REQUOTE;False;
MT/MQL4/Files/ERROR_SoSimple_517154336.csv;ERROR_SoSimple_517154336.csv;mt4_files;1577718902;MLP_OpenMarketOrder: requote! ERROR-138;138;REQUOTE;False;
MT/MQL4/Files/ERROR_SoSimple_517154336.csv;ERROR_SoSimple_517154336.csv;mt4_files;1577718902;MLP_OpenMarketOrder: requote! ERROR-138;138;REQUOTE;False;
MT/MQL4/Files/ERROR_SoSimple_517154336.csv;ERROR_SoSimple_517154336.csv;mt4_files;1577718902;MLP_OpenMarketOrder: requote! ERROR-138;138;REQUOTE;False;
MT/MQL4/Files/ERROR_SoSimple_517154336.csv;ERROR_SoSimple_517154336.csv;mt4_files;1577672947;MLP_Close Ticket=1577672947: requote! ERROR-138;138;REQUOTE;False;
MT/MQL4/Files/ERROR_SoSimple_517154336.csv;ERROR_SoSimple_517154336.csv;mt4_files;1577672947;MLP_Close Ticket=1577672947: requote! ERROR-138;138;REQUOTE;False;
MT/MQL4/Files/ERROR_SoSimple_517154336.csv;ERROR_SoSimple_517154336.csv;mt4_files;1577672947;MAIL_SEND-647: requested history data is in update state! ERROR-4066;4066;OTHER;False;
MT/MQL4/Files/ERROR_SoSimple_517154336.csv;ERROR_SoSimple_517154336.csv;mt4_files;1577742876;MAIL_SEND-702: function is not confirmed! ERROR-4060;4060;OTHER;False;
MT/MQL4/Files/ERROR_SoSimple_517154336.csv;ERROR_SoSimple_517154336.csv;mt4_files;1577702125;MLP_Close Ticket=1577702125: requote! ERROR-138;138;REQUOTE;False;
MT/MQL4/Files/ERROR_SoSimple_517154336.csv;ERROR_SoSimple_517154336.csv;mt4_files;1577711609;MAIL_SEND-647: requested history data is in update state! ERROR-4066;4066;OTHER;False;
MT/MQL4/Files/ERROR_SoSimple_517154336.csv;ERROR_SoSimple_517154336.csv;mt4_files;1577765012;MAIL_SEND-702: function is not confirmed! ERROR-4060;4060;OTHER;False;
MT/MQL4/Files/ERROR_SoSimple_517154336.csv;ERROR_SoSimple_517154336.csv;mt4_files;1577793057;MLP_OpenMarketOrder: requote! ERROR-138;138;REQUOTE;False;
MT/MQL4/Files/ERROR_SoSimple_517154336.csv;ERROR_SoSimple_517154336.csv;mt4_files;1577793057;MLP_OpenMarketOrder: requote! ERROR-138;138;REQUOTE;False;
MT/MQL4/Files/ERROR_SoSimple_517154336.csv;ERROR_SoSimple_517154336.csv;mt4_files;1577793057;MLP_OpenMarketOrder: requote! ERROR-138;138;REQUOTE;False;
MT/MQL4/Files/ERROR_SoSimple_517154336.csv;ERROR_SoSimple_517154336.csv;mt4_files;1577742876;MAIL_SEND-647: requested history data is in update state! ERROR-4066;4066;OTHER;False;
MT/MQL4/Files/ERROR_SoSimple_517154336.csv;ERROR_SoSimple_517154336.csv;mt4_files;1577816415;MAIL_SEND-702: function is not confirmed! ERROR-4060;4060;OTHER;False;
MT/MQL4/Files/ERROR_SoSimple_517154336.csv;ERROR_SoSimple_517154336.csv;mt4_files;1577765012;MLP_Close Ticket=1577765012: requote! ERROR-138;138;REQUOTE;False;
MT/MQL4/Files/ERROR_SoSimple_517154336.csv;ERROR_SoSimple_517154336.csv;mt4_files;1577765012;MAIL_SEND-647: requested history data is in update state! ERROR-4066;4066;OTHER;False;
MT/MQL4/Files/ERROR_SoSimple_517154336.csv;ERROR_SoSimple_517154336.csv;mt4_files;1577841144;MAIL_SEND-702: function is not confirmed! ERROR-4060;4060;OTHER;False;
MT/MQL4/Files/ERROR_SoSimple_517154336.csv;ERROR_SoSimple_517154336.csv;mt4_files;1577793057;MLP_Close Ticket=1577793057: requote! ERROR-138;138;REQUOTE;False;
MT/MQL4/Files/ERROR_SoSimple_517154336.csv;ERROR_SoSimple_517154336.csv;mt4_files;1577793057;MLP_Close Ticket=1577793057: requote! ERROR-138;138;REQUOTE;False;
MT/MQL4/Files/ERROR_SoSimple_517154336.csv;ERROR_SoSimple_517154336.csv;mt4_files;1577793057;MLP_Close Ticket=1577793057: requote! ERROR-138;138;REQUOTE;False;
MT/MQL4/Files/ERROR_SoSimple_517154336.csv;ERROR_SoSimple_517154336.csv;mt4_files;1577857270;MLP_OpenMarketOrder: requote! ERROR-138;138;REQUOTE;False;
MT/MQL4/Files/ERROR_SoSimple_517154336.csv;ERROR_SoSimple_517154336.csv;mt4_files;1577857270;MLP_OpenMarketOrder: requote! ERROR-138;138;REQUOTE;False;
MT/MQL4/Files/ERROR_SoSimple_517154336.csv;ERROR_SoSimple_517154336.csv;mt4_files;1577857270;MLP_OpenMarketOrder: requote! ERROR-138;138;REQUOTE;False;
MT/MQL4/Files/ERROR_SoSimple_517154336.csv;ERROR_SoSimple_517154336.csv;mt4_files;1577816415;MLP_Close Ticket=1577816415: requote! ERROR-138;138;REQUOTE;False;
MT/MQL4/Files/ERROR_SoSimple_517154336.csv;ERROR_SoSimple_517154336.csv;mt4_files;1577865336;MLP_OpenMarketOrder: requote! ERROR-138;138;REQUOTE;False;
MT/MQL4/Files/ERROR_SoSimple_517154336.csv;ERROR_SoSimple_517154336.csv;mt4_files;1577816415;MAIL_SEND-647: requested history data is in update state! ERROR-4066;4066;OTHER;False;
MT/MQL4/Files/ERROR_SoSimple_517154336.csv;ERROR_SoSimple_517154336.csv;mt4_files;1577867569;MAIL_SEND-702: function is not confirmed! ERROR-4060;4060;OTHER;False;
MT/MQL4/Files/ERROR_SoSimple_517154336.csv;ERROR_SoSimple_517154336.csv;mt4_files;1577828169;MLP_Close Ticket=1577828169: requote! ERROR-138;138;REQUOTE;False;
MT/MQL4/Files/ERROR_SoSimple_517154336.csv;ERROR_SoSimple_517154336.csv;mt4_files;1577828169;MLP_Close Ticket=1577828169: requote! ERROR-138;138;REQUOTE;False;
MT/MQL4/Files/ERROR_SoSimple_517154336.csv;ERROR_SoSimple_517154336.csv;mt4_files;1577828169;MLP_Close Ticket=1577828169: requote! ERROR-138;138;REQUOTE;False;
MT/MQL4/Files/ERROR_SoSimple_517154336.csv;ERROR_SoSimple_517154336.csv;mt4_files;1577867569;MLP_OpenMarketOrder: requote! ERROR-138;138;REQUOTE;False;
MT/MQL4/Files/ERROR_SoSimple_517154336.csv;ERROR_SoSimple_517154336.csv;mt4_files;1577835303;MLP_Close Ticket=1577835303: requote! ERROR-138;138;REQUOTE;False;
MT/MQL4/Files/ERROR_SoSimple_517154336.csv;ERROR_SoSimple_517154336.csv;mt4_files;1577835303;MLP_Close Ticket=1577835303: requote! ERROR-138;138;REQUOTE;False;
MT/MQL4/Files/ERROR_SoSimple_517154336.csv;ERROR_SoSimple_517154336.csv;mt4_files;1577835303;MLP_Close Ticket=1577835303: requote! ERROR-138;138;REQUOTE;False;
MT/MQL4/Files/ERROR_SoSimple_517154336.csv;ERROR_SoSimple_517154336.csv;mt4_files;1577841144;MAIL_SEND-647: requested history data is in update state! ERROR-4066;4066;OTHER;False;
MT/MQL4/Files/ERROR_SoSimple_517154336.csv;ERROR_SoSimple_517154336.csv;mt4_files;1577883467;MAIL_SEND-702: function is not confirmed! ERROR-4060;4060;OTHER;False;
MT/MQL4/Files/ERROR_SoSimple_517154336.csv;ERROR_SoSimple_517154336.csv;mt4_files;1577865336;MAIL_SEND-647: requested history data is in update state! ERROR-4066;4066;OTHER;False;
MT/MQL4/Files/ERROR_SoSimple_517154336.csv;ERROR_SoSimple_517154336.csv;mt4_files;1577897258;MAIL_SEND-702: function is not confirmed! ERROR-4060;4060;OTHER;False;
MT/MQL4/Files/ERROR_SoSimple_517154336.csv;ERROR_SoSimple_517154336.csv;mt4_files;1577897258;MLP_OpenMarketOrder: requote! ERROR-138;138;REQUOTE;False;
MT/MQL4/Files/ERROR_SoSimple_517154336.csv;ERROR_SoSimple_517154336.csv;mt4_files;1577897258;MLP_OpenMarketOrder: requote! ERROR-138;138;REQUOTE;False;
MT/MQL4/Files/ERROR_SoSimple_517154336.csv;ERROR_SoSimple_517154336.csv;mt4_files;1577897258;MLP_OpenMarketOrder: requote! ERROR-138;138;REQUOTE;False;
MT/MQL4/Files/ERROR_SoSimple_517154336.csv;ERROR_SoSimple_517154336.csv;mt4_files;1577897258;MLP_OpenMarketOrder: requote! ERROR-138;138;REQUOTE;False;
MT/MQL4/Files/ERROR_SoSimple_517154336.csv;ERROR_SoSimple_517154336.csv;mt4_files;1577882636;MLP_Close Ticket=1577882636: requote! ERROR-138;138;REQUOTE;False;
MT/MQL4/Files/ERROR_SoSimple_517154336.csv;ERROR_SoSimple_517154336.csv;mt4_files;1577882636;MLP_Close Ticket=1577882636: requote! ERROR-138;138;REQUOTE;False;
MT/MQL4/Files/ERROR_SoSimple_517154336.csv;ERROR_SoSimple_517154336.csv;mt4_files;1577882636;MLP_Close Ticket=1577882636: requote! ERROR-138;138;REQUOTE;False;
MT/MQL4/Files/ERROR_SoSimple_517154336.csv;ERROR_SoSimple_517154336.csv;mt4_files;1577882636;MAIL_SEND-647: requested history data is in update state! ERROR-4066;4066;OTHER;False;
MT/MQL4/Files/ERROR_SoSimple_517154336.csv;ERROR_SoSimple_517154336.csv;mt4_files;1577913168;MAIL_SEND-702: function is not confirmed! ERROR-4060;4060;OTHER;False;
MT/MQL4/Files/ERROR_SoSimple_517154336.csv;ERROR_SoSimple_517154336.csv;mt4_files;1577920832;MAIL_SEND-647: requested history data is in update state! ERROR-4066;4066;OTHER;False;
MT/MQL4/Files/ERROR_SoSimple_517154336.csv;ERROR_SoSimple_517154336.csv;mt4_files;1577920832;MAIL_SEND-702: function is not confirmed! ERROR-4060;4060;OTHER;False;
MT/MQL4/Files/ERROR_SoSimple_517154336.csv;ERROR_SoSimple_517154336.csv;mt4_files;1577920832;MAIL_SEND-647: requested history data is in update state! ERROR-4066;4066;OTHER;False;
MT/MQL4/Files/ERROR_SoSimple_517154336.csv;ERROR_SoSimple_517154336.csv;mt4_files;1577934567;MAIL_SEND-702: function is not confirmed! ERROR-4060;4060;OTHER;False;
MT/MQL4/Files/ERROR_SoSimple_517154336.csv;ERROR_SoSimple_517154336.csv;mt4_files;1577920832;MAIL_SEND-647: requested history data is in update state! ERROR-4066;4066;OTHER;False;
MT/MQL4/Files/ERROR_SoSimple_517154336.csv;ERROR_SoSimple_517154336.csv;mt4_files;1577942371;MAIL_SEND-702: function is not confirmed! ERROR-4060;4060;OTHER;False;
MT/MQL4/Files/ERROR_SoSimple_517154336.csv;ERROR_SoSimple_517154336.csv;mt4_files;1577928355;MLP_Close Ticket=1577928355: requote! ERROR-138;138;REQUOTE;False;
MT/MQL4/Files/ERROR_SoSimple_517154336.csv;ERROR_SoSimple_517154336.csv;mt4_files;1577928355;MLP_Close Ticket=1577928355: requote! ERROR-138;138;REQUOTE;False;
MT/MQL4/Files/ERROR_SoSimple_517154336.csv;ERROR_SoSimple_517154336.csv;mt4_files;1577928355;MLP_Close Ticket=1577928355: requote! ERROR-138;138;REQUOTE;False;
MT/MQL4/Files/ERROR_SoSimple_517154336.csv;ERROR_SoSimple_517154336.csv;mt4_files;1577928355;MLP_Close Ticket=1577928355: requote! ERROR-138;138;REQUOTE;False;
MT/MQL4/Files/ERROR_SoSimple_517154336.csv;ERROR_SoSimple_517154336.csv;mt4_files;1577928355;MLP_Close Ticket=1577928355: requote! ERROR-138;138;REQUOTE;False;
MT/MQL4/Files/ERROR_SoSimple_517154336.csv;ERROR_SoSimple_517154336.csv;mt4_files;1577928355;MLP_Close Ticket=1577928355: requote! ERROR-138;138;REQUOTE;False;
MT/MQL4/Files/ERROR_SoSimple_517154336.csv;ERROR_SoSimple_517154336.csv;mt4_files;1577942371;MLP_OpenMarketOrder: requote! ERROR-138;138;REQUOTE;False;
MT/MQL4/Files/ERROR_SoSimple_517154336.csv;ERROR_SoSimple_517154336.csv;mt4_files;1577930390;MLP_Close Ticket=1577930390: requote! ERROR-138;138;REQUOTE;False;
MT/MQL4/Files/ERROR_SoSimple_517154336.csv;ERROR_SoSimple_517154336.csv;mt4_files;1577930390;MLP_Close Ticket=1577930390: requote! ERROR-138;138;REQUOTE;False;
MT/MQL4/Files/ERROR_SoSimple_517154336.csv;ERROR_SoSimple_517154336.csv;mt4_files;1577951034;MLP_OpenMarketOrder: requote! ERROR-138;138;REQUOTE;False;
MT/MQL4/Files/ERROR_SoSimple_517154336.csv;ERROR_SoSimple_517154336.csv;mt4_files;1577951034;MLP_OpenMarketOrder: requote! ERROR-138;138;REQUOTE;False;
MT/MQL4/Files/ERROR_SoSimple_517154336.csv;ERROR_SoSimple_517154336.csv;mt4_files;1577934567;MAIL_SEND-647: requested history data is in update state! ERROR-4066;4066;OTHER;False;
MT/MQL4/Files/ERROR_SoSimple_517154336.csv;ERROR_SoSimple_517154336.csv;mt4_files;1577953994;MAIL_SEND-702: function is not confirmed! ERROR-4060;4060;OTHER;False;
MT/MQL4/Files/ERROR_SoSimple_517154336.csv;ERROR_SoSimple_517154336.csv;mt4_files;1577936694;MAIL_SEND-647: requested history data is in update state! ERROR-4066;4066;OTHER;False;
MT/MQL4/Files/ERROR_SoSimple_517154336.csv;ERROR_SoSimple_517154336.csv;mt4_files;1577965703;MAIL_SEND-702: function is not confirmed! ERROR-4060;4060;OTHER;False;
MT/MQL4/Files/ERROR_SoSimple_517154336.csv;ERROR_SoSimple_517154336.csv;mt4_files;1577951034;MAIL_SEND-647: requested history data is in update state! ERROR-4066;4066;OTHER;False;
MT/MQL4/Files/ERROR_SoSimple_517154336.csv;ERROR_SoSimple_517154336.csv;mt4_files;1577976029;MAIL_SEND-702: function is not confirmed! ERROR-4060;4060;OTHER;False;
MT/MQL4/Files/ERROR_SoSimple_517154336.csv;ERROR_SoSimple_517154336.csv;mt4_files;1577983774;MAIL_SEND-647: requested history data is in update state! ERROR-4066;4066;OTHER;False;
MT/MQL4/Files/ERROR_SoSimple_517154336.csv;ERROR_SoSimple_517154336.csv;mt4_files;1577994918;MAIL_SEND-702: function is not confirmed! ERROR-4060;4060;OTHER;False;
MT/MQL4/Files/ERROR_SoSimple_517154336.csv;ERROR_SoSimple_517154336.csv;mt4_files;1577997716;MLP_OpenMarketOrder: requote! ERROR-138;138;REQUOTE;False;
MT/MQL4/Files/ERROR_SoSimple_517154336.csv;ERROR_SoSimple_517154336.csv;mt4_files;1577991280;MAIL_SEND-647: requested history data is in update state! ERROR-4066;4066;OTHER;False;
MT/MQL4/Files/ERROR_SoSimple_517154336.csv;ERROR_SoSimple_517154336.csv;mt4_files;1578003979;MAIL_SEND-702: function is not confirmed! ERROR-4060;4060;OTHER;False;
MT/MQL4/Files/ERROR_SoSimple_517154336.csv;ERROR_SoSimple_517154336.csv;mt4_files;1577998720;MAIL_SEND-647: requested history data is in update state! ERROR-4066;4066;OTHER;False;
MT/MQL4/Files/ERROR_SoSimple_517154336.csv;ERROR_SoSimple_517154336.csv;mt4_files;1578018602;MAIL_SEND-702: function is not confirmed! ERROR-4060;4060;OTHER;False;
MT/MQL4/Files/ERROR_SoSimple_517154336.csv;ERROR_SoSimple_517154336.csv;mt4_files;1578024771;MLP_OpenMarketOrder: requote! ERROR-138;138;REQUOTE;False;
MT/MQL4/Files/ERROR_SoSimple_517154336.csv;ERROR_SoSimple_517154336.csv;mt4_files;1578024771;MLP_OpenMarketOrder: requote! ERROR-138;138;REQUOTE;False;
MT/MQL4/Files/ERROR_SoSimple_517154336.csv;ERROR_SoSimple_517154336.csv;mt4_files;1578024771;MLP_OpenMarketOrder: requote! ERROR-138;138;REQUOTE;False;
MT/MQL4/Files/ERROR_SoSimple_517154336.csv;ERROR_SoSimple_517154336.csv;mt4_files;1578041340;MLP_OpenMarketOrder: requote! ERROR-138;138;REQUOTE;False;
MT/MQL4/Files/ERROR_SoSimple_517154336.csv;ERROR_SoSimple_517154336.csv;mt4_files;1578041340;MLP_OpenMarketOrder: requote! ERROR-138;138;REQUOTE;False;
MT/MQL4/Files/ERROR_SoSimple_517154336.csv;ERROR_SoSimple_517154336.csv;mt4_files;1578041340;MLP_OpenMarketOrder: requote! ERROR-138;138;REQUOTE;False;
MT/MQL4/Files/ERROR_SoSimple_517154336.csv;ERROR_SoSimple_517154336.csv;mt4_files;1578009643;MAIL_SEND-647: requested history data is in update state! ERROR-4066;4066;OTHER;False;
MT/MQL4/Files/ERROR_SoSimple_517154336.csv;ERROR_SoSimple_517154336.csv;mt4_files;1578045471;MAIL_SEND-702: function is not confirmed! ERROR-4060;4060;OTHER;False;
MT/MQL4/Files/ERROR_SoSimple_517154336.csv;ERROR_SoSimple_517154336.csv;mt4_files;1578024771;MAIL_SEND-647: requested history data is in update state! ERROR-4066;4066;OTHER;False;
MT/MQL4/Files/ERROR_SoSimple_517154336.csv;ERROR_SoSimple_517154336.csv;mt4_files;1578062237;MAIL_SEND-702: function is not confirmed! ERROR-4060;4060;OTHER;False;
MT/MQL4/Files/ERROR_SoSimple_517154336.csv;ERROR_SoSimple_517154336.csv;mt4_files;1578087152;MLP_OpenMarketOrder: requote! ERROR-138;138;REQUOTE;False;
MT/MQL4/Files/ERROR_SoSimple_517154336.csv;ERROR_SoSimple_517154336.csv;mt4_files;1578087152;MLP_OpenMarketOrder: requote! ERROR-138;138;REQUOTE;False;
MT/MQL4/Files/ERROR_SoSimple_517154336.csv;ERROR_SoSimple_517154336.csv;mt4_files;1578087152;MLP_OpenMarketOrder: requote! ERROR-138;138;REQUOTE;False;
MT/MQL4/Files/ERROR_SoSimple_517154336.csv;ERROR_SoSimple_517154336.csv;mt4_files;1578092466;MLP_OpenMarketOrder: requote! ERROR-138;138;REQUOTE;False;
MT/MQL4/Files/ERROR_SoSimple_517154336.csv;ERROR_SoSimple_517154336.csv;mt4_files;1578092466;MLP_OpenMarketOrder: requote! ERROR-138;138;REQUOTE;False;
MT/MQL4/Files/ERROR_SoSimple_517154336.csv;ERROR_SoSimple_517154336.csv;mt4_files;1578092466;MLP_OpenMarketOrder: requote! ERROR-138;138;REQUOTE;False;
MT/MQL4/Files/ERROR_SoSimple_517154336.csv;ERROR_SoSimple_517154336.csv;mt4_files;1578057965;MAIL_SEND-647: requested history data is in update state! ERROR-4066;4066;OTHER;False;
MT/MQL4/Files/ERROR_SoSimple_517154336.csv;ERROR_SoSimple_517154336.csv;mt4_files;1578092466;MAIL_SEND-702: function is not confirmed! ERROR-4060;4060;OTHER;False;
MT/MQL4/Files/ERROR_SoSimple_517154336.csv;ERROR_SoSimple_517154336.csv;mt4_files;1578062237;MAIL_SEND-647: requested history data is in update state! ERROR-4066;4066;OTHER;False;
MT/MQL4/Files/ERROR_SoSimple_517154336.csv;ERROR_SoSimple_517154336.csv;mt4_files;1578108083;MAIL_SEND-702: function is not confirmed! ERROR-4060;4060;OTHER;False;
MT/MQL4/Files/ERROR_SoSimple_517154336.csv;ERROR_SoSimple_517154336.csv;mt4_files;1578092466;MAIL_SEND-647: requested history data is in update state! ERROR-4066;4066;OTHER;False;
MT/MQL4/Files/ERROR_SoSimple_517154336.csv;ERROR_SoSimple_517154336.csv;mt4_files;1578131010;MAIL_SEND-702: function is not confirmed! ERROR-4060;4060;OTHER;False;
MT/MQL4/Files/ERROR_SoSimple_517154336.csv;ERROR_SoSimple_517154336.csv;mt4_files;1578135692;MLP_OpenMarketOrder: requote! ERROR-138;138;REQUOTE;False;
MT/MQL4/Files/ERROR_SoSimple_517154336.csv;ERROR_SoSimple_517154336.csv;mt4_files;1578100460;MLP_Close Ticket=1578100460: requote! ERROR-138;138;REQUOTE;False;
MT/MQL4/Files/ERROR_SoSimple_517154336.csv;ERROR_SoSimple_517154336.csv;mt4_files;1578118988;MAIL_SEND-647: requested history data is in update state! ERROR-4066;4066;OTHER;False;
MT/MQL4/Files/ERROR_SoSimple_517154336.csv;ERROR_SoSimple_517154336.csv;mt4_files;1578155367;MAIL_SEND-702: function is not confirmed! ERROR-4060;4060;OTHER;False;
MT/MQL4/Files/ERROR_SoSimple_517154336.csv;ERROR_SoSimple_517154336.csv;mt4_files;1575743811;MLP_OpenMarketOrder: requote! ERROR-138;138;REQUOTE;False;
MT/MQL4/Files/ERROR_SoSimple_517154336.csv;ERROR_SoSimple_517154336.csv;mt4_files;1575743811;MLP_OpenMarketOrder: requote! ERROR-138;138;REQUOTE;False;
MT/MQL4/Files/ERROR_SoSimple_517154336.csv;ERROR_SoSimple_517154336.csv;mt4_files;1575743811;MLP_OpenMarketOrder: requote! ERROR-138;138;REQUOTE;False;
MT/MQL4/Files/ERROR_SoSimple_517154336.csv;ERROR_SoSimple_517154336.csv;mt4_files;1578164526;MAIL_SEND-647: requested history data is in update state! ERROR-4066;4066;OTHER;False;
MT/MQL4/Files/ERROR_SoSimple_517154336.csv;ERROR_SoSimple_517154336.csv;mt4_files;1578181886;MAIL_SEND-702: function is not confirmed! ERROR-4060;4060;OTHER;False;
MT/MQL4/Files/ERROR_SoSimple_517154336.csv;ERROR_SoSimple_517154336.csv;mt4_files;1578195425;MLP_OpenMarketOrder: requote! ERROR-138;138;REQUOTE;False;
MT/MQL4/Files/ERROR_SoSimple_517154336.csv;ERROR_SoSimple_517154336.csv;mt4_files;1578195425;MLP_OpenMarketOrder: requote! ERROR-138;138;REQUOTE;False;
MT/MQL4/Files/ERROR_SoSimple_517154336.csv;ERROR_SoSimple_517154336.csv;mt4_files;1578205723;MAIL_SEND-647: requested history data is in update state! ERROR-4066;4066;OTHER;False;
MT/MQL4/Files/ERROR_SoSimple_517154336.csv;ERROR_SoSimple_517154336.csv;mt4_files;1578214519;MAIL_SEND-702: function is not confirmed! ERROR-4060;4060;OTHER;False;
MT/MQL4/Files/ERROR_SoSimple_517154336.csv;ERROR_SoSimple_517154336.csv;mt4_files;1578245984;MLP_OpenMarketOrder: requote! ERROR-138;138;REQUOTE;False;
MT/MQL4/Files/ERROR_SoSimple_517154336.csv;ERROR_SoSimple_517154336.csv;mt4_files;1578245984;MLP_OpenMarketOrder: requote! ERROR-138;138;REQUOTE;False;
MT/MQL4/Files/ERROR_SoSimple_517154336.csv;ERROR_SoSimple_517154336.csv;mt4_files;1578245984;MLP_OpenMarketOrder: requote! ERROR-138;138;REQUOTE;False;
MT/MQL4/Files/ERROR_SoSimple_517154336.csv;ERROR_SoSimple_517154336.csv;mt4_files;1578214519;MAIL_SEND-647: requested history data is in update state! ERROR-4066;4066;OTHER;False;
MT/MQL4/Files/ERROR_SoSimple_517154336.csv;ERROR_SoSimple_517154336.csv;mt4_files;1578245984;MAIL_SEND-702: function is not confirmed! ERROR-4060;4060;OTHER;False;
MT/MQL4/Files/ERROR_SoSimple_517154336.csv;ERROR_SoSimple_517154336.csv;mt4_files;1578269769;MLP_OpenMarketOrder: requote! ERROR-138;138;REQUOTE;False;
MT/MQL4/Files/ERROR_SoSimple_517154336.csv;ERROR_SoSimple_517154336.csv;mt4_files;1578269769;MLP_OpenMarketOrder: requote! ERROR-138;138;REQUOTE;False;
MT/MQL4/Files/ERROR_SoSimple_517154336.csv;ERROR_SoSimple_517154336.csv;mt4_files;1578269769;MLP_OpenMarketOrder: requote! ERROR-138;138;REQUOTE;False;
MT/MQL4/Files/ERROR_SoSimple_517154336.csv;ERROR_SoSimple_517154336.csv;mt4_files;1578290658;MLP_OpenMarketOrder: requote! ERROR-138;138;REQUOTE;False;
MT/MQL4/Files/ERROR_SoSimple_517154336.csv;ERROR_SoSimple_517154336.csv;mt4_files;1578290658;MLP_OpenMarketOrder: requote! ERROR-138;138;REQUOTE;False;
MT/MQL4/Files/ERROR_SoSimple_517154336.csv;ERROR_SoSimple_517154336.csv;mt4_files;1578214519;MAIL_SEND-647: requested history data is in update state! ERROR-4066;4066;OTHER;False;
MT/MQL4/Files/ERROR_SoSimple_517154336.csv;ERROR_SoSimple_517154336.csv;mt4_files;1578292940;MAIL_SEND-702: function is not confirmed! ERROR-4060;4060;OTHER;False;
MT/MQL4/Files/ERROR_SoSimple_517154336.csv;ERROR_SoSimple_517154336.csv;mt4_files;1578230681;MLP_Close Ticket=1578230681: requote! ERROR-138;138;REQUOTE;False;
MT/MQL4/Files/ERROR_SoSimple_517154336.csv;ERROR_SoSimple_517154336.csv;mt4_files;1578230681;MLP_Close Ticket=1578230681: requote! ERROR-138;138;REQUOTE;False;
MT/MQL4/Files/ERROR_SoSimple_517154336.csv;ERROR_SoSimple_517154336.csv;mt4_files;1578300522;MLP_OpenMarketOrder: requote! ERROR-138;138;REQUOTE;False;
MT/MQL4/Files/ERROR_SoSimple_517154336.csv;ERROR_SoSimple_517154336.csv;mt4_files;1578245984;MLP_Close Ticket=1578245984: requote! ERROR-138;138;REQUOTE;False;
MT/MQL4/Files/ERROR_SoSimple_517154336.csv;ERROR_SoSimple_517154336.csv;mt4_files;1578245984;MLP_Close Ticket=1578245984: requote! ERROR-138;138;REQUOTE;False;
MT/MQL4/Files/ERROR_SoSimple_517154336.csv;ERROR_SoSimple_517154336.csv;mt4_files;1578302694;MLP_OpenMarketOrder: requote! ERROR-138;138;REQUOTE;False;
MT/MQL4/Files/ERROR_SoSimple_517154336.csv;ERROR_SoSimple_517154336.csv;mt4_files;1578311082;MLP_OpenMarketOrder: requote! ERROR-138;138;REQUOTE;False;
MT/MQL4/Files/ERROR_SoSimple_517154336.csv;ERROR_SoSimple_517154336.csv;mt4_files;1578311082;MLP_OpenMarketOrder: requote! ERROR-138;138;REQUOTE;False;
MT/MQL4/Files/ERROR_SoSimple_517154336.csv;ERROR_SoSimple_517154336.csv;mt4_files;1578311082;MLP_OpenMarketOrder: requote! ERROR-138;138;REQUOTE;False;
MT/MQL4/Files/ERROR_SoSimple_517154336.csv;ERROR_SoSimple_517154336.csv;mt4_files;1578245984;MAIL_SEND-647: requested history data is in update state! ERROR-4066;4066;OTHER;False;
MT/MQL4/Files/ERROR_SoSimple_517154336.csv;ERROR_SoSimple_517154336.csv;mt4_files;1578316442;MAIL_SEND-702: function is not confirmed! ERROR-4060;4060;OTHER;False;
MT/MQL4/Files/ERROR_SoSimple_517154336.csv;ERROR_SoSimple_517154336.csv;mt4_files;1578267207;MLP_Close Ticket=1578267207: requote! ERROR-138;138;REQUOTE;False;
MT/MQL4/Files/ERROR_SoSimple_517154336.csv;ERROR_SoSimple_517154336.csv;mt4_files;1578267207;MLP_Close Ticket=1578267207: requote! ERROR-138;138;REQUOTE;False;
MT/MQL4/Files/ERROR_SoSimple_517154336.csv;ERROR_SoSimple_517154336.csv;mt4_files;1578267207;MLP_Close Ticket=1578267207: requote! ERROR-138;138;REQUOTE;False;
MT/MQL4/Files/ERROR_SoSimple_517154336.csv;ERROR_SoSimple_517154336.csv;mt4_files;1578292940;MLP_Close Ticket=1578292940: requote! ERROR-138;138;REQUOTE;False;
MT/MQL4/Files/ERROR_SoSimple_517154336.csv;ERROR_SoSimple_517154336.csv;mt4_files;1578292940;MLP_Close Ticket=1578292940: requote! ERROR-138;138;REQUOTE;False;
MT/MQL4/Files/ERROR_SoSimple_517154336.csv;ERROR_SoSimple_517154336.csv;mt4_files;1578292940;MLP_Close Ticket=1578292940: requote! ERROR-138;138;REQUOTE;False;
MT/MQL4/Files/ERROR_SoSimple_517154336.csv;ERROR_SoSimple_517154336.csv;mt4_files;1578290658;MAIL_SEND-647: requested history data is in update state! ERROR-4066;4066;OTHER;False;
MT/MQL4/Files/ERROR_SoSimple_517154336.csv;ERROR_SoSimple_517154336.csv;mt4_files;1578335539;MAIL_SEND-702: function is not confirmed! ERROR-4060;4060;OTHER;False;
MT/MQL4/Files/ERROR_SoSimple_517154336.csv;ERROR_SoSimple_517154336.csv;mt4_files;1578316442;MAIL_SEND-647: requested history data is in update state! ERROR-4066;4066;OTHER;False;
MT/MQL4/Files/ERROR_SoSimple_517154336.csv;ERROR_SoSimple_517154336.csv;mt4_files;1578356618;MAIL_SEND-702: function is not confirmed! ERROR-4060;4060;OTHER;False;
MT/MQL4/Files/ERROR_SoSimple_517154336.csv;ERROR_SoSimple_517154336.csv;mt4_files;1578365710;MLP_OpenMarketOrder: requote! ERROR-138;138;REQUOTE;False;
MT/MQL4/Files/ERROR_SoSimple_517154336.csv;ERROR_SoSimple_517154336.csv;mt4_files;1578365710;MLP_OpenMarketOrder: requote! ERROR-138;138;REQUOTE;False;
MT/MQL4/Files/ERROR_SoSimple_517154336.csv;ERROR_SoSimple_517154336.csv;mt4_files;1578335539;MAIL_SEND-647: requested history data is in update state! ERROR-4066;4066;OTHER;False;
MT/MQL4/Files/ERROR_SoSimple_517154336.csv;ERROR_SoSimple_517154336.csv;mt4_files;1578373401;MAIL_SEND-702: function is not confirmed! ERROR-4060;4060;OTHER;False;
MT/MQL4/Files/ERROR_SoSimple_517154336.csv;ERROR_SoSimple_517154336.csv;mt4_files;1578375494;MLP_OpenMarketOrder: requote! ERROR-138;138;REQUOTE;False;
MT/MQL4/Files/ERROR_SoSimple_517154336.csv;ERROR_SoSimple_517154336.csv;mt4_files;1578356618;MLP_Close Ticket=1578356618: requote! ERROR-138;138;REQUOTE;False;
MT/MQL4/Files/ERROR_SoSimple_517154336.csv;ERROR_SoSimple_517154336.csv;mt4_files;1578356618;MLP_Close Ticket=1578356618: requote! ERROR-138;138;REQUOTE;False;
MT/MQL4/Files/ERROR_SoSimple_517154336.csv;ERROR_SoSimple_517154336.csv;mt4_files;1578356618;MLP_Close Ticket=1578356618: requote! ERROR-138;138;REQUOTE;False;
MT/MQL4/Files/ERROR_SoSimple_517154336.csv;ERROR_SoSimple_517154336.csv;mt4_files;1578352806;MAIL_SEND-647: requested history data is in update state! ERROR-4066;4066;OTHER;False;
MT/MQL4/Files/ERROR_SoSimple_517154336.csv;ERROR_SoSimple_517154336.csv;mt4_files;1578412604;MAIL_SEND-702: function is not confirmed! ERROR-4060;4060;OTHER;False;
MT/MQL4/Files/ERROR_SoSimple_517154336.csv;ERROR_SoSimple_517154336.csv;mt4_files;1578373401;MLP_Close Ticket=1578373401: requote! ERROR-138;138;REQUOTE;False;
MT/MQL4/Files/ERROR_SoSimple_517154336.csv;ERROR_SoSimple_517154336.csv;mt4_files;1578373401;MAIL_SEND-647: requested history data is in update state! ERROR-4066;4066;OTHER;False;
MT/MQL4/Files/ERROR_SoSimple_517154336.csv;ERROR_SoSimple_517154336.csv;mt4_files;1578425809;MAIL_SEND-702: function is not confirmed! ERROR-4060;4060;OTHER;False;
MT/MQL4/Files/ERROR_SoSimple_517154336.csv;ERROR_SoSimple_517154336.csv;mt4_files;1578425809;MLP_OpenMarketOrder: requote! ERROR-138;138;REQUOTE;False;
MT/MQL4/Files/ERROR_SoSimple_517154336.csv;ERROR_SoSimple_517154336.csv;mt4_files;1578425809;MLP_OpenMarketOrder: requote! ERROR-138;138;REQUOTE;False;
MT/MQL4/Files/ERROR_SoSimple_517154336.csv;ERROR_SoSimple_517154336.csv;mt4_files;1578381707;MLP_Close Ticket=1578381707: requote! ERROR-138;138;REQUOTE;False;
MT/MQL4/Files/ERROR_SoSimple_517154336.csv;ERROR_SoSimple_517154336.csv;mt4_files;1578381707;MLP_Close Ticket=1578381707: requote! ERROR-138;138;REQUOTE;False;
MT/MQL4/Files/ERROR_SoSimple_517154336.csv;ERROR_SoSimple_517154336.csv;mt4_files;1578381707;MLP_Close Ticket=1578381707: requote! ERROR-138;138;REQUOTE;False;
MT/MQL4/Files/ERROR_SoSimple_517154336.csv;ERROR_SoSimple_517154336.csv;mt4_files;1578434811;MLP_OpenMarketOrder: requote! ERROR-138;138;REQUOTE;False;
MT/MQL4/Files/ERROR_SoSimple_517154336.csv;ERROR_SoSimple_517154336.csv;mt4_files;1578434811;MLP_OpenMarketOrder: requote! ERROR-138;138;REQUOTE;False;
MT/MQL4/Files/ERROR_SoSimple_517154336.csv;ERROR_SoSimple_517154336.csv;mt4_files;1578434811;MLP_OpenMarketOrder: requote! ERROR-138;138;REQUOTE;False;
MT/MQL4/Files/ERROR_SoSimple_517154336.csv;ERROR_SoSimple_517154336.csv;mt4_files;1578416068;MAIL_SEND-647: requested history data is in update state! ERROR-4066;4066;OTHER;False;
MT/MQL4/Files/ERROR_SoSimple_517154336.csv;ERROR_SoSimple_517154336.csv;mt4_files;1578440161;MAIL_SEND-702: function is not confirmed! ERROR-4060;4060;OTHER;False;
MT/MQL4/Files/ERROR_SoSimple_517154336.csv;ERROR_SoSimple_517154336.csv;mt4_files;1578445794;MLP_OpenMarketOrder: requote! ERROR-138;138;REQUOTE;False;
MT/MQL4/Files/ERROR_SoSimple_517154336.csv;ERROR_SoSimple_517154336.csv;mt4_files;1578445794;MLP_OpenMarketOrder: requote! ERROR-138;138;REQUOTE;False;
MT/MQL4/Files/ERROR_SoSimple_517154336.csv;ERROR_SoSimple_517154336.csv;mt4_files;1578453405;MLP_OpenMarketOrder: requote! ERROR-138;138;REQUOTE;False;
MT/MQL4/Files/ERROR_SoSimple_517154336.csv;ERROR_SoSimple_517154336.csv;mt4_files;1578453405;MLP_OpenMarketOrder: requote! ERROR-138;138;REQUOTE;False;
MT/MQL4/Files/ERROR_SoSimple_517154336.csv;ERROR_SoSimple_517154336.csv;mt4_files;1578453405;MLP_OpenMarketOrder: requote! ERROR-138;138;REQUOTE;False;
MT/MQL4/Files/ERROR_SoSimple_517154336.csv;ERROR_SoSimple_517154336.csv;mt4_files;1578425809;MAIL_SEND-647: requested history data is in update state! ERROR-4066;4066;OTHER;False;
MT/MQL4/Files/ERROR_SoSimple_517154336.csv;ERROR_SoSimple_517154336.csv;mt4_files;1578453405;MAIL_SEND-702: function is not confirmed! ERROR-4060;4060;OTHER;False;
MT/MQL4/Files/ERROR_SoSimple_517154336.csv;ERROR_SoSimple_517154336.csv;mt4_files;1578460548;MLP_OpenMarketOrder: requote! ERROR-138;138;REQUOTE;False;
MT/MQL4/Files/ERROR_SoSimple_517154336.csv;ERROR_SoSimple_517154336.csv;mt4_files;1578460548;MLP_OpenMarketOrder: requote! ERROR-138;138;REQUOTE;False;
MT/MQL4/Files/ERROR_SoSimple_517154336.csv;ERROR_SoSimple_517154336.csv;mt4_files;1578460548;MLP_OpenMarketOrder: requote! ERROR-138;138;REQUOTE;False;
MT/MQL4/Files/ERROR_SoSimple_517154336.csv;ERROR_SoSimple_517154336.csv;mt4_files;1578469695;MAIL_SEND-647: requested history data is in update state! ERROR-4066;4066;OTHER;False;
MT/MQL4/Files/ERROR_SoSimple_517154336.csv;ERROR_SoSimple_517154336.csv;mt4_files;1578453405;MAIL_SEND-702: function is not confirmed! ERROR-4060;4060;OTHER;False;
MT/MQL4/Files/ERROR_SoSimple_517154336.csv;ERROR_SoSimple_517154336.csv;mt4_files;1578453405;MLP_OpenMarketOrder: requote! ERROR-138;138;REQUOTE;False;
MT/MQL4/Files/ERROR_SoSimple_517154336.csv;ERROR_SoSimple_517154336.csv;mt4_files;1578453405;MLP_OpenMarketOrder: requote! ERROR-138;138;REQUOTE;False;
MT/MQL4/Files/ERROR_SoSimple_517154336.csv;ERROR_SoSimple_517154336.csv;mt4_files;1578453405;MLP_OpenMarketOrder: requote! ERROR-138;138;REQUOTE;False;
MT/MQL4/Files/ERROR_SoSimple_517154336.csv;ERROR_SoSimple_517154336.csv;mt4_files;1578453405;MLP_OpenMarketOrder: requote! ERROR-138;138;REQUOTE;False;
MT/MQL4/Files/ERROR_SoSimple_517154336.csv;ERROR_SoSimple_517154336.csv;mt4_files;1578453405;MAIL_SEND-647: requested history data is in update state! ERROR-4066;4066;OTHER;False;
MT/MQL4/Files/ERROR_SoSimple_517154336.csv;ERROR_SoSimple_517154336.csv;mt4_files;1578488322;MAIL_SEND-702: function is not confirmed! ERROR-4060;4060;OTHER;False;
MT/MQL4/Files/ERROR_SoSimple_517154336.csv;ERROR_SoSimple_517154336.csv;mt4_files;1578496139;MLP_OpenMarketOrder: requote! ERROR-138;138;REQUOTE;False;
MT/MQL4/Files/ERROR_SoSimple_517154336.csv;ERROR_SoSimple_517154336.csv;mt4_files;1578502173;MAIL_SEND-647: requested history data is in update state! ERROR-4066;4066;OTHER;False;
MT/MQL4/Files/ERROR_SoSimple_517154336.csv;ERROR_SoSimple_517154336.csv;mt4_files;1578506691;MAIL_SEND-702: function is not confirmed! ERROR-4060;4060;OTHER;False;
MT/MQL4/Files/ERROR_SoSimple_517154336.csv;ERROR_SoSimple_517154336.csv;mt4_files;1578520287;MLP_OpenMarketOrder: requote! ERROR-138;138;REQUOTE;False;
MT/MQL4/Files/ERROR_SoSimple_517154336.csv;ERROR_SoSimple_517154336.csv;mt4_files;1578488322;MAIL_SEND-647: requested history data is in update state! ERROR-4066;4066;OTHER;False;
MT/MQL4/Files/ERROR_SoSimple_517154336.csv;ERROR_SoSimple_517154336.csv;mt4_files;1578523502;MAIL_SEND-702: function is not confirmed! ERROR-4060;4060;OTHER;False;
MT/MQL4/Files/ERROR_SoSimple_517154336.csv;ERROR_SoSimple_517154336.csv;mt4_files;1578506691;MAIL_SEND-647: requested history data is in update state! ERROR-4066;4066;OTHER;False;
MT/MQL4/Files/ERROR_SoSimple_517154336.csv;ERROR_SoSimple_517154336.csv;mt4_files;1578547239;MAIL_SEND-702: function is not confirmed! ERROR-4060;4060;OTHER;False;
MT/MQL4/Files/ERROR_SoSimple_517154336.csv;ERROR_SoSimple_517154336.csv;mt4_files;1578512456;MLP_Close Ticket=1578512456: requote! ERROR-138;138;REQUOTE;False;
MT/MQL4/Files/ERROR_SoSimple_517154336.csv;ERROR_SoSimple_517154336.csv;mt4_files;1578512456;MLP_Close Ticket=1578512456: requote! ERROR-138;138;REQUOTE;False;
MT/MQL4/Files/ERROR_SoSimple_517154336.csv;ERROR_SoSimple_517154336.csv;mt4_files;1578512456;MLP_Close Ticket=1578512456: requote! ERROR-138;138;REQUOTE;False;
MT/MQL4/Files/ERROR_SoSimple_517154336.csv;ERROR_SoSimple_517154336.csv;mt4_files;1578572631;MLP_OpenMarketOrder: requote! ERROR-138;138;REQUOTE;False;
MT/MQL4/Files/ERROR_SoSimple_517154336.csv;ERROR_SoSimple_517154336.csv;mt4_files;1578572631;MLP_OpenMarketOrder: requote! ERROR-138;138;REQUOTE;False;
MT/MQL4/Files/ERROR_SoSimple_517154336.csv;ERROR_SoSimple_517154336.csv;mt4_files;1578517562;MAIL_SEND-647: requested history data is in update state! ERROR-4066;4066;OTHER;False;
MT/MQL4/Files/ERROR_SoSimple_517154336.csv;ERROR_SoSimple_517154336.csv;mt4_files;1578574454;MAIL_SEND-702: function is not confirmed! ERROR-4060;4060;OTHER;False;
MT/MQL4/Files/ERROR_SoSimple_517154336.csv;ERROR_SoSimple_517154336.csv;mt4_files;1578578911;MLP_OpenMarketOrder: requote! ERROR-138;138;REQUOTE;False;
MT/MQL4/Files/ERROR_SoSimple_517154336.csv;ERROR_SoSimple_517154336.csv;mt4_files;1578578911;MLP_OpenMarketOrder: requote! ERROR-138;138;REQUOTE;False;
MT/MQL4/Files/ERROR_SoSimple_517154336.csv;ERROR_SoSimple_517154336.csv;mt4_files;1578547239;MAIL_SEND-647: requested history data is in update state! ERROR-4066;4066;OTHER;False;
MT/MQL4/Files/ERROR_SoSimple_517154336.csv;ERROR_SoSimple_517154336.csv;mt4_files;1578598580;MAIL_SEND-702: function is not confirmed! ERROR-4060;4060;OTHER;False;
MT/MQL4/Files/ERROR_SoSimple_517154336.csv;ERROR_SoSimple_517154336.csv;mt4_files;1578598580;MLP_OpenMarketOrder: requote! ERROR-138;138;REQUOTE;False;
MT/MQL4/Files/ERROR_SoSimple_517154336.csv;ERROR_SoSimple_517154336.csv;mt4_files;1578598580;MLP_OpenMarketOrder: requote! ERROR-138;138;REQUOTE;False;
MT/MQL4/Files/ERROR_SoSimple_517154336.csv;ERROR_SoSimple_517154336.csv;mt4_files;1578598580;MLP_OpenMarketOrder: requote! ERROR-138;138;REQUOTE;False;
MT/MQL4/Files/ERROR_SoSimple_517154336.csv;ERROR_SoSimple_517154336.csv;mt4_files;1578574454;MAIL_SEND-647: requested history data is in update state! ERROR-4066;4066;OTHER;False;
MT/MQL4/Files/ERROR_SoSimple_517154336.csv;ERROR_SoSimple_517154336.csv;mt4_files;1578619505;MAIL_SEND-702: function is not confirmed! ERROR-4060;4060;OTHER;False;
MT/MQL4/Files/ERROR_SoSimple_517154336.csv;ERROR_SoSimple_517154336.csv;mt4_files;1578628995;MLP_OpenMarketOrder: requote! ERROR-138;138;REQUOTE;False;
MT/MQL4/Files/ERROR_SoSimple_517154336.csv;ERROR_SoSimple_517154336.csv;mt4_files;1578628995;MLP_OpenMarketOrder: requote! ERROR-138;138;REQUOTE;False;
MT/MQL4/Files/ERROR_SoSimple_517154336.csv;ERROR_SoSimple_517154336.csv;mt4_files;1578628995;MLP_OpenMarketOrder: requote! ERROR-138;138;REQUOTE;False;
MT/MQL4/Files/ERROR_SoSimple_517154336.csv;ERROR_SoSimple_517154336.csv;mt4_files;1578598580;MLP_Close Ticket=1578598580: requote! ERROR-138;138;REQUOTE;False;
MT/MQL4/Files/ERROR_SoSimple_517154336.csv;ERROR_SoSimple_517154336.csv;mt4_files;1578598580;MLP_Close Ticket=1578598580: requote! ERROR-138;138;REQUOTE;False;
MT/MQL4/Files/ERROR_SoSimple_517154336.csv;ERROR_SoSimple_517154336.csv;mt4_files;1578641850;MAIL_SEND-647: requested history data is in update state! ERROR-4066;4066;OTHER;False;
MT/MQL4/Files/ERROR_SoSimple_517154336.csv;ERROR_SoSimple_517154336.csv;mt4_files;1578635874;MAIL_SEND-702: function is not confirmed! ERROR-4060;4060;OTHER;False;
MT/MQL4/Files/ERROR_SoSimple_517154336.csv;ERROR_SoSimple_517154336.csv;mt4_files;1578617660;MAIL_SEND-647: requested history data is in update state! ERROR-4066;4066;OTHER;False;
MT/MQL4/Files/ERROR_SoSimple_517154336.csv;ERROR_SoSimple_517154336.csv;mt4_files;1578681652;MAIL_SEND-702: function is not confirmed! ERROR-4060;4060;OTHER;False;
MT/MQL4/Files/ERROR_SoSimple_517154336.csv;ERROR_SoSimple_517154336.csv;mt4_files;1578677911;MAIL_SEND-647: requested history data is in update state! ERROR-4066;4066;OTHER;False;
MT/MQL4/Files/ERROR_SoSimple_517154336.csv;ERROR_SoSimple_517154336.csv;mt4_files;1578715772;MAIL_SEND-702: function is not confirmed! ERROR-4060;4060;OTHER;False;
MT/MQL4/Files/ERROR_SoSimple_517154336.csv;ERROR_SoSimple_517154336.csv;mt4_files;1578681652;MAIL_SEND-647: requested history data is in update state! ERROR-4066;4066;OTHER;False;
MT/MQL4/Files/ERROR_SoSimple_517154336.csv;ERROR_SoSimple_517154336.csv;mt4_files;1578754164;MAIL_SEND-702: function is not confirmed! ERROR-4060;4060;OTHER;False;
MT/MQL4/Files/ERROR_SoSimple_517154336.csv;ERROR_SoSimple_517154336.csv;mt4_files;1578706660;MLP_Close Ticket=1578706660: requote! ERROR-138;138;REQUOTE;False;
MT/MQL4/Files/ERROR_SoSimple_517154336.csv;ERROR_SoSimple_517154336.csv;mt4_files;1578766334;MLP_OpenMarketOrder: requote! ERROR-138;138;REQUOTE;False;
MT/MQL4/Files/ERROR_SoSimple_517154336.csv;ERROR_SoSimple_517154336.csv;mt4_files;1578766334;MLP_OpenMarketOrder: requote! ERROR-138;138;REQUOTE;False;
MT/MQL4/Files/ERROR_SoSimple_517154336.csv;ERROR_SoSimple_517154336.csv;mt4_files;1578766334;MLP_OpenMarketOrder: requote! ERROR-138;138;REQUOTE;False;
MT/MQL4/Files/ERROR_SoSimple_517154336.csv;ERROR_SoSimple_517154336.csv;mt4_files;1578778457;MLP_OpenMarketOrder: requote! ERROR-138;138;REQUOTE;False;
MT/MQL4/Files/ERROR_SoSimple_517154336.csv;ERROR_SoSimple_517154336.csv;mt4_files;1578778457;MLP_OpenMarketOrder: requote! ERROR-138;138;REQUOTE;False;
MT/MQL4/Files/ERROR_SoSimple_517154336.csv;ERROR_SoSimple_517154336.csv;mt4_files;1578778457;MLP_OpenMarketOrder: requote! ERROR-138;138;REQUOTE;False;
MT/MQL4/Files/ERROR_SoSimple_517154336.csv;ERROR_SoSimple_517154336.csv;mt4_files;1578778457;MLP_OpenMarketOrder: requote! ERROR-138;138;REQUOTE;False;
MT/MQL4/Files/ERROR_SoSimple_517154336.csv;ERROR_SoSimple_517154336.csv;mt4_files;1578706660;MAIL_SEND-647: requested history data is in update state! ERROR-4066;4066;OTHER;False;
MT/MQL4/Files/ERROR_SoSimple_517154336.csv;ERROR_SoSimple_517154336.csv;mt4_files;1578783374;MAIL_SEND-702: function is not confirmed! ERROR-4060;4060;OTHER;False;
MT/MQL4/Files/ERROR_SoSimple_517154336.csv;ERROR_SoSimple_517154336.csv;mt4_files;1578783374;MLP_OpenMarketOrder: requote! ERROR-138;138;REQUOTE;False;
MT/MQL4/Files/ERROR_SoSimple_517154336.csv;ERROR_SoSimple_517154336.csv;mt4_files;1578783374;MLP_OpenMarketOrder: requote! ERROR-138;138;REQUOTE;False;
MT/MQL4/Files/ERROR_SoSimple_517154336.csv;ERROR_SoSimple_517154336.csv;mt4_files;1578783374;MLP_OpenMarketOrder: requote! ERROR-138;138;REQUOTE;False;
MT/MQL4/Files/ERROR_SoSimple_517154336.csv;ERROR_SoSimple_517154336.csv;mt4_files;1578739449;MLP_Close Ticket=1578739449: requote! ERROR-138;138;REQUOTE;False;
MT/MQL4/Files/ERROR_SoSimple_517154336.csv;ERROR_SoSimple_517154336.csv;mt4_files;1578746635;MLP_Close Ticket=1578746635: requote! ERROR-138;138;REQUOTE;False;
MT/MQL4/Files/ERROR_SoSimple_517154336.csv;ERROR_SoSimple_517154336.csv;mt4_files;1578805928;MLP_OpenMarketOrder: requote! ERROR-138;138;REQUOTE;False;
MT/MQL4/Files/ERROR_SoSimple_517154336.csv;ERROR_SoSimple_517154336.csv;mt4_files;1578805928;MLP_OpenMarketOrder: requote! ERROR-138;138;REQUOTE;False;
MT/MQL4/Files/ERROR_SoSimple_517154336.csv;ERROR_SoSimple_517154336.csv;mt4_files;1578805928;MLP_OpenMarketOrder: requote! ERROR-138;138;REQUOTE;False;
MT/MQL4/Files/ERROR_SoSimple_517154336.csv;ERROR_SoSimple_517154336.csv;mt4_files;1578754164;MAIL_SEND-647: requested history data is in update state! ERROR-4066;4066;OTHER;False;
MT/MQL4/Files/ERROR_SoSimple_517154336.csv;ERROR_SoSimple_517154336.csv;mt4_files;1578816190;MAIL_SEND-702: function is not confirmed! ERROR-4060;4060;OTHER;False;
MT/MQL4/Files/ERROR_SoSimple_517154336.csv;ERROR_SoSimple_517154336.csv;mt4_files;1578816190;MLP_OpenMarketOrder: requote! ERROR-138;138;REQUOTE;False;
MT/MQL4/Files/ERROR_SoSimple_517154336.csv;ERROR_SoSimple_517154336.csv;mt4_files;1578816190;MLP_OpenMarketOrder: requote! ERROR-138;138;REQUOTE;False;
MT/MQL4/Files/ERROR_SoSimple_517154336.csv;ERROR_SoSimple_517154336.csv;mt4_files;1578816190;MLP_OpenMarketOrder: requote! ERROR-138;138;REQUOTE;False;
MT/MQL4/Files/ERROR_SoSimple_517154336.csv;ERROR_SoSimple_517154336.csv;mt4_files;1578849673;MLP_OpenMarketOrder: requote! ERROR-138;138;REQUOTE;False;
MT/MQL4/Files/ERROR_SoSimple_517154336.csv;ERROR_SoSimple_517154336.csv;mt4_files;1578849673;MLP_OpenMarketOrder: requote! ERROR-138;138;REQUOTE;False;
MT/MQL4/Files/ERROR_SoSimple_517154336.csv;ERROR_SoSimple_517154336.csv;mt4_files;1578849673;MLP_OpenMarketOrder: requote! ERROR-138;138;REQUOTE;False;
MT/MQL4/Files/ERROR_SoSimple_517154336.csv;ERROR_SoSimple_517154336.csv;mt4_files;1578816190;MAIL_SEND-647: requested history data is in update state! ERROR-4066;4066;OTHER;False;
MT/MQL4/Files/ERROR_SoSimple_517154336.csv;ERROR_SoSimple_517154336.csv;mt4_files;1578849673;MAIL_SEND-702: function is not confirmed! ERROR-4060;4060;OTHER;False;
MT/MQL4/Files/ERROR_SoSimple_517154336.csv;ERROR_SoSimple_517154336.csv;mt4_files;1578849673;MLP_OpenMarketOrder: requote! ERROR-138;138;REQUOTE;False;
MT/MQL4/Files/ERROR_SoSimple_517154336.csv;ERROR_SoSimple_517154336.csv;mt4_files;1578849673;MLP_OpenMarketOrder: requote! ERROR-138;138;REQUOTE;False;
MT/MQL4/Files/ERROR_SoSimple_517154336.csv;ERROR_SoSimple_517154336.csv;mt4_files;1578867230;MLP_OpenMarketOrder: requote! ERROR-138;138;REQUOTE;False;
MT/MQL4/Files/ERROR_SoSimple_517154336.csv;ERROR_SoSimple_517154336.csv;mt4_files;1578870538;MLP_OpenMarketOrder: requote! ERROR-138;138;REQUOTE;False;
MT/MQL4/Files/ERROR_SoSimple_517154336.csv;ERROR_SoSimple_517154336.csv;mt4_files;1578870538;MLP_OpenMarketOrder: requote! ERROR-138;138;REQUOTE;False;
MT/MQL4/Files/ERROR_SoSimple_517154336.csv;ERROR_SoSimple_517154336.csv;mt4_files;1578873659;MLP_OpenMarketOrder: requote! ERROR-138;138;REQUOTE;False;
MT/MQL4/Files/ERROR_SoSimple_517154336.csv;ERROR_SoSimple_517154336.csv;mt4_files;1578873659;MLP_OpenMarketOrder: requote! ERROR-138;138;REQUOTE;False;
MT/MQL4/Files/ERROR_SoSimple_517154336.csv;ERROR_SoSimple_517154336.csv;mt4_files;1578873659;MLP_OpenMarketOrder: requote! ERROR-138;138;REQUOTE;False;
MT/MQL4/Files/ERROR_SoSimple_517154336.csv;ERROR_SoSimple_517154336.csv;mt4_files;1578816190;MAIL_SEND-647: requested history data is in update state! ERROR-4066;4066;OTHER;False;
MT/MQL4/Files/ERROR_SoSimple_517154336.csv;ERROR_SoSimple_517154336.csv;mt4_files;1578888398;MAIL_SEND-702: function is not confirmed! ERROR-4060;4060;OTHER;False;
MT/MQL4/Files/ERROR_SoSimple_517154336.csv;ERROR_SoSimple_517154336.csv;mt4_files;1578849673;MAIL_SEND-647: requested history data is in update state! ERROR-4066;4066;OTHER;False;
MT/MQL4/Files/ERROR_SoSimple_517154336.csv;ERROR_SoSimple_517154336.csv;mt4_files;1578917313;MAIL_SEND-702: function is not confirmed! ERROR-4060;4060;OTHER;False;
MT/MQL4/Files/ERROR_SoSimple_517154336.csv;ERROR_SoSimple_517154336.csv;mt4_files;1578867230;MLP_Close Ticket=1578867230: requote! ERROR-138;138;REQUOTE;False;
MT/MQL4/Files/ERROR_SoSimple_517154336.csv;ERROR_SoSimple_517154336.csv;mt4_files;1578867230;MLP_Close Ticket=1578867230: requote! ERROR-138;138;REQUOTE;False;
MT/MQL4/Files/ERROR_SoSimple_517154336.csv;ERROR_SoSimple_517154336.csv;mt4_files;1578888398;MAIL_SEND-647: requested history data is in update state! ERROR-4066;4066;OTHER;False;
MT/MQL4/Files/ERROR_SoSimple_517154336.csv;ERROR_SoSimple_517154336.csv;mt4_files;1578933651;MAIL_SEND-702: function is not confirmed! ERROR-4060;4060;OTHER;False;
MT/MQL4/Files/ERROR_SoSimple_517154336.csv;ERROR_SoSimple_517154336.csv;mt4_files;1578906489;MLP_Close Ticket=1578906489: requote! ERROR-138;138;REQUOTE;False;
MT/MQL4/Files/ERROR_SoSimple_517154336.csv;ERROR_SoSimple_517154336.csv;mt4_files;1578906489;MLP_Close Ticket=1578906489: requote! ERROR-138;138;REQUOTE;False;
MT/MQL4/Files/ERROR_SoSimple_517154336.csv;ERROR_SoSimple_517154336.csv;mt4_files;1578906489;MLP_Close Ticket=1578906489: requote! ERROR-138;138;REQUOTE;False;
MT/MQL4/Files/ERROR_SoSimple_517154336.csv;ERROR_SoSimple_517154336.csv;mt4_files;1578914217;MLP_Close Ticket=1578914217: requote! ERROR-138;138;REQUOTE;False;
MT/MQL4/Files/ERROR_SoSimple_517154336.csv;ERROR_SoSimple_517154336.csv;mt4_files;1578914217;MLP_Close Ticket=1578914217: requote! ERROR-138;138;REQUOTE;False;
MT/MQL4/Files/ERROR_SoSimple_517154336.csv;ERROR_SoSimple_517154336.csv;mt4_files;1578917313;MLP_Close Ticket=1578917313: requote! ERROR-138;138;REQUOTE;False;
MT/MQL4/Files/ERROR_SoSimple_517154336.csv;ERROR_SoSimple_517154336.csv;mt4_files;1578917313;MLP_Close Ticket=1578917313: requote! ERROR-138;138;REQUOTE;False;
MT/MQL4/Files/ERROR_SoSimple_517154336.csv;ERROR_SoSimple_517154336.csv;mt4_files;1578917313;MLP_Close Ticket=1578917313: requote! ERROR-138;138;REQUOTE;False;
MT/MQL4/Files/ERROR_SoSimple_517154336.csv;ERROR_SoSimple_517154336.csv;mt4_files;1578917313;MAIL_SEND-647: requested history data is in update state! ERROR-4066;4066;OTHER;False;
MT/MQL4/Files/ERROR_SoSimple_517154336.csv;ERROR_SoSimple_517154336.csv;mt4_files;1578950767;MAIL_SEND-702: function is not confirmed! ERROR-4060;4060;OTHER;False;
MT/MQL4/Files/ERROR_SoSimple_517154336.csv;ERROR_SoSimple_517154336.csv;mt4_files;1578924328;MLP_Close Ticket=1578924328: requote! ERROR-138;138;REQUOTE;False;
MT/MQL4/Files/ERROR_SoSimple_517154336.csv;ERROR_SoSimple_517154336.csv;mt4_files;1578960621;MAIL_SEND-647: requested history data is in update state! ERROR-4066;4066;OTHER;False;
MT/MQL4/Files/ERROR_SoSimple_517154336.csv;ERROR_SoSimple_517154336.csv;mt4_files;1578964835;MAIL_SEND-702: function is not confirmed! ERROR-4060;4060;OTHER;False;
MT/MQL4/Files/ERROR_SoSimple_517154336.csv;ERROR_SoSimple_517154336.csv;mt4_files;1578950767;MLP_Close Ticket=1578950767: requote! ERROR-138;138;REQUOTE;False;
MT/MQL4/Files/ERROR_SoSimple_517154336.csv;ERROR_SoSimple_517154336.csv;mt4_files;1578950767;MLP_Close Ticket=1578950767: requote! ERROR-138;138;REQUOTE;False;
MT/MQL4/Files/ERROR_SoSimple_517154336.csv;ERROR_SoSimple_517154336.csv;mt4_files;1578950767;MAIL_SEND-647: requested history data is in update state! ERROR-4066;4066;OTHER;False;
MT/MQL4/Files/ERROR_SoSimple_517154336.csv;ERROR_SoSimple_517154336.csv;mt4_files;1578979113;MAIL_SEND-702: function is not confirmed! ERROR-4060;4060;OTHER;False;
MT/MQL4/Files/ERROR_SoSimple_517154336.csv;ERROR_SoSimple_517154336.csv;mt4_files;1578986076;MLP_OpenMarketOrder: requote! ERROR-138;138;REQUOTE;False;
MT/MQL4/Files/ERROR_SoSimple_517154336.csv;ERROR_SoSimple_517154336.csv;mt4_files;1578986076;MLP_OpenMarketOrder: requote! ERROR-138;138;REQUOTE;False;
MT/MQL4/Files/ERROR_SoSimple_517154336.csv;ERROR_SoSimple_517154336.csv;mt4_files;1578986076;MLP_OpenMarketOrder: requote! ERROR-138;138;REQUOTE;False;
MT/MQL4/Files/ERROR_SoSimple_517154336.csv;ERROR_SoSimple_517154336.csv;mt4_files;1578964835;MAIL_SEND-647: requested history data is in update state! ERROR-4066;4066;OTHER;False;
MT/MQL4/Files/ERROR_SoSimple_517154336.csv;ERROR_SoSimple_517154336.csv;mt4_files;1578986076;MAIL_SEND-702: function is not confirmed! ERROR-4060;4060;OTHER;False;
MT/MQL4/Files/ERROR_SoSimple_517154336.csv;ERROR_SoSimple_517154336.csv;mt4_files;1578973530;MLP_Close Ticket=1578973530: requote! ERROR-138;138;REQUOTE;False;
MT/MQL4/Files/ERROR_SoSimple_517154336.csv;ERROR_SoSimple_517154336.csv;mt4_files;1578998805;MAIL_SEND-647: requested history data is in update state! ERROR-4066;4066;OTHER;False;
MT/MQL4/Files/ERROR_SoSimple_517154336.csv;ERROR_SoSimple_517154336.csv;mt4_files;1578993898;MAIL_SEND-702: function is not confirmed! ERROR-4060;4060;OTHER;False;
MT/MQL4/Files/ERROR_SoSimple_517154336.csv;ERROR_SoSimple_517154336.csv;mt4_files;1578991177;MAIL_SEND-647: requested history data is in update state! ERROR-4066;4066;OTHER;False;
MT/MQL4/Files/ERROR_SoSimple_517154336.csv;ERROR_SoSimple_517154336.csv;mt4_files;1579020584;MAIL_SEND-702: function is not confirmed! ERROR-4060;4060;OTHER;False;
MT/MQL4/Files/ERROR_SoSimple_517154336.csv;ERROR_SoSimple_517154336.csv;mt4_files;1579020584;MLP_OpenMarketOrder: requote! ERROR-138;138;REQUOTE;False;
MT/MQL4/Files/ERROR_SoSimple_517154336.csv;ERROR_SoSimple_517154336.csv;mt4_files;1579026301;MLP_OpenMarketOrder: requote! ERROR-138;138;REQUOTE;False;
MT/MQL4/Files/ERROR_SoSimple_517154336.csv;ERROR_SoSimple_517154336.csv;mt4_files;1579026301;MLP_OpenMarketOrder: requote! ERROR-138;138;REQUOTE;False;
MT/MQL4/Files/ERROR_SoSimple_517154336.csv;ERROR_SoSimple_517154336.csv;mt4_files;1578991177;MAIL_SEND-647: requested history data is in update state! ERROR-4066;4066;OTHER;False;
MT/MQL4/Files/ERROR_SoSimple_517154336.csv;ERROR_SoSimple_517154336.csv;mt4_files;1579028431;MAIL_SEND-702: function is not confirmed! ERROR-4060;4060;OTHER;False;
MT/MQL4/Files/ERROR_SoSimple_517154336.csv;ERROR_SoSimple_517154336.csv;mt4_files;1579013000;MLP_Close Ticket=1579013000: requote! ERROR-138;138;REQUOTE;False;
MT/MQL4/Files/ERROR_SoSimple_517154336.csv;ERROR_SoSimple_517154336.csv;mt4_files;1579020584;MAIL_SEND-647: requested history data is in update state! ERROR-4066;4066;OTHER;False;
MT/MQL4/Files/ERROR_SoSimple_517154336.csv;ERROR_SoSimple_517154336.csv;mt4_files;1579043598;MAIL_SEND-702: function is not confirmed! ERROR-4060;4060;OTHER;False;
MT/MQL4/Files/ERROR_SoSimple_517154336.csv;ERROR_SoSimple_517154336.csv;mt4_files;1579028431;MAIL_SEND-647: requested history data is in update state! ERROR-4066;4066;OTHER;False;
MT/MQL4/Files/ERROR_SoSimple_517154336.csv;ERROR_SoSimple_517154336.csv;mt4_files;1579060460;MAIL_SEND-702: function is not confirmed! ERROR-4060;4060;OTHER;False;
MT/MQL4/Files/ERROR_SoSimple_517154336.csv;ERROR_SoSimple_517154336.csv;mt4_files;1579037207;MLP_Close Ticket=1579037207: requote! ERROR-138;138;REQUOTE;False;
MT/MQL4/Files/ERROR_SoSimple_517154336.csv;ERROR_SoSimple_517154336.csv;mt4_files;1579037207;MLP_Close Ticket=1579037207: requote! ERROR-138;138;REQUOTE;False;
MT/MQL4/Files/ERROR_SoSimple_517154336.csv;ERROR_SoSimple_517154336.csv;mt4_files;1579037207;MLP_Close Ticket=1579037207: requote! ERROR-138;138;REQUOTE;False;
MT/MQL4/Files/ERROR_SoSimple_517154336.csv;ERROR_SoSimple_517154336.csv;mt4_files;1579069264;MAIL_SEND-647: requested history data is in update state! ERROR-4066;4066;OTHER;False;
MT/MQL4/Files/ERROR_SoSimple_517154336.csv;ERROR_SoSimple_517154336.csv;mt4_files;1579082923;MAIL_SEND-702: function is not confirmed! ERROR-4060;4060;OTHER;False;
MT/MQL4/Files/ERROR_SoSimple_517154336.csv;ERROR_SoSimple_517154336.csv;mt4_files;1579086051;MLP_OpenMarketOrder: requote! ERROR-138;138;REQUOTE;False;
MT/MQL4/Files/ERROR_SoSimple_517154336.csv;ERROR_SoSimple_517154336.csv;mt4_files;1579086051;MLP_OpenMarketOrder: requote! ERROR-138;138;REQUOTE;False;
MT/MQL4/Files/ERROR_SoSimple_517154336.csv;ERROR_SoSimple_517154336.csv;mt4_files;1579086051;MLP_OpenMarketOrder: requote! ERROR-138;138;REQUOTE;False;
MT/MQL4/Files/ERROR_SoSimple_517154336.csv;ERROR_SoSimple_517154336.csv;mt4_files;1579092405;MLP_OpenMarketOrder: requote! ERROR-138;138;REQUOTE;False;
MT/MQL4/Files/ERROR_SoSimple_517154336.csv;ERROR_SoSimple_517154336.csv;mt4_files;1579092405;MLP_OpenMarketOrder: requote! ERROR-138;138;REQUOTE;False;
MT/MQL4/Files/ERROR_SoSimple_517154336.csv;ERROR_SoSimple_517154336.csv;mt4_files;1579092405;MLP_OpenMarketOrder: requote! ERROR-138;138;REQUOTE;False;
MT/MQL4/Files/ERROR_SoSimple_517154336.csv;ERROR_SoSimple_517154336.csv;mt4_files;1579092405;MAIL_SEND-647: requested history data is in update state! ERROR-4066;4066;OTHER;False;
MT/MQL4/Files/ERROR_SoSimple_517154336.csv;ERROR_SoSimple_517154336.csv;mt4_files;1579103959;MAIL_SEND-702: function is not confirmed! ERROR-4060;4060;OTHER;False;
MT/MQL4/Files/ERROR_SoSimple_517154336.csv;ERROR_SoSimple_517154336.csv;mt4_files;1579118414;MLP_OpenMarketOrder: requote! ERROR-138;138;REQUOTE;False;
MT/MQL4/Files/ERROR_SoSimple_517154336.csv;ERROR_SoSimple_517154336.csv;mt4_files;1579118414;MLP_OpenMarketOrder: requote! ERROR-138;138;REQUOTE;False;
MT/MQL4/Files/ERROR_SoSimple_517154336.csv;ERROR_SoSimple_517154336.csv;mt4_files;1579124055;MLP_OpenMarketOrder: requote! ERROR-138;138;REQUOTE;False;
MT/MQL4/Files/ERROR_SoSimple_517154336.csv;ERROR_SoSimple_517154336.csv;mt4_files;1579082923;MLP_Close Ticket=1579082923: requote! ERROR-138;138;REQUOTE;False;
MT/MQL4/Files/ERROR_SoSimple_517154336.csv;ERROR_SoSimple_517154336.csv;mt4_files;1579082923;MAIL_SEND-647: requested history data is in update state! ERROR-4066;4066;OTHER;False;
MT/MQL4/Files/ERROR_SoSimple_517154336.csv;ERROR_SoSimple_517154336.csv;mt4_files;1579129946;MAIL_SEND-702: function is not confirmed! ERROR-4060;4060;OTHER;False;
MT/MQL4/Files/ERROR_SoSimple_517154336.csv;ERROR_SoSimple_517154336.csv;mt4_files;1579129946;MLP_OpenMarketOrder: requote! ERROR-138;138;REQUOTE;False;
MT/MQL4/Files/ERROR_SoSimple_517154336.csv;ERROR_SoSimple_517154336.csv;mt4_files;1579143627;MLP_OpenMarketOrder: requote! ERROR-138;138;REQUOTE;False;
MT/MQL4/Files/ERROR_SoSimple_517154336.csv;ERROR_SoSimple_517154336.csv;mt4_files;1579103959;MAIL_SEND-647: requested history data is in update state! ERROR-4066;4066;OTHER;False;
MT/MQL4/Files/ERROR_SoSimple_517154336.csv;ERROR_SoSimple_517154336.csv;mt4_files;1579156374;MAIL_SEND-702: function is not confirmed! ERROR-4060;4060;OTHER;False;
MT/MQL4/Files/ERROR_SoSimple_517154336.csv;ERROR_SoSimple_517154336.csv;mt4_files;1579118414;MLP_Close Ticket=1579118414: requote! ERROR-138;138;REQUOTE;False;
MT/MQL4/Files/ERROR_SoSimple_517154336.csv;ERROR_SoSimple_517154336.csv;mt4_files;1579118414;MLP_Close Ticket=1579118414: requote! ERROR-138;138;REQUOTE;False;
MT/MQL4/Files/ERROR_SoSimple_517154336.csv;ERROR_SoSimple_517154336.csv;mt4_files;1579118414;MLP_Close Ticket=1579118414: requote! ERROR-138;138;REQUOTE;False;
MT/MQL4/Files/ERROR_SoSimple_517154336.csv;ERROR_SoSimple_517154336.csv;mt4_files;1579124055;MLP_Close Ticket=1579124055: requote! ERROR-138;138;REQUOTE;False;
MT/MQL4/Files/ERROR_SoSimple_517154336.csv;ERROR_SoSimple_517154336.csv;mt4_files;1579161152;MLP_OpenMarketOrder: requote! ERROR-138;138;REQUOTE;False;
MT/MQL4/Files/ERROR_SoSimple_517154336.csv;ERROR_SoSimple_517154336.csv;mt4_files;1579161152;MLP_OpenMarketOrder: requote! ERROR-138;138;REQUOTE;False;
MT/MQL4/Files/ERROR_SoSimple_517154336.csv;ERROR_SoSimple_517154336.csv;mt4_files;1579129946;MAIL_SEND-647: requested history data is in update state! ERROR-4066;4066;OTHER;False;
MT/MQL4/Files/ERROR_SoSimple_517154336.csv;ERROR_SoSimple_517154336.csv;mt4_files;1579181857;MAIL_SEND-702: function is not confirmed! ERROR-4060;4060;OTHER;False;
MT/MQL4/Files/ERROR_SoSimple_517154336.csv;ERROR_SoSimple_517154336.csv;mt4_files;1579188338;MLP_OpenMarketOrder: requote! ERROR-138;138;REQUOTE;False;
MT/MQL4/Files/ERROR_SoSimple_517154336.csv;ERROR_SoSimple_517154336.csv;mt4_files;1579188338;MLP_OpenMarketOrder: requote! ERROR-138;138;REQUOTE;False;
MT/MQL4/Files/ERROR_SoSimple_517154336.csv;ERROR_SoSimple_517154336.csv;mt4_files;1579188338;MLP_OpenMarketOrder: requote! ERROR-138;138;REQUOTE;False;
MT/MQL4/Files/ERROR_SoSimple_517154336.csv;ERROR_SoSimple_517154336.csv;mt4_files;1579156374;MAIL_SEND-647: requested history data is in update state! ERROR-4066;4066;OTHER;False;
MT/MQL4/Files/ERROR_SoSimple_517154336.csv;ERROR_SoSimple_517154336.csv;mt4_files;1579204958;MAIL_SEND-702: function is not confirmed! ERROR-4060;4060;OTHER;False;
MT/MQL4/Files/ERROR_SoSimple_517154336.csv;ERROR_SoSimple_517154336.csv;mt4_files;1579180441;MLP_Close Ticket=1579180441: requote! ERROR-138;138;REQUOTE;False;
MT/MQL4/Files/ERROR_SoSimple_517154336.csv;ERROR_SoSimple_517154336.csv;mt4_files;1579180441;MLP_Close Ticket=1579180441: requote! ERROR-138;138;REQUOTE;False;
MT/MQL4/Files/ERROR_SoSimple_517154336.csv;ERROR_SoSimple_517154336.csv;mt4_files;1579227550;MLP_OpenMarketOrder: requote! ERROR-138;138;REQUOTE;False;
MT/MQL4/Files/ERROR_SoSimple_517154336.csv;ERROR_SoSimple_517154336.csv;mt4_files;1579227550;MLP_OpenMarketOrder: requote! ERROR-138;138;REQUOTE;False;
MT/MQL4/Files/ERROR_SoSimple_517154336.csv;ERROR_SoSimple_517154336.csv;mt4_files;1579227550;MLP_OpenMarketOrder: requote! ERROR-138;138;REQUOTE;False;
MT/MQL4/Files/ERROR_SoSimple_517154336.csv;ERROR_SoSimple_517154336.csv;mt4_files;1579181857;MAIL_SEND-647: requested history data is in update state! ERROR-4066;4066;OTHER;False;
MT/MQL4/Files/ERROR_SoSimple_517154336.csv;ERROR_SoSimple_517154336.csv;mt4_files;1579227550;MAIL_SEND-702: function is not confirmed! ERROR-4060;4060;OTHER;False;
MT/MQL4/Files/ERROR_SoSimple_517154336.csv;ERROR_SoSimple_517154336.csv;mt4_files;1579237337;MAIL_SEND-647: requested history data is in update state! ERROR-4066;4066;OTHER;False;
MT/MQL4/Files/ERROR_SoSimple_517154336.csv;ERROR_SoSimple_517154336.csv;mt4_files;1579262864;MAIL_SEND-702: function is not confirmed! ERROR-4060;4060;OTHER;False;
MT/MQL4/Files/ERROR_SoSimple_517154336.csv;ERROR_SoSimple_517154336.csv;mt4_files;1579279210;MLP_OpenMarketOrder: requote! ERROR-138;138;REQUOTE;False;
MT/MQL4/Files/ERROR_SoSimple_517154336.csv;ERROR_SoSimple_517154336.csv;mt4_files;1579291926;MLP_OpenMarketOrder: requote! ERROR-138;138;REQUOTE;False;
MT/MQL4/Files/ERROR_SoSimple_517154336.csv;ERROR_SoSimple_517154336.csv;mt4_files;1579243059;MAIL_SEND-647: requested history data is in update state! ERROR-4066;4066;OTHER;False;
MT/MQL4/Files/ERROR_SoSimple_517154336.csv;ERROR_SoSimple_517154336.csv;mt4_files;1579296876;MAIL_SEND-702: function is not confirmed! ERROR-4060;4060;OTHER;False;
MT/MQL4/Files/ERROR_SoSimple_517154336.csv;ERROR_SoSimple_517154336.csv;mt4_files;1579296876;MLP_OpenMarketOrder: requote! ERROR-138;138;REQUOTE;False;
MT/MQL4/Files/ERROR_SoSimple_517154336.csv;ERROR_SoSimple_517154336.csv;mt4_files;1579306103;MLP_OpenMarketOrder: requote! ERROR-138;138;REQUOTE;False;
MT/MQL4/Files/ERROR_SoSimple_517154336.csv;ERROR_SoSimple_517154336.csv;mt4_files;1579317447;MLP_OpenMarketOrder: requote! ERROR-138;138;REQUOTE;False;
MT/MQL4/Files/ERROR_SoSimple_517154336.csv;ERROR_SoSimple_517154336.csv;mt4_files;1579317447;MLP_OpenMarketOrder: requote! ERROR-138;138;REQUOTE;False;
MT/MQL4/Files/ERROR_SoSimple_517154336.csv;ERROR_SoSimple_517154336.csv;mt4_files;1579317447;MLP_OpenMarketOrder: requote! ERROR-138;138;REQUOTE;False;
MT/MQL4/Files/ERROR_SoSimple_517154336.csv;ERROR_SoSimple_517154336.csv;mt4_files;1579317447;MLP_OpenMarketOrder: requote! ERROR-138;138;REQUOTE;False;
MT/MQL4/Files/ERROR_SoSimple_517154336.csv;ERROR_SoSimple_517154336.csv;mt4_files;1579317447;MLP_OpenMarketOrder: requote! ERROR-138;138;REQUOTE;False;
MT/MQL4/Files/ERROR_SoSimple_517154336.csv;ERROR_SoSimple_517154336.csv;mt4_files;1579325603;MLP_OpenMarketOrder: requote! ERROR-138;138;REQUOTE;False;
MT/MQL4/Files/ERROR_SoSimple_517154336.csv;ERROR_SoSimple_517154336.csv;mt4_files;1579325603;MLP_OpenMarketOrder: requote! ERROR-138;138;REQUOTE;False;
MT/MQL4/Files/ERROR_SoSimple_517154336.csv;ERROR_SoSimple_517154336.csv;mt4_files;1579325603;MLP_OpenMarketOrder: requote! ERROR-138;138;REQUOTE;False;
MT/MQL4/Files/ERROR_SoSimple_517154336.csv;ERROR_SoSimple_517154336.csv;mt4_files;1579325603;MLP_OpenMarketOrder: requote! ERROR-138;138;REQUOTE;False;
MT/MQL4/Files/ERROR_SoSimple_517154336.csv;ERROR_SoSimple_517154336.csv;mt4_files;1579256297;MAIL_SEND-647: requested history data is in update state! ERROR-4066;4066;OTHER;False;
MT/MQL4/Files/ERROR_SoSimple_517154336.csv;ERROR_SoSimple_517154336.csv;mt4_files;1579333078;MAIL_SEND-702: function is not confirmed! ERROR-4060;4060;OTHER;False;
MT/MQL4/Files/ERROR_SoSimple_517154336.csv;ERROR_SoSimple_517154336.csv;mt4_files;1579333078;MLP_OpenMarketOrder: requote! ERROR-138;138;REQUOTE;False;
MT/MQL4/Files/ERROR_SoSimple_517154336.csv;ERROR_SoSimple_517154336.csv;mt4_files;1579333078;MLP_OpenMarketOrder: requote! ERROR-138;138;REQUOTE;False;
MT/MQL4/Files/ERROR_SoSimple_517154336.csv;ERROR_SoSimple_517154336.csv;mt4_files;1579333078;MLP_OpenMarketOrder: requote! ERROR-138;138;REQUOTE;False;
MT/MQL4/Files/ERROR_SoSimple_517154336.csv;ERROR_SoSimple_517154336.csv;mt4_files;1579296876;MLP_Close Ticket=1579296876: requote! ERROR-138;138;REQUOTE;False;
MT/MQL4/Files/ERROR_SoSimple_517154336.csv;ERROR_SoSimple_517154336.csv;mt4_files;1579296876;MLP_Close Ticket=1579296876: requote! ERROR-138;138;REQUOTE;False;
MT/MQL4/Files/ERROR_SoSimple_517154336.csv;ERROR_SoSimple_517154336.csv;mt4_files;1579349907;MLP_OpenMarketOrder: requote! ERROR-138;138;REQUOTE;False;
MT/MQL4/Files/ERROR_SoSimple_517154336.csv;ERROR_SoSimple_517154336.csv;mt4_files;1579296876;MAIL_SEND-647: requested history data is in update state! ERROR-4066;4066;OTHER;False;
MT/MQL4/Files/ERROR_SoSimple_517154336.csv;ERROR_SoSimple_517154336.csv;mt4_files;1579358977;MAIL_SEND-702: function is not confirmed! ERROR-4060;4060;OTHER;False;
MT/MQL4/Files/ERROR_SoSimple_517154336.csv;ERROR_SoSimple_517154336.csv;mt4_files;1579317447;MLP_Close Ticket=1579317447: requote! ERROR-138;138;REQUOTE;False;
MT/MQL4/Files/ERROR_SoSimple_517154336.csv;ERROR_SoSimple_517154336.csv;mt4_files;1579333078;MAIL_SEND-647: requested history data is in update state! ERROR-4066;4066;OTHER;False;
MT/MQL4/Files/ERROR_SoSimple_517154336.csv;ERROR_SoSimple_517154336.csv;mt4_files;1579382663;MAIL_SEND-702: function is not confirmed! ERROR-4060;4060;OTHER;False;
MT/MQL4/Files/ERROR_SoSimple_517154336.csv;ERROR_SoSimple_517154336.csv;mt4_files;1579358977;MAIL_SEND-647: requested history data is in update state! ERROR-4066;4066;OTHER;False;
MT/MQL4/Files/ERROR_SoSimple_517154336.csv;ERROR_SoSimple_517154336.csv;mt4_files;1579404495;MAIL_SEND-702: function is not confirmed! ERROR-4060;4060;OTHER;False;
MT/MQL4/Files/ERROR_SoSimple_517154336.csv;ERROR_SoSimple_517154336.csv;mt4_files;1579404495;MLP_OpenMarketOrder: requote! ERROR-138;138;REQUOTE;False;
MT/MQL4/Files/ERROR_SoSimple_517154336.csv;ERROR_SoSimple_517154336.csv;mt4_files;1579404495;MLP_OpenMarketOrder: requote! ERROR-138;138;REQUOTE;False;
MT/MQL4/Files/ERROR_SoSimple_517154336.csv;ERROR_SoSimple_517154336.csv;mt4_files;1579411039;MLP_OpenMarketOrder: requote! ERROR-138;138;REQUOTE;False;
MT/MQL4/Files/ERROR_SoSimple_517154336.csv;ERROR_SoSimple_517154336.csv;mt4_files;1579382663;MAIL_SEND-647: requested history data is in update state! ERROR-4066;4066;OTHER;False;
MT/MQL4/Files/ERROR_SoSimple_517154336.csv;ERROR_SoSimple_517154336.csv;mt4_files;1579418820;MAIL_SEND-702: function is not confirmed! ERROR-4060;4060;OTHER;False;
MT/MQL4/Files/ERROR_SoSimple_517154336.csv;ERROR_SoSimple_517154336.csv;mt4_files;1579422187;MLP_OpenMarketOrder: requote! ERROR-138;138;REQUOTE;False;
MT/MQL4/Files/ERROR_SoSimple_517154336.csv;ERROR_SoSimple_517154336.csv;mt4_files;1579429142;MLP_OpenMarketOrder: requote! ERROR-138;138;REQUOTE;False;
MT/MQL4/Files/ERROR_SoSimple_517154336.csv;ERROR_SoSimple_517154336.csv;mt4_files;1579404495;MAIL_SEND-647: requested history data is in update state! ERROR-4066;4066;OTHER;False;
MT/MQL4/Files/ERROR_SoSimple_517154336.csv;ERROR_SoSimple_517154336.csv;mt4_files;1579431381;MAIL_SEND-702: function is not confirmed! ERROR-4060;4060;OTHER;False;
MT/MQL4/Files/ERROR_SoSimple_517154336.csv;ERROR_SoSimple_517154336.csv;mt4_files;1579441532;MLP_OpenMarketOrder: market is closed! ERROR-132;132;MARKET_CLOSED;False;
MT/MQL4/Files/ERROR_SoSimple_517154336.csv;ERROR_SoSimple_517154336.csv;mt4_files;1579418820;MAIL_SEND-647: requested history data is in update state! ERROR-4066;4066;OTHER;False;
MT/MQL4/Files/ERROR_SoSimple_517154336.csv;ERROR_SoSimple_517154336.csv;mt4_files;1579441532;MAIL_SEND-702: function is not confirmed! ERROR-4060;4060;OTHER;False;
MT/MQL4/Files/ERROR_SoSimple_517154336.csv;ERROR_SoSimple_517154336.csv;mt4_files;1579438557;MAIL_SEND-647: requested history data is in update state! ERROR-4066;4066;OTHER;False;
MT/MQL4/Files/ERROR_SoSimple_517154336.csv;ERROR_SoSimple_517154336.csv;mt4_files;1579438557;MAIL_SEND-702: function is not confirmed! ERROR-4060;4060;OTHER;False;
MT/MQL4/Files/ERROR_SoSimple_517154336.csv;ERROR_SoSimple_517154336.csv;mt4_files;1575743811;MLP_OpenMarketOrder: requote! ERROR-138;138;REQUOTE;False;
MT/MQL4/Files/ERROR_SoSimple_517154336.csv;ERROR_SoSimple_517154336.csv;mt4_files;1575743811;MLP_OpenMarketOrder: requote! ERROR-138;138;REQUOTE;False;
MT/MQL4/Files/ERROR_SoSimple_517154336.csv;ERROR_SoSimple_517154336.csv;mt4_files;1575743811;MLP_OpenMarketOrder: requote! ERROR-138;138;REQUOTE;False;
MT/MQL4/Files/ERROR_SoSimple_517154336.csv;ERROR_SoSimple_517154336.csv;mt4_files;1575743811;MLP_OpenMarketOrder: requote! ERROR-138;138;REQUOTE;False;
MT/MQL4/Files/ERROR_SoSimple_517154336.csv;ERROR_SoSimple_517154336.csv;mt4_files;1575743811;MLP_OpenMarketOrder: requote! ERROR-138;138;REQUOTE;False;
MT/MQL4/Files/ERROR_SoSimple_517154336.csv;ERROR_SoSimple_517154336.csv;mt4_files;1575743811;MLP_OpenMarketOrder: requote! ERROR-138;138;REQUOTE;False;
MT/MQL4/Files/ERROR_SoSimple_517154336.csv;ERROR_SoSimple_517154336.csv;mt4_files;1579438557;MAIL_SEND-647: requested history data is in update state! ERROR-4066;4066;OTHER;False;
MT/MQL4/Files/ERROR_SoSimple_517154336.csv;ERROR_SoSimple_517154336.csv;mt4_files;1579479301;MAIL_SEND-702: function is not confirmed! ERROR-4060;4060;OTHER;False;
MT/MQL4/Files/ERROR_SoSimple_517154336.csv;ERROR_SoSimple_517154336.csv;mt4_files;1579479301;MLP_OpenMarketOrder: requote! ERROR-138;138;REQUOTE;False;
MT/MQL4/Files/ERROR_SoSimple_517154336.csv;ERROR_SoSimple_517154336.csv;mt4_files;1579479301;MLP_OpenMarketOrder: requote! ERROR-138;138;REQUOTE;False;
MT/MQL4/Files/ERROR_SoSimple_517154336.csv;ERROR_SoSimple_517154336.csv;mt4_files;1579479301;MLP_OpenMarketOrder: requote! ERROR-138;138;REQUOTE;False;
MT/MQL4/Files/ERROR_SoSimple_517154336.csv;ERROR_SoSimple_517154336.csv;mt4_files;1579490401;MAIL_SEND-647: requested history data is in update state! ERROR-4066;4066;OTHER;False;
MT/MQL4/Files/ERROR_SoSimple_517154336.csv;ERROR_SoSimple_517154336.csv;mt4_files;1579499513;MAIL_SEND-702: function is not confirmed! ERROR-4060;4060;OTHER;False;
MT/MQL4/Files/ERROR_SoSimple_517154336.csv;ERROR_SoSimple_517154336.csv;mt4_files;1579499513;MLP_OpenMarketOrder: requote! ERROR-138;138;REQUOTE;False;
MT/MQL4/Files/ERROR_SoSimple_517154336.csv;ERROR_SoSimple_517154336.csv;mt4_files;1579499513;MLP_OpenMarketOrder: requote! ERROR-138;138;REQUOTE;False;
MT/MQL4/Files/ERROR_SoSimple_517154336.csv;ERROR_SoSimple_517154336.csv;mt4_files;1579499513;MLP_OpenMarketOrder: requote! ERROR-138;138;REQUOTE;False;
MT/MQL4/Files/ERROR_SoSimple_517154336.csv;ERROR_SoSimple_517154336.csv;mt4_files;1579513099;MLP_OpenMarketOrder: requote! ERROR-138;138;REQUOTE;False;
MT/MQL4/Files/ERROR_SoSimple_517154336.csv;ERROR_SoSimple_517154336.csv;mt4_files;1579521229;MLP_OpenMarketOrder: requote! ERROR-138;138;REQUOTE;False;
MT/MQL4/Files/ERROR_SoSimple_517154336.csv;ERROR_SoSimple_517154336.csv;mt4_files;1579521229;MLP_OpenMarketOrder: requote! ERROR-138;138;REQUOTE;False;
MT/MQL4/Files/ERROR_SoSimple_517154336.csv;ERROR_SoSimple_517154336.csv;mt4_files;1579521229;MLP_OpenMarketOrder: requote! ERROR-138;138;REQUOTE;False;
MT/MQL4/Files/ERROR_SoSimple_517154336.csv;ERROR_SoSimple_517154336.csv;mt4_files;1579499513;MAIL_SEND-647: requested history data is in update state! ERROR-4066;4066;OTHER;False;
MT/MQL4/Files/ERROR_SoSimple_517154336.csv;ERROR_SoSimple_517154336.csv;mt4_files;1579525927;MAIL_SEND-702: function is not confirmed! ERROR-4060;4060;OTHER;False;
MT/MQL4/Files/ERROR_SoSimple_517154336.csv;ERROR_SoSimple_517154336.csv;mt4_files;1579528872;MAIL_SEND-647: requested history data is in update state! ERROR-4066;4066;OTHER;False;
MT/MQL4/Files/ERROR_SoSimple_517154336.csv;ERROR_SoSimple_517154336.csv;mt4_files;1579543586;MAIL_SEND-702: function is not confirmed! ERROR-4060;4060;OTHER;False;
MT/MQL4/Files/ERROR_SoSimple_517154336.csv;ERROR_SoSimple_517154336.csv;mt4_files;1579555320;MLP_OpenMarketOrder: requote! ERROR-138;138;REQUOTE;False;
MT/MQL4/Files/ERROR_SoSimple_517154336.csv;ERROR_SoSimple_517154336.csv;mt4_files;1579555320;MLP_OpenMarketOrder: requote! ERROR-138;138;REQUOTE;False;
MT/MQL4/Files/ERROR_SoSimple_517154336.csv;ERROR_SoSimple_517154336.csv;mt4_files;1579536006;MAIL_SEND-647: requested history data is in update state! ERROR-4066;4066;OTHER;False;
MT/MQL4/Files/ERROR_SoSimple_517154336.csv;ERROR_SoSimple_517154336.csv;mt4_files;1579560740;MAIL_SEND-702: function is not confirmed! ERROR-4060;4060;OTHER;False;
MT/MQL4/Files/ERROR_SoSimple_517154336.csv;ERROR_SoSimple_517154336.csv;mt4_files;1579567945;MLP_OpenMarketOrder: requote! ERROR-138;138;REQUOTE;False;
MT/MQL4/Files/ERROR_SoSimple_517154336.csv;ERROR_SoSimple_517154336.csv;mt4_files;1579543586;MLP_Close Ticket=1579543586: requote! ERROR-138;138;REQUOTE;False;
MT/MQL4/Files/ERROR_SoSimple_517154336.csv;ERROR_SoSimple_517154336.csv;mt4_files;1579543586;MAIL_SEND-647: requested history data is in update state! ERROR-4066;4066;OTHER;False;
MT/MQL4/Files/ERROR_SoSimple_517154336.csv;ERROR_SoSimple_517154336.csv;mt4_files;1579579704;MAIL_SEND-702: function is not confirmed! ERROR-4060;4060;OTHER;False;
MT/MQL4/Files/ERROR_SoSimple_517154336.csv;ERROR_SoSimple_517154336.csv;mt4_files;1579594082;MLP_OpenMarketOrder: requote! ERROR-138;138;REQUOTE;False;
MT/MQL4/Files/ERROR_SoSimple_517154336.csv;ERROR_SoSimple_517154336.csv;mt4_files;1579594082;MLP_OpenMarketOrder: requote! ERROR-138;138;REQUOTE;False;
MT/MQL4/Files/ERROR_SoSimple_517154336.csv;ERROR_SoSimple_517154336.csv;mt4_files;1579567945;MAIL_SEND-647: requested history data is in update state! ERROR-4066;4066;OTHER;False;
MT/MQL4/Files/ERROR_SoSimple_517154336.csv;ERROR_SoSimple_517154336.csv;mt4_files;1579597018;MAIL_SEND-702: function is not confirmed! ERROR-4060;4060;OTHER;False;
MT/MQL4/Files/ERROR_SoSimple_517154336.csv;ERROR_SoSimple_517154336.csv;mt4_files;1579564144;MLP_Close Ticket=1579564144: requote! ERROR-138;138;REQUOTE;False;
MT/MQL4/Files/ERROR_SoSimple_517154336.csv;ERROR_SoSimple_517154336.csv;mt4_files;1579564144;MLP_Close Ticket=1579564144: requote! ERROR-138;138;REQUOTE;False;
MT/MQL4/Files/ERROR_SoSimple_517154336.csv;ERROR_SoSimple_517154336.csv;mt4_files;1579564144;MLP_Close Ticket=1579564144: requote! ERROR-138;138;REQUOTE;False;
MT/MQL4/Files/ERROR_SoSimple_517154336.csv;ERROR_SoSimple_517154336.csv;mt4_files;1579594082;MAIL_SEND-647: requested history data is in update state! ERROR-4066;4066;OTHER;False;
MT/MQL4/Files/ERROR_SoSimple_517154336.csv;ERROR_SoSimple_517154336.csv;mt4_files;1579597018;MAIL_SEND-702: function is not confirmed! ERROR-4060;4060;OTHER;False;
MT/MQL4/Files/ERROR_SoSimple_517154336.csv;ERROR_SoSimple_517154336.csv;mt4_files;1579597018;MAIL_SEND-647: requested history data is in update state! ERROR-4066;4066;OTHER;False;
MT/MQL4/Files/ERROR_SoSimple_517154336.csv;ERROR_SoSimple_517154336.csv;mt4_files;1579597018;MAIL_SEND-702: function is not confirmed! ERROR-4060;4060;OTHER;False;
MT/MQL4/Files/ERROR_SoSimple_517154336.csv;ERROR_SoSimple_517154336.csv;mt4_files;1579597018;MAIL_SEND-647: requested history data is in update state! ERROR-4066;4066;OTHER;False;
MT/MQL4/Files/ERROR_SoSimple_517154336.csv;ERROR_SoSimple_517154336.csv;mt4_files;1579597018;MAIL_SEND-702: function is not confirmed! ERROR-4060;4060;OTHER;False;
MT/MQL4/Files/ERROR_SoSimple_517154336.csv;ERROR_SoSimple_517154336.csv;mt4_files;1579597018;MAIL_SEND-647: requested history data is in update state! ERROR-4066;4066;OTHER;False;
MT/MQL4/Files/ERROR_SoSimple_517154336.csv;ERROR_SoSimple_517154336.csv;mt4_files;1579597018;MAIL_SEND-702: function is not confirmed! ERROR-4060;4060;OTHER;False;
MT/MQL4/Files/ERROR_SoSimple_517154336.csv;ERROR_SoSimple_517154336.csv;mt4_files;1579597018;MAIL_SEND-647: requested history data is in update state! ERROR-4066;4066;OTHER;False;
MT/MQL4/Files/ERROR_SoSimple_517154336.csv;ERROR_SoSimple_517154336.csv;mt4_files;1579597018;MAIL_SEND-702: function is not confirmed! ERROR-4060;4060;OTHER;False;
MT/MQL4/Files/ERROR_SoSimple_517154336.csv;ERROR_SoSimple_517154336.csv;mt4_files;1579597018;MAIL_SEND-647: requested history data is in update state! ERROR-4066;4066;OTHER;False;
MT/MQL4/Files/ERROR_SoSimple_517154336.csv;ERROR_SoSimple_517154336.csv;mt4_files;1579597018;MAIL_SEND-702: function is not confirmed! ERROR-4060;4060;OTHER;False;
MT/MQL4/Files/ERROR_SoSimple_517154336.csv;ERROR_SoSimple_517154336.csv;mt4_files;1579597018;MAIL_SEND-647: requested history data is in update state! ERROR-4066;4066;OTHER;False;
MT/MQL4/Files/ERROR_SoSimple_517154336.csv;ERROR_SoSimple_517154336.csv;mt4_files;1579597018;MAIL_SEND-702: function is not confirmed! ERROR-4060;4060;OTHER;False;
MT/MQL4/Files/ERROR_SoSimple_517154336.csv;ERROR_SoSimple_517154336.csv;mt4_files;1579597018;MAIL_SEND-647: requested history data is in update state! ERROR-4066;4066;OTHER;False;
MT/MQL4/Files/ERROR_SoSimple_517154336.csv;ERROR_SoSimple_517154336.csv;mt4_files;1579597018;MAIL_SEND-702: function is not confirmed! ERROR-4060;4060;OTHER;False;
MT/MQL4/Files/ERROR_SoSimple_517154336.csv;ERROR_SoSimple_517154336.csv;mt4_files;1579597018;MAIL_SEND-647: requested history data is in update state! ERROR-4066;4066;OTHER;False;
MT/MQL4/Files/ERROR_SoSimple_517154336.csv;ERROR_SoSimple_517154336.csv;mt4_files;1579597018;MAIL_SEND-702: function is not confirmed! ERROR-4060;4060;OTHER;False;
MT/MQL4/Files/ERROR_SoSimple_517154336.csv;ERROR_SoSimple_517154336.csv;mt4_files;1579597018;MAIL_SEND-647: requested history data is in update state! ERROR-4066;4066;OTHER;False;
MT/MQL4/Files/ERROR_SoSimple_517154336.csv;ERROR_SoSimple_517154336.csv;mt4_files;1579597018;MAIL_SEND-702: function is not confirmed! ERROR-4060;4060;OTHER;False;
MT/MQL4/Files/ERROR_SoSimple_517154336.csv;ERROR_SoSimple_517154336.csv;mt4_files;1579597018;MAIL_SEND-702: function is not confirmed! ERROR-4060;4060;OTHER;False;
MT/MQL4/Files/ERROR_SoSimple_517154336.csv;ERROR_SoSimple_517154336.csv;mt4_files;1579597018;MAIL_SEND-702: function is not confirmed! ERROR-4060;4060;OTHER;False;
MT/MQL4/Files/ERROR_SoSimple_517154336.csv;ERROR_SoSimple_517154336.csv;mt4_files;1579597018;MAIL_SEND-702: function is not confirmed! ERROR-4060;4060;OTHER;False;
MT/MQL4/Files/ERROR_SoSimple_517154336.csv;ERROR_SoSimple_517154336.csv;mt4_files;1579597018;MAIL_SEND-702: function is not confirmed! ERROR-4060;4060;OTHER;False;
MT/MQL4/Files/ERROR_SoSimple_517154336.csv;ERROR_SoSimple_517154336.csv;mt4_files;1579597018;MAIL_SEND-702: function is not confirmed! ERROR-4060;4060;OTHER;False;
MT/MQL4/Files/ERROR_SoSimple_517154336.csv;ERROR_SoSimple_517154336.csv;mt4_files;1579597018;MAIL_SEND-702: function is not confirmed! ERROR-4060;4060;OTHER;False;
MT/MQL4/Files/ERROR_SoSimple_517154336.csv;ERROR_SoSimple_517154336.csv;mt4_files;1579597018;MAIL_SEND-702: function is not confirmed! ERROR-4060;4060;OTHER;False;
MT/MQL4/Files/ERROR_SoSimple_517154336.csv;ERROR_SoSimple_517154336.csv;mt4_files;1579597018;MAIL_SEND-702: function is not confirmed! ERROR-4060;4060;OTHER;False;
MT/MQL4/Files/ERROR_SoSimple_517154336.csv;ERROR_SoSimple_517154336.csv;mt4_files;1579597018;MAIL_SEND-702: function is not confirmed! ERROR-4060;4060;OTHER;False;
MT/MQL4/Files/ERROR_SoSimple_517154336.csv;ERROR_SoSimple_517154336.csv;mt4_files;1579597018;MAIL_SEND-702: function is not confirmed! ERROR-4060;4060;OTHER;False;
MT/MQL4/Files/ERROR_SoSimple_517154336.csv;ERROR_SoSimple_517154336.csv;mt4_files;1579597018;MAIL_SEND-702: function is not confirmed! ERROR-4060;4060;OTHER;False;
MT/MQL4/Files/ERROR_SoSimple_517154336.csv;ERROR_SoSimple_517154336.csv;mt4_files;1579597018;MAIL_SEND-702: function is not confirmed! ERROR-4060;4060;OTHER;False;
MT/MQL4/Files/ERROR_SoSimple_517154336.csv;ERROR_SoSimple_517154336.csv;mt4_files;1579597018;MAIL_SEND-702: function is not confirmed! ERROR-4060;4060;OTHER;False;
MT/MQL4/Files/ERROR_SoSimple_517154336.csv;ERROR_SoSimple_517154336.csv;mt4_files;1579597018;MAIL_SEND-702: function is not confirmed! ERROR-4060;4060;OTHER;False;
MT/MQL4/Files/ERROR_SoSimple_517154336.csv;ERROR_SoSimple_517154336.csv;mt4_files;1579597018;MAIL_SEND-702: function is not confirmed! ERROR-4060;4060;OTHER;False;
MT/MQL4/Files/ERROR_SoSimple_517154336.csv;ERROR_SoSimple_517154336.csv;mt4_files;1579597018;MAIL_SEND-702: function is not confirmed! ERROR-4060;4060;OTHER;False;
MT/MQL4/Files/ERROR_SoSimple_517154336.csv;ERROR_SoSimple_517154336.csv;mt4_files;1579597018;MAIL_SEND-702: function is not confirmed! ERROR-4060;4060;OTHER;False;
MT/MQL4/Files/ERROR_SoSimple_517154336.csv;ERROR_SoSimple_517154336.csv;mt4_files;1579597018;MAIL_SEND-702: function is not confirmed! ERROR-4060;4060;OTHER;False;
MT/MQL4/Files/ERROR_SoSimple_517154336.csv;ERROR_SoSimple_517154336.csv;mt4_files;1579597018;MAIL_SEND-702: function is not confirmed! ERROR-4060;4060;OTHER;False;
MT/MQL4/Files/ERROR_SoSimple_517154336.csv;ERROR_SoSimple_517154336.csv;mt4_files;1579597018;MAIL_SEND-702: function is not confirmed! ERROR-4060;4060;OTHER;False;
MT/MQL4/Files/ERROR_SoSimple_517154336.csv;ERROR_SoSimple_517154336.csv;mt4_files;1579597018;MAIL_SEND-702: function is not confirmed! ERROR-4060;4060;OTHER;False;
MT/MQL4/Files/ERROR_SoSimple_517154336.csv;ERROR_SoSimple_517154336.csv;mt4_files;1579597018;MAIL_SEND-702: function is not confirmed! ERROR-4060;4060;OTHER;False;
MT/MQL4/Files/ERROR_SoSimple_517154336.csv;ERROR_SoSimple_517154336.csv;mt4_files;1579597018;MAIL_SEND-702: function is not confirmed! ERROR-4060;4060;OTHER;False;
MT/MQL4/Files/ERROR_SoSimple_517154336.csv;ERROR_SoSimple_517154336.csv;mt4_files;1579597018;MAIL_SEND-702: function is not confirmed! ERROR-4060;4060;OTHER;False;
MT/MQL4/Files/ERROR_SoSimple_517154336.csv;ERROR_SoSimple_517154336.csv;mt4_files;1579597018;MAIL_SEND-702: function is not confirmed! ERROR-4060;4060;OTHER;False;
MT/MQL4/Files/ERROR_SoSimple_517154336.csv;ERROR_SoSimple_517154336.csv;mt4_files;1579597018;MAIL_SEND-702: function is not confirmed! ERROR-4060;4060;OTHER;False;
MT/MQL4/Files/ERROR_SoSimple_517154336.csv;ERROR_SoSimple_517154336.csv;mt4_files;1579597018;MAIL_SEND-702: function is not confirmed! ERROR-4060;4060;OTHER;False;
MT/MQL4/Files/ERROR_SoSimple_517154336.csv;ERROR_SoSimple_517154336.csv;mt4_files;1579597018;MAIL_SEND-702: function is not confirmed! ERROR-4060;4060;OTHER;False;
MT/MQL4/Files/ERROR_SoSimple_517154336.csv;ERROR_SoSimple_517154336.csv;mt4_files;1579597018;MAIL_SEND-702: function is not confirmed! ERROR-4060;4060;OTHER;False;
MT/MQL4/Files/ERROR_SoSimple_517154336.csv;ERROR_SoSimple_517154336.csv;mt4_files;1579597018;MAIL_SEND-702: function is not confirmed! ERROR-4060;4060;OTHER;False;
MT/MQL4/Files/ERROR_SoSimple_517154336.csv;ERROR_SoSimple_517154336.csv;mt4_files;1579597018;MAIL_SEND-702: function is not confirmed! ERROR-4060;4060;OTHER;False;
MT/MQL4/Files/ERROR_SoSimple_517154336.csv;ERROR_SoSimple_517154336.csv;mt4_files;1579597018;MAIL_SEND-702: function is not confirmed! ERROR-4060;4060;OTHER;False;
MT/MQL4/Files/ERROR_SoSimple_517154336.csv;ERROR_SoSimple_517154336.csv;mt4_files;1579597018;MAIL_SEND-702: function is not confirmed! ERROR-4060;4060;OTHER;False;
MT/MQL4/Files/ERROR_SoSimple_517154336.csv;ERROR_SoSimple_517154336.csv;mt4_files;1579597018;MAIL_SEND-702: function is not confirmed! ERROR-4060;4060;OTHER;False;
MT/MQL4/Files/ERROR_SoSimple_517154336.csv;ERROR_SoSimple_517154336.csv;mt4_files;1579597018;MAIL_SEND-702: function is not confirmed! ERROR-4060;4060;OTHER;False;
MT/MQL4/Files/ERROR_SoSimple_517154336.csv;ERROR_SoSimple_517154336.csv;mt4_files;1579597018;MAIL_SEND-702: function is not confirmed! ERROR-4060;4060;OTHER;False;
MT/MQL4/Files/ERROR_SoSimple_517154336.csv;ERROR_SoSimple_517154336.csv;mt4_files;1579597018;MAIL_SEND-702: function is not confirmed! ERROR-4060;4060;OTHER;False;
MT/MQL4/Files/ERROR_SoSimple_517154336.csv;ERROR_SoSimple_517154336.csv;mt4_files;1579597018;MAIL_SEND-702: function is not confirmed! ERROR-4060;4060;OTHER;False;
MT/MQL4/Files/ERROR_SoSimple_517154336.csv;ERROR_SoSimple_517154336.csv;mt4_files;1579597018;MAIL_SEND-702: function is not confirmed! ERROR-4060;4060;OTHER;False;
MT/MQL4/Files/ERROR_SoSimple_517154336.csv;ERROR_SoSimple_517154336.csv;mt4_files;1579597018;MAIL_SEND-702: function is not confirmed! ERROR-4060;4060;OTHER;False;
MT/MQL4/Files/ERROR_SoSimple_517154336.csv;ERROR_SoSimple_517154336.csv;mt4_files;1579597018;MAIL_SEND-702: function is not confirmed! ERROR-4060;4060;OTHER;False;
MT/MQL4/Files/ERROR_SoSimple_517154336.csv;ERROR_SoSimple_517154336.csv;mt4_files;1579597018;MAIL_SEND-702: function is not confirmed! ERROR-4060;4060;OTHER;False;
MT/MQL4/Files/ERROR_SoSimple_517154336.csv;ERROR_SoSimple_517154336.csv;mt4_files;1579597018;MAIL_SEND-702: function is not confirmed! ERROR-4060;4060;OTHER;False;
MT/MQL4/Files/ERROR_SoSimple_517154336.csv;ERROR_SoSimple_517154336.csv;mt4_files;1579597018;MAIL_SEND-702: function is not confirmed! ERROR-4060;4060;OTHER;False;
MT/MQL4/Files/ERROR_SoSimple_517154336.csv;ERROR_SoSimple_517154336.csv;mt4_files;1579597018;MAIL_SEND-702: function is not confirmed! ERROR-4060;4060;OTHER;False;
MT/MQL4/Files/ERROR_SoSimple_517154336.csv;ERROR_SoSimple_517154336.csv;mt4_files;1579597018;MAIL_SEND-702: function is not confirmed! ERROR-4060;4060;OTHER;False;
MT/MQL4/Files/ERROR_SoSimple_517154336.csv;ERROR_SoSimple_517154336.csv;mt4_files;1579597018;MAIL_SEND-702: function is not confirmed! ERROR-4060;4060;OTHER;False;
MT/MQL4/Files/ERROR_SoSimple_517154336.csv;ERROR_SoSimple_517154336.csv;mt4_files;1579597018;MAIL_SEND-702: function is not confirmed! ERROR-4060;4060;OTHER;False;
MT/MQL4/Files/ERROR_SoSimple_517154336.csv;ERROR_SoSimple_517154336.csv;mt4_files;1579597018;MAIL_SEND-702: function is not confirmed! ERROR-4060;4060;OTHER;False;
MT/MQL4/Files/ERROR_SoSimple_517154336.csv;ERROR_SoSimple_517154336.csv;mt4_files;1579597018;MAIL_SEND-702: function is not confirmed! ERROR-4060;4060;OTHER;False;
MT/MQL4/Files/ERROR_SoSimple_517154336.csv;ERROR_SoSimple_517154336.csv;mt4_files;1579597018;MAIL_SEND-702: function is not confirmed! ERROR-4060;4060;OTHER;False;
MT/MQL4/Files/ERROR_SoSimple_517154336.csv;ERROR_SoSimple_517154336.csv;mt4_files;1579597018;MAIL_SEND-702: function is not confirmed! ERROR-4060;4060;OTHER;False;
MT/MQL4/Files/ERROR_SoSimple_517154336.csv;ERROR_SoSimple_517154336.csv;mt4_files;1579597018;MAIL_SEND-702: function is not confirmed! ERROR-4060;4060;OTHER;False;
MT/MQL4/Files/ERROR_SoSimple_517154336.csv;ERROR_SoSimple_517154336.csv;mt4_files;1579597018;MAIL_SEND-702: function is not confirmed! ERROR-4060;4060;OTHER;False;
MT/MQL4/Files/ERROR_SoSimple_517154336.csv;ERROR_SoSimple_517154336.csv;mt4_files;1579597018;MAIL_SEND-702: function is not confirmed! ERROR-4060;4060;OTHER;False;
MT/MQL4/Files/ERROR_SoSimple_517154336.csv;ERROR_SoSimple_517154336.csv;mt4_files;1579597018;MAIL_SEND-702: function is not confirmed! ERROR-4060;4060;OTHER;False;
MT/MQL4/Files/ERROR_SoSimple_517154336.csv;ERROR_SoSimple_517154336.csv;mt4_files;1579597018;MAIL_SEND-702: function is not confirmed! ERROR-4060;4060;OTHER;False;
MT/MQL4/Files/ERROR_SoSimple_517154336.csv;ERROR_SoSimple_517154336.csv;mt4_files;1579597018;MAIL_SEND-702: function is not confirmed! ERROR-4060;4060;OTHER;False;
MT/MQL4/Files/ERROR_SoSimple_517154336.csv;ERROR_SoSimple_517154336.csv;mt4_files;1579597018;MAIL_SEND-702: function is not confirmed! ERROR-4060;4060;OTHER;False;
MT/MQL4/Files/ERROR_SoSimple_517154336.csv;ERROR_SoSimple_517154336.csv;mt4_files;1579597018;MAIL_SEND-702: function is not confirmed! ERROR-4060;4060;OTHER;False;
MT/MQL4/Files/ERROR_SoSimple_517154336.csv;ERROR_SoSimple_517154336.csv;mt4_files;1579597018;MAIL_SEND-702: function is not confirmed! ERROR-4060;4060;OTHER;False;
MT/MQL4/Files/ERROR_SoSimple_517154336.csv;ERROR_SoSimple_517154336.csv;mt4_files;1579597018;MAIL_SEND-702: function is not confirmed! ERROR-4060;4060;OTHER;False;
MT/MQL4/Files/ERROR_SoSimple_517154336.csv;ERROR_SoSimple_517154336.csv;mt4_files;1579597018;MAIL_SEND-702: function is not confirmed! ERROR-4060;4060;OTHER;False;
MT/MQL4/Files/ERROR_SoSimple_517154336.csv;ERROR_SoSimple_517154336.csv;mt4_files;1579597018;MAIL_SEND-702: function is not confirmed! ERROR-4060;4060;OTHER;False;
MT/MQL4/Files/ERROR_SoSimple_517154336.csv;ERROR_SoSimple_517154336.csv;mt4_files;1579597018;MAIL_SEND-702: function is not confirmed! ERROR-4060;4060;OTHER;False;
MT/MQL4/Files/ERROR_SoSimple_517154336.csv;ERROR_SoSimple_517154336.csv;mt4_files;1579597018;MAIL_SEND-702: function is not confirmed! ERROR-4060;4060;OTHER;False;
MT/MQL4/Files/ERROR_SoSimple_517154336.csv;ERROR_SoSimple_517154336.csv;mt4_files;1579597018;MAIL_SEND-702: function is not confirmed! ERROR-4060;4060;OTHER;False;
MT/MQL4/Files/ERROR_SoSimple_517154336.csv;ERROR_SoSimple_517154336.csv;mt4_files;1579597018;MAIL_SEND-702: function is not confirmed! ERROR-4060;4060;OTHER;False;
MT/MQL4/Files/ERROR_SoSimple_517154336.csv;ERROR_SoSimple_517154336.csv;mt4_files;1579597018;MAIL_SEND-702: function is not confirmed! ERROR-4060;4060;OTHER;False;
MT/MQL4/Files/ERROR_SoSimple_517154336.csv;ERROR_SoSimple_517154336.csv;mt4_files;1581653716;MAIL_SEND-702: function is not confirmed! ERROR-4060;4060;OTHER;False;
MT/MQL4/Files/ERROR_SoSimple_517154336.csv;ERROR_SoSimple_517154336.csv;mt4_files;1581671528;MAIL_SEND-702: function is not confirmed! ERROR-4060;4060;OTHER;False;
MT/MQL4/Files/ERROR_SoSimple_517154336.csv;ERROR_SoSimple_517154336.csv;mt4_files;1581677504;MLP_OpenMarketOrder: requote! ERROR-138;138;REQUOTE;False;
MT/MQL4/Files/ERROR_SoSimple_517154336.csv;ERROR_SoSimple_517154336.csv;mt4_files;1581677504;MLP_OpenMarketOrder: requote! ERROR-138;138;REQUOTE;False;
MT/MQL4/Files/ERROR_SoSimple_517154336.csv;ERROR_SoSimple_517154336.csv;mt4_files;1581681412;MLP_OpenMarketOrder: requote! ERROR-138;138;REQUOTE;False;
MT/MQL4/Files/ERROR_SoSimple_517154336.csv;ERROR_SoSimple_517154336.csv;mt4_files;1581687486;MAIL_SEND-702: function is not confirmed! ERROR-4060;4060;OTHER;False;
MT/MQL4/Files/ERROR_SoSimple_662427296.csv;ERROR_SoSimple_662427296.csv;mt4_files;1581681412;Delete orphan order Ticket=1581681412: requote! ERROR-138;138;REQUOTE;False;
MT/MQL4/Files/ERROR_SoSimple_662427296.csv;ERROR_SoSimple_662427296.csv;mt4_files;1581709174;MAIL_SEND-706: function is not confirmed! ERROR-4060;4060;OTHER;False;
MT/MQL4/Files/ERROR_SoSimple_662427296.csv;ERROR_SoSimple_662427296.csv;mt4_files;1581716381;MAIL_SEND-706: function is not confirmed! ERROR-4060;4060;OTHER;False;
MT/MQL4/Files/ERROR_SoSimple_662427296.csv;ERROR_SoSimple_662427296.csv;mt4_files;1581726552;MAIL_SEND-706: function is not confirmed! ERROR-4060;4060;OTHER;False;
MT/MQL4/Files/ERROR_SoSimple_662427296.csv;ERROR_SoSimple_662427296.csv;mt4_files;1581734458;MLP_OpenMarketOrder: requote! ERROR-138;138;REQUOTE;False;
MT/MQL4/Files/ERROR_SoSimple_662427296.csv;ERROR_SoSimple_662427296.csv;mt4_files;1581734458;MLP_OpenMarketOrder: requote! ERROR-138;138;REQUOTE;False;
MT/MQL4/Files/ERROR_SoSimple_662427296.csv;ERROR_SoSimple_662427296.csv;mt4_files;1581734458;MLP_OpenMarketOrder: requote! ERROR-138;138;REQUOTE;False;
MT/MQL4/Files/ERROR_SoSimple_662427296.csv;ERROR_SoSimple_662427296.csv;mt4_files;1581734458;MAIL_SEND-706: function is not confirmed! ERROR-4060;4060;OTHER;False;
MT/MQL4/Files/ERROR_SoSimple_662427296.csv;ERROR_SoSimple_662427296.csv;mt4_files;1581758216;MAIL_SEND-706: function is not confirmed! ERROR-4060;4060;OTHER;False;
MT/MQL4/Files/ERROR_SoSimple_662427296.csv;ERROR_SoSimple_662427296.csv;mt4_files;1581731422;MLP_Close Ticket=1581731422: requote! ERROR-138;138;REQUOTE;False;
MT/MQL4/Files/ERROR_SoSimple_662427296.csv;ERROR_SoSimple_662427296.csv;mt4_files;1581731422;MLP_Close Ticket=1581731422: requote! ERROR-138;138;REQUOTE;False;
MT/MQL4/Files/ERROR_SoSimple_662427296.csv;ERROR_SoSimple_662427296.csv;mt4_files;1581731422;MLP_Close Ticket=1581731422: requote! ERROR-138;138;REQUOTE;False;
MT/MQL4/Files/ERROR_SoSimple_662427296.csv;ERROR_SoSimple_662427296.csv;mt4_files;1581765594;MLP_OpenMarketOrder: requote! ERROR-138;138;REQUOTE;False;
MT/MQL4/Files/ERROR_SoSimple_662427296.csv;ERROR_SoSimple_662427296.csv;mt4_files;1581784903;MAIL_SEND-706: function is not confirmed! ERROR-4060;4060;OTHER;False;
MT/MQL4/Files/ERROR_SoSimple_662427296.csv;ERROR_SoSimple_662427296.csv;mt4_files;1581784903;MLP_OpenMarketOrder: requote! ERROR-138;138;REQUOTE;False;
MT/MQL4/Files/ERROR_SoSimple_662427296.csv;ERROR_SoSimple_662427296.csv;mt4_files;1581784903;MLP_OpenMarketOrder: requote! ERROR-138;138;REQUOTE;False;
MT/MQL4/Files/ERROR_SoSimple_662427296.csv;ERROR_SoSimple_662427296.csv;mt4_files;1581758216;MLP_Close Ticket=1581758216: requote! ERROR-138;138;REQUOTE;False;
MT/MQL4/Files/ERROR_SoSimple_662427296.csv;ERROR_SoSimple_662427296.csv;mt4_files;1581806202;MAIL_SEND-706: function is not confirmed! ERROR-4060;4060;OTHER;False;
MT/MQL4/Files/ERROR_SoSimple_662427296.csv;ERROR_SoSimple_662427296.csv;mt4_files;1581769717;MLP_Close Ticket=1581769717: requote! ERROR-138;138;REQUOTE;False;
MT/MQL4/Files/ERROR_SoSimple_662427296.csv;ERROR_SoSimple_662427296.csv;mt4_files;1581820320;MAIL_SEND-706: function is not confirmed! ERROR-4060;4060;OTHER;False;
MT/MQL4/Files/ERROR_SoSimple_662427296.csv;ERROR_SoSimple_662427296.csv;mt4_files;1581832511;MAIL_SEND-706: function is not confirmed! ERROR-4060;4060;OTHER;False;
MT/MQL4/Files/ERROR_SoSimple_662427296.csv;ERROR_SoSimple_662427296.csv;mt4_files;1581847262;MLP_OpenMarketOrder: requote! ERROR-138;138;REQUOTE;False;
MT/MQL4/Files/ERROR_SoSimple_662427296.csv;ERROR_SoSimple_662427296.csv;mt4_files;1581847262;MLP_OpenMarketOrder: requote! ERROR-138;138;REQUOTE;False;
MT/MQL4/Files/ERROR_SoSimple_662427296.csv;ERROR_SoSimple_662427296.csv;mt4_files;1581856768;MAIL_SEND-706: function is not confirmed! ERROR-4060;4060;OTHER;False;
MT/MQL4/Files/ERROR_SoSimple_662427296.csv;ERROR_SoSimple_662427296.csv;mt4_files;1581856768;MLP_OpenMarketOrder: requote! ERROR-138;138;REQUOTE;False;
MT/MQL4/Files/ERROR_SoSimple_662427296.csv;ERROR_SoSimple_662427296.csv;mt4_files;1581856768;MLP_OpenMarketOrder: requote! ERROR-138;138;REQUOTE;False;
MT/MQL4/Files/ERROR_SoSimple_662427296.csv;ERROR_SoSimple_662427296.csv;mt4_files;1581889947;MLP_OpenMarketOrder: requote! ERROR-138;138;REQUOTE;False;
MT/MQL4/Files/ERROR_SoSimple_662427296.csv;ERROR_SoSimple_662427296.csv;mt4_files;1581899574;MAIL_SEND-706: function is not confirmed! ERROR-4060;4060;OTHER;False;
MT/MQL4/Files/ERROR_SoSimple_662427296.csv;ERROR_SoSimple_662427296.csv;mt4_files;1581911015;MLP_OpenMarketOrder: requote! ERROR-138;138;REQUOTE;False;
MT/MQL4/Files/ERROR_SoSimple_662427296.csv;ERROR_SoSimple_662427296.csv;mt4_files;1581911015;MLP_OpenMarketOrder: requote! ERROR-138;138;REQUOTE;False;
MT/MQL4/Files/ERROR_SoSimple_662427296.csv;ERROR_SoSimple_662427296.csv;mt4_files;1581924876;MLP_OpenMarketOrder: requote! ERROR-138;138;REQUOTE;False;
MT/MQL4/Files/ERROR_SoSimple_662427296.csv;ERROR_SoSimple_662427296.csv;mt4_files;1581924876;MLP_OpenMarketOrder: requote! ERROR-138;138;REQUOTE;False;
MT/MQL4/Files/ERROR_SoSimple_662427296.csv;ERROR_SoSimple_662427296.csv;mt4_files;1581924876;MLP_OpenMarketOrder: requote! ERROR-138;138;REQUOTE;False;
MT/MQL4/Files/ERROR_SoSimple_662427296.csv;ERROR_SoSimple_662427296.csv;mt4_files;1581924876;MAIL_SEND-706: function is not confirmed! ERROR-4060;4060;OTHER;False;
MT/MQL4/Files/ERROR_SoSimple_662427296.csv;ERROR_SoSimple_662427296.csv;mt4_files;1581899574;MLP_Close Ticket=1581899574: requote! ERROR-138;138;REQUOTE;False;
MT/MQL4/Files/ERROR_SoSimple_662427296.csv;ERROR_SoSimple_662427296.csv;mt4_files;1581951836;MAIL_SEND-706: function is not confirmed! ERROR-4060;4060;OTHER;False;
MT/MQL4/Files/ERROR_SoSimple_662427296.csv;ERROR_SoSimple_662427296.csv;mt4_files;1581920349;MLP_Close Ticket=1581920349: requote! ERROR-138;138;REQUOTE;False;
MT/MQL4/Files/ERROR_SoSimple_662427296.csv;ERROR_SoSimple_662427296.csv;mt4_files;1581920349;MLP_Close Ticket=1581920349: requote! ERROR-138;138;REQUOTE;False;
MT/MQL4/Files/ERROR_SoSimple_662427296.csv;ERROR_SoSimple_662427296.csv;mt4_files;1581920349;MLP_Close Ticket=1581920349: requote! ERROR-138;138;REQUOTE;False;
MT/MQL4/Files/ERROR_SoSimple_662427296.csv;ERROR_SoSimple_662427296.csv;mt4_files;1581966702;MLP_OpenMarketOrder: requote! ERROR-138;138;REQUOTE;False;
MT/MQL4/Files/ERROR_SoSimple_662427296.csv;ERROR_SoSimple_662427296.csv;mt4_files;1581966702;MLP_OpenMarketOrder: requote! ERROR-138;138;REQUOTE;False;
MT/MQL4/Files/ERROR_SoSimple_662427296.csv;ERROR_SoSimple_662427296.csv;mt4_files;1581966702;MLP_OpenMarketOrder: requote! ERROR-138;138;REQUOTE;False;
MT/MQL4/Files/ERROR_SoSimple_662427296.csv;ERROR_SoSimple_662427296.csv;mt4_files;1581978212;MAIL_SEND-706: function is not confirmed! ERROR-4060;4060;OTHER;False;
MT/MQL4/Files/ERROR_SoSimple_662427296.csv;ERROR_SoSimple_662427296.csv;mt4_files;1581951836;MLP_Close Ticket=1581951836: requote! ERROR-138;138;REQUOTE;False;
MT/MQL4/Files/ERROR_SoSimple_662427296.csv;ERROR_SoSimple_662427296.csv;mt4_files;1581951836;MLP_Close Ticket=1581951836: requote! ERROR-138;138;REQUOTE;False;
MT/MQL4/Files/ERROR_SoSimple_662427296.csv;ERROR_SoSimple_662427296.csv;mt4_files;1581951836;MLP_Close Ticket=1581951836: requote! ERROR-138;138;REQUOTE;False;
MT/MQL4/Files/ERROR_SoSimple_662427296.csv;ERROR_SoSimple_662427296.csv;mt4_files;1581951836;MLP_Close Ticket=1581951836: requote! ERROR-138;138;REQUOTE;False;
MT/MQL4/Files/ERROR_SoSimple_662427296.csv;ERROR_SoSimple_662427296.csv;mt4_files;1581951836;MLP_Close Ticket=1581951836: requote! ERROR-138;138;REQUOTE;False;
MT/MQL4/Files/ERROR_SoSimple_662427296.csv;ERROR_SoSimple_662427296.csv;mt4_files;1582002879;MAIL_SEND-706: function is not confirmed! ERROR-4060;4060;OTHER;False;
MT/MQL4/Files/ERROR_SoSimple_662427296.csv;ERROR_SoSimple_662427296.csv;mt4_files;1582011893;MLP_OpenMarketOrder: requote! ERROR-138;138;REQUOTE;False;
MT/MQL4/Files/ERROR_SoSimple_662427296.csv;ERROR_SoSimple_662427296.csv;mt4_files;1582011893;MLP_OpenMarketOrder: requote! ERROR-138;138;REQUOTE;False;
MT/MQL4/Files/ERROR_SoSimple_662427296.csv;ERROR_SoSimple_662427296.csv;mt4_files;1582011893;MLP_OpenMarketOrder: requote! ERROR-138;138;REQUOTE;False;
MT/MQL4/Files/ERROR_SoSimple_662427296.csv;ERROR_SoSimple_662427296.csv;mt4_files;1582011893;MLP_OpenMarketOrder: requote! ERROR-138;138;REQUOTE;False;
MT/MQL4/Files/ERROR_SoSimple_662427296.csv;ERROR_SoSimple_662427296.csv;mt4_files;1582011893;MLP_OpenMarketOrder: requote! ERROR-138;138;REQUOTE;False;
MT/MQL4/Files/ERROR_SoSimple_662427296.csv;ERROR_SoSimple_662427296.csv;mt4_files;1582011893;MLP_OpenMarketOrder: requote! ERROR-138;138;REQUOTE;False;
MT/MQL4/Files/ERROR_SoSimple_662427296.csv;ERROR_SoSimple_662427296.csv;mt4_files;1582011893;MLP_OpenMarketOrder: requote! ERROR-138;138;REQUOTE;False;
MT/MQL4/Files/ERROR_SoSimple_662427296.csv;ERROR_SoSimple_662427296.csv;mt4_files;1582011893;MLP_OpenMarketOrder: requote! ERROR-138;138;REQUOTE;False;
MT/MQL4/Files/ERROR_SoSimple_662427296.csv;ERROR_SoSimple_662427296.csv;mt4_files;1582011893;MLP_OpenMarketOrder: requote! ERROR-138;138;REQUOTE;False;
MT/MQL4/Files/ERROR_SoSimple_662427296.csv;ERROR_SoSimple_662427296.csv;mt4_files;1581978212;MLP_Close Ticket=1581978212: requote! ERROR-138;138;REQUOTE;False;
MT/MQL4/Files/ERROR_SoSimple_662427296.csv;ERROR_SoSimple_662427296.csv;mt4_files;1581978212;MLP_Close Ticket=1581978212: requote! ERROR-138;138;REQUOTE;False;
MT/MQL4/Files/ERROR_SoSimple_662427296.csv;ERROR_SoSimple_662427296.csv;mt4_files;1581978212;MLP_Close Ticket=1581978212: requote! ERROR-138;138;REQUOTE;False;
MT/MQL4/Files/ERROR_SoSimple_662427296.csv;ERROR_SoSimple_662427296.csv;mt4_files;1582031424;MAIL_SEND-706: function is not confirmed! ERROR-4060;4060;OTHER;False;
MT/MQL4/Files/ERROR_SoSimple_662427296.csv;ERROR_SoSimple_662427296.csv;mt4_files;1582002879;MLP_Close Ticket=1582002879: requote! ERROR-138;138;REQUOTE;False;
MT/MQL4/Files/ERROR_SoSimple_662427296.csv;ERROR_SoSimple_662427296.csv;mt4_files;1582002879;MLP_Close Ticket=1582002879: requote! ERROR-138;138;REQUOTE;False;
MT/MQL4/Files/ERROR_SoSimple_662427296.csv;ERROR_SoSimple_662427296.csv;mt4_files;1582002879;MLP_Close Ticket=1582002879: requote! ERROR-138;138;REQUOTE;False;
MT/MQL4/Files/ERROR_SoSimple_662427296.csv;ERROR_SoSimple_662427296.csv;mt4_files;1582070684;MAIL_SEND-706: function is not confirmed! ERROR-4060;4060;OTHER;False;
MT/MQL4/Files/ERROR_SoSimple_662427296.csv;ERROR_SoSimple_662427296.csv;mt4_files;1582070684;MLP_OpenMarketOrder: requote! ERROR-138;138;REQUOTE;False;
MT/MQL4/Files/ERROR_SoSimple_662427296.csv;ERROR_SoSimple_662427296.csv;mt4_files;1582070684;MLP_OpenMarketOrder: requote! ERROR-138;138;REQUOTE;False;
MT/MQL4/Files/ERROR_SoSimple_662427296.csv;ERROR_SoSimple_662427296.csv;mt4_files;1582070684;MLP_OpenMarketOrder: requote! ERROR-138;138;REQUOTE;False;
MT/MQL4/Files/ERROR_SoSimple_662427296.csv;ERROR_SoSimple_662427296.csv;mt4_files;1582090562;MLP_OpenMarketOrder: requote! ERROR-138;138;REQUOTE;False;
MT/MQL4/Files/ERROR_SoSimple_662427296.csv;ERROR_SoSimple_662427296.csv;mt4_files;1582090562;MLP_OpenMarketOrder: requote! ERROR-138;138;REQUOTE;False;
MT/MQL4/Files/ERROR_SoSimple_662427296.csv;ERROR_SoSimple_662427296.csv;mt4_files;1582090562;MLP_OpenMarketOrder: requote! ERROR-138;138;REQUOTE;False;
MT/MQL4/Files/ERROR_SoSimple_662427296.csv;ERROR_SoSimple_662427296.csv;mt4_files;1582128143;MAIL_SEND-706: function is not confirmed! ERROR-4060;4060;OTHER;False;
MT/MQL4/Files/ERROR_SoSimple_662427296.csv;ERROR_SoSimple_662427296.csv;mt4_files;1582050726;MLP_Close Ticket=1582050726: requote! ERROR-138;138;REQUOTE;False;
MT/MQL4/Files/ERROR_SoSimple_662427296.csv;ERROR_SoSimple_662427296.csv;mt4_files;1582050726;MLP_Close Ticket=1582050726: requote! ERROR-138;138;REQUOTE;False;
MT/MQL4/Files/ERROR_SoSimple_662427296.csv;ERROR_SoSimple_662427296.csv;mt4_files;1582050726;MLP_Close Ticket=1582050726: requote! ERROR-138;138;REQUOTE;False;
MT/MQL4/Files/ERROR_SoSimple_662427296.csv;ERROR_SoSimple_662427296.csv;mt4_files;1582128143;MLP_OpenMarketOrder: requote! ERROR-138;138;REQUOTE;False;
MT/MQL4/Files/ERROR_SoSimple_662427296.csv;ERROR_SoSimple_662427296.csv;mt4_files;1582141622;MLP_OpenMarketOrder: requote! ERROR-138;138;REQUOTE;False;
MT/MQL4/Files/ERROR_SoSimple_662427296.csv;ERROR_SoSimple_662427296.csv;mt4_files;1582141622;MLP_OpenMarketOrder: requote! ERROR-138;138;REQUOTE;False;
MT/MQL4/Files/ERROR_SoSimple_662427296.csv;ERROR_SoSimple_662427296.csv;mt4_files;1582144266;MLP_OpenMarketOrder: requote! ERROR-138;138;REQUOTE;False;
MT/MQL4/Files/ERROR_SoSimple_662427296.csv;ERROR_SoSimple_662427296.csv;mt4_files;1582144266;MLP_OpenMarketOrder: requote! ERROR-138;138;REQUOTE;False;
MT/MQL4/Files/ERROR_SoSimple_662427296.csv;ERROR_SoSimple_662427296.csv;mt4_files;1582144266;MLP_OpenMarketOrder: requote! ERROR-138;138;REQUOTE;False;
MT/MQL4/Files/ERROR_SoSimple_662427296.csv;ERROR_SoSimple_662427296.csv;mt4_files;1582144266;MAIL_SEND-706: function is not confirmed! ERROR-4060;4060;OTHER;False;
MT/MQL4/Files/ERROR_SoSimple_662427296.csv;ERROR_SoSimple_662427296.csv;mt4_files;1582144266;MLP_OpenMarketOrder: requote! ERROR-138;138;REQUOTE;False;
MT/MQL4/Files/ERROR_SoSimple_662427296.csv;ERROR_SoSimple_662427296.csv;mt4_files;1582144266;MLP_OpenMarketOrder: requote! ERROR-138;138;REQUOTE;False;
MT/MQL4/Files/ERROR_SoSimple_662427296.csv;ERROR_SoSimple_662427296.csv;mt4_files;1582144266;MLP_OpenMarketOrder: requote! ERROR-138;138;REQUOTE;False;
MT/MQL4/Files/ERROR_SoSimple_662427296.csv;ERROR_SoSimple_662427296.csv;mt4_files;1582144266;MAIL_SEND-706: function is not confirmed! ERROR-4060;4060;OTHER;False;
MT/MQL4/Files/ERROR_SoSimple_662427296.csv;ERROR_SoSimple_662427296.csv;mt4_files;1582211572;MAIL_SEND-706: function is not confirmed! ERROR-4060;4060;OTHER;False;
MT/MQL4/Files/ERROR_SoSimple_662427296.csv;ERROR_SoSimple_662427296.csv;mt4_files;1582233751;MAIL_SEND-706: function is not confirmed! ERROR-4060;4060;OTHER;False;
MT/MQL4/Files/ERROR_SoSimple_662427296.csv;ERROR_SoSimple_662427296.csv;mt4_files;1582255554;MAIL_SEND-706: function is not confirmed! ERROR-4060;4060;OTHER;False;
MT/MQL4/Files/ERROR_SoSimple_662427296.csv;ERROR_SoSimple_662427296.csv;mt4_files;1582271010;MAIL_SEND-706: function is not confirmed! ERROR-4060;4060;OTHER;False;
MT/MQL4/Files/ERROR_SoSimple_662427296.csv;ERROR_SoSimple_662427296.csv;mt4_files;1582292426;MAIL_SEND-706: function is not confirmed! ERROR-4060;4060;OTHER;False;
MT/MQL4/Files/ERROR_SoSimple_662427296.csv;ERROR_SoSimple_662427296.csv;mt4_files;1582307443;MAIL_SEND-706: function is not confirmed! ERROR-4060;4060;OTHER;False;
MT/MQL4/Files/ERROR_SoSimple_662427296.csv;ERROR_SoSimple_662427296.csv;mt4_files;1582286179;MLP_Close Ticket=1582286179: requote! ERROR-138;138;REQUOTE;False;
MT/MQL4/Files/ERROR_SoSimple_662427296.csv;ERROR_SoSimple_662427296.csv;mt4_files;1582286179;MLP_Close Ticket=1582286179: requote! ERROR-138;138;REQUOTE;False;
MT/MQL4/Files/ERROR_SoSimple_662427296.csv;ERROR_SoSimple_662427296.csv;mt4_files;1582286179;MLP_Close Ticket=1582286179: requote! ERROR-138;138;REQUOTE;False;
MT/MQL4/Files/ERROR_SoSimple_662427296.csv;ERROR_SoSimple_662427296.csv;mt4_files;1582324925;MAIL_SEND-706: function is not confirmed! ERROR-4060;4060;OTHER;False;
MT/MQL4/Files/ERROR_SoSimple_662427296.csv;ERROR_SoSimple_662427296.csv;mt4_files;1582324925;MLP_OpenMarketOrder: requote! ERROR-138;138;REQUOTE;False;
MT/MQL4/Files/ERROR_SoSimple_662427296.csv;ERROR_SoSimple_662427296.csv;mt4_files;1582324925;MLP_OpenMarketOrder: requote! ERROR-138;138;REQUOTE;False;
MT/MQL4/Files/ERROR_SoSimple_662427296.csv;ERROR_SoSimple_662427296.csv;mt4_files;1582324925;MLP_OpenMarketOrder: requote! ERROR-138;138;REQUOTE;False;
MT/MQL4/Files/ERROR_SoSimple_662427296.csv;ERROR_SoSimple_662427296.csv;mt4_files;1582307443;MLP_Close Ticket=1582307443: requote! ERROR-138;138;REQUOTE;False;
MT/MQL4/Files/ERROR_SoSimple_662427296.csv;ERROR_SoSimple_662427296.csv;mt4_files;1582307443;MLP_Close Ticket=1582307443: requote! ERROR-138;138;REQUOTE;False;
MT/MQL4/Files/ERROR_SoSimple_662427296.csv;ERROR_SoSimple_662427296.csv;mt4_files;1582307443;MLP_Close Ticket=1582307443: requote! ERROR-138;138;REQUOTE;False;
MT/MQL4/Files/ERROR_SoSimple_662427296.csv;ERROR_SoSimple_662427296.csv;mt4_files;1582347632;MAIL_SEND-706: function is not confirmed! ERROR-4060;4060;OTHER;False;
MT/MQL4/Files/ERROR_SoSimple_662427296.csv;ERROR_SoSimple_662427296.csv;mt4_files;1582347632;MLP_OpenMarketOrder: requote! ERROR-138;138;REQUOTE;False;
MT/MQL4/Files/ERROR_SoSimple_662427296.csv;ERROR_SoSimple_662427296.csv;mt4_files;1582347632;MLP_OpenMarketOrder: requote! ERROR-138;138;REQUOTE;False;
MT/MQL4/Files/ERROR_SoSimple_662427296.csv;ERROR_SoSimple_662427296.csv;mt4_files;1582347632;MLP_OpenMarketOrder: requote! ERROR-138;138;REQUOTE;False;
MT/MQL4/Files/ERROR_SoSimple_662427296.csv;ERROR_SoSimple_662427296.csv;mt4_files;1582347632;MLP_OpenMarketOrder: requote! ERROR-138;138;REQUOTE;False;
MT/MQL4/Files/ERROR_SoSimple_662427296.csv;ERROR_SoSimple_662427296.csv;mt4_files;1582347632;MLP_OpenMarketOrder: requote! ERROR-138;138;REQUOTE;False;
MT/MQL4/Files/ERROR_SoSimple_662427296.csv;ERROR_SoSimple_662427296.csv;mt4_files;1582347632;MLP_OpenMarketOrder: requote! ERROR-138;138;REQUOTE;False;
MT/MQL4/Files/ERROR_SoSimple_662427296.csv;ERROR_SoSimple_662427296.csv;mt4_files;1582365833;MLP_OpenMarketOrder: requote! ERROR-138;138;REQUOTE;False;
MT/MQL4/Files/ERROR_SoSimple_662427296.csv;ERROR_SoSimple_662427296.csv;mt4_files;1582324925;MLP_Close Ticket=1582324925: requote! ERROR-138;138;REQUOTE;False;
MT/MQL4/Files/ERROR_SoSimple_662427296.csv;ERROR_SoSimple_662427296.csv;mt4_files;1582324925;MLP_Close Ticket=1582324925: requote! ERROR-138;138;REQUOTE;False;
MT/MQL4/Files/ERROR_SoSimple_662427296.csv;ERROR_SoSimple_662427296.csv;mt4_files;1582324925;MLP_Close Ticket=1582324925: requote! ERROR-138;138;REQUOTE;False;
MT/MQL4/Files/ERROR_SoSimple_662427296.csv;ERROR_SoSimple_662427296.csv;mt4_files;1582376395;MAIL_SEND-706: function is not confirmed! ERROR-4060;4060;OTHER;False;
MT/MQL4/Files/ERROR_SoSimple_662427296.csv;ERROR_SoSimple_662427296.csv;mt4_files;1582376395;MLP_OpenMarketOrder: requote! ERROR-138;138;REQUOTE;False;
MT/MQL4/Files/ERROR_SoSimple_662427296.csv;ERROR_SoSimple_662427296.csv;mt4_files;1582376395;MLP_OpenMarketOrder: requote! ERROR-138;138;REQUOTE;False;
MT/MQL4/Files/ERROR_SoSimple_662427296.csv;ERROR_SoSimple_662427296.csv;mt4_files;1582333813;MLP_Close Ticket=1582333813: requote! ERROR-138;138;REQUOTE;False;
MT/MQL4/Files/ERROR_SoSimple_662427296.csv;ERROR_SoSimple_662427296.csv;mt4_files;1582381809;MLP_OpenMarketOrder: requote! ERROR-138;138;REQUOTE;False;
MT/MQL4/Files/ERROR_SoSimple_662427296.csv;ERROR_SoSimple_662427296.csv;mt4_files;1582381809;MLP_OpenMarketOrder: requote! ERROR-138;138;REQUOTE;False;
MT/MQL4/Files/ERROR_SoSimple_662427296.csv;ERROR_SoSimple_662427296.csv;mt4_files;1582386080;MLP_OpenMarketOrder: requote! ERROR-138;138;REQUOTE;False;
MT/MQL4/Files/ERROR_SoSimple_662427296.csv;ERROR_SoSimple_662427296.csv;mt4_files;1582386080;MLP_OpenMarketOrder: requote! ERROR-138;138;REQUOTE;False;
MT/MQL4/Files/ERROR_SoSimple_662427296.csv;ERROR_SoSimple_662427296.csv;mt4_files;1582386080;MLP_OpenMarketOrder: requote! ERROR-138;138;REQUOTE;False;
MT/MQL4/Files/ERROR_SoSimple_662427296.csv;ERROR_SoSimple_662427296.csv;mt4_files;1582383321;MLP_OpenMarketOrder: invalid price! ERROR-129;129;INVALID_PRICE;False;
MT/MQL4/Files/ERROR_SoSimple_662427296.csv;ERROR_SoSimple_662427296.csv;mt4_files;1582397632;MAIL_SEND-706: function is not confirmed! ERROR-4060;4060;OTHER;False;
MT/MQL4/Files/ERROR_SoSimple_662427296.csv;ERROR_SoSimple_662427296.csv;mt4_files;1582399308;MLP_OpenMarketOrder: requote! ERROR-138;138;REQUOTE;False;
MT/MQL4/Files/ERROR_SoSimple_662427296.csv;ERROR_SoSimple_662427296.csv;mt4_files;1582399308;MLP_OpenMarketOrder: requote! ERROR-138;138;REQUOTE;False;
MT/MQL4/Files/ERROR_SoSimple_662427296.csv;ERROR_SoSimple_662427296.csv;mt4_files;1582399308;MLP_OpenMarketOrder: requote! ERROR-138;138;REQUOTE;False;
MT/MQL4/Files/ERROR_SoSimple_662427296.csv;ERROR_SoSimple_662427296.csv;mt4_files;1582410629;MAIL_SEND-706: function is not confirmed! ERROR-4060;4060;OTHER;False;
MT/MQL4/Files/ERROR_SoSimple_662427296.csv;ERROR_SoSimple_662427296.csv;mt4_files;1582427665;MAIL_SEND-706: function is not confirmed! ERROR-4060;4060;OTHER;False;
MT/MQL4/Files/ERROR_SoSimple_662427296.csv;ERROR_SoSimple_662427296.csv;mt4_files;1582446861;MLP_OpenMarketOrder: requote! ERROR-138;138;REQUOTE;False;
MT/MQL4/Files/ERROR_SoSimple_662427296.csv;ERROR_SoSimple_662427296.csv;mt4_files;1582446861;MLP_OpenMarketOrder: requote! ERROR-138;138;REQUOTE;False;
MT/MQL4/Files/ERROR_SoSimple_662427296.csv;ERROR_SoSimple_662427296.csv;mt4_files;1582446861;MLP_OpenMarketOrder: requote! ERROR-138;138;REQUOTE;False;
MT/MQL4/Files/ERROR_SoSimple_662427296.csv;ERROR_SoSimple_662427296.csv;mt4_files;1582446861;MAIL_SEND-706: function is not confirmed! ERROR-4060;4060;OTHER;False;
MT/MQL4/Files/ERROR_SoSimple_662427296.csv;ERROR_SoSimple_662427296.csv;mt4_files;1582416180;MLP_Close Ticket=1582416180: requote! ERROR-138;138;REQUOTE;False;
MT/MQL4/Files/ERROR_SoSimple_662427296.csv;ERROR_SoSimple_662427296.csv;mt4_files;1582416180;MLP_Close Ticket=1582416180: requote! ERROR-138;138;REQUOTE;False;
MT/MQL4/Files/ERROR_SoSimple_662427296.csv;ERROR_SoSimple_662427296.csv;mt4_files;1582416180;MLP_Close Ticket=1582416180: requote! ERROR-138;138;REQUOTE;False;
MT/MQL4/Files/ERROR_SoSimple_662427296.csv;ERROR_SoSimple_662427296.csv;mt4_files;1582416180;MLP_Close Ticket=1582416180: requote! ERROR-138;138;REQUOTE;False;
MT/MQL4/Files/ERROR_SoSimple_662427296.csv;ERROR_SoSimple_662427296.csv;mt4_files;1582470457;MAIL_SEND-706: function is not confirmed! ERROR-4060;4060;OTHER;False;
MT/MQL4/Files/ERROR_SoSimple_662427296.csv;ERROR_SoSimple_662427296.csv;mt4_files;1582470457;MLP_OpenMarketOrder: requote! ERROR-138;138;REQUOTE;False;
MT/MQL4/Files/ERROR_SoSimple_662427296.csv;ERROR_SoSimple_662427296.csv;mt4_files;1582499219;MAIL_SEND-706: function is not confirmed! ERROR-4060;4060;OTHER;False;
MT/MQL4/Files/ERROR_SoSimple_662427296.csv;ERROR_SoSimple_662427296.csv;mt4_files;1582509531;MLP_OpenMarketOrder: requote! ERROR-138;138;REQUOTE;False;
MT/MQL4/Files/ERROR_SoSimple_662427296.csv;ERROR_SoSimple_662427296.csv;mt4_files;1582509531;MLP_OpenMarketOrder: requote! ERROR-138;138;REQUOTE;False;
MT/MQL4/Files/ERROR_SoSimple_662427296.csv;ERROR_SoSimple_662427296.csv;mt4_files;1582522005;MAIL_SEND-706: function is not confirmed! ERROR-4060;4060;OTHER;False;
MT/MQL4/Files/ERROR_SoSimple_662427296.csv;ERROR_SoSimple_662427296.csv;mt4_files;1582526808;MLP_OpenMarketOrder: requote! ERROR-138;138;REQUOTE;False;
MT/MQL4/Files/ERROR_SoSimple_662427296.csv;ERROR_SoSimple_662427296.csv;mt4_files;1582526808;MLP_OpenMarketOrder: requote! ERROR-138;138;REQUOTE;False;
MT/MQL4/Files/ERROR_SoSimple_662427296.csv;ERROR_SoSimple_662427296.csv;mt4_files;1582526808;MLP_OpenMarketOrder: requote! ERROR-138;138;REQUOTE;False;
MT/MQL4/Files/ERROR_SoSimple_662427296.csv;ERROR_SoSimple_662427296.csv;mt4_files;1582544516;MAIL_SEND-706: function is not confirmed! ERROR-4060;4060;OTHER;False;
MT/MQL4/Files/ERROR_SoSimple_662427296.csv;ERROR_SoSimple_662427296.csv;mt4_files;1582577967;MAIL_SEND-706: function is not confirmed! ERROR-4060;4060;OTHER;False;
MT/MQL4/Files/ERROR_SoSimple_662427296.csv;ERROR_SoSimple_662427296.csv;mt4_files;1582577967;MLP_OpenMarketOrder: requote! ERROR-138;138;REQUOTE;False;
MT/MQL4/Files/ERROR_SoSimple_662427296.csv;ERROR_SoSimple_662427296.csv;mt4_files;1582599297;MAIL_SEND-706: function is not confirmed! ERROR-4060;4060;OTHER;False;
MT/MQL4/Files/ERROR_SoSimple_662427296.csv;ERROR_SoSimple_662427296.csv;mt4_files;1582605951;MLP_OpenMarketOrder: requote! ERROR-138;138;REQUOTE;False;
MT/MQL4/Files/ERROR_SoSimple_662427296.csv;ERROR_SoSimple_662427296.csv;mt4_files;1582605951;MLP_OpenMarketOrder: requote! ERROR-138;138;REQUOTE;False;
MT/MQL4/Files/ERROR_SoSimple_662427296.csv;ERROR_SoSimple_662427296.csv;mt4_files;1582605951;MLP_OpenMarketOrder: requote! ERROR-138;138;REQUOTE;False;
MT/MQL4/Files/ERROR_SoSimple_662427296.csv;ERROR_SoSimple_662427296.csv;mt4_files;1577909026;MLP_OpenMarketOrder: requote! ERROR-138;138;REQUOTE;False;
MT/MQL4/Files/ERROR_SoSimple_662427296.csv;ERROR_SoSimple_662427296.csv;mt4_files;1577909026;MLP_OpenMarketOrder: requote! ERROR-138;138;REQUOTE;False;
MT/MQL4/Files/ERROR_SoSimple_662427296.csv;ERROR_SoSimple_662427296.csv;mt4_files;1577909026;MLP_OpenMarketOrder: requote! ERROR-138;138;REQUOTE;False;
MT/MQL4/Files/ERROR_SoSimple_662427296.csv;ERROR_SoSimple_662427296.csv;mt4_files;1582566434;MAIL_SEND-706: function is not confirmed! ERROR-4060;4060;OTHER;False;
MT/MQL4/Files/ERROR_SoSimple_662427296.csv;ERROR_SoSimple_662427296.csv;mt4_files;1577909026;MLP_OpenMarketOrder: requote! ERROR-138;138;REQUOTE;False;
MT/MQL4/Files/ERROR_SoSimple_662427296.csv;ERROR_SoSimple_662427296.csv;mt4_files;1577909026;MLP_OpenMarketOrder: requote! ERROR-138;138;REQUOTE;False;
MT/MQL4/Files/ERROR_SoSimple_662427296.csv;ERROR_SoSimple_662427296.csv;mt4_files;1577909026;MLP_OpenMarketOrder: requote! ERROR-138;138;REQUOTE;False;
MT/MQL4/Files/ERROR_SoSimple_662427296.csv;ERROR_SoSimple_662427296.csv;mt4_files;1577909026;MLP_OpenMarketOrder: requote! ERROR-138;138;REQUOTE;False;
MT/MQL4/Files/ERROR_SoSimple_662427296.csv;ERROR_SoSimple_662427296.csv;mt4_files;1577909026;MLP_OpenMarketOrder: requote! ERROR-138;138;REQUOTE;False;
MT/MQL4/Files/ERROR_SoSimple_662427296.csv;ERROR_SoSimple_662427296.csv;mt4_files;1582647905;MLP_OpenMarketOrder: requote! ERROR-138;138;REQUOTE;False;
MT/MQL4/Files/ERROR_SoSimple_662427296.csv;ERROR_SoSimple_662427296.csv;mt4_files;1582647905;MLP_OpenMarketOrder: requote! ERROR-138;138;REQUOTE;False;
MT/MQL4/Files/ERROR_SoSimple_662427296.csv;ERROR_SoSimple_662427296.csv;mt4_files;1582652533;MLP_OpenMarketOrder: requote! ERROR-138;138;REQUOTE;False;
MT/MQL4/Files/ERROR_SoSimple_662427296.csv;ERROR_SoSimple_662427296.csv;mt4_files;1582652533;MLP_OpenMarketOrder: requote! ERROR-138;138;REQUOTE;False;
MT/MQL4/Files/ERROR_SoSimple_662427296.csv;ERROR_SoSimple_662427296.csv;mt4_files;1582652533;MLP_OpenMarketOrder: requote! ERROR-138;138;REQUOTE;False;
MT/MQL4/Files/ERROR_SoSimple_662427296.csv;ERROR_SoSimple_662427296.csv;mt4_files;1582652533;MLP_OpenMarketOrder: requote! ERROR-138;138;REQUOTE;False;
MT/MQL4/Files/ERROR_SoSimple_662427296.csv;ERROR_SoSimple_662427296.csv;mt4_files;1582652533;MLP_OpenMarketOrder: requote! ERROR-138;138;REQUOTE;False;
MT/MQL4/Files/ERROR_SoSimple_662427296.csv;ERROR_SoSimple_662427296.csv;mt4_files;1582652533;MLP_OpenMarketOrder: requote! ERROR-138;138;REQUOTE;False;
MT/MQL4/Files/ERROR_SoSimple_662427296.csv;ERROR_SoSimple_662427296.csv;mt4_files;1582652533;MLP_OpenMarketOrder: requote! ERROR-138;138;REQUOTE;False;
MT/MQL4/Files/ERROR_SoSimple_662427296.csv;ERROR_SoSimple_662427296.csv;mt4_files;1582652533;MLP_OpenMarketOrder: requote! ERROR-138;138;REQUOTE;False;
MT/MQL4/Files/ERROR_SoSimple_662427296.csv;ERROR_SoSimple_662427296.csv;mt4_files;1582670567;MLP_OpenMarketOrder: requote! ERROR-138;138;REQUOTE;False;
MT/MQL4/Files/ERROR_SoSimple_662427296.csv;ERROR_SoSimple_662427296.csv;mt4_files;1582670567;MLP_OpenMarketOrder: requote! ERROR-138;138;REQUOTE;False;
MT/MQL4/Files/ERROR_SoSimple_662427296.csv;ERROR_SoSimple_662427296.csv;mt4_files;1582670567;MLP_OpenMarketOrder: requote! ERROR-138;138;REQUOTE;False;
MT/MQL4/Files/ERROR_SoSimple_662427296.csv;ERROR_SoSimple_662427296.csv;mt4_files;1582673886;MAIL_SEND-706: function is not confirmed! ERROR-4060;4060;OTHER;False;
MT/MQL4/Files/ERROR_SoSimple_662427296.csv;ERROR_SoSimple_662427296.csv;mt4_files;1582680113;MLP_OpenMarketOrder: requote! ERROR-138;138;REQUOTE;False;
MT/MQL4/Files/ERROR_SoSimple_662427296.csv;ERROR_SoSimple_662427296.csv;mt4_files;1582680113;MLP_OpenMarketOrder: requote! ERROR-138;138;REQUOTE;False;
MT/MQL4/Files/ERROR_SoSimple_662427296.csv;ERROR_SoSimple_662427296.csv;mt4_files;1582680113;MLP_OpenMarketOrder: requote! ERROR-138;138;REQUOTE;False;
MT/MQL4/Files/ERROR_SoSimple_662427296.csv;ERROR_SoSimple_662427296.csv;mt4_files;1582680113;MLP_OpenMarketOrder: requote! ERROR-138;138;REQUOTE;False;
MT/MQL4/Files/ERROR_SoSimple_662427296.csv;ERROR_SoSimple_662427296.csv;mt4_files;1582680113;MLP_OpenMarketOrder: requote! ERROR-138;138;REQUOTE;False;
MT/MQL4/Files/ERROR_SoSimple_662427296.csv;ERROR_SoSimple_662427296.csv;mt4_files;1582695012;MLP_OpenMarketOrder: requote! ERROR-138;138;REQUOTE;False;
MT/MQL4/Files/ERROR_SoSimple_662427296.csv;ERROR_SoSimple_662427296.csv;mt4_files;1582705341;MAIL_SEND-706: function is not confirmed! ERROR-4060;4060;OTHER;False;
MT/MQL4/Files/ERROR_SoSimple_662427296.csv;ERROR_SoSimple_662427296.csv;mt4_files;1582643337;MLP_Close Ticket=1582643337: requote! ERROR-138;138;REQUOTE;False;
MT/MQL4/Files/ERROR_SoSimple_662427296.csv;ERROR_SoSimple_662427296.csv;mt4_files;1582643337;MLP_Close Ticket=1582643337: requote! ERROR-138;138;REQUOTE;False;
MT/MQL4/Files/ERROR_SoSimple_662427296.csv;ERROR_SoSimple_662427296.csv;mt4_files;1582643337;MLP_Close Ticket=1582643337: requote! ERROR-138;138;REQUOTE;False;
MT/MQL4/Files/ERROR_SoSimple_662427296.csv;ERROR_SoSimple_662427296.csv;mt4_files;1582643337;MLP_Close Ticket=1582643337: requote! ERROR-138;138;REQUOTE;False;
MT/MQL4/Files/ERROR_SoSimple_662427296.csv;ERROR_SoSimple_662427296.csv;mt4_files;1582643337;MLP_Close Ticket=1582643337: requote! ERROR-138;138;REQUOTE;False;
MT/MQL4/Files/ERROR_SoSimple_662427296.csv;ERROR_SoSimple_662427296.csv;mt4_files;1582721188;MLP_OpenMarketOrder: requote! ERROR-138;138;REQUOTE;False;
MT/MQL4/Files/ERROR_SoSimple_662427296.csv;ERROR_SoSimple_662427296.csv;mt4_files;1582721188;MLP_OpenMarketOrder: requote! ERROR-138;138;REQUOTE;False;
MT/MQL4/Files/ERROR_SoSimple_662427296.csv;ERROR_SoSimple_662427296.csv;mt4_files;1582721188;MLP_OpenMarketOrder: requote! ERROR-138;138;REQUOTE;False;
MT/MQL4/Files/ERROR_SoSimple_662427296.csv;ERROR_SoSimple_662427296.csv;mt4_files;1582721188;MLP_OpenMarketOrder: requote! ERROR-138;138;REQUOTE;False;
MT/MQL4/Files/ERROR_SoSimple_662427296.csv;ERROR_SoSimple_662427296.csv;mt4_files;1582721188;MLP_OpenMarketOrder: requote! ERROR-138;138;REQUOTE;False;
MT/MQL4/Files/ERROR_SoSimple_662427296.csv;ERROR_SoSimple_662427296.csv;mt4_files;1582731250;MAIL_SEND-706: function is not confirmed! ERROR-4060;4060;OTHER;False;
MT/MQL4/Files/ERROR_SoSimple_662427296.csv;ERROR_SoSimple_662427296.csv;mt4_files;1582736715;MLP_OpenMarketOrder: requote! ERROR-138;138;REQUOTE;False;
MT/MQL4/Files/ERROR_SoSimple_662427296.csv;ERROR_SoSimple_662427296.csv;mt4_files;1582736715;MLP_OpenMarketOrder: requote! ERROR-138;138;REQUOTE;False;
MT/MQL4/Files/ERROR_SoSimple_662427296.csv;ERROR_SoSimple_662427296.csv;mt4_files;1582736715;MLP_OpenMarketOrder: requote! ERROR-138;138;REQUOTE;False;
MT/MQL4/Files/ERROR_SoSimple_662427296.csv;ERROR_SoSimple_662427296.csv;mt4_files;1582736715;MLP_OpenMarketOrder: requote! ERROR-138;138;REQUOTE;False;
MT/MQL4/Files/ERROR_SoSimple_662427296.csv;ERROR_SoSimple_662427296.csv;mt4_files;1582736715;MLP_OpenMarketOrder: requote! ERROR-138;138;REQUOTE;False;
MT/MQL4/Files/ERROR_SoSimple_662427296.csv;ERROR_SoSimple_662427296.csv;mt4_files;1582749954;MAIL_SEND-706: function is not confirmed! ERROR-4060;4060;OTHER;False;
MT/MQL4/Files/ERROR_SoSimple_662427296.csv;ERROR_SoSimple_662427296.csv;mt4_files;1582761077;MLP_OpenMarketOrder: requote! ERROR-138;138;REQUOTE;False;
MT/MQL4/Files/ERROR_SoSimple_662427296.csv;ERROR_SoSimple_662427296.csv;mt4_files;1582765378;MLP_OpenMarketOrder: requote! ERROR-138;138;REQUOTE;False;
MT/MQL4/Files/ERROR_SoSimple_662427296.csv;ERROR_SoSimple_662427296.csv;mt4_files;1582765378;MLP_OpenMarketOrder: requote! ERROR-138;138;REQUOTE;False;
MT/MQL4/Files/ERROR_SoSimple_662427296.csv;ERROR_SoSimple_662427296.csv;mt4_files;1582749954;MAIL_SEND-706: function is not confirmed! ERROR-4060;4060;OTHER;False;
MT/MQL4/Files/ERROR_SoSimple_662427296.csv;ERROR_SoSimple_662427296.csv;mt4_files;1582749954;MAIL_SEND-706: function is not confirmed! ERROR-4060;4060;OTHER;False;
MT/MQL4/Files/ERROR_SoSimple_662427296.csv;ERROR_SoSimple_662427296.csv;mt4_files;1582749954;MAIL_SEND-706: function is not confirmed! ERROR-4060;4060;OTHER;False;
MT/MQL4/Files/ERROR_SoSimple_662427296.csv;ERROR_SoSimple_662427296.csv;mt4_files;1582749954;MAIL_SEND-706: function is not confirmed! ERROR-4060;4060;OTHER;False;
MT/MQL4/Files/ERROR_SoSimple_662427296.csv;ERROR_SoSimple_662427296.csv;mt4_files;1582749954;MAIL_SEND-706: function is not confirmed! ERROR-4060;4060;OTHER;False;
MT/MQL4/Files/ERROR_SoSimple_662427296.csv;ERROR_SoSimple_662427296.csv;mt4_files;1582749954;MAIL_SEND-706: function is not confirmed! ERROR-4060;4060;OTHER;False;
MT/MQL4/Files/ERROR_SoSimple_662427296.csv;ERROR_SoSimple_662427296.csv;mt4_files;1582749954;MAIL_SEND-706: function is not confirmed! ERROR-4060;4060;OTHER;False;
MT/MQL4/Files/ERROR_SoSimple_662427296.csv;ERROR_SoSimple_662427296.csv;mt4_files;1582749954;MAIL_SEND-706: function is not confirmed! ERROR-4060;4060;OTHER;False;
MT/MQL4/Files/ERROR_SoSimple_662427296.csv;ERROR_SoSimple_662427296.csv;mt4_files;1582749954;MAIL_SEND-706: function is not confirmed! ERROR-4060;4060;OTHER;False;
MT/MQL4/Files/ERROR_SoSimple_662427296.csv;ERROR_SoSimple_662427296.csv;mt4_files;1582773712;MAIL_SEND-706: function is not confirmed! ERROR-4060;4060;OTHER;False;
MT/MQL4/Files/ERROR_SoSimple_662427296.csv;ERROR_SoSimple_662427296.csv;mt4_files;1582773712;MAIL_SEND-706: function is not confirmed! ERROR-4060;4060;OTHER;False;
MT/MQL4/Files/ERROR_SoSimple_662427296.csv;ERROR_SoSimple_662427296.csv;mt4_files;1582773712;MAIL_SEND-706: function is not confirmed! ERROR-4060;4060;OTHER;False;
MT/MQL4/Files/ERROR_SoSimple_662427296.csv;ERROR_SoSimple_662427296.csv;mt4_files;1582773712;MAIL_SEND-706: function is not confirmed! ERROR-4060;4060;OTHER;False;
MT/MQL4/Files/ERROR_SoSimple_662427296.csv;ERROR_SoSimple_662427296.csv;mt4_files;1582773712;MAIL_SEND-706: function is not confirmed! ERROR-4060;4060;OTHER;False;
MT/MQL4/Files/ERROR_SoSimple_662427296.csv;ERROR_SoSimple_662427296.csv;mt4_files;1582773712;MAIL_SEND-706: function is not confirmed! ERROR-4060;4060;OTHER;False;
MT/MQL4/Files/ERROR_SoSimple_662427296.csv;ERROR_SoSimple_662427296.csv;mt4_files;1582773712;MAIL_SEND-706: function is not confirmed! ERROR-4060;4060;OTHER;False;
MT/MQL4/Files/ERROR_SoSimple_662427296.csv;ERROR_SoSimple_662427296.csv;mt4_files;1582773712;MAIL_SEND-706: function is not confirmed! ERROR-4060;4060;OTHER;False;
MT/MQL4/Files/ERROR_SoSimple_662427296.csv;ERROR_SoSimple_662427296.csv;mt4_files;1582773712;MAIL_SEND-706: function is not confirmed! ERROR-4060;4060;OTHER;False;
MT/MQL4/Files/ERROR_SoSimple_662427296.csv;ERROR_SoSimple_662427296.csv;mt4_files;1582773712;MAIL_SEND-706: function is not confirmed! ERROR-4060;4060;OTHER;False;
MT/MQL4/Files/ERROR_SoSimple_662427296.csv;ERROR_SoSimple_662427296.csv;mt4_files;1582773712;MAIL_SEND-706: function is not confirmed! ERROR-4060;4060;OTHER;False;
MT/MQL4/Files/ERROR_SoSimple_662427296.csv;ERROR_SoSimple_662427296.csv;mt4_files;1582773712;MAIL_SEND-706: function is not confirmed! ERROR-4060;4060;OTHER;False;
MT/MQL4/Files/ERROR_SoSimple_662427296.csv;ERROR_SoSimple_662427296.csv;mt4_files;1582773712;MAIL_SEND-706: function is not confirmed! ERROR-4060;4060;OTHER;False;
MT/MQL4/Files/ERROR_SoSimple_662427296.csv;ERROR_SoSimple_662427296.csv;mt4_files;1582773712;MAIL_SEND-706: function is not confirmed! ERROR-4060;4060;OTHER;False;
MT/MQL4/Files/ERROR_SoSimple_662427296.csv;ERROR_SoSimple_662427296.csv;mt4_files;1582773712;MAIL_SEND-706: function is not confirmed! ERROR-4060;4060;OTHER;False;
MT/MQL4/Files/ERROR_SoSimple_662427296.csv;ERROR_SoSimple_662427296.csv;mt4_files;1582773712;MAIL_SEND-706: function is not confirmed! ERROR-4060;4060;OTHER;False;
MT/MQL4/Files/ERROR_SoSimple_662427296.csv;ERROR_SoSimple_662427296.csv;mt4_files;1582773712;MAIL_SEND-706: function is not confirmed! ERROR-4060;4060;OTHER;False;
MT/MQL4/Files/ERROR_SoSimple_662427296.csv;ERROR_SoSimple_662427296.csv;mt4_files;1582773712;MAIL_SEND-706: function is not confirmed! ERROR-4060;4060;OTHER;False;
MT/MQL4/Files/ERROR_SoSimple_662427296.csv;ERROR_SoSimple_662427296.csv;mt4_files;1582773712;MAIL_SEND-706: function is not confirmed! ERROR-4060;4060;OTHER;False;
MT/MQL4/Files/ERROR_SoSimple_662427296.csv;ERROR_SoSimple_662427296.csv;mt4_files;1582773712;MAIL_SEND-706: function is not confirmed! ERROR-4060;4060;OTHER;False;
MT/MQL4/Files/ERROR_SoSimple_662427296.csv;ERROR_SoSimple_662427296.csv;mt4_files;1582773712;MAIL_SEND-706: function is not confirmed! ERROR-4060;4060;OTHER;False;
MT/MQL4/Files/ERROR_SoSimple_662427296.csv;ERROR_SoSimple_662427296.csv;mt4_files;1582773712;MAIL_SEND-706: function is not confirmed! ERROR-4060;4060;OTHER;False;
MT/MQL4/Files/ERROR_SoSimple_662427296.csv;ERROR_SoSimple_662427296.csv;mt4_files;1582773712;MAIL_SEND-706: function is not confirmed! ERROR-4060;4060;OTHER;False;
MT/MQL4/Files/ERROR_SoSimple_662427296.csv;ERROR_SoSimple_662427296.csv;mt4_files;1582773712;MAIL_SEND-706: function is not confirmed! ERROR-4060;4060;OTHER;False;
MT/MQL4/Files/ERROR_SoSimple_662427296.csv;ERROR_SoSimple_662427296.csv;mt4_files;1582773712;MAIL_SEND-706: function is not confirmed! ERROR-4060;4060;OTHER;False;
MT/MQL4/Files/ERROR_SoSimple_662427296.csv;ERROR_SoSimple_662427296.csv;mt4_files;1582773712;MAIL_SEND-706: function is not confirmed! ERROR-4060;4060;OTHER;False;
MT/MQL4/Files/ERROR_SoSimple_662427296.csv;ERROR_SoSimple_662427296.csv;mt4_files;1582773712;MAIL_SEND-706: function is not confirmed! ERROR-4060;4060;OTHER;False;
MT/MQL4/Files/ERROR_SoSimple_662427296.csv;ERROR_SoSimple_662427296.csv;mt4_files;1582773712;MAIL_SEND-706: function is not confirmed! ERROR-4060;4060;OTHER;False;
MT/MQL4/Files/ERROR_SoSimple_662427296.csv;ERROR_SoSimple_662427296.csv;mt4_files;1582773712;MAIL_SEND-706: function is not confirmed! ERROR-4060;4060;OTHER;False;
MT/MQL4/Files/ERROR_SoSimple_662427296.csv;ERROR_SoSimple_662427296.csv;mt4_files;1582773712;MAIL_SEND-706: function is not confirmed! ERROR-4060;4060;OTHER;False;
MT/MQL4/Files/ERROR_SoSimple_662427296.csv;ERROR_SoSimple_662427296.csv;mt4_files;1582773712;MAIL_SEND-706: function is not confirmed! ERROR-4060;4060;OTHER;False;
MT/MQL4/Files/ERROR_SoSimple_662427296.csv;ERROR_SoSimple_662427296.csv;mt4_files;1582773712;MAIL_SEND-706: function is not confirmed! ERROR-4060;4060;OTHER;False;
MT/MQL4/Files/ERROR_SoSimple_662427296.csv;ERROR_SoSimple_662427296.csv;mt4_files;1582773712;MAIL_SEND-706: function is not confirmed! ERROR-4060;4060;OTHER;False;
MT/MQL4/Files/ERROR_SoSimple_662427296.csv;ERROR_SoSimple_662427296.csv;mt4_files;1582773712;MAIL_SEND-706: function is not confirmed! ERROR-4060;4060;OTHER;False;
MT/MQL4/Files/ERROR_SoSimple_662427296.csv;ERROR_SoSimple_662427296.csv;mt4_files;1582773712;MAIL_SEND-706: function is not confirmed! ERROR-4060;4060;OTHER;False;
MT/MQL4/Files/ERROR_SoSimple_662427296.csv;ERROR_SoSimple_662427296.csv;mt4_files;1582773712;MAIL_SEND-706: function is not confirmed! ERROR-4060;4060;OTHER;False;
MT/MQL4/Files/ERROR_SoSimple_662427296.csv;ERROR_SoSimple_662427296.csv;mt4_files;1582773712;MAIL_SEND-706: function is not confirmed! ERROR-4060;4060;OTHER;False;
MT/MQL4/Files/ERROR_SoSimple_662427296.csv;ERROR_SoSimple_662427296.csv;mt4_files;1582773712;MAIL_SEND-706: function is not confirmed! ERROR-4060;4060;OTHER;False;
MT/MQL4/Files/ERROR_SoSimple_662427296.csv;ERROR_SoSimple_662427296.csv;mt4_files;1582773712;MAIL_SEND-706: function is not confirmed! ERROR-4060;4060;OTHER;False;
MT/MQL4/Files/ERROR_SoSimple_662427296.csv;ERROR_SoSimple_662427296.csv;mt4_files;1582773712;MAIL_SEND-706: function is not confirmed! ERROR-4060;4060;OTHER;False;
MT/MQL4/Files/ERROR_SoSimple_662427296.csv;ERROR_SoSimple_662427296.csv;mt4_files;1582773712;MAIL_SEND-706: function is not confirmed! ERROR-4060;4060;OTHER;False;
MT/MQL4/Files/ERROR_SoSimple_662427296.csv;ERROR_SoSimple_662427296.csv;mt4_files;1582773712;MAIL_SEND-706: function is not confirmed! ERROR-4060;4060;OTHER;False;
MT/MQL4/Files/ERROR_SoSimple_662427296.csv;ERROR_SoSimple_662427296.csv;mt4_files;1582773712;MAIL_SEND-706: function is not confirmed! ERROR-4060;4060;OTHER;False;
MT/MQL4/Files/ERROR_SoSimple_662427296.csv;ERROR_SoSimple_662427296.csv;mt4_files;1582773712;MAIL_SEND-706: function is not confirmed! ERROR-4060;4060;OTHER;False;
MT/MQL4/Files/ERROR_SoSimple_662427296.csv;ERROR_SoSimple_662427296.csv;mt4_files;1582773712;MAIL_SEND-706: function is not confirmed! ERROR-4060;4060;OTHER;False;
MT/MQL4/Files/ERROR_SoSimple_662427296.csv;ERROR_SoSimple_662427296.csv;mt4_files;1582773712;MAIL_SEND-706: function is not confirmed! ERROR-4060;4060;OTHER;False;
MT/MQL4/Files/ERROR_SoSimple_662427296.csv;ERROR_SoSimple_662427296.csv;mt4_files;1582773712;MAIL_SEND-706: function is not confirmed! ERROR-4060;4060;OTHER;False;
MT/MQL4/Files/ERROR_SoSimple_662427296.csv;ERROR_SoSimple_662427296.csv;mt4_files;1582773712;MAIL_SEND-706: function is not confirmed! ERROR-4060;4060;OTHER;False;
MT/MQL4/Files/ERROR_SoSimple_662427296.csv;ERROR_SoSimple_662427296.csv;mt4_files;1582773712;MAIL_SEND-706: function is not confirmed! ERROR-4060;4060;OTHER;False;
MT/MQL4/Files/ERROR_SoSimple_662427296.csv;ERROR_SoSimple_662427296.csv;mt4_files;1582773712;MAIL_SEND-706: function is not confirmed! ERROR-4060;4060;OTHER;False;
MT/MQL4/Files/ERROR_SoSimple_662427296.csv;ERROR_SoSimple_662427296.csv;mt4_files;1582773712;MAIL_SEND-706: function is not confirmed! ERROR-4060;4060;OTHER;False;
MT/MQL4/Files/ERROR_SoSimple_662427296.csv;ERROR_SoSimple_662427296.csv;mt4_files;1582773712;MAIL_SEND-706: function is not confirmed! ERROR-4060;4060;OTHER;False;
MT/MQL4/Files/ERROR_SoSimple_662427296.csv;ERROR_SoSimple_662427296.csv;mt4_files;1582773712;MAIL_SEND-706: function is not confirmed! ERROR-4060;4060;OTHER;False;
MT/MQL4/Files/ERROR_SoSimple_662427296.csv;ERROR_SoSimple_662427296.csv;mt4_files;1582773712;MAIL_SEND-706: function is not confirmed! ERROR-4060;4060;OTHER;False;
MT/MQL4/Files/ERROR_SoSimple_662427296.csv;ERROR_SoSimple_662427296.csv;mt4_files;1582773712;MAIL_SEND-706: function is not confirmed! ERROR-4060;4060;OTHER;False;
MT/MQL4/Files/ERROR_SoSimple_662427296.csv;ERROR_SoSimple_662427296.csv;mt4_files;1582773712;MAIL_SEND-706: function is not confirmed! ERROR-4060;4060;OTHER;False;
MT/MQL4/Files/ERROR_SoSimple_662427296.csv;ERROR_SoSimple_662427296.csv;mt4_files;1582773712;MAIL_SEND-706: function is not confirmed! ERROR-4060;4060;OTHER;False;
MT/MQL4/Files/ERROR_SoSimple_662427296.csv;ERROR_SoSimple_662427296.csv;mt4_files;1582773712;MAIL_SEND-706: function is not confirmed! ERROR-4060;4060;OTHER;False;
MT/MQL4/Files/ERROR_SoSimple_662427296.csv;ERROR_SoSimple_662427296.csv;mt4_files;1582773712;MAIL_SEND-706: function is not confirmed! ERROR-4060;4060;OTHER;False;
MT/MQL4/Files/ERROR_SoSimple_662427296.csv;ERROR_SoSimple_662427296.csv;mt4_files;1582773712;MAIL_SEND-706: function is not confirmed! ERROR-4060;4060;OTHER;False;
MT/MQL4/Files/ERROR_SoSimple_662427296.csv;ERROR_SoSimple_662427296.csv;mt4_files;1582773712;MAIL_SEND-706: function is not confirmed! ERROR-4060;4060;OTHER;False;
MT/MQL4/Files/ERROR_SoSimple_662427296.csv;ERROR_SoSimple_662427296.csv;mt4_files;1582773712;MAIL_SEND-706: function is not confirmed! ERROR-4060;4060;OTHER;False;
MT/MQL4/Files/ERROR_SoSimple_662427296.csv;ERROR_SoSimple_662427296.csv;mt4_files;1582773712;MAIL_SEND-706: function is not confirmed! ERROR-4060;4060;OTHER;False;
MT/MQL4/Files/ERROR_SoSimple_662427296.csv;ERROR_SoSimple_662427296.csv;mt4_files;1582773712;MAIL_SEND-706: function is not confirmed! ERROR-4060;4060;OTHER;False;
MT/MQL4/Files/ERROR_SoSimple_662427296.csv;ERROR_SoSimple_662427296.csv;mt4_files;1582773712;MAIL_SEND-706: function is not confirmed! ERROR-4060;4060;OTHER;False;
MT/MQL4/Files/ERROR_SoSimple_662427296.csv;ERROR_SoSimple_662427296.csv;mt4_files;1582773712;MAIL_SEND-706: function is not confirmed! ERROR-4060;4060;OTHER;False;
MT/MQL4/Files/ERROR_SoSimple_662427296.csv;ERROR_SoSimple_662427296.csv;mt4_files;1582773712;MAIL_SEND-706: function is not confirmed! ERROR-4060;4060;OTHER;False;
MT/MQL4/Files/ERROR_SoSimple_662427296.csv;ERROR_SoSimple_662427296.csv;mt4_files;1582773712;MAIL_SEND-706: function is not confirmed! ERROR-4060;4060;OTHER;False;
MT/MQL4/Files/ERROR_SoSimple_662427296.csv;ERROR_SoSimple_662427296.csv;mt4_files;1582773712;MAIL_SEND-706: function is not confirmed! ERROR-4060;4060;OTHER;False;
MT/MQL4/Files/ERROR_SoSimple_662427296.csv;ERROR_SoSimple_662427296.csv;mt4_files;1582773712;MAIL_SEND-706: function is not confirmed! ERROR-4060;4060;OTHER;False;
MT/MQL4/Files/ERROR_SoSimple_662427296.csv;ERROR_SoSimple_662427296.csv;mt4_files;1582773712;MAIL_SEND-706: function is not confirmed! ERROR-4060;4060;OTHER;False;
MT/MQL4/Files/ERROR_SoSimple_662427296.csv;ERROR_SoSimple_662427296.csv;mt4_files;1582773712;MAIL_SEND-706: function is not confirmed! ERROR-4060;4060;OTHER;False;
MT/MQL4/Files/ERROR_SoSimple_662427296.csv;ERROR_SoSimple_662427296.csv;mt4_files;1582773712;MAIL_SEND-706: function is not confirmed! ERROR-4060;4060;OTHER;False;
MT/MQL4/Files/ERROR_SoSimple_662427296.csv;ERROR_SoSimple_662427296.csv;mt4_files;1582773712;MAIL_SEND-706: function is not confirmed! ERROR-4060;4060;OTHER;False;
MT/MQL4/Files/ERROR_SoSimple_662427296.csv;ERROR_SoSimple_662427296.csv;mt4_files;1582773712;MAIL_SEND-706: function is not confirmed! ERROR-4060;4060;OTHER;False;
MT/MQL4/Files/ERROR_SoSimple_662427296.csv;ERROR_SoSimple_662427296.csv;mt4_files;1582773712;MAIL_SEND-706: function is not confirmed! ERROR-4060;4060;OTHER;False;
MT/MQL4/Files/ERROR_SoSimple_662427296.csv;ERROR_SoSimple_662427296.csv;mt4_files;1582773712;MAIL_SEND-706: function is not confirmed! ERROR-4060;4060;OTHER;False;
MT/MQL4/Files/ERROR_SoSimple_662427296.csv;ERROR_SoSimple_662427296.csv;mt4_files;1582773712;MAIL_SEND-706: function is not confirmed! ERROR-4060;4060;OTHER;False;
MT/MQL4/Files/ERROR_SoSimple_662427296.csv;ERROR_SoSimple_662427296.csv;mt4_files;1582773712;MAIL_SEND-706: function is not confirmed! ERROR-4060;4060;OTHER;False;
MT/MQL4/Files/ERROR_SoSimple_662427296.csv;ERROR_SoSimple_662427296.csv;mt4_files;1582773712;MAIL_SEND-706: function is not confirmed! ERROR-4060;4060;OTHER;False;
MT/MQL4/Files/ERROR_SoSimple_662427296.csv;ERROR_SoSimple_662427296.csv;mt4_files;1582773712;MAIL_SEND-706: function is not confirmed! ERROR-4060;4060;OTHER;False;
MT/MQL4/Files/ERROR_SoSimple_662427296.csv;ERROR_SoSimple_662427296.csv;mt4_files;1582773712;MAIL_SEND-706: function is not confirmed! ERROR-4060;4060;OTHER;False;
MT/MQL4/Files/ERROR_SoSimple_662427296.csv;ERROR_SoSimple_662427296.csv;mt4_files;1582773712;MAIL_SEND-706: function is not confirmed! ERROR-4060;4060;OTHER;False;
MT/MQL4/Files/ERROR_SoSimple_662427296.csv;ERROR_SoSimple_662427296.csv;mt4_files;1582773712;MAIL_SEND-706: function is not confirmed! ERROR-4060;4060;OTHER;False;
MT/MQL4/Files/ERROR_SoSimple_662427296.csv;ERROR_SoSimple_662427296.csv;mt4_files;1582773712;MAIL_SEND-706: function is not confirmed! ERROR-4060;4060;OTHER;False;
MT/MQL4/Files/ERROR_SoSimple_662427296.csv;ERROR_SoSimple_662427296.csv;mt4_files;1582773712;MAIL_SEND-706: function is not confirmed! ERROR-4060;4060;OTHER;False;
MT/MQL4/Files/ERROR_SoSimple_662427296.csv;ERROR_SoSimple_662427296.csv;mt4_files;1582773712;MAIL_SEND-706: function is not confirmed! ERROR-4060;4060;OTHER;False;
MT/MQL4/Files/ERROR_SoSimple_662427296.csv;ERROR_SoSimple_662427296.csv;mt4_files;1582773712;MAIL_SEND-706: function is not confirmed! ERROR-4060;4060;OTHER;False;
MT/MQL4/Files/ERROR_SoSimple_662427296.csv;ERROR_SoSimple_662427296.csv;mt4_files;1582773712;MAIL_SEND-706: function is not confirmed! ERROR-4060;4060;OTHER;False;
MT/MQL4/Files/ERROR_SoSimple_662427296.csv;ERROR_SoSimple_662427296.csv;mt4_files;1582773712;MAIL_SEND-706: function is not confirmed! ERROR-4060;4060;OTHER;False;
MT/MQL4/Files/ERROR_SoSimple_662427296.csv;ERROR_SoSimple_662427296.csv;mt4_files;1582773712;MAIL_SEND-706: function is not confirmed! ERROR-4060;4060;OTHER;False;
MT/MQL4/Files/ERROR_SoSimple_662427296.csv;ERROR_SoSimple_662427296.csv;mt4_files;1582773712;MAIL_SEND-706: function is not confirmed! ERROR-4060;4060;OTHER;False;
MT/MQL4/Files/ERROR_SoSimple_662427296.csv;ERROR_SoSimple_662427296.csv;mt4_files;1582773712;MAIL_SEND-706: function is not confirmed! ERROR-4060;4060;OTHER;False;
MT/MQL4/Files/ERROR_SoSimple_662427296.csv;ERROR_SoSimple_662427296.csv;mt4_files;1582773712;MAIL_SEND-706: function is not confirmed! ERROR-4060;4060;OTHER;False;
MT/MQL4/Files/ERROR_SoSimple_662427296.csv;ERROR_SoSimple_662427296.csv;mt4_files;1582773712;MAIL_SEND-706: function is not confirmed! ERROR-4060;4060;OTHER;False;
MT/MQL4/Files/ERROR_SoSimple_662427296.csv;ERROR_SoSimple_662427296.csv;mt4_files;1582773712;MAIL_SEND-706: function is not confirmed! ERROR-4060;4060;OTHER;False;
MT/MQL4/Files/ERROR_SoSimple_662427296.csv;ERROR_SoSimple_662427296.csv;mt4_files;1582773712;MAIL_SEND-706: function is not confirmed! ERROR-4060;4060;OTHER;False;
MT/MQL4/Files/ERROR_SoSimple_662427296.csv;ERROR_SoSimple_662427296.csv;mt4_files;1582773712;MAIL_SEND-706: function is not confirmed! ERROR-4060;4060;OTHER;False;
MT/MQL4/Files/ERROR_SoSimple_662427296.csv;ERROR_SoSimple_662427296.csv;mt4_files;1582773712;MAIL_SEND-706: function is not confirmed! ERROR-4060;4060;OTHER;False;
MT/MQL4/Files/ERROR_SoSimple_662427296.csv;ERROR_SoSimple_662427296.csv;mt4_files;1582773712;MAIL_SEND-706: function is not confirmed! ERROR-4060;4060;OTHER;False;
MT/MQL4/Files/ERROR_SoSimple_662427296.csv;ERROR_SoSimple_662427296.csv;mt4_files;1582773712;MAIL_SEND-706: function is not confirmed! ERROR-4060;4060;OTHER;False;
MT/MQL4/Files/ERROR_SoSimple_662427296.csv;ERROR_SoSimple_662427296.csv;mt4_files;1582773712;MAIL_SEND-706: function is not confirmed! ERROR-4060;4060;OTHER;False;
MT/MQL4/Files/ERROR_SoSimple_662427296.csv;ERROR_SoSimple_662427296.csv;mt4_files;1582773712;MAIL_SEND-706: function is not confirmed! ERROR-4060;4060;OTHER;False;
MT/MQL4/Files/ERROR_SoSimple_662427296.csv;ERROR_SoSimple_662427296.csv;mt4_files;1582773712;MAIL_SEND-706: function is not confirmed! ERROR-4060;4060;OTHER;False;
MT/MQL4/Files/ERROR_SoSimple_662427296.csv;ERROR_SoSimple_662427296.csv;mt4_files;1582773712;MAIL_SEND-706: function is not confirmed! ERROR-4060;4060;OTHER;False;
MT/MQL4/Files/ERROR_SoSimple_662427296.csv;ERROR_SoSimple_662427296.csv;mt4_files;1582773712;MAIL_SEND-706: function is not confirmed! ERROR-4060;4060;OTHER;False;
MT/MQL4/Files/ERROR_SoSimple_662427296.csv;ERROR_SoSimple_662427296.csv;mt4_files;1582773712;MAIL_SEND-706: function is not confirmed! ERROR-4060;4060;OTHER;False;
MT/MQL4/Files/ERROR_SoSimple_662427296.csv;ERROR_SoSimple_662427296.csv;mt4_files;1582773712;MAIL_SEND-706: function is not confirmed! ERROR-4060;4060;OTHER;False;
MT/MQL4/Files/ERROR_SoSimple_662427296.csv;ERROR_SoSimple_662427296.csv;mt4_files;1582773712;MAIL_SEND-706: function is not confirmed! ERROR-4060;4060;OTHER;False;
MT/MQL4/Files/ERROR_SoSimple_662427296.csv;ERROR_SoSimple_662427296.csv;mt4_files;1582773712;MAIL_SEND-706: function is not confirmed! ERROR-4060;4060;OTHER;False;
MT/MQL4/Files/ERROR_SoSimple_662427296.csv;ERROR_SoSimple_662427296.csv;mt4_files;1582773712;MAIL_SEND-706: function is not confirmed! ERROR-4060;4060;OTHER;False;
MT/MQL4/Files/ERROR_SoSimple_662427296.csv;ERROR_SoSimple_662427296.csv;mt4_files;1582773712;MAIL_SEND-706: function is not confirmed! ERROR-4060;4060;OTHER;False;
MT/MQL4/Files/ERROR_SoSimple_662427296.csv;ERROR_SoSimple_662427296.csv;mt4_files;1582773712;MAIL_SEND-706: function is not confirmed! ERROR-4060;4060;OTHER;False;
MT/MQL4/Files/ERROR_SoSimple_662427296.csv;ERROR_SoSimple_662427296.csv;mt4_files;1582773712;MAIL_SEND-706: function is not confirmed! ERROR-4060;4060;OTHER;False;
MT/MQL4/Files/ERROR_SoSimple_662427296.csv;ERROR_SoSimple_662427296.csv;mt4_files;1582773712;MAIL_SEND-706: function is not confirmed! ERROR-4060;4060;OTHER;False;
MT/MQL4/Files/ERROR_SoSimple_662427296.csv;ERROR_SoSimple_662427296.csv;mt4_files;1582773712;MAIL_SEND-706: function is not confirmed! ERROR-4060;4060;OTHER;False;
MT/MQL4/Files/ERROR_SoSimple_662427296.csv;ERROR_SoSimple_662427296.csv;mt4_files;1582773712;MAIL_SEND-706: function is not confirmed! ERROR-4060;4060;OTHER;False;
MT/MQL4/Files/ERROR_SoSimple_662427296.csv;ERROR_SoSimple_662427296.csv;mt4_files;1582773712;MAIL_SEND-706: function is not confirmed! ERROR-4060;4060;OTHER;False;
MT/MQL4/Files/ERROR_SoSimple_662427296.csv;ERROR_SoSimple_662427296.csv;mt4_files;1582773712;MAIL_SEND-706: function is not confirmed! ERROR-4060;4060;OTHER;False;
MT/MQL4/Files/ERROR_SoSimple_662427296.csv;ERROR_SoSimple_662427296.csv;mt4_files;1582773712;MAIL_SEND-706: function is not confirmed! ERROR-4060;4060;OTHER;False;
MT/MQL4/Files/ERROR_SoSimple_662427296.csv;ERROR_SoSimple_662427296.csv;mt4_files;1582773712;MAIL_SEND-706: function is not confirmed! ERROR-4060;4060;OTHER;False;
MT/MQL4/Files/ERROR_SoSimple_662427296.csv;ERROR_SoSimple_662427296.csv;mt4_files;1582773712;MAIL_SEND-706: function is not confirmed! ERROR-4060;4060;OTHER;False;
MT/MQL4/Files/ERROR_SoSimple_662427296.csv;ERROR_SoSimple_662427296.csv;mt4_files;1582773712;MAIL_SEND-706: function is not confirmed! ERROR-4060;4060;OTHER;False;
MT/MQL4/Files/ERROR_SoSimple_662427296.csv;ERROR_SoSimple_662427296.csv;mt4_files;1582773712;MAIL_SEND-706: function is not confirmed! ERROR-4060;4060;OTHER;False;
MT/MQL4/Files/ERROR_SoSimple_662427296.csv;ERROR_SoSimple_662427296.csv;mt4_files;1582773712;MAIL_SEND-706: function is not confirmed! ERROR-4060;4060;OTHER;False;
MT/MQL4/Files/ERROR_SoSimple_662427296.csv;ERROR_SoSimple_662427296.csv;mt4_files;1582773712;MAIL_SEND-706: function is not confirmed! ERROR-4060;4060;OTHER;False;
MT/MQL4/Files/ERROR_SoSimple_662427296.csv;ERROR_SoSimple_662427296.csv;mt4_files;1582773712;MAIL_SEND-706: function is not confirmed! ERROR-4060;4060;OTHER;False;
MT/MQL4/Files/ERROR_SoSimple_662427296.csv;ERROR_SoSimple_662427296.csv;mt4_files;1582773712;MAIL_SEND-706: function is not confirmed! ERROR-4060;4060;OTHER;False;
MT/MQL4/Files/ERROR_SoSimple_662427296.csv;ERROR_SoSimple_662427296.csv;mt4_files;1582773712;MAIL_SEND-706: function is not confirmed! ERROR-4060;4060;OTHER;False;
MT/MQL4/Files/ERROR_SoSimple_662427296.csv;ERROR_SoSimple_662427296.csv;mt4_files;1582773712;MAIL_SEND-706: function is not confirmed! ERROR-4060;4060;OTHER;False;
MT/MQL4/Files/ERROR_SoSimple_662427296.csv;ERROR_SoSimple_662427296.csv;mt4_files;1582773712;MAIL_SEND-706: function is not confirmed! ERROR-4060;4060;OTHER;False;
MT/MQL4/Files/ERROR_SoSimple_662427296.csv;ERROR_SoSimple_662427296.csv;mt4_files;1582773712;MAIL_SEND-706: function is not confirmed! ERROR-4060;4060;OTHER;False;
MT/MQL4/Files/ERROR_SoSimple_662427296.csv;ERROR_SoSimple_662427296.csv;mt4_files;1582773712;MAIL_SEND-706: function is not confirmed! ERROR-4060;4060;OTHER;False;
MT/MQL4/Files/ERROR_SoSimple_662427296.csv;ERROR_SoSimple_662427296.csv;mt4_files;1582773712;MAIL_SEND-706: function is not confirmed! ERROR-4060;4060;OTHER;False;
MT/MQL4/Files/ERROR_SoSimple_662427296.csv;ERROR_SoSimple_662427296.csv;mt4_files;1582773712;MAIL_SEND-706: function is not confirmed! ERROR-4060;4060;OTHER;False;
MT/MQL4/Files/ERROR_SoSimple_662427296.csv;ERROR_SoSimple_662427296.csv;mt4_files;1582773712;MAIL_SEND-706: function is not confirmed! ERROR-4060;4060;OTHER;False;
MT/MQL4/Files/ERROR_SoSimple_662427296.csv;ERROR_SoSimple_662427296.csv;mt4_files;1582773712;MAIL_SEND-706: function is not confirmed! ERROR-4060;4060;OTHER;False;
MT/MQL4/Files/ERROR_SoSimple_662427296.csv;ERROR_SoSimple_662427296.csv;mt4_files;1582773712;MAIL_SEND-706: function is not confirmed! ERROR-4060;4060;OTHER;False;
MT/MQL4/Files/ERROR_SoSimple_662427296.csv;ERROR_SoSimple_662427296.csv;mt4_files;1582773712;MAIL_SEND-706: function is not confirmed! ERROR-4060;4060;OTHER;False;
MT/MQL4/Files/ERROR_SoSimple_662427296.csv;ERROR_SoSimple_662427296.csv;mt4_files;1582773712;MAIL_SEND-706: function is not confirmed! ERROR-4060;4060;OTHER;False;
MT/MQL4/Files/ERROR_SoSimple_662427296.csv;ERROR_SoSimple_662427296.csv;mt4_files;1582773712;MAIL_SEND-706: function is not confirmed! ERROR-4060;4060;OTHER;False;
MT/MQL4/Files/ERROR_SoSimple_662427296.csv;ERROR_SoSimple_662427296.csv;mt4_files;1582773712;MAIL_SEND-706: function is not confirmed! ERROR-4060;4060;OTHER;False;
MT/MQL4/Files/ERROR_SoSimple_662427296.csv;ERROR_SoSimple_662427296.csv;mt4_files;1582773712;MAIL_SEND-706: function is not confirmed! ERROR-4060;4060;OTHER;False;
MT/MQL4/Files/ERROR_SoSimple_662427296.csv;ERROR_SoSimple_662427296.csv;mt4_files;1582773712;MAIL_SEND-706: function is not confirmed! ERROR-4060;4060;OTHER;False;
MT/MQL4/Files/ERROR_SoSimple_662427296.csv;ERROR_SoSimple_662427296.csv;mt4_files;1582773712;MAIL_SEND-706: function is not confirmed! ERROR-4060;4060;OTHER;False;
MT/MQL4/Files/ERROR_SoSimple_662427296.csv;ERROR_SoSimple_662427296.csv;mt4_files;1582773712;MAIL_SEND-706: function is not confirmed! ERROR-4060;4060;OTHER;False;
MT/MQL4/Files/ERROR_SoSimple_662427296.csv;ERROR_SoSimple_662427296.csv;mt4_files;1582773712;MAIL_SEND-706: function is not confirmed! ERROR-4060;4060;OTHER;False;
MT/MQL4/Files/ERROR_SoSimple_662427296.csv;ERROR_SoSimple_662427296.csv;mt4_files;1582773712;MAIL_SEND-706: function is not confirmed! ERROR-4060;4060;OTHER;False;
MT/MQL4/Files/ERROR_SoSimple_662427296.csv;ERROR_SoSimple_662427296.csv;mt4_files;1582773712;MAIL_SEND-706: function is not confirmed! ERROR-4060;4060;OTHER;False;
MT/MQL4/Files/ERROR_SoSimple_662427296.csv;ERROR_SoSimple_662427296.csv;mt4_files;1582773712;MAIL_SEND-706: function is not confirmed! ERROR-4060;4060;OTHER;False;
MT/MQL4/Files/ERROR_SoSimple_662427296.csv;ERROR_SoSimple_662427296.csv;mt4_files;1582773712;MAIL_SEND-706: function is not confirmed! ERROR-4060;4060;OTHER;False;
MT/MQL4/Files/ERROR_SoSimple_662427296.csv;ERROR_SoSimple_662427296.csv;mt4_files;1582773712;MAIL_SEND-706: function is not confirmed! ERROR-4060;4060;OTHER;False;
MT/MQL4/Files/ERROR_SoSimple_662427296.csv;ERROR_SoSimple_662427296.csv;mt4_files;1582773712;MAIL_SEND-706: function is not confirmed! ERROR-4060;4060;OTHER;False;
MT/MQL4/Files/ERROR_SoSimple_662427296.csv;ERROR_SoSimple_662427296.csv;mt4_files;1582773712;MAIL_SEND-706: function is not confirmed! ERROR-4060;4060;OTHER;False;
MT/MQL4/Files/ERROR_SoSimple_662427296.csv;ERROR_SoSimple_662427296.csv;mt4_files;1582773712;MAIL_SEND-706: function is not confirmed! ERROR-4060;4060;OTHER;False;
MT/MQL4/Files/ERROR_SoSimple_662427296.csv;ERROR_SoSimple_662427296.csv;mt4_files;1582773712;MAIL_SEND-706: function is not confirmed! ERROR-4060;4060;OTHER;False;
MT/MQL4/Files/ERROR_SoSimple_662427296.csv;ERROR_SoSimple_662427296.csv;mt4_files;1582773712;MAIL_SEND-706: function is not confirmed! ERROR-4060;4060;OTHER;False;
MT/MQL4/Files/ERROR_SoSimple_662427296.csv;ERROR_SoSimple_662427296.csv;mt4_files;1582773712;MAIL_SEND-706: function is not confirmed! ERROR-4060;4060;OTHER;False;
MT/MQL4/Files/ERROR_SoSimple_662427296.csv;ERROR_SoSimple_662427296.csv;mt4_files;1582773712;MAIL_SEND-706: function is not confirmed! ERROR-4060;4060;OTHER;False;
MT/MQL4/Files/ERROR_SoSimple_662427296.csv;ERROR_SoSimple_662427296.csv;mt4_files;1582773712;MAIL_SEND-706: function is not confirmed! ERROR-4060;4060;OTHER;False;
MT/MQL4/Files/ERROR_SoSimple_662427296.csv;ERROR_SoSimple_662427296.csv;mt4_files;1582773712;MAIL_SEND-706: function is not confirmed! ERROR-4060;4060;OTHER;False;
MT/MQL4/Files/ERROR_SoSimple_662427296.csv;ERROR_SoSimple_662427296.csv;mt4_files;1582773712;MAIL_SEND-706: function is not confirmed! ERROR-4060;4060;OTHER;False;
MT/MQL4/Files/ERROR_SoSimple_662427296.csv;ERROR_SoSimple_662427296.csv;mt4_files;1582773712;MAIL_SEND-706: function is not confirmed! ERROR-4060;4060;OTHER;False;
MT/MQL4/Files/ERROR_SoSimple_662427296.csv;ERROR_SoSimple_662427296.csv;mt4_files;1582773712;MAIL_SEND-706: function is not confirmed! ERROR-4060;4060;OTHER;False;
MT/MQL4/Files/ERROR_SoSimple_662427296.csv;ERROR_SoSimple_662427296.csv;mt4_files;1582773712;MAIL_SEND-706: function is not confirmed! ERROR-4060;4060;OTHER;False;
MT/MQL4/Files/ERROR_SoSimple_662427296.csv;ERROR_SoSimple_662427296.csv;mt4_files;1582773712;MAIL_SEND-706: function is not confirmed! ERROR-4060;4060;OTHER;False;
MT/MQL4/Files/ERROR_SoSimple_662427296.csv;ERROR_SoSimple_662427296.csv;mt4_files;1582773712;MAIL_SEND-706: function is not confirmed! ERROR-4060;4060;OTHER;False;
MT/MQL4/Files/ERROR_SoSimple_662427296.csv;ERROR_SoSimple_662427296.csv;mt4_files;1582773712;MAIL_SEND-706: function is not confirmed! ERROR-4060;4060;OTHER;False;
MT/MQL4/Files/ERROR_SoSimple_662427296.csv;ERROR_SoSimple_662427296.csv;mt4_files;1582773712;MAIL_SEND-706: function is not confirmed! ERROR-4060;4060;OTHER;False;
MT/MQL4/Files/ERROR_SoSimple_662427296.csv;ERROR_SoSimple_662427296.csv;mt4_files;1582773712;MAIL_SEND-706: function is not confirmed! ERROR-4060;4060;OTHER;False;
MT/MQL4/Files/ERROR_SoSimple_662427296.csv;ERROR_SoSimple_662427296.csv;mt4_files;1582773712;MAIL_SEND-706: function is not confirmed! ERROR-4060;4060;OTHER;False;
MT/MQL4/Files/ERROR_SoSimple_662427296.csv;ERROR_SoSimple_662427296.csv;mt4_files;1582773712;MAIL_SEND-706: function is not confirmed! ERROR-4060;4060;OTHER;False;
MT/MQL4/Files/ERROR_SoSimple_662427296.csv;ERROR_SoSimple_662427296.csv;mt4_files;1582773712;MAIL_SEND-706: function is not confirmed! ERROR-4060;4060;OTHER;False;
MT/MQL4/Files/ERROR_SoSimple_662427296.csv;ERROR_SoSimple_662427296.csv;mt4_files;1582773712;MAIL_SEND-706: function is not confirmed! ERROR-4060;4060;OTHER;False;
MT/MQL4/Files/ERROR_SoSimple_662427296.csv;ERROR_SoSimple_662427296.csv;mt4_files;1582773712;MAIL_SEND-706: function is not confirmed! ERROR-4060;4060;OTHER;False;
MT/MQL4/Files/ERROR_SoSimple_662427296.csv;ERROR_SoSimple_662427296.csv;mt4_files;1582773712;MAIL_SEND-706: function is not confirmed! ERROR-4060;4060;OTHER;False;
MT/MQL4/Files/ERROR_SoSimple_662427296.csv;ERROR_SoSimple_662427296.csv;mt4_files;1582773712;MAIL_SEND-706: function is not confirmed! ERROR-4060;4060;OTHER;False;
MT/MQL4/Files/ERROR_SoSimple_662427296.csv;ERROR_SoSimple_662427296.csv;mt4_files;1582773712;MAIL_SEND-706: function is not confirmed! ERROR-4060;4060;OTHER;False;
MT/MQL4/Files/ERROR_SoSimple_662427296.csv;ERROR_SoSimple_662427296.csv;mt4_files;1582773712;MAIL_SEND-706: function is not confirmed! ERROR-4060;4060;OTHER;False;
MT/MQL4/Files/ERROR_SoSimple_662427296.csv;ERROR_SoSimple_662427296.csv;mt4_files;1582773712;MAIL_SEND-706: function is not confirmed! ERROR-4060;4060;OTHER;False;
MT/MQL4/Files/ERROR_SoSimple_662427296.csv;ERROR_SoSimple_662427296.csv;mt4_files;1582773712;MAIL_SEND-706: function is not confirmed! ERROR-4060;4060;OTHER;False;
MT/MQL4/Files/ERROR_SoSimple_662427296.csv;ERROR_SoSimple_662427296.csv;mt4_files;1582773712;MAIL_SEND-706: function is not confirmed! ERROR-4060;4060;OTHER;False;
MT/MQL4/Files/ERROR_SoSimple_662427296.csv;ERROR_SoSimple_662427296.csv;mt4_files;1582773712;MAIL_SEND-706: function is not confirmed! ERROR-4060;4060;OTHER;False;
MT/MQL4/Files/ERROR_SoSimple_662427296.csv;ERROR_SoSimple_662427296.csv;mt4_files;1582773712;MAIL_SEND-706: function is not confirmed! ERROR-4060;4060;OTHER;False;
MT/MQL4/Files/ERROR_SoSimple_662427296.csv;ERROR_SoSimple_662427296.csv;mt4_files;0;OnInit-57: wrong file handle (handle index is out of handle table)! ERROR-5008;5008;OTHER;False;
MT/MQL4/Files/ERROR_SoSimple_899542240.csv;ERROR_SoSimple_899542240.csv;mt4_files;0;END-290: global variable not found! ERROR-4058;4058;OTHER;False;
MT/MQL4/Files/ERROR_SoSimple_899542240.csv;ERROR_SoSimple_899542240.csv;mt4_files;1575743811;MAIL_SEND-643: global variable not found! ERROR-4058;4058;OTHER;False;
MT/MQL4/Files/ERROR_SoSimple_899542240.csv;ERROR_SoSimple_899542240.csv;mt4_files;1575743811;MAIL_SEND-698: function is not confirmed! ERROR-4060;4060;OTHER;False;
MT/MQL4/Files/ERROR_SoSimple_899542240.csv;ERROR_SoSimple_899542240.csv;mt4_files;1575743811;MAIL_SEND-698: function is not confirmed! ERROR-4060;4060;OTHER;False;
MT/MQL4/Files/ERROR_SoSimple_899542240.csv;ERROR_SoSimple_899542240.csv;mt4_files;1575743811;MAIL_SEND-698: function is not confirmed! ERROR-4060;4060;OTHER;False;
MT/MQL4/Files/ERROR_SoSimple_899542240.csv;ERROR_SoSimple_899542240.csv;mt4_files;1575743811;MAIL_SEND-643: requested history data is in update state! ERROR-4066;4066;OTHER;False;
MT/MQL4/Files/ERROR_SoSimple_899542240.csv;ERROR_SoSimple_899542240.csv;mt4_files;1575743811;MAIL_SEND-698: function is not confirmed! ERROR-4060;4060;OTHER;False;
MT/MQL4/Files/ERROR_SoSimple_899542240.csv;ERROR_SoSimple_899542240.csv;mt4_files;1575743811;MAIL_SEND-643: requested history data is in update state! ERROR-4066;4066;OTHER;False;
MT/MQL4/Files/ERROR_SoSimple_899542240.csv;ERROR_SoSimple_899542240.csv;mt4_files;1575743811;MAIL_SEND-698: function is not confirmed! ERROR-4060;4060;OTHER;False;
MT/MQL4/Files/ERROR_SoSimple_899542240.csv;ERROR_SoSimple_899542240.csv;mt4_files;1575743811;MAIL_SEND-698: function is not confirmed! ERROR-4060;4060;OTHER;False;
MT/MQL4/Files/ERROR_SoSimple_899542240.csv;ERROR_SoSimple_899542240.csv;mt4_files;1575743811;MAIL_SEND-643: requested history data is in update state! ERROR-4066;4066;OTHER;False;
MT/MQL4/Files/ERROR_SoSimple_899542240.csv;ERROR_SoSimple_899542240.csv;mt4_files;1575743811;MAIL_SEND-698: function is not confirmed! ERROR-4060;4060;OTHER;False;
MT/MQL4/Files/ERROR_SoSimple_899542240.csv;ERROR_SoSimple_899542240.csv;mt4_files;1575743811;MAIL_SEND-643: requested history data is in update state! ERROR-4066;4066;OTHER;False;
MT/MQL4/Files/ERROR_SoSimple_899542240.csv;ERROR_SoSimple_899542240.csv;mt4_files;1575743811;MAIL_SEND-698: function is not confirmed! ERROR-4060;4060;OTHER;False;
MT/MQL4/Files/ERROR_SoSimple_899542240.csv;ERROR_SoSimple_899542240.csv;mt4_files;1575743811;MAIL_SEND-643: requested history data is in update state! ERROR-4066;4066;OTHER;False;
MT/MQL4/Files/ERROR_SoSimple_899542240.csv;ERROR_SoSimple_899542240.csv;mt4_files;1575743811;MAIL_SEND-698: function is not confirmed! ERROR-4060;4060;OTHER;False;
MT/MQL4/Files/ERROR_SoSimple_899542240.csv;ERROR_SoSimple_899542240.csv;mt4_files;1575743811;MAIL_SEND-643: requested history data is in update state! ERROR-4066;4066;OTHER;False;
MT/MQL4/Files/ERROR_SoSimple_899542240.csv;ERROR_SoSimple_899542240.csv;mt4_files;1575743811;MAIL_SEND-698: function is not confirmed! ERROR-4060;4060;OTHER;False;
MT/MQL4/Files/ERROR_SoSimple_899542240.csv;ERROR_SoSimple_899542240.csv;mt4_files;1575743811;MAIL_SEND-643: requested history data is in update state! ERROR-4066;4066;OTHER;False;
MT/MQL4/Files/ERROR_SoSimple_899542240.csv;ERROR_SoSimple_899542240.csv;mt4_files;1575743811;MAIL_SEND-698: function is not confirmed! ERROR-4060;4060;OTHER;False;
MT/MQL4/Files/ERROR_SoSimple_899542240.csv;ERROR_SoSimple_899542240.csv;mt4_files;1575743811;MAIL_SEND-643: requested history data is in update state! ERROR-4066;4066;OTHER;False;
MT/MQL4/Files/ERROR_SoSimple_899542240.csv;ERROR_SoSimple_899542240.csv;mt4_files;1575743811;MAIL_SEND-698: function is not confirmed! ERROR-4060;4060;OTHER;False;
MT/MQL4/Files/ERROR_SoSimple_899542240.csv;ERROR_SoSimple_899542240.csv;mt4_files;1575743811;MAIL_SEND-643: requested history data is in update state! ERROR-4066;4066;OTHER;False;
MT/MQL4/Files/ERROR_SoSimple_899542240.csv;ERROR_SoSimple_899542240.csv;mt4_files;1575743811;MAIL_SEND-698: function is not confirmed! ERROR-4060;4060;OTHER;False;
MT/MQL4/Files/ERROR_SoSimple_899542240.csv;ERROR_SoSimple_899542240.csv;mt4_files;1575743811;MAIL_SEND-643: requested history data is in update state! ERROR-4066;4066;OTHER;False;
MT/MQL4/Files/ERROR_SoSimple_899542240.csv;ERROR_SoSimple_899542240.csv;mt4_files;1575743811;MAIL_SEND-698: function is not confirmed! ERROR-4060;4060;OTHER;False;
MT/MQL4/Files/ERROR_SoSimple_899542240.csv;ERROR_SoSimple_899542240.csv;mt4_files;1575743811;MAIL_SEND-643: requested history data is in update state! ERROR-4066;4066;OTHER;False;
MT/MQL4/Files/ERROR_SoSimple_899542240.csv;ERROR_SoSimple_899542240.csv;mt4_files;1575743811;MAIL_SEND-698: function is not confirmed! ERROR-4060;4060;OTHER;False;
MT/MQL4/Files/ERROR_SoSimple_899542240.csv;ERROR_SoSimple_899542240.csv;mt4_files;1575743811;MAIL_SEND-643: requested history data is in update state! ERROR-4066;4066;OTHER;False;
MT/MQL4/Files/ERROR_SoSimple_899542240.csv;ERROR_SoSimple_899542240.csv;mt4_files;1575743811;MAIL_SEND-698: function is not confirmed! ERROR-4060;4060;OTHER;False;
MT/MQL4/Files/ERROR_SoSimple_899542240.csv;ERROR_SoSimple_899542240.csv;mt4_files;1575743811;MAIL_SEND-643: requested history data is in update state! ERROR-4066;4066;OTHER;False;
MT/MQL4/Files/ERROR_SoSimple_899542240.csv;ERROR_SoSimple_899542240.csv;mt4_files;1575743811;MAIL_SEND-698: function is not confirmed! ERROR-4060;4060;OTHER;False;
MT/MQL4/Files/ERROR_SoSimple_899542240.csv;ERROR_SoSimple_899542240.csv;mt4_files;1575743811;MAIL_SEND-643: requested history data is in update state! ERROR-4066;4066;OTHER;False;
MT/MQL4/Files/ERROR_SoSimple_899542240.csv;ERROR_SoSimple_899542240.csv;mt4_files;1575743811;MAIL_SEND-698: function is not confirmed! ERROR-4060;4060;OTHER;False;
MT/MQL4/Files/ERROR_SoSimple_899542240.csv;ERROR_SoSimple_899542240.csv;mt4_files;1575743811;MAIL_SEND-643: requested history data is in update state! ERROR-4066;4066;OTHER;False;
MT/MQL4/Files/ERROR_SoSimple_899542240.csv;ERROR_SoSimple_899542240.csv;mt4_files;1575743811;MAIL_SEND-698: function is not confirmed! ERROR-4060;4060;OTHER;False;
MT/tester/files/ERROR_SoSimple_113230240.csv;ERROR_SoSimple_113230240.csv;mt_tester_files;13;MLP_OpenLimitOrder: invalid stops! ERROR-130;130;INVALID_STOPS;False;
MT/tester/files/ERROR_SoSimple_113230240.csv;ERROR_SoSimple_113230240.csv;mt_tester_files;13;MLP_OpenLimitOrder: invalid stops! ERROR-130;130;INVALID_STOPS;False;
MT/tester/files/ERROR_SoSimple_113230240.csv;ERROR_SoSimple_113230240.csv;mt_tester_files;13;MLP_OpenLimitOrder: invalid stops! ERROR-130;130;INVALID_STOPS;False;
MT/tester/files/ERROR_SoSimple_113230240.csv;ERROR_SoSimple_113230240.csv;mt_tester_files;13;MLP_OpenLimitOrder: invalid stops! ERROR-130;130;INVALID_STOPS;False;
MT/tester/files/ERROR_SoSimple_113230240.csv;ERROR_SoSimple_113230240.csv;mt_tester_files;13;MLP_OpenLimitOrder: invalid stops! ERROR-130;130;INVALID_STOPS;False;
MT/tester/files/ERROR_SoSimple_113230240.csv;ERROR_SoSimple_113230240.csv;mt_tester_files;31;MLP_OpenLimitOrder: invalid stops! ERROR-130;130;INVALID_STOPS;False;
MT/tester/files/ERROR_SoSimple_113230240.csv;ERROR_SoSimple_113230240.csv;mt_tester_files;31;MLP_OpenLimitOrder: invalid stops! ERROR-130;130;INVALID_STOPS;False;
MT/tester/files/ERROR_SoSimple_113230240.csv;ERROR_SoSimple_113230240.csv;mt_tester_files;31;MLP_OpenLimitOrder: invalid stops! ERROR-130;130;INVALID_STOPS;False;
MT/tester/files/ERROR_SoSimple_113230240.csv;ERROR_SoSimple_113230240.csv;mt_tester_files;31;MLP_OpenLimitOrder: invalid stops! ERROR-130;130;INVALID_STOPS;False;
MT/tester/files/ERROR_SoSimple_113230240.csv;ERROR_SoSimple_113230240.csv;mt_tester_files;31;MLP_OpenLimitOrder: invalid stops! ERROR-130;130;INVALID_STOPS;False;
MT/tester/files/ERROR_SoSimple_113230240.csv;ERROR_SoSimple_113230240.csv;mt_tester_files;39;MLP_OpenLimitOrder: invalid stops! ERROR-130;130;INVALID_STOPS;False;
MT/tester/files/ERROR_SoSimple_113230240.csv;ERROR_SoSimple_113230240.csv;mt_tester_files;39;MLP_OpenLimitOrder: invalid stops! ERROR-130;130;INVALID_STOPS;False;
MT/tester/files/ERROR_SoSimple_113230240.csv;ERROR_SoSimple_113230240.csv;mt_tester_files;39;MLP_OpenLimitOrder: invalid stops! ERROR-130;130;INVALID_STOPS;False;
MT/tester/files/ERROR_SoSimple_113230240.csv;ERROR_SoSimple_113230240.csv;mt_tester_files;39;MLP_OpenLimitOrder: invalid stops! ERROR-130;130;INVALID_STOPS;False;
MT/tester/files/ERROR_SoSimple_113230240.csv;ERROR_SoSimple_113230240.csv;mt_tester_files;39;MLP_OpenLimitOrder: invalid stops! ERROR-130;130;INVALID_STOPS;False;
MT/tester/files/ERROR_SoSimple_113230240.csv;ERROR_SoSimple_113230240.csv;mt_tester_files;40;MLP_OpenLimitOrder: invalid stops! ERROR-130;130;INVALID_STOPS;False;
MT/tester/files/ERROR_SoSimple_113230240.csv;ERROR_SoSimple_113230240.csv;mt_tester_files;40;MLP_OpenLimitOrder: invalid stops! ERROR-130;130;INVALID_STOPS;False;
MT/tester/files/ERROR_SoSimple_113230240.csv;ERROR_SoSimple_113230240.csv;mt_tester_files;40;MLP_OpenLimitOrder: invalid stops! ERROR-130;130;INVALID_STOPS;False;
MT/tester/files/ERROR_SoSimple_113230240.csv;ERROR_SoSimple_113230240.csv;mt_tester_files;40;MLP_OpenLimitOrder: invalid stops! ERROR-130;130;INVALID_STOPS;False;
MT/tester/files/ERROR_SoSimple_113230240.csv;ERROR_SoSimple_113230240.csv;mt_tester_files;40;MLP_OpenLimitOrder: invalid stops! ERROR-130;130;INVALID_STOPS;False;
MT/tester/files/ERROR_SoSimple_113230240.csv;ERROR_SoSimple_113230240.csv;mt_tester_files;1;MLP_OpenLimitOrder: invalid stops! ERROR-130;130;INVALID_STOPS;False;
MT/tester/files/ERROR_SoSimple_113230240.csv;ERROR_SoSimple_113230240.csv;mt_tester_files;1;MLP_OpenLimitOrder: invalid stops! ERROR-130;130;INVALID_STOPS;False;
MT/tester/files/ERROR_SoSimple_113230240.csv;ERROR_SoSimple_113230240.csv;mt_tester_files;1;MLP_OpenLimitOrder: invalid stops! ERROR-130;130;INVALID_STOPS;False;
MT/tester/files/ERROR_SoSimple_113230240.csv;ERROR_SoSimple_113230240.csv;mt_tester_files;1;MLP_OpenLimitOrder: invalid stops! ERROR-130;130;INVALID_STOPS;False;
MT/tester/files/ERROR_SoSimple_113230240.csv;ERROR_SoSimple_113230240.csv;mt_tester_files;1;MLP_OpenLimitOrder: invalid stops! ERROR-130;130;INVALID_STOPS;False;
MT/tester/files/ERROR_SoSimple_113230240.csv;ERROR_SoSimple_113230240.csv;mt_tester_files;1;MLP_OpenLimitOrder: invalid stops! ERROR-130;130;INVALID_STOPS;False;
MT/tester/files/ERROR_SoSimple_113230240.csv;ERROR_SoSimple_113230240.csv;mt_tester_files;1;MLP_OpenLimitOrder: invalid stops! ERROR-130;130;INVALID_STOPS;False;
MT/tester/files/ERROR_SoSimple_113230240.csv;ERROR_SoSimple_113230240.csv;mt_tester_files;1;MLP_OpenLimitOrder: invalid stops! ERROR-130;130;INVALID_STOPS;False;
MT/tester/files/ERROR_SoSimple_113230240.csv;ERROR_SoSimple_113230240.csv;mt_tester_files;1;MLP_OpenLimitOrder: invalid stops! ERROR-130;130;INVALID_STOPS;False;
MT/tester/files/ERROR_SoSimple_113230240.csv;ERROR_SoSimple_113230240.csv;mt_tester_files;1;MLP_OpenLimitOrder: invalid stops! ERROR-130;130;INVALID_STOPS;False;
MT/tester/files/ERROR_SoSimple_113230240.csv;ERROR_SoSimple_113230240.csv;mt_tester_files;79;MLP_OpenLimitOrder: invalid stops! ERROR-130;130;INVALID_STOPS;False;
MT/tester/files/ERROR_SoSimple_113230240.csv;ERROR_SoSimple_113230240.csv;mt_tester_files;79;MLP_OpenLimitOrder: invalid stops! ERROR-130;130;INVALID_STOPS;False;
MT/tester/files/ERROR_SoSimple_113230240.csv;ERROR_SoSimple_113230240.csv;mt_tester_files;79;MLP_OpenLimitOrder: invalid stops! ERROR-130;130;INVALID_STOPS;False;
MT/tester/files/ERROR_SoSimple_113230240.csv;ERROR_SoSimple_113230240.csv;mt_tester_files;79;MLP_OpenLimitOrder: invalid stops! ERROR-130;130;INVALID_STOPS;False;
MT/tester/files/ERROR_SoSimple_113230240.csv;ERROR_SoSimple_113230240.csv;mt_tester_files;79;MLP_OpenLimitOrder: invalid stops! ERROR-130;130;INVALID_STOPS;False;
MT/tester/files/ERROR_SoSimple_113230240.csv;ERROR_SoSimple_113230240.csv;mt_tester_files;1;MLP_OpenLimitOrder: invalid stops! ERROR-130;130;INVALID_STOPS;False;
MT/tester/files/ERROR_SoSimple_113230240.csv;ERROR_SoSimple_113230240.csv;mt_tester_files;1;MLP_OpenLimitOrder: invalid stops! ERROR-130;130;INVALID_STOPS;False;
MT/tester/files/ERROR_SoSimple_113230240.csv;ERROR_SoSimple_113230240.csv;mt_tester_files;1;MLP_OpenLimitOrder: invalid stops! ERROR-130;130;INVALID_STOPS;False;
MT/tester/files/ERROR_SoSimple_113230240.csv;ERROR_SoSimple_113230240.csv;mt_tester_files;1;MLP_OpenLimitOrder: invalid stops! ERROR-130;130;INVALID_STOPS;False;
MT/tester/files/ERROR_SoSimple_113230240.csv;ERROR_SoSimple_113230240.csv;mt_tester_files;1;MLP_OpenLimitOrder: invalid stops! ERROR-130;130;INVALID_STOPS;False;
MT/tester/files/ERROR_SoSimple_113230240.csv;ERROR_SoSimple_113230240.csv;mt_tester_files;1;MLP_OpenLimitOrder: invalid stops! ERROR-130;130;INVALID_STOPS;False;
MT/tester/files/ERROR_SoSimple_113230240.csv;ERROR_SoSimple_113230240.csv;mt_tester_files;1;MLP_OpenLimitOrder: invalid stops! ERROR-130;130;INVALID_STOPS;False;
MT/tester/files/ERROR_SoSimple_113230240.csv;ERROR_SoSimple_113230240.csv;mt_tester_files;1;MLP_OpenLimitOrder: invalid stops! ERROR-130;130;INVALID_STOPS;False;
MT/tester/files/ERROR_SoSimple_113230240.csv;ERROR_SoSimple_113230240.csv;mt_tester_files;1;MLP_OpenLimitOrder: invalid stops! ERROR-130;130;INVALID_STOPS;False;
MT/tester/files/ERROR_SoSimple_113230240.csv;ERROR_SoSimple_113230240.csv;mt_tester_files;1;MLP_OpenLimitOrder: invalid stops! ERROR-130;130;INVALID_STOPS;False;
MT/tester/files/ERROR_SoSimple_113230240.csv;ERROR_SoSimple_113230240.csv;mt_tester_files;1;MLP_OpenLimitOrder: invalid stops! ERROR-130;130;INVALID_STOPS;False;
MT/tester/files/ERROR_SoSimple_113230240.csv;ERROR_SoSimple_113230240.csv;mt_tester_files;1;MLP_OpenLimitOrder: invalid stops! ERROR-130;130;INVALID_STOPS;False;
MT/tester/files/ERROR_SoSimple_113230240.csv;ERROR_SoSimple_113230240.csv;mt_tester_files;1;MLP_OpenLimitOrder: invalid stops! ERROR-130;130;INVALID_STOPS;False;
MT/tester/files/ERROR_SoSimple_113230240.csv;ERROR_SoSimple_113230240.csv;mt_tester_files;1;MLP_OpenLimitOrder: invalid stops! ERROR-130;130;INVALID_STOPS;False;
MT/tester/files/ERROR_SoSimple_113230240.csv;ERROR_SoSimple_113230240.csv;mt_tester_files;1;MLP_OpenLimitOrder: invalid stops! ERROR-130;130;INVALID_STOPS;False;
MT/tester/files/ERROR_SoSimple_113230240.csv;ERROR_SoSimple_113230240.csv;mt_tester_files;1;MLP_OpenLimitOrder: invalid stops! ERROR-130;130;INVALID_STOPS;False;
MT/tester/files/ERROR_SoSimple_113230240.csv;ERROR_SoSimple_113230240.csv;mt_tester_files;1;MLP_OpenLimitOrder: invalid stops! ERROR-130;130;INVALID_STOPS;False;
MT/tester/files/ERROR_SoSimple_113230240.csv;ERROR_SoSimple_113230240.csv;mt_tester_files;1;MLP_OpenLimitOrder: invalid stops! ERROR-130;130;INVALID_STOPS;False;
MT/tester/files/ERROR_SoSimple_113230240.csv;ERROR_SoSimple_113230240.csv;mt_tester_files;1;MLP_OpenLimitOrder: invalid stops! ERROR-130;130;INVALID_STOPS;False;
MT/tester/files/ERROR_SoSimple_113230240.csv;ERROR_SoSimple_113230240.csv;mt_tester_files;1;MLP_OpenLimitOrder: invalid stops! ERROR-130;130;INVALID_STOPS;False;
MT/tester/files/ERROR_SoSimple_113230240.csv;ERROR_SoSimple_113230240.csv;mt_tester_files;100;MLP_OpenLimitOrder: invalid stops! ERROR-130;130;INVALID_STOPS;False;
MT/tester/files/ERROR_SoSimple_113230240.csv;ERROR_SoSimple_113230240.csv;mt_tester_files;100;MLP_OpenLimitOrder: invalid stops! ERROR-130;130;INVALID_STOPS;False;
MT/tester/files/ERROR_SoSimple_113230240.csv;ERROR_SoSimple_113230240.csv;mt_tester_files;100;MLP_OpenLimitOrder: invalid stops! ERROR-130;130;INVALID_STOPS;False;
MT/tester/files/ERROR_SoSimple_113230240.csv;ERROR_SoSimple_113230240.csv;mt_tester_files;100;MLP_OpenLimitOrder: invalid stops! ERROR-130;130;INVALID_STOPS;False;
MT/tester/files/ERROR_SoSimple_113230240.csv;ERROR_SoSimple_113230240.csv;mt_tester_files;100;MLP_OpenLimitOrder: invalid stops! ERROR-130;130;INVALID_STOPS;False;
MT/tester/files/ERROR_SoSimple_113230240.csv;ERROR_SoSimple_113230240.csv;mt_tester_files;1;MLP_OpenLimitOrder: invalid stops! ERROR-130;130;INVALID_STOPS;False;
MT/tester/files/ERROR_SoSimple_113230240.csv;ERROR_SoSimple_113230240.csv;mt_tester_files;1;MLP_OpenLimitOrder: invalid stops! ERROR-130;130;INVALID_STOPS;False;
MT/tester/files/ERROR_SoSimple_113230240.csv;ERROR_SoSimple_113230240.csv;mt_tester_files;1;MLP_OpenLimitOrder: invalid stops! ERROR-130;130;INVALID_STOPS;False;
MT/tester/files/ERROR_SoSimple_113230240.csv;ERROR_SoSimple_113230240.csv;mt_tester_files;1;MLP_OpenLimitOrder: invalid stops! ERROR-130;130;INVALID_STOPS;False;
MT/tester/files/ERROR_SoSimple_113230240.csv;ERROR_SoSimple_113230240.csv;mt_tester_files;1;MLP_OpenLimitOrder: invalid stops! ERROR-130;130;INVALID_STOPS;False;
MT/tester/files/ERROR_SoSimple_113230240.csv;ERROR_SoSimple_113230240.csv;mt_tester_files;1;MLP_OpenLimitOrder: invalid stops! ERROR-130;130;INVALID_STOPS;False;
MT/tester/files/ERROR_SoSimple_113230240.csv;ERROR_SoSimple_113230240.csv;mt_tester_files;1;MLP_OpenLimitOrder: invalid stops! ERROR-130;130;INVALID_STOPS;False;
MT/tester/files/ERROR_SoSimple_113230240.csv;ERROR_SoSimple_113230240.csv;mt_tester_files;1;MLP_OpenLimitOrder: invalid stops! ERROR-130;130;INVALID_STOPS;False;
MT/tester/files/ERROR_SoSimple_113230240.csv;ERROR_SoSimple_113230240.csv;mt_tester_files;1;MLP_OpenLimitOrder: invalid stops! ERROR-130;130;INVALID_STOPS;False;
MT/tester/files/ERROR_SoSimple_113230240.csv;ERROR_SoSimple_113230240.csv;mt_tester_files;1;MLP_OpenLimitOrder: invalid stops! ERROR-130;130;INVALID_STOPS;False;
MT/tester/files/ERROR_SoSimple_113230240.csv;ERROR_SoSimple_113230240.csv;mt_tester_files;186;MLP_OpenLimitOrder: invalid stops! ERROR-130;130;INVALID_STOPS;False;
MT/tester/files/ERROR_SoSimple_113230240.csv;ERROR_SoSimple_113230240.csv;mt_tester_files;186;MLP_OpenLimitOrder: invalid stops! ERROR-130;130;INVALID_STOPS;False;
MT/tester/files/ERROR_SoSimple_113230240.csv;ERROR_SoSimple_113230240.csv;mt_tester_files;186;MLP_OpenLimitOrder: invalid stops! ERROR-130;130;INVALID_STOPS;False;
MT/tester/files/ERROR_SoSimple_113230240.csv;ERROR_SoSimple_113230240.csv;mt_tester_files;186;MLP_OpenLimitOrder: invalid stops! ERROR-130;130;INVALID_STOPS;False;
MT/tester/files/ERROR_SoSimple_113230240.csv;ERROR_SoSimple_113230240.csv;mt_tester_files;186;MLP_OpenLimitOrder: invalid stops! ERROR-130;130;INVALID_STOPS;False;
MT/tester/files/ERROR_SoSimple_113230240.csv;ERROR_SoSimple_113230240.csv;mt_tester_files;186;MLP_OpenLimitOrder: invalid stops! ERROR-130;130;INVALID_STOPS;False;
MT/tester/files/ERROR_SoSimple_113230240.csv;ERROR_SoSimple_113230240.csv;mt_tester_files;186;MLP_OpenLimitOrder: invalid stops! ERROR-130;130;INVALID_STOPS;False;
MT/tester/files/ERROR_SoSimple_113230240.csv;ERROR_SoSimple_113230240.csv;mt_tester_files;186;MLP_OpenLimitOrder: invalid stops! ERROR-130;130;INVALID_STOPS;False;
MT/tester/files/ERROR_SoSimple_113230240.csv;ERROR_SoSimple_113230240.csv;mt_tester_files;186;MLP_OpenLimitOrder: invalid stops! ERROR-130;130;INVALID_STOPS;False;
MT/tester/files/ERROR_SoSimple_113230240.csv;ERROR_SoSimple_113230240.csv;mt_tester_files;186;MLP_OpenLimitOrder: invalid stops! ERROR-130;130;INVALID_STOPS;False;
MT/tester/files/ERROR_SoSimple_113230240.csv;ERROR_SoSimple_113230240.csv;mt_tester_files;198;MLP_OpenLimitOrder: invalid stops! ERROR-130;130;INVALID_STOPS;False;
MT/tester/files/ERROR_SoSimple_113230240.csv;ERROR_SoSimple_113230240.csv;mt_tester_files;198;MLP_OpenLimitOrder: invalid stops! ERROR-130;130;INVALID_STOPS;False;
MT/tester/files/ERROR_SoSimple_113230240.csv;ERROR_SoSimple_113230240.csv;mt_tester_files;198;MLP_OpenLimitOrder: invalid stops! ERROR-130;130;INVALID_STOPS;False;
MT/tester/files/ERROR_SoSimple_113230240.csv;ERROR_SoSimple_113230240.csv;mt_tester_files;198;MLP_OpenLimitOrder: invalid stops! ERROR-130;130;INVALID_STOPS;False;
MT/tester/files/ERROR_SoSimple_113230240.csv;ERROR_SoSimple_113230240.csv;mt_tester_files;198;MLP_OpenLimitOrder: invalid stops! ERROR-130;130;INVALID_STOPS;False;
MT/tester/files/ERROR_SoSimple_113230240.csv;ERROR_SoSimple_113230240.csv;mt_tester_files;208;MLP_OpenLimitOrder: invalid stops! ERROR-130;130;INVALID_STOPS;False;
MT/tester/files/ERROR_SoSimple_113230240.csv;ERROR_SoSimple_113230240.csv;mt_tester_files;208;MLP_OpenLimitOrder: invalid stops! ERROR-130;130;INVALID_STOPS;False;
MT/tester/files/ERROR_SoSimple_113230240.csv;ERROR_SoSimple_113230240.csv;mt_tester_files;208;MLP_OpenLimitOrder: invalid stops! ERROR-130;130;INVALID_STOPS;False;
MT/tester/files/ERROR_SoSimple_113230240.csv;ERROR_SoSimple_113230240.csv;mt_tester_files;208;MLP_OpenLimitOrder: invalid stops! ERROR-130;130;INVALID_STOPS;False;
MT/tester/files/ERROR_SoSimple_113230240.csv;ERROR_SoSimple_113230240.csv;mt_tester_files;208;MLP_OpenLimitOrder: invalid stops! ERROR-130;130;INVALID_STOPS;False;
MT/tester/files/ERROR_SoSimple_113230240.csv;ERROR_SoSimple_113230240.csv;mt_tester_files;212;MLP_OpenLimitOrder: invalid stops! ERROR-130;130;INVALID_STOPS;False;
MT/tester/files/ERROR_SoSimple_113230240.csv;ERROR_SoSimple_113230240.csv;mt_tester_files;212;MLP_OpenLimitOrder: invalid stops! ERROR-130;130;INVALID_STOPS;False;
MT/tester/files/ERROR_SoSimple_113230240.csv;ERROR_SoSimple_113230240.csv;mt_tester_files;212;MLP_OpenLimitOrder: invalid stops! ERROR-130;130;INVALID_STOPS;False;
MT/tester/files/ERROR_SoSimple_113230240.csv;ERROR_SoSimple_113230240.csv;mt_tester_files;212;MLP_OpenLimitOrder: invalid stops! ERROR-130;130;INVALID_STOPS;False;
MT/tester/files/ERROR_SoSimple_113230240.csv;ERROR_SoSimple_113230240.csv;mt_tester_files;212;MLP_OpenLimitOrder: invalid stops! ERROR-130;130;INVALID_STOPS;False;
MT/tester/files/ERROR_SoSimple_113230240.csv;ERROR_SoSimple_113230240.csv;mt_tester_files;1;MLP_OpenLimitOrder: invalid stops! ERROR-130;130;INVALID_STOPS;False;
MT/tester/files/ERROR_SoSimple_113230240.csv;ERROR_SoSimple_113230240.csv;mt_tester_files;1;MLP_OpenLimitOrder: invalid stops! ERROR-130;130;INVALID_STOPS;False;
MT/tester/files/ERROR_SoSimple_113230240.csv;ERROR_SoSimple_113230240.csv;mt_tester_files;1;MLP_OpenLimitOrder: invalid stops! ERROR-130;130;INVALID_STOPS;False;
MT/tester/files/ERROR_SoSimple_113230240.csv;ERROR_SoSimple_113230240.csv;mt_tester_files;1;MLP_OpenLimitOrder: invalid stops! ERROR-130;130;INVALID_STOPS;False;
MT/tester/files/ERROR_SoSimple_113230240.csv;ERROR_SoSimple_113230240.csv;mt_tester_files;1;MLP_OpenLimitOrder: invalid stops! ERROR-130;130;INVALID_STOPS;False;
MT/tester/files/ERROR_SoSimple_113230240.csv;ERROR_SoSimple_113230240.csv;mt_tester_files;1;MLP_OpenLimitOrder: invalid stops! ERROR-130;130;INVALID_STOPS;False;
MT/tester/files/ERROR_SoSimple_113230240.csv;ERROR_SoSimple_113230240.csv;mt_tester_files;1;MLP_OpenLimitOrder: invalid stops! ERROR-130;130;INVALID_STOPS;False;
MT/tester/files/ERROR_SoSimple_113230240.csv;ERROR_SoSimple_113230240.csv;mt_tester_files;1;MLP_OpenLimitOrder: invalid stops! ERROR-130;130;INVALID_STOPS;False;
MT/tester/files/ERROR_SoSimple_113230240.csv;ERROR_SoSimple_113230240.csv;mt_tester_files;1;MLP_OpenLimitOrder: invalid stops! ERROR-130;130;INVALID_STOPS;False;
MT/tester/files/ERROR_SoSimple_113230240.csv;ERROR_SoSimple_113230240.csv;mt_tester_files;1;MLP_OpenLimitOrder: invalid stops! ERROR-130;130;INVALID_STOPS;False;
MT/tester/files/ERROR_SoSimple_113230240.csv;ERROR_SoSimple_113230240.csv;mt_tester_files;1;MLP_OpenLimitOrder: invalid stops! ERROR-130;130;INVALID_STOPS;False;
MT/tester/files/ERROR_SoSimple_113230240.csv;ERROR_SoSimple_113230240.csv;mt_tester_files;1;MLP_OpenLimitOrder: invalid stops! ERROR-130;130;INVALID_STOPS;False;
MT/tester/files/ERROR_SoSimple_113230240.csv;ERROR_SoSimple_113230240.csv;mt_tester_files;1;MLP_OpenLimitOrder: invalid stops! ERROR-130;130;INVALID_STOPS;False;
MT/tester/files/ERROR_SoSimple_113230240.csv;ERROR_SoSimple_113230240.csv;mt_tester_files;1;MLP_OpenLimitOrder: invalid stops! ERROR-130;130;INVALID_STOPS;False;
MT/tester/files/ERROR_SoSimple_113230240.csv;ERROR_SoSimple_113230240.csv;mt_tester_files;1;MLP_OpenLimitOrder: invalid stops! ERROR-130;130;INVALID_STOPS;False;
MT/tester/files/ERROR_SoSimple_113230240.csv;ERROR_SoSimple_113230240.csv;mt_tester_files;221;MLP_OpenLimitOrder: invalid stops! ERROR-130;130;INVALID_STOPS;False;
MT/tester/files/ERROR_SoSimple_113230240.csv;ERROR_SoSimple_113230240.csv;mt_tester_files;221;MLP_OpenLimitOrder: invalid stops! ERROR-130;130;INVALID_STOPS;False;
MT/tester/files/ERROR_SoSimple_113230240.csv;ERROR_SoSimple_113230240.csv;mt_tester_files;221;MLP_OpenLimitOrder: invalid stops! ERROR-130;130;INVALID_STOPS;False;
MT/tester/files/ERROR_SoSimple_113230240.csv;ERROR_SoSimple_113230240.csv;mt_tester_files;221;MLP_OpenLimitOrder: invalid stops! ERROR-130;130;INVALID_STOPS;False;
MT/tester/files/ERROR_SoSimple_113230240.csv;ERROR_SoSimple_113230240.csv;mt_tester_files;221;MLP_OpenLimitOrder: invalid stops! ERROR-130;130;INVALID_STOPS;False;
MT/tester/files/ERROR_SoSimple_113230240.csv;ERROR_SoSimple_113230240.csv;mt_tester_files;1;MLP_OpenLimitOrder: invalid stops! ERROR-130;130;INVALID_STOPS;False;
MT/tester/files/ERROR_SoSimple_113230240.csv;ERROR_SoSimple_113230240.csv;mt_tester_files;1;MLP_OpenLimitOrder: invalid stops! ERROR-130;130;INVALID_STOPS;False;
MT/tester/files/ERROR_SoSimple_113230240.csv;ERROR_SoSimple_113230240.csv;mt_tester_files;1;MLP_OpenLimitOrder: invalid stops! ERROR-130;130;INVALID_STOPS;False;
MT/tester/files/ERROR_SoSimple_113230240.csv;ERROR_SoSimple_113230240.csv;mt_tester_files;1;MLP_OpenLimitOrder: invalid stops! ERROR-130;130;INVALID_STOPS;False;
MT/tester/files/ERROR_SoSimple_113230240.csv;ERROR_SoSimple_113230240.csv;mt_tester_files;1;MLP_OpenLimitOrder: invalid stops! ERROR-130;130;INVALID_STOPS;False;
MT/tester/files/ERROR_SoSimple_113230240.csv;ERROR_SoSimple_113230240.csv;mt_tester_files;1;MLP_OpenLimitOrder: invalid stops! ERROR-130;130;INVALID_STOPS;False;
MT/tester/files/ERROR_SoSimple_113230240.csv;ERROR_SoSimple_113230240.csv;mt_tester_files;1;MLP_OpenLimitOrder: invalid stops! ERROR-130;130;INVALID_STOPS;False;
MT/tester/files/ERROR_SoSimple_113230240.csv;ERROR_SoSimple_113230240.csv;mt_tester_files;1;MLP_OpenLimitOrder: invalid stops! ERROR-130;130;INVALID_STOPS;False;
MT/tester/files/ERROR_SoSimple_113230240.csv;ERROR_SoSimple_113230240.csv;mt_tester_files;1;MLP_OpenLimitOrder: invalid stops! ERROR-130;130;INVALID_STOPS;False;
MT/tester/files/ERROR_SoSimple_113230240.csv;ERROR_SoSimple_113230240.csv;mt_tester_files;1;MLP_OpenLimitOrder: invalid stops! ERROR-130;130;INVALID_STOPS;False;
MT/tester/files/ERROR_SoSimple_113230240.csv;ERROR_SoSimple_113230240.csv;mt_tester_files;1;MLP_OpenLimitOrder: invalid stops! ERROR-130;130;INVALID_STOPS;False;
MT/tester/files/ERROR_SoSimple_113230240.csv;ERROR_SoSimple_113230240.csv;mt_tester_files;1;MLP_OpenLimitOrder: invalid stops! ERROR-130;130;INVALID_STOPS;False;
MT/tester/files/ERROR_SoSimple_113230240.csv;ERROR_SoSimple_113230240.csv;mt_tester_files;1;MLP_OpenLimitOrder: invalid stops! ERROR-130;130;INVALID_STOPS;False;
MT/tester/files/ERROR_SoSimple_113230240.csv;ERROR_SoSimple_113230240.csv;mt_tester_files;1;MLP_OpenLimitOrder: invalid stops! ERROR-130;130;INVALID_STOPS;False;
MT/tester/files/ERROR_SoSimple_113230240.csv;ERROR_SoSimple_113230240.csv;mt_tester_files;1;MLP_OpenLimitOrder: invalid stops! ERROR-130;130;INVALID_STOPS;False;
MT/tester/files/ERROR_SoSimple_113230240.csv;ERROR_SoSimple_113230240.csv;mt_tester_files;1;MLP_OpenLimitOrder: invalid stops! ERROR-130;130;INVALID_STOPS;False;
MT/tester/files/ERROR_SoSimple_113230240.csv;ERROR_SoSimple_113230240.csv;mt_tester_files;1;MLP_OpenLimitOrder: invalid stops! ERROR-130;130;INVALID_STOPS;False;
MT/tester/files/ERROR_SoSimple_113230240.csv;ERROR_SoSimple_113230240.csv;mt_tester_files;1;MLP_OpenLimitOrder: invalid stops! ERROR-130;130;INVALID_STOPS;False;
MT/tester/files/ERROR_SoSimple_113230240.csv;ERROR_SoSimple_113230240.csv;mt_tester_files;1;MLP_OpenLimitOrder: invalid stops! ERROR-130;130;INVALID_STOPS;False;
MT/tester/files/ERROR_SoSimple_113230240.csv;ERROR_SoSimple_113230240.csv;mt_tester_files;1;MLP_OpenLimitOrder: invalid stops! ERROR-130;130;INVALID_STOPS;False;
MT/tester/files/ERROR_SoSimple_113230240.csv;ERROR_SoSimple_113230240.csv;mt_tester_files;1;MLP_OpenLimitOrder: invalid stops! ERROR-130;130;INVALID_STOPS;False;
MT/tester/files/ERROR_SoSimple_113230240.csv;ERROR_SoSimple_113230240.csv;mt_tester_files;1;MLP_OpenLimitOrder: invalid stops! ERROR-130;130;INVALID_STOPS;False;
MT/tester/files/ERROR_SoSimple_113230240.csv;ERROR_SoSimple_113230240.csv;mt_tester_files;1;MLP_OpenLimitOrder: invalid stops! ERROR-130;130;INVALID_STOPS;False;
MT/tester/files/ERROR_SoSimple_113230240.csv;ERROR_SoSimple_113230240.csv;mt_tester_files;1;MLP_OpenLimitOrder: invalid stops! ERROR-130;130;INVALID_STOPS;False;
MT/tester/files/ERROR_SoSimple_113230240.csv;ERROR_SoSimple_113230240.csv;mt_tester_files;1;MLP_OpenLimitOrder: invalid stops! ERROR-130;130;INVALID_STOPS;False;
MT/tester/files/ERROR_SoSimple_113230240.csv;ERROR_SoSimple_113230240.csv;mt_tester_files;1;MLP_OpenLimitOrder: invalid stops! ERROR-130;130;INVALID_STOPS;False;
MT/tester/files/ERROR_SoSimple_113230240.csv;ERROR_SoSimple_113230240.csv;mt_tester_files;1;MLP_OpenLimitOrder: invalid stops! ERROR-130;130;INVALID_STOPS;False;
MT/tester/files/ERROR_SoSimple_113230240.csv;ERROR_SoSimple_113230240.csv;mt_tester_files;1;MLP_OpenLimitOrder: invalid stops! ERROR-130;130;INVALID_STOPS;False;
MT/tester/files/ERROR_SoSimple_113230240.csv;ERROR_SoSimple_113230240.csv;mt_tester_files;1;MLP_OpenLimitOrder: invalid stops! ERROR-130;130;INVALID_STOPS;False;
MT/tester/files/ERROR_SoSimple_113230240.csv;ERROR_SoSimple_113230240.csv;mt_tester_files;1;MLP_OpenLimitOrder: invalid stops! ERROR-130;130;INVALID_STOPS;False;
MT/tester/files/ERROR_SoSimple_113230240.csv;ERROR_SoSimple_113230240.csv;mt_tester_files;1;MLP_OpenLimitOrder: invalid stops! ERROR-130;130;INVALID_STOPS;False;
MT/tester/files/ERROR_SoSimple_113230240.csv;ERROR_SoSimple_113230240.csv;mt_tester_files;1;MLP_OpenLimitOrder: invalid stops! ERROR-130;130;INVALID_STOPS;False;
MT/tester/files/ERROR_SoSimple_113230240.csv;ERROR_SoSimple_113230240.csv;mt_tester_files;1;MLP_OpenLimitOrder: invalid stops! ERROR-130;130;INVALID_STOPS;False;
MT/tester/files/ERROR_SoSimple_113230240.csv;ERROR_SoSimple_113230240.csv;mt_tester_files;1;MLP_OpenLimitOrder: invalid stops! ERROR-130;130;INVALID_STOPS;False;
MT/tester/files/ERROR_SoSimple_113230240.csv;ERROR_SoSimple_113230240.csv;mt_tester_files;1;MLP_OpenLimitOrder: invalid stops! ERROR-130;130;INVALID_STOPS;False;
MT/tester/files/ERROR_SoSimple_113230240.csv;ERROR_SoSimple_113230240.csv;mt_tester_files;1;MLP_OpenLimitOrder: invalid stops! ERROR-130;130;INVALID_STOPS;False;
MT/tester/files/ERROR_SoSimple_113230240.csv;ERROR_SoSimple_113230240.csv;mt_tester_files;1;MLP_OpenLimitOrder: invalid stops! ERROR-130;130;INVALID_STOPS;False;
MT/tester/files/ERROR_SoSimple_113230240.csv;ERROR_SoSimple_113230240.csv;mt_tester_files;1;MLP_OpenLimitOrder: invalid stops! ERROR-130;130;INVALID_STOPS;False;
MT/tester/files/ERROR_SoSimple_113230240.csv;ERROR_SoSimple_113230240.csv;mt_tester_files;1;MLP_OpenLimitOrder: invalid stops! ERROR-130;130;INVALID_STOPS;False;
MT/tester/files/ERROR_SoSimple_113230240.csv;ERROR_SoSimple_113230240.csv;mt_tester_files;1;MLP_OpenLimitOrder: invalid stops! ERROR-130;130;INVALID_STOPS;False;
MT/tester/files/ERROR_SoSimple_113230240.csv;ERROR_SoSimple_113230240.csv;mt_tester_files;1;MLP_OpenLimitOrder: invalid stops! ERROR-130;130;INVALID_STOPS;False;
MT/tester/files/ERROR_SoSimple_113230240.csv;ERROR_SoSimple_113230240.csv;mt_tester_files;1;MLP_OpenLimitOrder: invalid stops! ERROR-130;130;INVALID_STOPS;False;
MT/tester/files/ERROR_SoSimple_113230240.csv;ERROR_SoSimple_113230240.csv;mt_tester_files;1;MLP_OpenLimitOrder: invalid stops! ERROR-130;130;INVALID_STOPS;False;
MT/tester/files/ERROR_SoSimple_113230240.csv;ERROR_SoSimple_113230240.csv;mt_tester_files;1;MLP_OpenLimitOrder: invalid stops! ERROR-130;130;INVALID_STOPS;False;
MT/tester/files/ERROR_SoSimple_113230240.csv;ERROR_SoSimple_113230240.csv;mt_tester_files;1;MLP_OpenLimitOrder: invalid stops! ERROR-130;130;INVALID_STOPS;False;
MT/tester/files/ERROR_SoSimple_113230240.csv;ERROR_SoSimple_113230240.csv;mt_tester_files;263;MLP_OpenLimitOrder: invalid stops! ERROR-130;130;INVALID_STOPS;False;
MT/tester/files/ERROR_SoSimple_113230240.csv;ERROR_SoSimple_113230240.csv;mt_tester_files;263;MLP_OpenLimitOrder: invalid stops! ERROR-130;130;INVALID_STOPS;False;
MT/tester/files/ERROR_SoSimple_113230240.csv;ERROR_SoSimple_113230240.csv;mt_tester_files;263;MLP_OpenLimitOrder: invalid stops! ERROR-130;130;INVALID_STOPS;False;
MT/tester/files/ERROR_SoSimple_113230240.csv;ERROR_SoSimple_113230240.csv;mt_tester_files;263;MLP_OpenLimitOrder: invalid stops! ERROR-130;130;INVALID_STOPS;False;
MT/tester/files/ERROR_SoSimple_113230240.csv;ERROR_SoSimple_113230240.csv;mt_tester_files;263;MLP_OpenLimitOrder: invalid stops! ERROR-130;130;INVALID_STOPS;False;
MT/tester/files/ERROR_SoSimple_113230240.csv;ERROR_SoSimple_113230240.csv;mt_tester_files;1;MLP_OpenLimitOrder: invalid stops! ERROR-130;130;INVALID_STOPS;False;
MT/tester/files/ERROR_SoSimple_113230240.csv;ERROR_SoSimple_113230240.csv;mt_tester_files;1;MLP_OpenLimitOrder: invalid stops! ERROR-130;130;INVALID_STOPS;False;
MT/tester/files/ERROR_SoSimple_113230240.csv;ERROR_SoSimple_113230240.csv;mt_tester_files;1;MLP_OpenLimitOrder: invalid stops! ERROR-130;130;INVALID_STOPS;False;
MT/tester/files/ERROR_SoSimple_113230240.csv;ERROR_SoSimple_113230240.csv;mt_tester_files;1;MLP_OpenLimitOrder: invalid stops! ERROR-130;130;INVALID_STOPS;False;
MT/tester/files/ERROR_SoSimple_113230240.csv;ERROR_SoSimple_113230240.csv;mt_tester_files;1;MLP_OpenLimitOrder: invalid stops! ERROR-130;130;INVALID_STOPS;False;
MT/tester/files/ERROR_SoSimple_113230240.csv;ERROR_SoSimple_113230240.csv;mt_tester_files;1;MLP_OpenLimitOrder: invalid stops! ERROR-130;130;INVALID_STOPS;False;
MT/tester/files/ERROR_SoSimple_113230240.csv;ERROR_SoSimple_113230240.csv;mt_tester_files;1;MLP_OpenLimitOrder: invalid stops! ERROR-130;130;INVALID_STOPS;False;
MT/tester/files/ERROR_SoSimple_113230240.csv;ERROR_SoSimple_113230240.csv;mt_tester_files;1;MLP_OpenLimitOrder: invalid stops! ERROR-130;130;INVALID_STOPS;False;
MT/tester/files/ERROR_SoSimple_113230240.csv;ERROR_SoSimple_113230240.csv;mt_tester_files;1;MLP_OpenLimitOrder: invalid stops! ERROR-130;130;INVALID_STOPS;False;
MT/tester/files/ERROR_SoSimple_113230240.csv;ERROR_SoSimple_113230240.csv;mt_tester_files;1;MLP_OpenLimitOrder: invalid stops! ERROR-130;130;INVALID_STOPS;False;
MT/tester/files/ERROR_SoSimple_113230240.csv;ERROR_SoSimple_113230240.csv;mt_tester_files;1;MLP_OpenLimitOrder: invalid stops! ERROR-130;130;INVALID_STOPS;False;
MT/tester/files/ERROR_SoSimple_113230240.csv;ERROR_SoSimple_113230240.csv;mt_tester_files;1;MLP_OpenLimitOrder: invalid stops! ERROR-130;130;INVALID_STOPS;False;
MT/tester/files/ERROR_SoSimple_113230240.csv;ERROR_SoSimple_113230240.csv;mt_tester_files;1;MLP_OpenLimitOrder: invalid stops! ERROR-130;130;INVALID_STOPS;False;
MT/tester/files/ERROR_SoSimple_113230240.csv;ERROR_SoSimple_113230240.csv;mt_tester_files;1;MLP_OpenLimitOrder: invalid stops! ERROR-130;130;INVALID_STOPS;False;
MT/tester/files/ERROR_SoSimple_113230240.csv;ERROR_SoSimple_113230240.csv;mt_tester_files;1;MLP_OpenLimitOrder: invalid stops! ERROR-130;130;INVALID_STOPS;False;
MT/tester/files/ERROR_SoSimple_113230240.csv;ERROR_SoSimple_113230240.csv;mt_tester_files;1;MLP_OpenLimitOrder: invalid stops! ERROR-130;130;INVALID_STOPS;False;
MT/tester/files/ERROR_SoSimple_113230240.csv;ERROR_SoSimple_113230240.csv;mt_tester_files;1;MLP_OpenLimitOrder: invalid stops! ERROR-130;130;INVALID_STOPS;False;
MT/tester/files/ERROR_SoSimple_113230240.csv;ERROR_SoSimple_113230240.csv;mt_tester_files;1;MLP_OpenLimitOrder: invalid stops! ERROR-130;130;INVALID_STOPS;False;
MT/tester/files/ERROR_SoSimple_113230240.csv;ERROR_SoSimple_113230240.csv;mt_tester_files;1;MLP_OpenLimitOrder: invalid stops! ERROR-130;130;INVALID_STOPS;False;
MT/tester/files/ERROR_SoSimple_113230240.csv;ERROR_SoSimple_113230240.csv;mt_tester_files;1;MLP_OpenLimitOrder: invalid stops! ERROR-130;130;INVALID_STOPS;False;
MT/tester/files/ERROR_SoSimple_113230240.csv;ERROR_SoSimple_113230240.csv;mt_tester_files;1;MLP_OpenLimitOrder: invalid stops! ERROR-130;130;INVALID_STOPS;False;
MT/tester/files/ERROR_SoSimple_113230240.csv;ERROR_SoSimple_113230240.csv;mt_tester_files;1;MLP_OpenLimitOrder: invalid stops! ERROR-130;130;INVALID_STOPS;False;
MT/tester/files/ERROR_SoSimple_113230240.csv;ERROR_SoSimple_113230240.csv;mt_tester_files;1;MLP_OpenLimitOrder: invalid stops! ERROR-130;130;INVALID_STOPS;False;
MT/tester/files/ERROR_SoSimple_113230240.csv;ERROR_SoSimple_113230240.csv;mt_tester_files;1;MLP_OpenLimitOrder: invalid stops! ERROR-130;130;INVALID_STOPS;False;
MT/tester/files/ERROR_SoSimple_113230240.csv;ERROR_SoSimple_113230240.csv;mt_tester_files;1;MLP_OpenLimitOrder: invalid stops! ERROR-130;130;INVALID_STOPS;False;
MT/tester/files/ERROR_SoSimple_113230240.csv;ERROR_SoSimple_113230240.csv;mt_tester_files;1;MLP_OpenLimitOrder: invalid stops! ERROR-130;130;INVALID_STOPS;False;
MT/tester/files/ERROR_SoSimple_113230240.csv;ERROR_SoSimple_113230240.csv;mt_tester_files;1;MLP_OpenLimitOrder: invalid stops! ERROR-130;130;INVALID_STOPS;False;
MT/tester/files/ERROR_SoSimple_113230240.csv;ERROR_SoSimple_113230240.csv;mt_tester_files;1;MLP_OpenLimitOrder: invalid stops! ERROR-130;130;INVALID_STOPS;False;
MT/tester/files/ERROR_SoSimple_113230240.csv;ERROR_SoSimple_113230240.csv;mt_tester_files;1;MLP_OpenLimitOrder: invalid stops! ERROR-130;130;INVALID_STOPS;False;
MT/tester/files/ERROR_SoSimple_113230240.csv;ERROR_SoSimple_113230240.csv;mt_tester_files;1;MLP_OpenLimitOrder: invalid stops! ERROR-130;130;INVALID_STOPS;False;
MT/tester/files/ERROR_SoSimple_113230240.csv;ERROR_SoSimple_113230240.csv;mt_tester_files;1;MLP_OpenLimitOrder: invalid stops! ERROR-130;130;INVALID_STOPS;False;
MT/tester/files/ERROR_SoSimple_113230240.csv;ERROR_SoSimple_113230240.csv;mt_tester_files;1;MLP_OpenLimitOrder: invalid stops! ERROR-130;130;INVALID_STOPS;False;
MT/tester/files/ERROR_SoSimple_113230240.csv;ERROR_SoSimple_113230240.csv;mt_tester_files;1;MLP_OpenLimitOrder: invalid stops! ERROR-130;130;INVALID_STOPS;False;
MT/tester/files/ERROR_SoSimple_113230240.csv;ERROR_SoSimple_113230240.csv;mt_tester_files;1;MLP_OpenLimitOrder: invalid stops! ERROR-130;130;INVALID_STOPS;False;
MT/tester/files/ERROR_SoSimple_113230240.csv;ERROR_SoSimple_113230240.csv;mt_tester_files;1;MLP_OpenLimitOrder: invalid stops! ERROR-130;130;INVALID_STOPS;False;
MT/tester/files/ERROR_SoSimple_113230240.csv;ERROR_SoSimple_113230240.csv;mt_tester_files;1;MLP_OpenLimitOrder: invalid stops! ERROR-130;130;INVALID_STOPS;False;
MT/tester/files/ERROR_SoSimple_113230240.csv;ERROR_SoSimple_113230240.csv;mt_tester_files;1;MLP_OpenLimitOrder: invalid stops! ERROR-130;130;INVALID_STOPS;False;
MT/tester/files/ERROR_SoSimple_113230240.csv;ERROR_SoSimple_113230240.csv;mt_tester_files;1;MLP_OpenLimitOrder: invalid stops! ERROR-130;130;INVALID_STOPS;False;
MT/tester/files/ERROR_SoSimple_113230240.csv;ERROR_SoSimple_113230240.csv;mt_tester_files;1;MLP_OpenLimitOrder: invalid stops! ERROR-130;130;INVALID_STOPS;False;
MT/tester/files/ERROR_SoSimple_113230240.csv;ERROR_SoSimple_113230240.csv;mt_tester_files;1;MLP_OpenLimitOrder: invalid stops! ERROR-130;130;INVALID_STOPS;False;
MT/tester/files/ERROR_SoSimple_113230240.csv;ERROR_SoSimple_113230240.csv;mt_tester_files;1;MLP_OpenLimitOrder: invalid stops! ERROR-130;130;INVALID_STOPS;False;
MT/tester/files/ERROR_SoSimple_113230240.csv;ERROR_SoSimple_113230240.csv;mt_tester_files;1;MLP_OpenLimitOrder: invalid stops! ERROR-130;130;INVALID_STOPS;False;
MT/tester/files/ERROR_SoSimple_113230240.csv;ERROR_SoSimple_113230240.csv;mt_tester_files;1;MLP_OpenLimitOrder: invalid stops! ERROR-130;130;INVALID_STOPS;False;
MT/tester/files/ERROR_SoSimple_113230240.csv;ERROR_SoSimple_113230240.csv;mt_tester_files;1;MLP_OpenLimitOrder: invalid stops! ERROR-130;130;INVALID_STOPS;False;
MT/tester/files/ERROR_SoSimple_113230240.csv;ERROR_SoSimple_113230240.csv;mt_tester_files;1;MLP_OpenLimitOrder: invalid stops! ERROR-130;130;INVALID_STOPS;False;
MT/tester/files/ERROR_SoSimple_113230240.csv;ERROR_SoSimple_113230240.csv;mt_tester_files;405;MLP_OpenLimitOrder: invalid stops! ERROR-130;130;INVALID_STOPS;False;
MT/tester/files/ERROR_SoSimple_113230240.csv;ERROR_SoSimple_113230240.csv;mt_tester_files;405;MLP_OpenLimitOrder: invalid stops! ERROR-130;130;INVALID_STOPS;False;
MT/tester/files/ERROR_SoSimple_113230240.csv;ERROR_SoSimple_113230240.csv;mt_tester_files;405;MLP_OpenLimitOrder: invalid stops! ERROR-130;130;INVALID_STOPS;False;
MT/tester/files/ERROR_SoSimple_113230240.csv;ERROR_SoSimple_113230240.csv;mt_tester_files;405;MLP_OpenLimitOrder: invalid stops! ERROR-130;130;INVALID_STOPS;False;
MT/tester/files/ERROR_SoSimple_113230240.csv;ERROR_SoSimple_113230240.csv;mt_tester_files;405;MLP_OpenLimitOrder: invalid stops! ERROR-130;130;INVALID_STOPS;False;
MT/tester/files/ERROR_SoSimple_113230240.csv;ERROR_SoSimple_113230240.csv;mt_tester_files;411;MLP_OpenLimitOrder: invalid stops! ERROR-130;130;INVALID_STOPS;False;
MT/tester/files/ERROR_SoSimple_113230240.csv;ERROR_SoSimple_113230240.csv;mt_tester_files;411;MLP_OpenLimitOrder: invalid stops! ERROR-130;130;INVALID_STOPS;False;
MT/tester/files/ERROR_SoSimple_113230240.csv;ERROR_SoSimple_113230240.csv;mt_tester_files;411;MLP_OpenLimitOrder: invalid stops! ERROR-130;130;INVALID_STOPS;False;
MT/tester/files/ERROR_SoSimple_113230240.csv;ERROR_SoSimple_113230240.csv;mt_tester_files;411;MLP_OpenLimitOrder: invalid stops! ERROR-130;130;INVALID_STOPS;False;
MT/tester/files/ERROR_SoSimple_113230240.csv;ERROR_SoSimple_113230240.csv;mt_tester_files;411;MLP_OpenLimitOrder: invalid stops! ERROR-130;130;INVALID_STOPS;False;
MT/tester/files/ERROR_SoSimple_113230240.csv;ERROR_SoSimple_113230240.csv;mt_tester_files;1;MLP_OpenLimitOrder: invalid stops! ERROR-130;130;INVALID_STOPS;False;
MT/tester/files/ERROR_SoSimple_113230240.csv;ERROR_SoSimple_113230240.csv;mt_tester_files;1;MLP_OpenLimitOrder: invalid stops! ERROR-130;130;INVALID_STOPS;False;
MT/tester/files/ERROR_SoSimple_113230240.csv;ERROR_SoSimple_113230240.csv;mt_tester_files;1;MLP_OpenLimitOrder: invalid stops! ERROR-130;130;INVALID_STOPS;False;
MT/tester/files/ERROR_SoSimple_113230240.csv;ERROR_SoSimple_113230240.csv;mt_tester_files;1;MLP_OpenLimitOrder: invalid stops! ERROR-130;130;INVALID_STOPS;False;
MT/tester/files/ERROR_SoSimple_113230240.csv;ERROR_SoSimple_113230240.csv;mt_tester_files;1;MLP_OpenLimitOrder: invalid stops! ERROR-130;130;INVALID_STOPS;False;
MT/tester/files/ERROR_SoSimple_113230240.csv;ERROR_SoSimple_113230240.csv;mt_tester_files;442;MLP_OpenLimitOrder: invalid stops! ERROR-130;130;INVALID_STOPS;False;
MT/tester/files/ERROR_SoSimple_113230240.csv;ERROR_SoSimple_113230240.csv;mt_tester_files;442;MLP_OpenLimitOrder: invalid stops! ERROR-130;130;INVALID_STOPS;False;
MT/tester/files/ERROR_SoSimple_113230240.csv;ERROR_SoSimple_113230240.csv;mt_tester_files;442;MLP_OpenLimitOrder: invalid stops! ERROR-130;130;INVALID_STOPS;False;
MT/tester/files/ERROR_SoSimple_113230240.csv;ERROR_SoSimple_113230240.csv;mt_tester_files;442;MLP_OpenLimitOrder: invalid stops! ERROR-130;130;INVALID_STOPS;False;
MT/tester/files/ERROR_SoSimple_113230240.csv;ERROR_SoSimple_113230240.csv;mt_tester_files;442;MLP_OpenLimitOrder: invalid stops! ERROR-130;130;INVALID_STOPS;False;
MT/tester/files/ERROR_SoSimple_113230240.csv;ERROR_SoSimple_113230240.csv;mt_tester_files;474;MLP_OpenLimitOrder: invalid stops! ERROR-130;130;INVALID_STOPS;False;
MT/tester/files/ERROR_SoSimple_113230240.csv;ERROR_SoSimple_113230240.csv;mt_tester_files;474;MLP_OpenLimitOrder: invalid stops! ERROR-130;130;INVALID_STOPS;False;
MT/tester/files/ERROR_SoSimple_113230240.csv;ERROR_SoSimple_113230240.csv;mt_tester_files;474;MLP_OpenLimitOrder: invalid stops! ERROR-130;130;INVALID_STOPS;False;
MT/tester/files/ERROR_SoSimple_113230240.csv;ERROR_SoSimple_113230240.csv;mt_tester_files;474;MLP_OpenLimitOrder: invalid stops! ERROR-130;130;INVALID_STOPS;False;
MT/tester/files/ERROR_SoSimple_113230240.csv;ERROR_SoSimple_113230240.csv;mt_tester_files;474;MLP_OpenLimitOrder: invalid stops! ERROR-130;130;INVALID_STOPS;False;
MT/tester/files/ERROR_SoSimple_113230240.csv;ERROR_SoSimple_113230240.csv;mt_tester_files;1;MLP_OpenLimitOrder: invalid stops! ERROR-130;130;INVALID_STOPS;False;
MT/tester/files/ERROR_SoSimple_113230240.csv;ERROR_SoSimple_113230240.csv;mt_tester_files;1;MLP_OpenLimitOrder: invalid stops! ERROR-130;130;INVALID_STOPS;False;
MT/tester/files/ERROR_SoSimple_113230240.csv;ERROR_SoSimple_113230240.csv;mt_tester_files;1;MLP_OpenLimitOrder: invalid stops! ERROR-130;130;INVALID_STOPS;False;
MT/tester/files/ERROR_SoSimple_113230240.csv;ERROR_SoSimple_113230240.csv;mt_tester_files;1;MLP_OpenLimitOrder: invalid stops! ERROR-130;130;INVALID_STOPS;False;
MT/tester/files/ERROR_SoSimple_113230240.csv;ERROR_SoSimple_113230240.csv;mt_tester_files;1;MLP_OpenLimitOrder: invalid stops! ERROR-130;130;INVALID_STOPS;False;
MT/tester/files/ERROR_SoSimple_113230240.csv;ERROR_SoSimple_113230240.csv;mt_tester_files;525;MLP_OpenLimitOrder: invalid stops! ERROR-130;130;INVALID_STOPS;False;
MT/tester/files/ERROR_SoSimple_113230240.csv;ERROR_SoSimple_113230240.csv;mt_tester_files;525;MLP_OpenLimitOrder: invalid stops! ERROR-130;130;INVALID_STOPS;False;
MT/tester/files/ERROR_SoSimple_113230240.csv;ERROR_SoSimple_113230240.csv;mt_tester_files;525;MLP_OpenLimitOrder: invalid stops! ERROR-130;130;INVALID_STOPS;False;
MT/tester/files/ERROR_SoSimple_113230240.csv;ERROR_SoSimple_113230240.csv;mt_tester_files;525;MLP_OpenLimitOrder: invalid stops! ERROR-130;130;INVALID_STOPS;False;
MT/tester/files/ERROR_SoSimple_113230240.csv;ERROR_SoSimple_113230240.csv;mt_tester_files;525;MLP_OpenLimitOrder: invalid stops! ERROR-130;130;INVALID_STOPS;False;
MT/tester/files/ERROR_SoSimple_113230240.csv;ERROR_SoSimple_113230240.csv;mt_tester_files;1;MLP_OpenLimitOrder: invalid stops! ERROR-130;130;INVALID_STOPS;False;
MT/tester/files/ERROR_SoSimple_113230240.csv;ERROR_SoSimple_113230240.csv;mt_tester_files;1;MLP_OpenLimitOrder: invalid stops! ERROR-130;130;INVALID_STOPS;False;
MT/tester/files/ERROR_SoSimple_113230240.csv;ERROR_SoSimple_113230240.csv;mt_tester_files;1;MLP_OpenLimitOrder: invalid stops! ERROR-130;130;INVALID_STOPS;False;
MT/tester/files/ERROR_SoSimple_113230240.csv;ERROR_SoSimple_113230240.csv;mt_tester_files;1;MLP_OpenLimitOrder: invalid stops! ERROR-130;130;INVALID_STOPS;False;
MT/tester/files/ERROR_SoSimple_113230240.csv;ERROR_SoSimple_113230240.csv;mt_tester_files;1;MLP_OpenLimitOrder: invalid stops! ERROR-130;130;INVALID_STOPS;False;
MT/tester/files/ERROR_SoSimple_113230240.csv;ERROR_SoSimple_113230240.csv;mt_tester_files;547;MLP_OpenLimitOrder: invalid stops! ERROR-130;130;INVALID_STOPS;False;
MT/tester/files/ERROR_SoSimple_113230240.csv;ERROR_SoSimple_113230240.csv;mt_tester_files;547;MLP_OpenLimitOrder: invalid stops! ERROR-130;130;INVALID_STOPS;False;
MT/tester/files/ERROR_SoSimple_113230240.csv;ERROR_SoSimple_113230240.csv;mt_tester_files;547;MLP_OpenLimitOrder: invalid stops! ERROR-130;130;INVALID_STOPS;False;
MT/tester/files/ERROR_SoSimple_113230240.csv;ERROR_SoSimple_113230240.csv;mt_tester_files;547;MLP_OpenLimitOrder: invalid stops! ERROR-130;130;INVALID_STOPS;False;
MT/tester/files/ERROR_SoSimple_113230240.csv;ERROR_SoSimple_113230240.csv;mt_tester_files;547;MLP_OpenLimitOrder: invalid stops! ERROR-130;130;INVALID_STOPS;False;
MT/tester/files/ERROR_SoSimple_113230240.csv;ERROR_SoSimple_113230240.csv;mt_tester_files;1;MLP_OpenLimitOrder: invalid stops! ERROR-130;130;INVALID_STOPS;False;
MT/tester/files/ERROR_SoSimple_113230240.csv;ERROR_SoSimple_113230240.csv;mt_tester_files;1;MLP_OpenLimitOrder: invalid stops! ERROR-130;130;INVALID_STOPS;False;
MT/tester/files/ERROR_SoSimple_113230240.csv;ERROR_SoSimple_113230240.csv;mt_tester_files;1;MLP_OpenLimitOrder: invalid stops! ERROR-130;130;INVALID_STOPS;False;
MT/tester/files/ERROR_SoSimple_113230240.csv;ERROR_SoSimple_113230240.csv;mt_tester_files;1;MLP_OpenLimitOrder: invalid stops! ERROR-130;130;INVALID_STOPS;False;
MT/tester/files/ERROR_SoSimple_113230240.csv;ERROR_SoSimple_113230240.csv;mt_tester_files;1;MLP_OpenLimitOrder: invalid stops! ERROR-130;130;INVALID_STOPS;False;
MT/tester/files/ERROR_SoSimple_113230240.csv;ERROR_SoSimple_113230240.csv;mt_tester_files;1;MLP_OpenLimitOrder: invalid stops! ERROR-130;130;INVALID_STOPS;False;
MT/tester/files/ERROR_SoSimple_113230240.csv;ERROR_SoSimple_113230240.csv;mt_tester_files;1;MLP_OpenLimitOrder: invalid stops! ERROR-130;130;INVALID_STOPS;False;
MT/tester/files/ERROR_SoSimple_113230240.csv;ERROR_SoSimple_113230240.csv;mt_tester_files;1;MLP_OpenLimitOrder: invalid stops! ERROR-130;130;INVALID_STOPS;False;
MT/tester/files/ERROR_SoSimple_113230240.csv;ERROR_SoSimple_113230240.csv;mt_tester_files;1;MLP_OpenLimitOrder: invalid stops! ERROR-130;130;INVALID_STOPS;False;
MT/tester/files/ERROR_SoSimple_113230240.csv;ERROR_SoSimple_113230240.csv;mt_tester_files;1;MLP_OpenLimitOrder: invalid stops! ERROR-130;130;INVALID_STOPS;False;
MT/tester/files/ERROR_SoSimple_113230240.csv;ERROR_SoSimple_113230240.csv;mt_tester_files;579;MLP_OpenLimitOrder: invalid stops! ERROR-130;130;INVALID_STOPS;False;
MT/tester/files/ERROR_SoSimple_113230240.csv;ERROR_SoSimple_113230240.csv;mt_tester_files;579;MLP_OpenLimitOrder: invalid stops! ERROR-130;130;INVALID_STOPS;False;
MT/tester/files/ERROR_SoSimple_113230240.csv;ERROR_SoSimple_113230240.csv;mt_tester_files;579;MLP_OpenLimitOrder: invalid stops! ERROR-130;130;INVALID_STOPS;False;
MT/tester/files/ERROR_SoSimple_113230240.csv;ERROR_SoSimple_113230240.csv;mt_tester_files;579;MLP_OpenLimitOrder: invalid stops! ERROR-130;130;INVALID_STOPS;False;
MT/tester/files/ERROR_SoSimple_113230240.csv;ERROR_SoSimple_113230240.csv;mt_tester_files;579;MLP_OpenLimitOrder: invalid stops! ERROR-130;130;INVALID_STOPS;False;
MT/tester/files/ERROR_SoSimple_113230240.csv;ERROR_SoSimple_113230240.csv;mt_tester_files;1;MLP_OpenLimitOrder: invalid stops! ERROR-130;130;INVALID_STOPS;False;
MT/tester/files/ERROR_SoSimple_113230240.csv;ERROR_SoSimple_113230240.csv;mt_tester_files;1;MLP_OpenLimitOrder: invalid stops! ERROR-130;130;INVALID_STOPS;False;
MT/tester/files/ERROR_SoSimple_113230240.csv;ERROR_SoSimple_113230240.csv;mt_tester_files;1;MLP_OpenLimitOrder: invalid stops! ERROR-130;130;INVALID_STOPS;False;
MT/tester/files/ERROR_SoSimple_113230240.csv;ERROR_SoSimple_113230240.csv;mt_tester_files;1;MLP_OpenLimitOrder: invalid stops! ERROR-130;130;INVALID_STOPS;False;
MT/tester/files/ERROR_SoSimple_113230240.csv;ERROR_SoSimple_113230240.csv;mt_tester_files;1;MLP_OpenLimitOrder: invalid stops! ERROR-130;130;INVALID_STOPS;False;
MT/tester/files/ERROR_SoSimple_113230240.csv;ERROR_SoSimple_113230240.csv;mt_tester_files;1;MLP_OpenLimitOrder: invalid stops! ERROR-130;130;INVALID_STOPS;False;
MT/tester/files/ERROR_SoSimple_113230240.csv;ERROR_SoSimple_113230240.csv;mt_tester_files;1;MLP_OpenLimitOrder: invalid stops! ERROR-130;130;INVALID_STOPS;False;
MT/tester/files/ERROR_SoSimple_113230240.csv;ERROR_SoSimple_113230240.csv;mt_tester_files;1;MLP_OpenLimitOrder: invalid stops! ERROR-130;130;INVALID_STOPS;False;
MT/tester/files/ERROR_SoSimple_113230240.csv;ERROR_SoSimple_113230240.csv;mt_tester_files;1;MLP_OpenLimitOrder: invalid stops! ERROR-130;130;INVALID_STOPS;False;
MT/tester/files/ERROR_SoSimple_113230240.csv;ERROR_SoSimple_113230240.csv;mt_tester_files;1;MLP_OpenLimitOrder: invalid stops! ERROR-130;130;INVALID_STOPS;False;
MT/tester/files/ERROR_SoSimple_113230240.csv;ERROR_SoSimple_113230240.csv;mt_tester_files;603;MLP_OpenLimitOrder: invalid stops! ERROR-130;130;INVALID_STOPS;False;
MT/tester/files/ERROR_SoSimple_113230240.csv;ERROR_SoSimple_113230240.csv;mt_tester_files;603;MLP_OpenLimitOrder: invalid stops! ERROR-130;130;INVALID_STOPS;False;
MT/tester/files/ERROR_SoSimple_113230240.csv;ERROR_SoSimple_113230240.csv;mt_tester_files;603;MLP_OpenLimitOrder: invalid stops! ERROR-130;130;INVALID_STOPS;False;
MT/tester/files/ERROR_SoSimple_113230240.csv;ERROR_SoSimple_113230240.csv;mt_tester_files;603;MLP_OpenLimitOrder: invalid stops! ERROR-130;130;INVALID_STOPS;False;
MT/tester/files/ERROR_SoSimple_113230240.csv;ERROR_SoSimple_113230240.csv;mt_tester_files;603;MLP_OpenLimitOrder: invalid stops! ERROR-130;130;INVALID_STOPS;False;
MT/tester/files/ERROR_SoSimple_113230240.csv;ERROR_SoSimple_113230240.csv;mt_tester_files;1;MLP_OpenLimitOrder: invalid stops! ERROR-130;130;INVALID_STOPS;False;
MT/tester/files/ERROR_SoSimple_113230240.csv;ERROR_SoSimple_113230240.csv;mt_tester_files;1;MLP_OpenLimitOrder: invalid stops! ERROR-130;130;INVALID_STOPS;False;
MT/tester/files/ERROR_SoSimple_113230240.csv;ERROR_SoSimple_113230240.csv;mt_tester_files;1;MLP_OpenLimitOrder: invalid stops! ERROR-130;130;INVALID_STOPS;False;
MT/tester/files/ERROR_SoSimple_113230240.csv;ERROR_SoSimple_113230240.csv;mt_tester_files;1;MLP_OpenLimitOrder: invalid stops! ERROR-130;130;INVALID_STOPS;False;
MT/tester/files/ERROR_SoSimple_113230240.csv;ERROR_SoSimple_113230240.csv;mt_tester_files;1;MLP_OpenLimitOrder: invalid stops! ERROR-130;130;INVALID_STOPS;False;
MT/tester/files/ERROR_SoSimple_113230240.csv;ERROR_SoSimple_113230240.csv;mt_tester_files;611;MLP_OpenLimitOrder: invalid stops! ERROR-130;130;INVALID_STOPS;False;
MT/tester/files/ERROR_SoSimple_113230240.csv;ERROR_SoSimple_113230240.csv;mt_tester_files;611;MLP_OpenLimitOrder: invalid stops! ERROR-130;130;INVALID_STOPS;False;
MT/tester/files/ERROR_SoSimple_113230240.csv;ERROR_SoSimple_113230240.csv;mt_tester_files;611;MLP_OpenLimitOrder: invalid stops! ERROR-130;130;INVALID_STOPS;False;
MT/tester/files/ERROR_SoSimple_113230240.csv;ERROR_SoSimple_113230240.csv;mt_tester_files;611;MLP_OpenLimitOrder: invalid stops! ERROR-130;130;INVALID_STOPS;False;
MT/tester/files/ERROR_SoSimple_113230240.csv;ERROR_SoSimple_113230240.csv;mt_tester_files;611;MLP_OpenLimitOrder: invalid stops! ERROR-130;130;INVALID_STOPS;False;
MT/tester/files/ERROR_SoSimple_113230240.csv;ERROR_SoSimple_113230240.csv;mt_tester_files;621;MLP_OpenLimitOrder: invalid stops! ERROR-130;130;INVALID_STOPS;False;
MT/tester/files/ERROR_SoSimple_113230240.csv;ERROR_SoSimple_113230240.csv;mt_tester_files;621;MLP_OpenLimitOrder: invalid stops! ERROR-130;130;INVALID_STOPS;False;
MT/tester/files/ERROR_SoSimple_113230240.csv;ERROR_SoSimple_113230240.csv;mt_tester_files;621;MLP_OpenLimitOrder: invalid stops! ERROR-130;130;INVALID_STOPS;False;
MT/tester/files/ERROR_SoSimple_113230240.csv;ERROR_SoSimple_113230240.csv;mt_tester_files;621;MLP_OpenLimitOrder: invalid stops! ERROR-130;130;INVALID_STOPS;False;
MT/tester/files/ERROR_SoSimple_113230240.csv;ERROR_SoSimple_113230240.csv;mt_tester_files;621;MLP_OpenLimitOrder: invalid stops! ERROR-130;130;INVALID_STOPS;False;
MT/tester/files/ERROR_SoSimple_113230240.csv;ERROR_SoSimple_113230240.csv;mt_tester_files;651;MLP_OpenLimitOrder: invalid stops! ERROR-130;130;INVALID_STOPS;False;
MT/tester/files/ERROR_SoSimple_113230240.csv;ERROR_SoSimple_113230240.csv;mt_tester_files;651;MLP_OpenLimitOrder: invalid stops! ERROR-130;130;INVALID_STOPS;False;
MT/tester/files/ERROR_SoSimple_113230240.csv;ERROR_SoSimple_113230240.csv;mt_tester_files;651;MLP_OpenLimitOrder: invalid stops! ERROR-130;130;INVALID_STOPS;False;
MT/tester/files/ERROR_SoSimple_113230240.csv;ERROR_SoSimple_113230240.csv;mt_tester_files;651;MLP_OpenLimitOrder: invalid stops! ERROR-130;130;INVALID_STOPS;False;
MT/tester/files/ERROR_SoSimple_113230240.csv;ERROR_SoSimple_113230240.csv;mt_tester_files;651;MLP_OpenLimitOrder: invalid stops! ERROR-130;130;INVALID_STOPS;False;
MT/tester/files/ERROR_SoSimple_113230240.csv;ERROR_SoSimple_113230240.csv;mt_tester_files;1;MLP_OpenLimitOrder: invalid stops! ERROR-130;130;INVALID_STOPS;False;
MT/tester/files/ERROR_SoSimple_113230240.csv;ERROR_SoSimple_113230240.csv;mt_tester_files;1;MLP_OpenLimitOrder: invalid stops! ERROR-130;130;INVALID_STOPS;False;
MT/tester/files/ERROR_SoSimple_113230240.csv;ERROR_SoSimple_113230240.csv;mt_tester_files;1;MLP_OpenLimitOrder: invalid stops! ERROR-130;130;INVALID_STOPS;False;
MT/tester/files/ERROR_SoSimple_113230240.csv;ERROR_SoSimple_113230240.csv;mt_tester_files;1;MLP_OpenLimitOrder: invalid stops! ERROR-130;130;INVALID_STOPS;False;
MT/tester/files/ERROR_SoSimple_113230240.csv;ERROR_SoSimple_113230240.csv;mt_tester_files;1;MLP_OpenLimitOrder: invalid stops! ERROR-130;130;INVALID_STOPS;False;
MT/tester/files/ERROR_SoSimple_113230240.csv;ERROR_SoSimple_113230240.csv;mt_tester_files;1;MLP_OpenLimitOrder: invalid stops! ERROR-130;130;INVALID_STOPS;False;
MT/tester/files/ERROR_SoSimple_113230240.csv;ERROR_SoSimple_113230240.csv;mt_tester_files;1;MLP_OpenLimitOrder: invalid stops! ERROR-130;130;INVALID_STOPS;False;
MT/tester/files/ERROR_SoSimple_113230240.csv;ERROR_SoSimple_113230240.csv;mt_tester_files;1;MLP_OpenLimitOrder: invalid stops! ERROR-130;130;INVALID_STOPS;False;
MT/tester/files/ERROR_SoSimple_113230240.csv;ERROR_SoSimple_113230240.csv;mt_tester_files;1;MLP_OpenLimitOrder: invalid stops! ERROR-130;130;INVALID_STOPS;False;
MT/tester/files/ERROR_SoSimple_113230240.csv;ERROR_SoSimple_113230240.csv;mt_tester_files;1;MLP_OpenLimitOrder: invalid stops! ERROR-130;130;INVALID_STOPS;False;
MT/tester/files/ERROR_SoSimple_113230240.csv;ERROR_SoSimple_113230240.csv;mt_tester_files;1;MLP_OpenLimitOrder: invalid stops! ERROR-130;130;INVALID_STOPS;False;
MT/tester/files/ERROR_SoSimple_113230240.csv;ERROR_SoSimple_113230240.csv;mt_tester_files;1;MLP_OpenLimitOrder: invalid stops! ERROR-130;130;INVALID_STOPS;False;
MT/tester/files/ERROR_SoSimple_113230240.csv;ERROR_SoSimple_113230240.csv;mt_tester_files;1;MLP_OpenLimitOrder: invalid stops! ERROR-130;130;INVALID_STOPS;False;
MT/tester/files/ERROR_SoSimple_113230240.csv;ERROR_SoSimple_113230240.csv;mt_tester_files;1;MLP_OpenLimitOrder: invalid stops! ERROR-130;130;INVALID_STOPS;False;
MT/tester/files/ERROR_SoSimple_113230240.csv;ERROR_SoSimple_113230240.csv;mt_tester_files;1;MLP_OpenLimitOrder: invalid stops! ERROR-130;130;INVALID_STOPS;False;
MT/tester/files/ERROR_SoSimple_113230240.csv;ERROR_SoSimple_113230240.csv;mt_tester_files;1;MLP_OpenLimitOrder: invalid stops! ERROR-130;130;INVALID_STOPS;False;
MT/tester/files/ERROR_SoSimple_113230240.csv;ERROR_SoSimple_113230240.csv;mt_tester_files;1;MLP_OpenLimitOrder: invalid stops! ERROR-130;130;INVALID_STOPS;False;
MT/tester/files/ERROR_SoSimple_113230240.csv;ERROR_SoSimple_113230240.csv;mt_tester_files;1;MLP_OpenLimitOrder: invalid stops! ERROR-130;130;INVALID_STOPS;False;
MT/tester/files/ERROR_SoSimple_113230240.csv;ERROR_SoSimple_113230240.csv;mt_tester_files;1;MLP_OpenLimitOrder: invalid stops! ERROR-130;130;INVALID_STOPS;False;
MT/tester/files/ERROR_SoSimple_113230240.csv;ERROR_SoSimple_113230240.csv;mt_tester_files;1;MLP_OpenLimitOrder: invalid stops! ERROR-130;130;INVALID_STOPS;False;
MT/tester/files/ERROR_SoSimple_113230240.csv;ERROR_SoSimple_113230240.csv;mt_tester_files;668;MLP_OpenLimitOrder: invalid stops! ERROR-130;130;INVALID_STOPS;False;
MT/tester/files/ERROR_SoSimple_113230240.csv;ERROR_SoSimple_113230240.csv;mt_tester_files;668;MLP_OpenLimitOrder: invalid stops! ERROR-130;130;INVALID_STOPS;False;
MT/tester/files/ERROR_SoSimple_113230240.csv;ERROR_SoSimple_113230240.csv;mt_tester_files;668;MLP_OpenLimitOrder: invalid stops! ERROR-130;130;INVALID_STOPS;False;
MT/tester/files/ERROR_SoSimple_113230240.csv;ERROR_SoSimple_113230240.csv;mt_tester_files;668;MLP_OpenLimitOrder: invalid stops! ERROR-130;130;INVALID_STOPS;False;
MT/tester/files/ERROR_SoSimple_113230240.csv;ERROR_SoSimple_113230240.csv;mt_tester_files;668;MLP_OpenLimitOrder: invalid stops! ERROR-130;130;INVALID_STOPS;False;
MT/tester/files/ERROR_SoSimple_113230240.csv;ERROR_SoSimple_113230240.csv;mt_tester_files;1;MLP_OpenLimitOrder: invalid stops! ERROR-130;130;INVALID_STOPS;False;
MT/tester/files/ERROR_SoSimple_113230240.csv;ERROR_SoSimple_113230240.csv;mt_tester_files;1;MLP_OpenLimitOrder: invalid stops! ERROR-130;130;INVALID_STOPS;False;
MT/tester/files/ERROR_SoSimple_113230240.csv;ERROR_SoSimple_113230240.csv;mt_tester_files;1;MLP_OpenLimitOrder: invalid stops! ERROR-130;130;INVALID_STOPS;False;
MT/tester/files/ERROR_SoSimple_113230240.csv;ERROR_SoSimple_113230240.csv;mt_tester_files;1;MLP_OpenLimitOrder: invalid stops! ERROR-130;130;INVALID_STOPS;False;
MT/tester/files/ERROR_SoSimple_113230240.csv;ERROR_SoSimple_113230240.csv;mt_tester_files;1;MLP_OpenLimitOrder: invalid stops! ERROR-130;130;INVALID_STOPS;False;
MT/tester/files/ERROR_SoSimple_113230240.csv;ERROR_SoSimple_113230240.csv;mt_tester_files;1;MLP_OpenLimitOrder: invalid stops! ERROR-130;130;INVALID_STOPS;False;
MT/tester/files/ERROR_SoSimple_113230240.csv;ERROR_SoSimple_113230240.csv;mt_tester_files;1;MLP_OpenLimitOrder: invalid stops! ERROR-130;130;INVALID_STOPS;False;
MT/tester/files/ERROR_SoSimple_113230240.csv;ERROR_SoSimple_113230240.csv;mt_tester_files;1;MLP_OpenLimitOrder: invalid stops! ERROR-130;130;INVALID_STOPS;False;
MT/tester/files/ERROR_SoSimple_113230240.csv;ERROR_SoSimple_113230240.csv;mt_tester_files;1;MLP_OpenLimitOrder: invalid stops! ERROR-130;130;INVALID_STOPS;False;
MT/tester/files/ERROR_SoSimple_113230240.csv;ERROR_SoSimple_113230240.csv;mt_tester_files;1;MLP_OpenLimitOrder: invalid stops! ERROR-130;130;INVALID_STOPS;False;
MT/tester/files/ERROR_SoSimple_113230240.csv;ERROR_SoSimple_113230240.csv;mt_tester_files;1;MLP_OpenLimitOrder: invalid stops! ERROR-130;130;INVALID_STOPS;False;
MT/tester/files/ERROR_SoSimple_113230240.csv;ERROR_SoSimple_113230240.csv;mt_tester_files;1;MLP_OpenLimitOrder: invalid stops! ERROR-130;130;INVALID_STOPS;False;
MT/tester/files/ERROR_SoSimple_113230240.csv;ERROR_SoSimple_113230240.csv;mt_tester_files;1;MLP_OpenLimitOrder: invalid stops! ERROR-130;130;INVALID_STOPS;False;
MT/tester/files/ERROR_SoSimple_113230240.csv;ERROR_SoSimple_113230240.csv;mt_tester_files;1;MLP_OpenLimitOrder: invalid stops! ERROR-130;130;INVALID_STOPS;False;
MT/tester/files/ERROR_SoSimple_113230240.csv;ERROR_SoSimple_113230240.csv;mt_tester_files;1;MLP_OpenLimitOrder: invalid stops! ERROR-130;130;INVALID_STOPS;False;
MT/tester/files/ERROR_SoSimple_113230240.csv;ERROR_SoSimple_113230240.csv;mt_tester_files;670;MLP_OpenLimitOrder: invalid stops! ERROR-130;130;INVALID_STOPS;False;
MT/tester/files/ERROR_SoSimple_113230240.csv;ERROR_SoSimple_113230240.csv;mt_tester_files;670;MLP_OpenLimitOrder: invalid stops! ERROR-130;130;INVALID_STOPS;False;
MT/tester/files/ERROR_SoSimple_113230240.csv;ERROR_SoSimple_113230240.csv;mt_tester_files;670;MLP_OpenLimitOrder: invalid stops! ERROR-130;130;INVALID_STOPS;False;
MT/tester/files/ERROR_SoSimple_113230240.csv;ERROR_SoSimple_113230240.csv;mt_tester_files;670;MLP_OpenLimitOrder: invalid stops! ERROR-130;130;INVALID_STOPS;False;
MT/tester/files/ERROR_SoSimple_113230240.csv;ERROR_SoSimple_113230240.csv;mt_tester_files;670;MLP_OpenLimitOrder: invalid stops! ERROR-130;130;INVALID_STOPS;False;
MT/tester/files/ERROR_SoSimple_113230240.csv;ERROR_SoSimple_113230240.csv;mt_tester_files;1;MLP_OpenLimitOrder: invalid stops! ERROR-130;130;INVALID_STOPS;False;
MT/tester/files/ERROR_SoSimple_113230240.csv;ERROR_SoSimple_113230240.csv;mt_tester_files;1;MLP_OpenLimitOrder: invalid stops! ERROR-130;130;INVALID_STOPS;False;
MT/tester/files/ERROR_SoSimple_113230240.csv;ERROR_SoSimple_113230240.csv;mt_tester_files;1;MLP_OpenLimitOrder: invalid stops! ERROR-130;130;INVALID_STOPS;False;
MT/tester/files/ERROR_SoSimple_113230240.csv;ERROR_SoSimple_113230240.csv;mt_tester_files;1;MLP_OpenLimitOrder: invalid stops! ERROR-130;130;INVALID_STOPS;False;
MT/tester/files/ERROR_SoSimple_113230240.csv;ERROR_SoSimple_113230240.csv;mt_tester_files;1;MLP_OpenLimitOrder: invalid stops! ERROR-130;130;INVALID_STOPS;False;
MT/tester/files/ERROR_SoSimple_113230240.csv;ERROR_SoSimple_113230240.csv;mt_tester_files;1;MLP_OpenLimitOrder: invalid stops! ERROR-130;130;INVALID_STOPS;False;
MT/tester/files/ERROR_SoSimple_113230240.csv;ERROR_SoSimple_113230240.csv;mt_tester_files;1;MLP_OpenLimitOrder: invalid stops! ERROR-130;130;INVALID_STOPS;False;
MT/tester/files/ERROR_SoSimple_113230240.csv;ERROR_SoSimple_113230240.csv;mt_tester_files;1;MLP_OpenLimitOrder: invalid stops! ERROR-130;130;INVALID_STOPS;False;
MT/tester/files/ERROR_SoSimple_113230240.csv;ERROR_SoSimple_113230240.csv;mt_tester_files;1;MLP_OpenLimitOrder: invalid stops! ERROR-130;130;INVALID_STOPS;False;
MT/tester/files/ERROR_SoSimple_113230240.csv;ERROR_SoSimple_113230240.csv;mt_tester_files;1;MLP_OpenLimitOrder: invalid stops! ERROR-130;130;INVALID_STOPS;False;
MT/tester/files/ERROR_SoSimple_113230240.csv;ERROR_SoSimple_113230240.csv;mt_tester_files;1;MLP_OpenLimitOrder: invalid stops! ERROR-130;130;INVALID_STOPS;False;
MT/tester/files/ERROR_SoSimple_113230240.csv;ERROR_SoSimple_113230240.csv;mt_tester_files;1;MLP_OpenLimitOrder: invalid stops! ERROR-130;130;INVALID_STOPS;False;
MT/tester/files/ERROR_SoSimple_113230240.csv;ERROR_SoSimple_113230240.csv;mt_tester_files;1;MLP_OpenLimitOrder: invalid stops! ERROR-130;130;INVALID_STOPS;False;
MT/tester/files/ERROR_SoSimple_113230240.csv;ERROR_SoSimple_113230240.csv;mt_tester_files;1;MLP_OpenLimitOrder: invalid stops! ERROR-130;130;INVALID_STOPS;False;
MT/tester/files/ERROR_SoSimple_113230240.csv;ERROR_SoSimple_113230240.csv;mt_tester_files;1;MLP_OpenLimitOrder: invalid stops! ERROR-130;130;INVALID_STOPS;False;
MT/tester/files/ERROR_SoSimple_113230240.csv;ERROR_SoSimple_113230240.csv;mt_tester_files;688;MLP_OpenLimitOrder: invalid stops! ERROR-130;130;INVALID_STOPS;False;
MT/tester/files/ERROR_SoSimple_113230240.csv;ERROR_SoSimple_113230240.csv;mt_tester_files;688;MLP_OpenLimitOrder: invalid stops! ERROR-130;130;INVALID_STOPS;False;
MT/tester/files/ERROR_SoSimple_113230240.csv;ERROR_SoSimple_113230240.csv;mt_tester_files;688;MLP_OpenLimitOrder: invalid stops! ERROR-130;130;INVALID_STOPS;False;
MT/tester/files/ERROR_SoSimple_113230240.csv;ERROR_SoSimple_113230240.csv;mt_tester_files;688;MLP_OpenLimitOrder: invalid stops! ERROR-130;130;INVALID_STOPS;False;
MT/tester/files/ERROR_SoSimple_113230240.csv;ERROR_SoSimple_113230240.csv;mt_tester_files;688;MLP_OpenLimitOrder: invalid stops! ERROR-130;130;INVALID_STOPS;False;
MT/tester/files/ERROR_SoSimple_113230240.csv;ERROR_SoSimple_113230240.csv;mt_tester_files;1;MLP_OpenLimitOrder: invalid stops! ERROR-130;130;INVALID_STOPS;False;
MT/tester/files/ERROR_SoSimple_113230240.csv;ERROR_SoSimple_113230240.csv;mt_tester_files;1;MLP_OpenLimitOrder: invalid stops! ERROR-130;130;INVALID_STOPS;False;
MT/tester/files/ERROR_SoSimple_113230240.csv;ERROR_SoSimple_113230240.csv;mt_tester_files;1;MLP_OpenLimitOrder: invalid stops! ERROR-130;130;INVALID_STOPS;False;
MT/tester/files/ERROR_SoSimple_113230240.csv;ERROR_SoSimple_113230240.csv;mt_tester_files;1;MLP_OpenLimitOrder: invalid stops! ERROR-130;130;INVALID_STOPS;False;
MT/tester/files/ERROR_SoSimple_113230240.csv;ERROR_SoSimple_113230240.csv;mt_tester_files;1;MLP_OpenLimitOrder: invalid stops! ERROR-130;130;INVALID_STOPS;False;
MT/tester/files/ERROR_SoSimple_113230240.csv;ERROR_SoSimple_113230240.csv;mt_tester_files;1;MLP_OpenLimitOrder: invalid stops! ERROR-130;130;INVALID_STOPS;False;
MT/tester/files/ERROR_SoSimple_113230240.csv;ERROR_SoSimple_113230240.csv;mt_tester_files;1;MLP_OpenLimitOrder: invalid stops! ERROR-130;130;INVALID_STOPS;False;
MT/tester/files/ERROR_SoSimple_113230240.csv;ERROR_SoSimple_113230240.csv;mt_tester_files;1;MLP_OpenLimitOrder: invalid stops! ERROR-130;130;INVALID_STOPS;False;
MT/tester/files/ERROR_SoSimple_113230240.csv;ERROR_SoSimple_113230240.csv;mt_tester_files;1;MLP_OpenLimitOrder: invalid stops! ERROR-130;130;INVALID_STOPS;False;
MT/tester/files/ERROR_SoSimple_113230240.csv;ERROR_SoSimple_113230240.csv;mt_tester_files;1;MLP_OpenLimitOrder: invalid stops! ERROR-130;130;INVALID_STOPS;False;
MT/tester/files/ERROR_SoSimple_113230240.csv;ERROR_SoSimple_113230240.csv;mt_tester_files;745;MLP_OpenLimitOrder: invalid stops! ERROR-130;130;INVALID_STOPS;False;
MT/tester/files/ERROR_SoSimple_113230240.csv;ERROR_SoSimple_113230240.csv;mt_tester_files;745;MLP_OpenLimitOrder: invalid stops! ERROR-130;130;INVALID_STOPS;False;
MT/tester/files/ERROR_SoSimple_113230240.csv;ERROR_SoSimple_113230240.csv;mt_tester_files;745;MLP_OpenLimitOrder: invalid stops! ERROR-130;130;INVALID_STOPS;False;
MT/tester/files/ERROR_SoSimple_113230240.csv;ERROR_SoSimple_113230240.csv;mt_tester_files;745;MLP_OpenLimitOrder: invalid stops! ERROR-130;130;INVALID_STOPS;False;
MT/tester/files/ERROR_SoSimple_113230240.csv;ERROR_SoSimple_113230240.csv;mt_tester_files;745;MLP_OpenLimitOrder: invalid stops! ERROR-130;130;INVALID_STOPS;False;
MT/tester/files/ERROR_SoSimple_113230240.csv;ERROR_SoSimple_113230240.csv;mt_tester_files;763;MLP_OpenLimitOrder: invalid stops! ERROR-130;130;INVALID_STOPS;False;
MT/tester/files/ERROR_SoSimple_113230240.csv;ERROR_SoSimple_113230240.csv;mt_tester_files;763;MLP_OpenLimitOrder: invalid stops! ERROR-130;130;INVALID_STOPS;False;
MT/tester/files/ERROR_SoSimple_113230240.csv;ERROR_SoSimple_113230240.csv;mt_tester_files;763;MLP_OpenLimitOrder: invalid stops! ERROR-130;130;INVALID_STOPS;False;
MT/tester/files/ERROR_SoSimple_113230240.csv;ERROR_SoSimple_113230240.csv;mt_tester_files;763;MLP_OpenLimitOrder: invalid stops! ERROR-130;130;INVALID_STOPS;False;
MT/tester/files/ERROR_SoSimple_113230240.csv;ERROR_SoSimple_113230240.csv;mt_tester_files;763;MLP_OpenLimitOrder: invalid stops! ERROR-130;130;INVALID_STOPS;False;
MT/tester/files/ERROR_SoSimple_113230240.csv;ERROR_SoSimple_113230240.csv;mt_tester_files;770;MLP_OpenLimitOrder: invalid stops! ERROR-130;130;INVALID_STOPS;False;
MT/tester/files/ERROR_SoSimple_113230240.csv;ERROR_SoSimple_113230240.csv;mt_tester_files;770;MLP_OpenLimitOrder: invalid stops! ERROR-130;130;INVALID_STOPS;False;
MT/tester/files/ERROR_SoSimple_113230240.csv;ERROR_SoSimple_113230240.csv;mt_tester_files;770;MLP_OpenLimitOrder: invalid stops! ERROR-130;130;INVALID_STOPS;False;
MT/tester/files/ERROR_SoSimple_113230240.csv;ERROR_SoSimple_113230240.csv;mt_tester_files;770;MLP_OpenLimitOrder: invalid stops! ERROR-130;130;INVALID_STOPS;False;
MT/tester/files/ERROR_SoSimple_113230240.csv;ERROR_SoSimple_113230240.csv;mt_tester_files;770;MLP_OpenLimitOrder: invalid stops! ERROR-130;130;INVALID_STOPS;False;
MT/tester/files/ERROR_SoSimple_113230240.csv;ERROR_SoSimple_113230240.csv;mt_tester_files;1;MLP_OpenLimitOrder: invalid stops! ERROR-130;130;INVALID_STOPS;False;
MT/tester/files/ERROR_SoSimple_113230240.csv;ERROR_SoSimple_113230240.csv;mt_tester_files;1;MLP_OpenLimitOrder: invalid stops! ERROR-130;130;INVALID_STOPS;False;
MT/tester/files/ERROR_SoSimple_113230240.csv;ERROR_SoSimple_113230240.csv;mt_tester_files;1;MLP_OpenLimitOrder: invalid stops! ERROR-130;130;INVALID_STOPS;False;
MT/tester/files/ERROR_SoSimple_113230240.csv;ERROR_SoSimple_113230240.csv;mt_tester_files;1;MLP_OpenLimitOrder: invalid stops! ERROR-130;130;INVALID_STOPS;False;
MT/tester/files/ERROR_SoSimple_113230240.csv;ERROR_SoSimple_113230240.csv;mt_tester_files;1;MLP_OpenLimitOrder: invalid stops! ERROR-130;130;INVALID_STOPS;False;
MT/tester/files/ERROR_SoSimple_113230240.csv;ERROR_SoSimple_113230240.csv;mt_tester_files;1;MLP_OpenLimitOrder: invalid stops! ERROR-130;130;INVALID_STOPS;False;
MT/tester/files/ERROR_SoSimple_113230240.csv;ERROR_SoSimple_113230240.csv;mt_tester_files;1;MLP_OpenLimitOrder: invalid stops! ERROR-130;130;INVALID_STOPS;False;
MT/tester/files/ERROR_SoSimple_113230240.csv;ERROR_SoSimple_113230240.csv;mt_tester_files;1;MLP_OpenLimitOrder: invalid stops! ERROR-130;130;INVALID_STOPS;False;
MT/tester/files/ERROR_SoSimple_113230240.csv;ERROR_SoSimple_113230240.csv;mt_tester_files;1;MLP_OpenLimitOrder: invalid stops! ERROR-130;130;INVALID_STOPS;False;
MT/tester/files/ERROR_SoSimple_113230240.csv;ERROR_SoSimple_113230240.csv;mt_tester_files;1;MLP_OpenLimitOrder: invalid stops! ERROR-130;130;INVALID_STOPS;False;
MT/tester/files/ERROR_SoSimple_113230240.csv;ERROR_SoSimple_113230240.csv;mt_tester_files;1;MLP_OpenLimitOrder: invalid stops! ERROR-130;130;INVALID_STOPS;False;
MT/tester/files/ERROR_SoSimple_113230240.csv;ERROR_SoSimple_113230240.csv;mt_tester_files;1;MLP_OpenLimitOrder: invalid stops! ERROR-130;130;INVALID_STOPS;False;
MT/tester/files/ERROR_SoSimple_113230240.csv;ERROR_SoSimple_113230240.csv;mt_tester_files;1;MLP_OpenLimitOrder: invalid stops! ERROR-130;130;INVALID_STOPS;False;
MT/tester/files/ERROR_SoSimple_113230240.csv;ERROR_SoSimple_113230240.csv;mt_tester_files;1;MLP_OpenLimitOrder: invalid stops! ERROR-130;130;INVALID_STOPS;False;
MT/tester/files/ERROR_SoSimple_113230240.csv;ERROR_SoSimple_113230240.csv;mt_tester_files;1;MLP_OpenLimitOrder: invalid stops! ERROR-130;130;INVALID_STOPS;False;
MT/tester/files/ERROR_SoSimple_113230240.csv;ERROR_SoSimple_113230240.csv;mt_tester_files;799;MLP_OpenLimitOrder: invalid stops! ERROR-130;130;INVALID_STOPS;False;
MT/tester/files/ERROR_SoSimple_113230240.csv;ERROR_SoSimple_113230240.csv;mt_tester_files;799;MLP_OpenLimitOrder: invalid stops! ERROR-130;130;INVALID_STOPS;False;
MT/tester/files/ERROR_SoSimple_113230240.csv;ERROR_SoSimple_113230240.csv;mt_tester_files;799;MLP_OpenLimitOrder: invalid stops! ERROR-130;130;INVALID_STOPS;False;
MT/tester/files/ERROR_SoSimple_113230240.csv;ERROR_SoSimple_113230240.csv;mt_tester_files;799;MLP_OpenLimitOrder: invalid stops! ERROR-130;130;INVALID_STOPS;False;
MT/tester/files/ERROR_SoSimple_113230240.csv;ERROR_SoSimple_113230240.csv;mt_tester_files;799;MLP_OpenLimitOrder: invalid stops! ERROR-130;130;INVALID_STOPS;False;
MT/tester/files/ERROR_SoSimple_113230240.csv;ERROR_SoSimple_113230240.csv;mt_tester_files;1;MLP_OpenLimitOrder: invalid stops! ERROR-130;130;INVALID_STOPS;False;
MT/tester/files/ERROR_SoSimple_113230240.csv;ERROR_SoSimple_113230240.csv;mt_tester_files;1;MLP_OpenLimitOrder: invalid stops! ERROR-130;130;INVALID_STOPS;False;
MT/tester/files/ERROR_SoSimple_113230240.csv;ERROR_SoSimple_113230240.csv;mt_tester_files;1;MLP_OpenLimitOrder: invalid stops! ERROR-130;130;INVALID_STOPS;False;
MT/tester/files/ERROR_SoSimple_113230240.csv;ERROR_SoSimple_113230240.csv;mt_tester_files;1;MLP_OpenLimitOrder: invalid stops! ERROR-130;130;INVALID_STOPS;False;
MT/tester/files/ERROR_SoSimple_113230240.csv;ERROR_SoSimple_113230240.csv;mt_tester_files;1;MLP_OpenLimitOrder: invalid stops! ERROR-130;130;INVALID_STOPS;False;
MT/tester/files/ERROR_SoSimple_113230240.csv;ERROR_SoSimple_113230240.csv;mt_tester_files;1;MLP_OpenLimitOrder: invalid stops! ERROR-130;130;INVALID_STOPS;False;
MT/tester/files/ERROR_SoSimple_113230240.csv;ERROR_SoSimple_113230240.csv;mt_tester_files;1;MLP_OpenLimitOrder: invalid stops! ERROR-130;130;INVALID_STOPS;False;
MT/tester/files/ERROR_SoSimple_113230240.csv;ERROR_SoSimple_113230240.csv;mt_tester_files;1;MLP_OpenLimitOrder: invalid stops! ERROR-130;130;INVALID_STOPS;False;
MT/tester/files/ERROR_SoSimple_113230240.csv;ERROR_SoSimple_113230240.csv;mt_tester_files;1;MLP_OpenLimitOrder: invalid stops! ERROR-130;130;INVALID_STOPS;False;
MT/tester/files/ERROR_SoSimple_113230240.csv;ERROR_SoSimple_113230240.csv;mt_tester_files;1;MLP_OpenLimitOrder: invalid stops! ERROR-130;130;INVALID_STOPS;False;
MT/tester/files/ERROR_SoSimple_113230240.csv;ERROR_SoSimple_113230240.csv;mt_tester_files;810;MLP_OpenLimitOrder: invalid stops! ERROR-130;130;INVALID_STOPS;False;
MT/tester/files/ERROR_SoSimple_113230240.csv;ERROR_SoSimple_113230240.csv;mt_tester_files;810;MLP_OpenLimitOrder: invalid stops! ERROR-130;130;INVALID_STOPS;False;
MT/tester/files/ERROR_SoSimple_113230240.csv;ERROR_SoSimple_113230240.csv;mt_tester_files;810;MLP_OpenLimitOrder: invalid stops! ERROR-130;130;INVALID_STOPS;False;
MT/tester/files/ERROR_SoSimple_113230240.csv;ERROR_SoSimple_113230240.csv;mt_tester_files;810;MLP_OpenLimitOrder: invalid stops! ERROR-130;130;INVALID_STOPS;False;
MT/tester/files/ERROR_SoSimple_113230240.csv;ERROR_SoSimple_113230240.csv;mt_tester_files;810;MLP_OpenLimitOrder: invalid stops! ERROR-130;130;INVALID_STOPS;False;
MT/tester/files/ERROR_SoSimple_113230240.csv;ERROR_SoSimple_113230240.csv;mt_tester_files;1;MLP_OpenLimitOrder: invalid stops! ERROR-130;130;INVALID_STOPS;False;
MT/tester/files/ERROR_SoSimple_113230240.csv;ERROR_SoSimple_113230240.csv;mt_tester_files;1;MLP_OpenLimitOrder: invalid stops! ERROR-130;130;INVALID_STOPS;False;
MT/tester/files/ERROR_SoSimple_113230240.csv;ERROR_SoSimple_113230240.csv;mt_tester_files;1;MLP_OpenLimitOrder: invalid stops! ERROR-130;130;INVALID_STOPS;False;
MT/tester/files/ERROR_SoSimple_113230240.csv;ERROR_SoSimple_113230240.csv;mt_tester_files;1;MLP_OpenLimitOrder: invalid stops! ERROR-130;130;INVALID_STOPS;False;
MT/tester/files/ERROR_SoSimple_113230240.csv;ERROR_SoSimple_113230240.csv;mt_tester_files;1;MLP_OpenLimitOrder: invalid stops! ERROR-130;130;INVALID_STOPS;False;
MT/tester/files/ERROR_SoSimple_113230240.csv;ERROR_SoSimple_113230240.csv;mt_tester_files;813;MLP_OpenLimitOrder: invalid stops! ERROR-130;130;INVALID_STOPS;False;
MT/tester/files/ERROR_SoSimple_113230240.csv;ERROR_SoSimple_113230240.csv;mt_tester_files;813;MLP_OpenLimitOrder: invalid stops! ERROR-130;130;INVALID_STOPS;False;
MT/tester/files/ERROR_SoSimple_113230240.csv;ERROR_SoSimple_113230240.csv;mt_tester_files;813;MLP_OpenLimitOrder: invalid stops! ERROR-130;130;INVALID_STOPS;False;
MT/tester/files/ERROR_SoSimple_113230240.csv;ERROR_SoSimple_113230240.csv;mt_tester_files;813;MLP_OpenLimitOrder: invalid stops! ERROR-130;130;INVALID_STOPS;False;
MT/tester/files/ERROR_SoSimple_113230240.csv;ERROR_SoSimple_113230240.csv;mt_tester_files;813;MLP_OpenLimitOrder: invalid stops! ERROR-130;130;INVALID_STOPS;False;
MT/tester/files/ERROR_SoSimple_113230240.csv;ERROR_SoSimple_113230240.csv;mt_tester_files;1;MLP_OpenLimitOrder: invalid stops! ERROR-130;130;INVALID_STOPS;False;
MT/tester/files/ERROR_SoSimple_113230240.csv;ERROR_SoSimple_113230240.csv;mt_tester_files;1;MLP_OpenLimitOrder: invalid stops! ERROR-130;130;INVALID_STOPS;False;
MT/tester/files/ERROR_SoSimple_113230240.csv;ERROR_SoSimple_113230240.csv;mt_tester_files;1;MLP_OpenLimitOrder: invalid stops! ERROR-130;130;INVALID_STOPS;False;
MT/tester/files/ERROR_SoSimple_113230240.csv;ERROR_SoSimple_113230240.csv;mt_tester_files;1;MLP_OpenLimitOrder: invalid stops! ERROR-130;130;INVALID_STOPS;False;
MT/tester/files/ERROR_SoSimple_113230240.csv;ERROR_SoSimple_113230240.csv;mt_tester_files;1;MLP_OpenLimitOrder: invalid stops! ERROR-130;130;INVALID_STOPS;False;
MT/tester/files/ERROR_SoSimple_113230240.csv;ERROR_SoSimple_113230240.csv;mt_tester_files;826;MLP_OpenLimitOrder: invalid stops! ERROR-130;130;INVALID_STOPS;False;
MT/tester/files/ERROR_SoSimple_113230240.csv;ERROR_SoSimple_113230240.csv;mt_tester_files;826;MLP_OpenLimitOrder: invalid stops! ERROR-130;130;INVALID_STOPS;False;
MT/tester/files/ERROR_SoSimple_113230240.csv;ERROR_SoSimple_113230240.csv;mt_tester_files;826;MLP_OpenLimitOrder: invalid stops! ERROR-130;130;INVALID_STOPS;False;
MT/tester/files/ERROR_SoSimple_113230240.csv;ERROR_SoSimple_113230240.csv;mt_tester_files;826;MLP_OpenLimitOrder: invalid stops! ERROR-130;130;INVALID_STOPS;False;
MT/tester/files/ERROR_SoSimple_113230240.csv;ERROR_SoSimple_113230240.csv;mt_tester_files;826;MLP_OpenLimitOrder: invalid stops! ERROR-130;130;INVALID_STOPS;False;
MT/tester/files/ERROR_SoSimple_113230240.csv;ERROR_SoSimple_113230240.csv;mt_tester_files;840;MLP_OpenLimitOrder: invalid stops! ERROR-130;130;INVALID_STOPS;False;
MT/tester/files/ERROR_SoSimple_113230240.csv;ERROR_SoSimple_113230240.csv;mt_tester_files;840;MLP_OpenLimitOrder: invalid stops! ERROR-130;130;INVALID_STOPS;False;
MT/tester/files/ERROR_SoSimple_113230240.csv;ERROR_SoSimple_113230240.csv;mt_tester_files;840;MLP_OpenLimitOrder: invalid stops! ERROR-130;130;INVALID_STOPS;False;
MT/tester/files/ERROR_SoSimple_113230240.csv;ERROR_SoSimple_113230240.csv;mt_tester_files;840;MLP_OpenLimitOrder: invalid stops! ERROR-130;130;INVALID_STOPS;False;
MT/tester/files/ERROR_SoSimple_113230240.csv;ERROR_SoSimple_113230240.csv;mt_tester_files;840;MLP_OpenLimitOrder: invalid stops! ERROR-130;130;INVALID_STOPS;False;
MT/tester/files/ERROR_SoSimple_113230240.csv;ERROR_SoSimple_113230240.csv;mt_tester_files;1;MLP_OpenLimitOrder: invalid stops! ERROR-130;130;INVALID_STOPS;False;
MT/tester/files/ERROR_SoSimple_113230240.csv;ERROR_SoSimple_113230240.csv;mt_tester_files;1;MLP_OpenLimitOrder: invalid stops! ERROR-130;130;INVALID_STOPS;False;
MT/tester/files/ERROR_SoSimple_113230240.csv;ERROR_SoSimple_113230240.csv;mt_tester_files;1;MLP_OpenLimitOrder: invalid stops! ERROR-130;130;INVALID_STOPS;False;
MT/tester/files/ERROR_SoSimple_113230240.csv;ERROR_SoSimple_113230240.csv;mt_tester_files;1;MLP_OpenLimitOrder: invalid stops! ERROR-130;130;INVALID_STOPS;False;
MT/tester/files/ERROR_SoSimple_113230240.csv;ERROR_SoSimple_113230240.csv;mt_tester_files;1;MLP_OpenLimitOrder: invalid stops! ERROR-130;130;INVALID_STOPS;False;
MT/tester/files/ERROR_SoSimple_113230240.csv;ERROR_SoSimple_113230240.csv;mt_tester_files;1;MLP_OpenLimitOrder: invalid stops! ERROR-130;130;INVALID_STOPS;False;
MT/tester/files/ERROR_SoSimple_113230240.csv;ERROR_SoSimple_113230240.csv;mt_tester_files;1;MLP_OpenLimitOrder: invalid stops! ERROR-130;130;INVALID_STOPS;False;
MT/tester/files/ERROR_SoSimple_113230240.csv;ERROR_SoSimple_113230240.csv;mt_tester_files;1;MLP_OpenLimitOrder: invalid stops! ERROR-130;130;INVALID_STOPS;False;
MT/tester/files/ERROR_SoSimple_113230240.csv;ERROR_SoSimple_113230240.csv;mt_tester_files;1;MLP_OpenLimitOrder: invalid stops! ERROR-130;130;INVALID_STOPS;False;
MT/tester/files/ERROR_SoSimple_113230240.csv;ERROR_SoSimple_113230240.csv;mt_tester_files;1;MLP_OpenLimitOrder: invalid stops! ERROR-130;130;INVALID_STOPS;False;
MT/tester/files/ERROR_SoSimple_113230240.csv;ERROR_SoSimple_113230240.csv;mt_tester_files;888;MLP_OpenLimitOrder: invalid stops! ERROR-130;130;INVALID_STOPS;False;
MT/tester/files/ERROR_SoSimple_113230240.csv;ERROR_SoSimple_113230240.csv;mt_tester_files;888;MLP_OpenLimitOrder: invalid stops! ERROR-130;130;INVALID_STOPS;False;
MT/tester/files/ERROR_SoSimple_113230240.csv;ERROR_SoSimple_113230240.csv;mt_tester_files;888;MLP_OpenLimitOrder: invalid stops! ERROR-130;130;INVALID_STOPS;False;
MT/tester/files/ERROR_SoSimple_113230240.csv;ERROR_SoSimple_113230240.csv;mt_tester_files;888;MLP_OpenLimitOrder: invalid stops! ERROR-130;130;INVALID_STOPS;False;
MT/tester/files/ERROR_SoSimple_113230240.csv;ERROR_SoSimple_113230240.csv;mt_tester_files;888;MLP_OpenLimitOrder: invalid stops! ERROR-130;130;INVALID_STOPS;False;
MT/tester/files/ERROR_SoSimple_113230240.csv;ERROR_SoSimple_113230240.csv;mt_tester_files;1;MLP_OpenLimitOrder: invalid stops! ERROR-130;130;INVALID_STOPS;False;
MT/tester/files/ERROR_SoSimple_113230240.csv;ERROR_SoSimple_113230240.csv;mt_tester_files;1;MLP_OpenLimitOrder: invalid stops! ERROR-130;130;INVALID_STOPS;False;
MT/tester/files/ERROR_SoSimple_113230240.csv;ERROR_SoSimple_113230240.csv;mt_tester_files;1;MLP_OpenLimitOrder: invalid stops! ERROR-130;130;INVALID_STOPS;False;
MT/tester/files/ERROR_SoSimple_113230240.csv;ERROR_SoSimple_113230240.csv;mt_tester_files;1;MLP_OpenLimitOrder: invalid stops! ERROR-130;130;INVALID_STOPS;False;
MT/tester/files/ERROR_SoSimple_113230240.csv;ERROR_SoSimple_113230240.csv;mt_tester_files;1;MLP_OpenLimitOrder: invalid stops! ERROR-130;130;INVALID_STOPS;False;
MT/tester/files/ERROR_SoSimple_113230240.csv;ERROR_SoSimple_113230240.csv;mt_tester_files;914;MLP_OpenLimitOrder: invalid stops! ERROR-130;130;INVALID_STOPS;False;
MT/tester/files/ERROR_SoSimple_113230240.csv;ERROR_SoSimple_113230240.csv;mt_tester_files;914;MLP_OpenLimitOrder: invalid stops! ERROR-130;130;INVALID_STOPS;False;
MT/tester/files/ERROR_SoSimple_113230240.csv;ERROR_SoSimple_113230240.csv;mt_tester_files;914;MLP_OpenLimitOrder: invalid stops! ERROR-130;130;INVALID_STOPS;False;
MT/tester/files/ERROR_SoSimple_113230240.csv;ERROR_SoSimple_113230240.csv;mt_tester_files;914;MLP_OpenLimitOrder: invalid stops! ERROR-130;130;INVALID_STOPS;False;
MT/tester/files/ERROR_SoSimple_113230240.csv;ERROR_SoSimple_113230240.csv;mt_tester_files;914;MLP_OpenLimitOrder: invalid stops! ERROR-130;130;INVALID_STOPS;False;
MT/tester/files/ERROR_SoSimple_113230240.csv;ERROR_SoSimple_113230240.csv;mt_tester_files;1;MLP_OpenLimitOrder: invalid stops! ERROR-130;130;INVALID_STOPS;False;
MT/tester/files/ERROR_SoSimple_113230240.csv;ERROR_SoSimple_113230240.csv;mt_tester_files;1;MLP_OpenLimitOrder: invalid stops! ERROR-130;130;INVALID_STOPS;False;
MT/tester/files/ERROR_SoSimple_113230240.csv;ERROR_SoSimple_113230240.csv;mt_tester_files;1;MLP_OpenLimitOrder: invalid stops! ERROR-130;130;INVALID_STOPS;False;
MT/tester/files/ERROR_SoSimple_113230240.csv;ERROR_SoSimple_113230240.csv;mt_tester_files;1;MLP_OpenLimitOrder: invalid stops! ERROR-130;130;INVALID_STOPS;False;
MT/tester/files/ERROR_SoSimple_113230240.csv;ERROR_SoSimple_113230240.csv;mt_tester_files;1;MLP_OpenLimitOrder: invalid stops! ERROR-130;130;INVALID_STOPS;False;
MT/tester/files/ERROR_SoSimple_113230240.csv;ERROR_SoSimple_113230240.csv;mt_tester_files;915;MLP_OpenLimitOrder: invalid stops! ERROR-130;130;INVALID_STOPS;False;
MT/tester/files/ERROR_SoSimple_113230240.csv;ERROR_SoSimple_113230240.csv;mt_tester_files;915;MLP_OpenLimitOrder: invalid stops! ERROR-130;130;INVALID_STOPS;False;
MT/tester/files/ERROR_SoSimple_113230240.csv;ERROR_SoSimple_113230240.csv;mt_tester_files;915;MLP_OpenLimitOrder: invalid stops! ERROR-130;130;INVALID_STOPS;False;
MT/tester/files/ERROR_SoSimple_113230240.csv;ERROR_SoSimple_113230240.csv;mt_tester_files;915;MLP_OpenLimitOrder: invalid stops! ERROR-130;130;INVALID_STOPS;False;
MT/tester/files/ERROR_SoSimple_113230240.csv;ERROR_SoSimple_113230240.csv;mt_tester_files;915;MLP_OpenLimitOrder: invalid stops! ERROR-130;130;INVALID_STOPS;False;
MT/tester/files/ERROR_SoSimple_113230240.csv;ERROR_SoSimple_113230240.csv;mt_tester_files;1;MLP_OpenLimitOrder: invalid stops! ERROR-130;130;INVALID_STOPS;False;
MT/tester/files/ERROR_SoSimple_113230240.csv;ERROR_SoSimple_113230240.csv;mt_tester_files;1;MLP_OpenLimitOrder: invalid stops! ERROR-130;130;INVALID_STOPS;False;
MT/tester/files/ERROR_SoSimple_113230240.csv;ERROR_SoSimple_113230240.csv;mt_tester_files;1;MLP_OpenLimitOrder: invalid stops! ERROR-130;130;INVALID_STOPS;False;
MT/tester/files/ERROR_SoSimple_113230240.csv;ERROR_SoSimple_113230240.csv;mt_tester_files;1;MLP_OpenLimitOrder: invalid stops! ERROR-130;130;INVALID_STOPS;False;
MT/tester/files/ERROR_SoSimple_113230240.csv;ERROR_SoSimple_113230240.csv;mt_tester_files;1;MLP_OpenLimitOrder: invalid stops! ERROR-130;130;INVALID_STOPS;False;
MT/tester/files/ERROR_SoSimple_113230240.csv;ERROR_SoSimple_113230240.csv;mt_tester_files;919;MLP_OpenLimitOrder: invalid stops! ERROR-130;130;INVALID_STOPS;False;
MT/tester/files/ERROR_SoSimple_113230240.csv;ERROR_SoSimple_113230240.csv;mt_tester_files;919;MLP_OpenLimitOrder: invalid stops! ERROR-130;130;INVALID_STOPS;False;
MT/tester/files/ERROR_SoSimple_113230240.csv;ERROR_SoSimple_113230240.csv;mt_tester_files;919;MLP_OpenLimitOrder: invalid stops! ERROR-130;130;INVALID_STOPS;False;
MT/tester/files/ERROR_SoSimple_113230240.csv;ERROR_SoSimple_113230240.csv;mt_tester_files;919;MLP_OpenLimitOrder: invalid stops! ERROR-130;130;INVALID_STOPS;False;
MT/tester/files/ERROR_SoSimple_113230240.csv;ERROR_SoSimple_113230240.csv;mt_tester_files;919;MLP_OpenLimitOrder: invalid stops! ERROR-130;130;INVALID_STOPS;False;
MT/tester/files/ERROR_SoSimple_113230240.csv;ERROR_SoSimple_113230240.csv;mt_tester_files;1;MLP_OpenLimitOrder: invalid stops! ERROR-130;130;INVALID_STOPS;False;
MT/tester/files/ERROR_SoSimple_113230240.csv;ERROR_SoSimple_113230240.csv;mt_tester_files;1;MLP_OpenLimitOrder: invalid stops! ERROR-130;130;INVALID_STOPS;False;
MT/tester/files/ERROR_SoSimple_113230240.csv;ERROR_SoSimple_113230240.csv;mt_tester_files;1;MLP_OpenLimitOrder: invalid stops! ERROR-130;130;INVALID_STOPS;False;
MT/tester/files/ERROR_SoSimple_113230240.csv;ERROR_SoSimple_113230240.csv;mt_tester_files;1;MLP_OpenLimitOrder: invalid stops! ERROR-130;130;INVALID_STOPS;False;
MT/tester/files/ERROR_SoSimple_113230240.csv;ERROR_SoSimple_113230240.csv;mt_tester_files;1;MLP_OpenLimitOrder: invalid stops! ERROR-130;130;INVALID_STOPS;False;
MT/tester/files/ERROR_SoSimple_113230240.csv;ERROR_SoSimple_113230240.csv;mt_tester_files;1;MLP_OpenLimitOrder: invalid stops! ERROR-130;130;INVALID_STOPS;False;
MT/tester/files/ERROR_SoSimple_113230240.csv;ERROR_SoSimple_113230240.csv;mt_tester_files;1;MLP_OpenLimitOrder: invalid stops! ERROR-130;130;INVALID_STOPS;False;
MT/tester/files/ERROR_SoSimple_113230240.csv;ERROR_SoSimple_113230240.csv;mt_tester_files;1;MLP_OpenLimitOrder: invalid stops! ERROR-130;130;INVALID_STOPS;False;
MT/tester/files/ERROR_SoSimple_113230240.csv;ERROR_SoSimple_113230240.csv;mt_tester_files;1;MLP_OpenLimitOrder: invalid stops! ERROR-130;130;INVALID_STOPS;False;
MT/tester/files/ERROR_SoSimple_113230240.csv;ERROR_SoSimple_113230240.csv;mt_tester_files;1;MLP_OpenLimitOrder: invalid stops! ERROR-130;130;INVALID_STOPS;False;
MT/tester/files/ERROR_SoSimple_113230240.csv;ERROR_SoSimple_113230240.csv;mt_tester_files;1;MLP_OpenLimitOrder: invalid stops! ERROR-130;130;INVALID_STOPS;False;
MT/tester/files/ERROR_SoSimple_113230240.csv;ERROR_SoSimple_113230240.csv;mt_tester_files;1;MLP_OpenLimitOrder: invalid stops! ERROR-130;130;INVALID_STOPS;False;
MT/tester/files/ERROR_SoSimple_113230240.csv;ERROR_SoSimple_113230240.csv;mt_tester_files;1;MLP_OpenLimitOrder: invalid stops! ERROR-130;130;INVALID_STOPS;False;
MT/tester/files/ERROR_SoSimple_113230240.csv;ERROR_SoSimple_113230240.csv;mt_tester_files;1;MLP_OpenLimitOrder: invalid stops! ERROR-130;130;INVALID_STOPS;False;
MT/tester/files/ERROR_SoSimple_113230240.csv;ERROR_SoSimple_113230240.csv;mt_tester_files;1;MLP_OpenLimitOrder: invalid stops! ERROR-130;130;INVALID_STOPS;False;
MT/tester/files/ERROR_SoSimple_113230240.csv;ERROR_SoSimple_113230240.csv;mt_tester_files;948;MLP_OpenLimitOrder: invalid stops! ERROR-130;130;INVALID_STOPS;False;
MT/tester/files/ERROR_SoSimple_113230240.csv;ERROR_SoSimple_113230240.csv;mt_tester_files;948;MLP_OpenLimitOrder: invalid stops! ERROR-130;130;INVALID_STOPS;False;
MT/tester/files/ERROR_SoSimple_113230240.csv;ERROR_SoSimple_113230240.csv;mt_tester_files;948;MLP_OpenLimitOrder: invalid stops! ERROR-130;130;INVALID_STOPS;False;
MT/tester/files/ERROR_SoSimple_113230240.csv;ERROR_SoSimple_113230240.csv;mt_tester_files;948;MLP_OpenLimitOrder: invalid stops! ERROR-130;130;INVALID_STOPS;False;
MT/tester/files/ERROR_SoSimple_113230240.csv;ERROR_SoSimple_113230240.csv;mt_tester_files;948;MLP_OpenLimitOrder: invalid stops! ERROR-130;130;INVALID_STOPS;False;
MT/tester/files/ERROR_SoSimple_113230240.csv;ERROR_SoSimple_113230240.csv;mt_tester_files;1;MLP_OpenLimitOrder: invalid stops! ERROR-130;130;INVALID_STOPS;False;
MT/tester/files/ERROR_SoSimple_113230240.csv;ERROR_SoSimple_113230240.csv;mt_tester_files;1;MLP_OpenLimitOrder: invalid stops! ERROR-130;130;INVALID_STOPS;False;
MT/tester/files/ERROR_SoSimple_113230240.csv;ERROR_SoSimple_113230240.csv;mt_tester_files;1;MLP_OpenLimitOrder: invalid stops! ERROR-130;130;INVALID_STOPS;False;
MT/tester/files/ERROR_SoSimple_113230240.csv;ERROR_SoSimple_113230240.csv;mt_tester_files;1;MLP_OpenLimitOrder: invalid stops! ERROR-130;130;INVALID_STOPS;False;
MT/tester/files/ERROR_SoSimple_113230240.csv;ERROR_SoSimple_113230240.csv;mt_tester_files;1;MLP_OpenLimitOrder: invalid stops! ERROR-130;130;INVALID_STOPS;False;
MT/tester/files/ERROR_SoSimple_113230240.csv;ERROR_SoSimple_113230240.csv;mt_tester_files;1;MLP_OpenLimitOrder: invalid stops! ERROR-130;130;INVALID_STOPS;False;
MT/tester/files/ERROR_SoSimple_113230240.csv;ERROR_SoSimple_113230240.csv;mt_tester_files;1;MLP_OpenLimitOrder: invalid stops! ERROR-130;130;INVALID_STOPS;False;
MT/tester/files/ERROR_SoSimple_113230240.csv;ERROR_SoSimple_113230240.csv;mt_tester_files;1;MLP_OpenLimitOrder: invalid stops! ERROR-130;130;INVALID_STOPS;False;
MT/tester/files/ERROR_SoSimple_113230240.csv;ERROR_SoSimple_113230240.csv;mt_tester_files;1;MLP_OpenLimitOrder: invalid stops! ERROR-130;130;INVALID_STOPS;False;
MT/tester/files/ERROR_SoSimple_113230240.csv;ERROR_SoSimple_113230240.csv;mt_tester_files;1;MLP_OpenLimitOrder: invalid stops! ERROR-130;130;INVALID_STOPS;False;
MT/tester/files/ERROR_SoSimple_113230240.csv;ERROR_SoSimple_113230240.csv;mt_tester_files;957;MLP_OpenLimitOrder: invalid stops! ERROR-130;130;INVALID_STOPS;False;
MT/tester/files/ERROR_SoSimple_113230240.csv;ERROR_SoSimple_113230240.csv;mt_tester_files;957;MLP_OpenLimitOrder: invalid stops! ERROR-130;130;INVALID_STOPS;False;
MT/tester/files/ERROR_SoSimple_113230240.csv;ERROR_SoSimple_113230240.csv;mt_tester_files;957;MLP_OpenLimitOrder: invalid stops! ERROR-130;130;INVALID_STOPS;False;
MT/tester/files/ERROR_SoSimple_113230240.csv;ERROR_SoSimple_113230240.csv;mt_tester_files;957;MLP_OpenLimitOrder: invalid stops! ERROR-130;130;INVALID_STOPS;False;
MT/tester/files/ERROR_SoSimple_113230240.csv;ERROR_SoSimple_113230240.csv;mt_tester_files;957;MLP_OpenLimitOrder: invalid stops! ERROR-130;130;INVALID_STOPS;False;
MT/tester/files/ERROR_SoSimple_113230240.csv;ERROR_SoSimple_113230240.csv;mt_tester_files;959;MLP_OpenLimitOrder: invalid stops! ERROR-130;130;INVALID_STOPS;False;
MT/tester/files/ERROR_SoSimple_113230240.csv;ERROR_SoSimple_113230240.csv;mt_tester_files;959;MLP_OpenLimitOrder: invalid stops! ERROR-130;130;INVALID_STOPS;False;
MT/tester/files/ERROR_SoSimple_113230240.csv;ERROR_SoSimple_113230240.csv;mt_tester_files;959;MLP_OpenLimitOrder: invalid stops! ERROR-130;130;INVALID_STOPS;False;
MT/tester/files/ERROR_SoSimple_113230240.csv;ERROR_SoSimple_113230240.csv;mt_tester_files;959;MLP_OpenLimitOrder: invalid stops! ERROR-130;130;INVALID_STOPS;False;
MT/tester/files/ERROR_SoSimple_113230240.csv;ERROR_SoSimple_113230240.csv;mt_tester_files;959;MLP_OpenLimitOrder: invalid stops! ERROR-130;130;INVALID_STOPS;False;
MT/tester/files/ERROR_SoSimple_113230240.csv;ERROR_SoSimple_113230240.csv;mt_tester_files;1;MLP_OpenLimitOrder: invalid stops! ERROR-130;130;INVALID_STOPS;False;
MT/tester/files/ERROR_SoSimple_113230240.csv;ERROR_SoSimple_113230240.csv;mt_tester_files;1;MLP_OpenLimitOrder: invalid stops! ERROR-130;130;INVALID_STOPS;False;
MT/tester/files/ERROR_SoSimple_113230240.csv;ERROR_SoSimple_113230240.csv;mt_tester_files;1;MLP_OpenLimitOrder: invalid stops! ERROR-130;130;INVALID_STOPS;False;
MT/tester/files/ERROR_SoSimple_113230240.csv;ERROR_SoSimple_113230240.csv;mt_tester_files;1;MLP_OpenLimitOrder: invalid stops! ERROR-130;130;INVALID_STOPS;False;
MT/tester/files/ERROR_SoSimple_113230240.csv;ERROR_SoSimple_113230240.csv;mt_tester_files;1;MLP_OpenLimitOrder: invalid stops! ERROR-130;130;INVALID_STOPS;False;
MT/tester/files/ERROR_SoSimple_113230240.csv;ERROR_SoSimple_113230240.csv;mt_tester_files;1;MLP_OpenLimitOrder: invalid stops! ERROR-130;130;INVALID_STOPS;False;
MT/tester/files/ERROR_SoSimple_113230240.csv;ERROR_SoSimple_113230240.csv;mt_tester_files;1;MLP_OpenLimitOrder: invalid stops! ERROR-130;130;INVALID_STOPS;False;
MT/tester/files/ERROR_SoSimple_113230240.csv;ERROR_SoSimple_113230240.csv;mt_tester_files;1;MLP_OpenLimitOrder: invalid stops! ERROR-130;130;INVALID_STOPS;False;
MT/tester/files/ERROR_SoSimple_113230240.csv;ERROR_SoSimple_113230240.csv;mt_tester_files;1;MLP_OpenLimitOrder: invalid stops! ERROR-130;130;INVALID_STOPS;False;
MT/tester/files/ERROR_SoSimple_113230240.csv;ERROR_SoSimple_113230240.csv;mt_tester_files;1;MLP_OpenLimitOrder: invalid stops! ERROR-130;130;INVALID_STOPS;False;
MT/tester/files/ERROR_SoSimple_113230240.csv;ERROR_SoSimple_113230240.csv;mt_tester_files;1;MLP_OpenLimitOrder: invalid stops! ERROR-130;130;INVALID_STOPS;False;
MT/tester/files/ERROR_SoSimple_113230240.csv;ERROR_SoSimple_113230240.csv;mt_tester_files;1;MLP_OpenLimitOrder: invalid stops! ERROR-130;130;INVALID_STOPS;False;
MT/tester/files/ERROR_SoSimple_113230240.csv;ERROR_SoSimple_113230240.csv;mt_tester_files;1;MLP_OpenLimitOrder: invalid stops! ERROR-130;130;INVALID_STOPS;False;
MT/tester/files/ERROR_SoSimple_113230240.csv;ERROR_SoSimple_113230240.csv;mt_tester_files;1;MLP_OpenLimitOrder: invalid stops! ERROR-130;130;INVALID_STOPS;False;
MT/tester/files/ERROR_SoSimple_113230240.csv;ERROR_SoSimple_113230240.csv;mt_tester_files;1;MLP_OpenLimitOrder: invalid stops! ERROR-130;130;INVALID_STOPS;False;
MT/tester/files/ERROR_SoSimple_113230240.csv;ERROR_SoSimple_113230240.csv;mt_tester_files;1;MLP_OpenLimitOrder: invalid stops! ERROR-130;130;INVALID_STOPS;False;
MT/tester/files/ERROR_SoSimple_113230240.csv;ERROR_SoSimple_113230240.csv;mt_tester_files;1;MLP_OpenLimitOrder: invalid stops! ERROR-130;130;INVALID_STOPS;False;
MT/tester/files/ERROR_SoSimple_113230240.csv;ERROR_SoSimple_113230240.csv;mt_tester_files;1;MLP_OpenLimitOrder: invalid stops! ERROR-130;130;INVALID_STOPS;False;
MT/tester/files/ERROR_SoSimple_113230240.csv;ERROR_SoSimple_113230240.csv;mt_tester_files;1;MLP_OpenLimitOrder: invalid stops! ERROR-130;130;INVALID_STOPS;False;
MT/tester/files/ERROR_SoSimple_113230240.csv;ERROR_SoSimple_113230240.csv;mt_tester_files;1;MLP_OpenLimitOrder: invalid stops! ERROR-130;130;INVALID_STOPS;False;
MT/tester/files/ERROR_SoSimple_113230240.csv;ERROR_SoSimple_113230240.csv;mt_tester_files;1014;MLP_OpenLimitOrder: invalid stops! ERROR-130;130;INVALID_STOPS;False;
MT/tester/files/ERROR_SoSimple_113230240.csv;ERROR_SoSimple_113230240.csv;mt_tester_files;1014;MLP_OpenLimitOrder: invalid stops! ERROR-130;130;INVALID_STOPS;False;
MT/tester/files/ERROR_SoSimple_113230240.csv;ERROR_SoSimple_113230240.csv;mt_tester_files;1014;MLP_OpenLimitOrder: invalid stops! ERROR-130;130;INVALID_STOPS;False;
MT/tester/files/ERROR_SoSimple_113230240.csv;ERROR_SoSimple_113230240.csv;mt_tester_files;1014;MLP_OpenLimitOrder: invalid stops! ERROR-130;130;INVALID_STOPS;False;
MT/tester/files/ERROR_SoSimple_113230240.csv;ERROR_SoSimple_113230240.csv;mt_tester_files;1014;MLP_OpenLimitOrder: invalid stops! ERROR-130;130;INVALID_STOPS;False;
MT/tester/files/ERROR_SoSimple_113230240.csv;ERROR_SoSimple_113230240.csv;mt_tester_files;1;MLP_OpenLimitOrder: invalid stops! ERROR-130;130;INVALID_STOPS;False;
MT/tester/files/ERROR_SoSimple_113230240.csv;ERROR_SoSimple_113230240.csv;mt_tester_files;1;MLP_OpenLimitOrder: invalid stops! ERROR-130;130;INVALID_STOPS;False;
MT/tester/files/ERROR_SoSimple_113230240.csv;ERROR_SoSimple_113230240.csv;mt_tester_files;1;MLP_OpenLimitOrder: invalid stops! ERROR-130;130;INVALID_STOPS;False;
MT/tester/files/ERROR_SoSimple_113230240.csv;ERROR_SoSimple_113230240.csv;mt_tester_files;1;MLP_OpenLimitOrder: invalid stops! ERROR-130;130;INVALID_STOPS;False;
MT/tester/files/ERROR_SoSimple_113230240.csv;ERROR_SoSimple_113230240.csv;mt_tester_files;1;MLP_OpenLimitOrder: invalid stops! ERROR-130;130;INVALID_STOPS;False;
MT/tester/files/ERROR_SoSimple_113230240.csv;ERROR_SoSimple_113230240.csv;mt_tester_files;1;MLP_OpenLimitOrder: invalid stops! ERROR-130;130;INVALID_STOPS;False;
MT/tester/files/ERROR_SoSimple_113230240.csv;ERROR_SoSimple_113230240.csv;mt_tester_files;1;MLP_OpenLimitOrder: invalid stops! ERROR-130;130;INVALID_STOPS;False;
MT/tester/files/ERROR_SoSimple_113230240.csv;ERROR_SoSimple_113230240.csv;mt_tester_files;1;MLP_OpenLimitOrder: invalid stops! ERROR-130;130;INVALID_STOPS;False;
MT/tester/files/ERROR_SoSimple_113230240.csv;ERROR_SoSimple_113230240.csv;mt_tester_files;1;MLP_OpenLimitOrder: invalid stops! ERROR-130;130;INVALID_STOPS;False;
MT/tester/files/ERROR_SoSimple_113230240.csv;ERROR_SoSimple_113230240.csv;mt_tester_files;1;MLP_OpenLimitOrder: invalid stops! ERROR-130;130;INVALID_STOPS;False;
MT/tester/files/ERROR_SoSimple_113230240.csv;ERROR_SoSimple_113230240.csv;mt_tester_files;1;MLP_OpenLimitOrder: invalid stops! ERROR-130;130;INVALID_STOPS;False;
MT/tester/files/ERROR_SoSimple_113230240.csv;ERROR_SoSimple_113230240.csv;mt_tester_files;1;MLP_OpenLimitOrder: invalid stops! ERROR-130;130;INVALID_STOPS;False;
MT/tester/files/ERROR_SoSimple_113230240.csv;ERROR_SoSimple_113230240.csv;mt_tester_files;1;MLP_OpenLimitOrder: invalid stops! ERROR-130;130;INVALID_STOPS;False;
MT/tester/files/ERROR_SoSimple_113230240.csv;ERROR_SoSimple_113230240.csv;mt_tester_files;1;MLP_OpenLimitOrder: invalid stops! ERROR-130;130;INVALID_STOPS;False;
MT/tester/files/ERROR_SoSimple_113230240.csv;ERROR_SoSimple_113230240.csv;mt_tester_files;1;MLP_OpenLimitOrder: invalid stops! ERROR-130;130;INVALID_STOPS;False;
MT/tester/files/ERROR_SoSimple_113230240.csv;ERROR_SoSimple_113230240.csv;mt_tester_files;837;MLP_OpenLimitOrder: invalid stops! ERROR-130;130;INVALID_STOPS;False;
MT/tester/files/ERROR_SoSimple_113230240.csv;ERROR_SoSimple_113230240.csv;mt_tester_files;837;MLP_OpenLimitOrder: invalid stops! ERROR-130;130;INVALID_STOPS;False;
MT/tester/files/ERROR_SoSimple_113230240.csv;ERROR_SoSimple_113230240.csv;mt_tester_files;837;MLP_OpenLimitOrder: invalid stops! ERROR-130;130;INVALID_STOPS;False;
MT/tester/files/ERROR_SoSimple_113230240.csv;ERROR_SoSimple_113230240.csv;mt_tester_files;837;MLP_OpenLimitOrder: invalid stops! ERROR-130;130;INVALID_STOPS;False;
MT/tester/files/ERROR_SoSimple_113230240.csv;ERROR_SoSimple_113230240.csv;mt_tester_files;837;MLP_OpenLimitOrder: invalid stops! ERROR-130;130;INVALID_STOPS;False;
MT/tester/files/ERROR_SoSimple_113230240.csv;ERROR_SoSimple_113230240.csv;mt_tester_files;1;MLP_OpenLimitOrder: invalid stops! ERROR-130;130;INVALID_STOPS;False;
MT/tester/files/ERROR_SoSimple_113230240.csv;ERROR_SoSimple_113230240.csv;mt_tester_files;1;MLP_OpenLimitOrder: invalid stops! ERROR-130;130;INVALID_STOPS;False;
MT/tester/files/ERROR_SoSimple_113230240.csv;ERROR_SoSimple_113230240.csv;mt_tester_files;1;MLP_OpenLimitOrder: invalid stops! ERROR-130;130;INVALID_STOPS;False;
MT/tester/files/ERROR_SoSimple_113230240.csv;ERROR_SoSimple_113230240.csv;mt_tester_files;1;MLP_OpenLimitOrder: invalid stops! ERROR-130;130;INVALID_STOPS;False;
MT/tester/files/ERROR_SoSimple_113230240.csv;ERROR_SoSimple_113230240.csv;mt_tester_files;1;MLP_OpenLimitOrder: invalid stops! ERROR-130;130;INVALID_STOPS;False;
MT/tester/files/ERROR_SoSimple_1709200448.csv;ERROR_SoSimple_1709200448.csv;mt_tester_files;235;MLP_Close Ticket=235: modification denied because order is too close to market! ERROR-145;145;MODIFICATION_TOO_CLOSE;False;
MT/tester/files/ERROR_SoSimple_1709200448.csv;ERROR_SoSimple_1709200448.csv;mt_tester_files;235;MLP_Close Ticket=235: modification denied because order is too close to market! ERROR-145;145;MODIFICATION_TOO_CLOSE;False;
MT/tester/files/ERROR_SoSimple_1709200448.csv;ERROR_SoSimple_1709200448.csv;mt_tester_files;235;MLP_Close Ticket=235: modification denied because order is too close to market! ERROR-145;145;MODIFICATION_TOO_CLOSE;False;
MT/tester/files/ERROR_SoSimple_1709200448.csv;ERROR_SoSimple_1709200448.csv;mt_tester_files;235;MLP_Close Ticket=235: modification denied because order is too close to market! ERROR-145;145;MODIFICATION_TOO_CLOSE;False;
MT/tester/files/ERROR_SoSimple_1709200448.csv;ERROR_SoSimple_1709200448.csv;mt_tester_files;235;MLP_Close Ticket=235: modification denied because order is too close to market! ERROR-145;145;MODIFICATION_TOO_CLOSE;False;
MT/tester/files/ERROR_SoSimple_1709200448.csv;ERROR_SoSimple_1709200448.csv;mt_tester_files;1;MLP_OpenLimitOrder: invalid stops! ERROR-130;130;INVALID_STOPS;False;
MT/tester/files/ERROR_SoSimple_1709200448.csv;ERROR_SoSimple_1709200448.csv;mt_tester_files;1;MLP_OpenLimitOrder: invalid stops! ERROR-130;130;INVALID_STOPS;False;
MT/tester/files/ERROR_SoSimple_1709200448.csv;ERROR_SoSimple_1709200448.csv;mt_tester_files;1;MLP_OpenLimitOrder: invalid stops! ERROR-130;130;INVALID_STOPS;False;
MT/tester/files/ERROR_SoSimple_1709200448.csv;ERROR_SoSimple_1709200448.csv;mt_tester_files;1;MLP_OpenLimitOrder: invalid stops! ERROR-130;130;INVALID_STOPS;False;
MT/tester/files/ERROR_SoSimple_1709200448.csv;ERROR_SoSimple_1709200448.csv;mt_tester_files;1;MLP_OpenLimitOrder: invalid stops! ERROR-130;130;INVALID_STOPS;False;
MT/tester/files/ERROR_SoSimple_1709200448.csv;ERROR_SoSimple_1709200448.csv;mt_tester_files;583;MLP_OpenLimitOrder: invalid stops! ERROR-130;130;INVALID_STOPS;False;
MT/tester/files/ERROR_SoSimple_1709200448.csv;ERROR_SoSimple_1709200448.csv;mt_tester_files;583;MLP_OpenLimitOrder: invalid stops! ERROR-130;130;INVALID_STOPS;False;
MT/tester/files/ERROR_SoSimple_1709200448.csv;ERROR_SoSimple_1709200448.csv;mt_tester_files;583;MLP_OpenLimitOrder: invalid stops! ERROR-130;130;INVALID_STOPS;False;
MT/tester/files/ERROR_SoSimple_1709200448.csv;ERROR_SoSimple_1709200448.csv;mt_tester_files;583;MLP_OpenLimitOrder: invalid stops! ERROR-130;130;INVALID_STOPS;False;
MT/tester/files/ERROR_SoSimple_1709200448.csv;ERROR_SoSimple_1709200448.csv;mt_tester_files;583;MLP_OpenLimitOrder: invalid stops! ERROR-130;130;INVALID_STOPS;False;
MT/tester/files/ERROR_SoSimple_1709200448.csv;ERROR_SoSimple_1709200448.csv;mt_tester_files;738;MLP_OpenLimitOrder: invalid stops! ERROR-130;130;INVALID_STOPS;False;
MT/tester/files/ERROR_SoSimple_1709200448.csv;ERROR_SoSimple_1709200448.csv;mt_tester_files;738;MLP_OpenLimitOrder: invalid stops! ERROR-130;130;INVALID_STOPS;False;
MT/tester/files/ERROR_SoSimple_1709200448.csv;ERROR_SoSimple_1709200448.csv;mt_tester_files;738;MLP_OpenLimitOrder: invalid stops! ERROR-130;130;INVALID_STOPS;False;
MT/tester/files/ERROR_SoSimple_1709200448.csv;ERROR_SoSimple_1709200448.csv;mt_tester_files;738;MLP_OpenLimitOrder: invalid stops! ERROR-130;130;INVALID_STOPS;False;
MT/tester/files/ERROR_SoSimple_1709200448.csv;ERROR_SoSimple_1709200448.csv;mt_tester_files;738;MLP_OpenLimitOrder: invalid stops! ERROR-130;130;INVALID_STOPS;False;
MT/tester/files/ERROR_SoSimple_1709200448.csv;ERROR_SoSimple_1709200448.csv;mt_tester_files;1;MLP_OpenLimitOrder: invalid stops! ERROR-130;130;INVALID_STOPS;False;
MT/tester/files/ERROR_SoSimple_1709200448.csv;ERROR_SoSimple_1709200448.csv;mt_tester_files;1;MLP_OpenLimitOrder: invalid stops! ERROR-130;130;INVALID_STOPS;False;
MT/tester/files/ERROR_SoSimple_1709200448.csv;ERROR_SoSimple_1709200448.csv;mt_tester_files;1;MLP_OpenLimitOrder: invalid stops! ERROR-130;130;INVALID_STOPS;False;
MT/tester/files/ERROR_SoSimple_1709200448.csv;ERROR_SoSimple_1709200448.csv;mt_tester_files;1;MLP_OpenLimitOrder: invalid stops! ERROR-130;130;INVALID_STOPS;False;
MT/tester/files/ERROR_SoSimple_1709200448.csv;ERROR_SoSimple_1709200448.csv;mt_tester_files;1;MLP_OpenLimitOrder: invalid stops! ERROR-130;130;INVALID_STOPS;False;
MT/tester/files/ERROR_SoSimple_1709200448.csv;ERROR_SoSimple_1709200448.csv;mt_tester_files;235;MLP_Close Ticket=235: modification denied because order is too close to market! ERROR-145;145;MODIFICATION_TOO_CLOSE;False;
MT/tester/files/ERROR_SoSimple_1709200448.csv;ERROR_SoSimple_1709200448.csv;mt_tester_files;235;MLP_Close Ticket=235: modification denied because order is too close to market! ERROR-145;145;MODIFICATION_TOO_CLOSE;False;
MT/tester/files/ERROR_SoSimple_1709200448.csv;ERROR_SoSimple_1709200448.csv;mt_tester_files;235;MLP_Close Ticket=235: modification denied because order is too close to market! ERROR-145;145;MODIFICATION_TOO_CLOSE;False;
MT/tester/files/ERROR_SoSimple_1709200448.csv;ERROR_SoSimple_1709200448.csv;mt_tester_files;235;MLP_Close Ticket=235: modification denied because order is too close to market! ERROR-145;145;MODIFICATION_TOO_CLOSE;False;
MT/tester/files/ERROR_SoSimple_1709200448.csv;ERROR_SoSimple_1709200448.csv;mt_tester_files;235;MLP_Close Ticket=235: modification denied because order is too close to market! ERROR-145;145;MODIFICATION_TOO_CLOSE;False;
MT/tester/files/ERROR_SoSimple_1709200448.csv;ERROR_SoSimple_1709200448.csv;mt_tester_files;235;MLP_Close Ticket=235: modification denied because order is too close to market! ERROR-145;145;MODIFICATION_TOO_CLOSE;False;
MT/tester/files/ERROR_SoSimple_1709200448.csv;ERROR_SoSimple_1709200448.csv;mt_tester_files;235;MLP_Close Ticket=235: modification denied because order is too close to market! ERROR-145;145;MODIFICATION_TOO_CLOSE;False;
MT/tester/files/ERROR_SoSimple_1709200448.csv;ERROR_SoSimple_1709200448.csv;mt_tester_files;235;MLP_Close Ticket=235: modification denied because order is too close to market! ERROR-145;145;MODIFICATION_TOO_CLOSE;False;
MT/tester/files/ERROR_SoSimple_1709200448.csv;ERROR_SoSimple_1709200448.csv;mt_tester_files;235;MLP_Close Ticket=235: modification denied because order is too close to market! ERROR-145;145;MODIFICATION_TOO_CLOSE;False;
MT/tester/files/ERROR_SoSimple_1709200448.csv;ERROR_SoSimple_1709200448.csv;mt_tester_files;235;MLP_Close Ticket=235: modification denied because order is too close to market! ERROR-145;145;MODIFICATION_TOO_CLOSE;False;
MT/tester/files/ERROR_SoSimple_1709200448.csv;ERROR_SoSimple_1709200448.csv;mt_tester_files;1;MLP_OpenLimitOrder: invalid stops! ERROR-130;130;INVALID_STOPS;False;
MT/tester/files/ERROR_SoSimple_1709200448.csv;ERROR_SoSimple_1709200448.csv;mt_tester_files;1;MLP_OpenLimitOrder: invalid stops! ERROR-130;130;INVALID_STOPS;False;
MT/tester/files/ERROR_SoSimple_1709200448.csv;ERROR_SoSimple_1709200448.csv;mt_tester_files;1;MLP_OpenLimitOrder: invalid stops! ERROR-130;130;INVALID_STOPS;False;
MT/tester/files/ERROR_SoSimple_1709200448.csv;ERROR_SoSimple_1709200448.csv;mt_tester_files;1;MLP_OpenLimitOrder: invalid stops! ERROR-130;130;INVALID_STOPS;False;
MT/tester/files/ERROR_SoSimple_1709200448.csv;ERROR_SoSimple_1709200448.csv;mt_tester_files;1;MLP_OpenLimitOrder: invalid stops! ERROR-130;130;INVALID_STOPS;False;
MT/tester/files/ERROR_SoSimple_1709200448.csv;ERROR_SoSimple_1709200448.csv;mt_tester_files;583;MLP_OpenLimitOrder: invalid stops! ERROR-130;130;INVALID_STOPS;False;
MT/tester/files/ERROR_SoSimple_1709200448.csv;ERROR_SoSimple_1709200448.csv;mt_tester_files;583;MLP_OpenLimitOrder: invalid stops! ERROR-130;130;INVALID_STOPS;False;
MT/tester/files/ERROR_SoSimple_1709200448.csv;ERROR_SoSimple_1709200448.csv;mt_tester_files;583;MLP_OpenLimitOrder: invalid stops! ERROR-130;130;INVALID_STOPS;False;
MT/tester/files/ERROR_SoSimple_1709200448.csv;ERROR_SoSimple_1709200448.csv;mt_tester_files;583;MLP_OpenLimitOrder: invalid stops! ERROR-130;130;INVALID_STOPS;False;
MT/tester/files/ERROR_SoSimple_1709200448.csv;ERROR_SoSimple_1709200448.csv;mt_tester_files;583;MLP_OpenLimitOrder: invalid stops! ERROR-130;130;INVALID_STOPS;False;
MT/tester/files/ERROR_SoSimple_1709200448.csv;ERROR_SoSimple_1709200448.csv;mt_tester_files;1;MLP_OpenLimitOrder: invalid stops! ERROR-130;130;INVALID_STOPS;False;
MT/tester/files/ERROR_SoSimple_1709200448.csv;ERROR_SoSimple_1709200448.csv;mt_tester_files;1;MLP_OpenLimitOrder: invalid stops! ERROR-130;130;INVALID_STOPS;False;
MT/tester/files/ERROR_SoSimple_1709200448.csv;ERROR_SoSimple_1709200448.csv;mt_tester_files;1;MLP_OpenLimitOrder: invalid stops! ERROR-130;130;INVALID_STOPS;False;
MT/tester/files/ERROR_SoSimple_1709200448.csv;ERROR_SoSimple_1709200448.csv;mt_tester_files;1;MLP_OpenLimitOrder: invalid stops! ERROR-130;130;INVALID_STOPS;False;
MT/tester/files/ERROR_SoSimple_1709200448.csv;ERROR_SoSimple_1709200448.csv;mt_tester_files;1;MLP_OpenLimitOrder: invalid stops! ERROR-130;130;INVALID_STOPS;False;
MT/tester/files/ERROR_SoSimple_1709200448.csv;ERROR_SoSimple_1709200448.csv;mt_tester_files;1;MLP_OpenLimitOrder: invalid stops! ERROR-130;130;INVALID_STOPS;False;
MT/tester/files/ERROR_SoSimple_1709200448.csv;ERROR_SoSimple_1709200448.csv;mt_tester_files;1;MLP_OpenLimitOrder: invalid stops! ERROR-130;130;INVALID_STOPS;False;
MT/tester/files/ERROR_SoSimple_1709200448.csv;ERROR_SoSimple_1709200448.csv;mt_tester_files;1;MLP_OpenLimitOrder: invalid stops! ERROR-130;130;INVALID_STOPS;False;
MT/tester/files/ERROR_SoSimple_1709200448.csv;ERROR_SoSimple_1709200448.csv;mt_tester_files;1;MLP_OpenLimitOrder: invalid stops! ERROR-130;130;INVALID_STOPS;False;
MT/tester/files/ERROR_SoSimple_1709200448.csv;ERROR_SoSimple_1709200448.csv;mt_tester_files;1;MLP_OpenLimitOrder: invalid stops! ERROR-130;130;INVALID_STOPS;False;
MT/tester/files/ERROR_SoSimple_1709200448.csv;ERROR_SoSimple_1709200448.csv;mt_tester_files;235;MLP_Close Ticket=235: modification denied because order is too close to market! ERROR-145;145;MODIFICATION_TOO_CLOSE;False;
MT/tester/files/ERROR_SoSimple_1709200448.csv;ERROR_SoSimple_1709200448.csv;mt_tester_files;235;MLP_Close Ticket=235: modification denied because order is too close to market! ERROR-145;145;MODIFICATION_TOO_CLOSE;False;
MT/tester/files/ERROR_SoSimple_1709200448.csv;ERROR_SoSimple_1709200448.csv;mt_tester_files;235;MLP_Close Ticket=235: modification denied because order is too close to market! ERROR-145;145;MODIFICATION_TOO_CLOSE;False;
MT/tester/files/ERROR_SoSimple_1709200448.csv;ERROR_SoSimple_1709200448.csv;mt_tester_files;235;MLP_Close Ticket=235: modification denied because order is too close to market! ERROR-145;145;MODIFICATION_TOO_CLOSE;False;
MT/tester/files/ERROR_SoSimple_1709200448.csv;ERROR_SoSimple_1709200448.csv;mt_tester_files;235;MLP_Close Ticket=235: modification denied because order is too close to market! ERROR-145;145;MODIFICATION_TOO_CLOSE;False;
MT/tester/files/ERROR_SoSimple_1709200448.csv;ERROR_SoSimple_1709200448.csv;mt_tester_files;235;MLP_Close Ticket=235: modification denied because order is too close to market! ERROR-145;145;MODIFICATION_TOO_CLOSE;False;
MT/tester/files/ERROR_SoSimple_1709200448.csv;ERROR_SoSimple_1709200448.csv;mt_tester_files;235;MLP_Close Ticket=235: modification denied because order is too close to market! ERROR-145;145;MODIFICATION_TOO_CLOSE;False;
MT/tester/files/ERROR_SoSimple_1709200448.csv;ERROR_SoSimple_1709200448.csv;mt_tester_files;235;MLP_Close Ticket=235: modification denied because order is too close to market! ERROR-145;145;MODIFICATION_TOO_CLOSE;False;
MT/tester/files/ERROR_SoSimple_1709200448.csv;ERROR_SoSimple_1709200448.csv;mt_tester_files;235;MLP_Close Ticket=235: modification denied because order is too close to market! ERROR-145;145;MODIFICATION_TOO_CLOSE;False;
MT/tester/files/ERROR_SoSimple_1709200448.csv;ERROR_SoSimple_1709200448.csv;mt_tester_files;235;MLP_Close Ticket=235: modification denied because order is too close to market! ERROR-145;145;MODIFICATION_TOO_CLOSE;False;
MT/tester/files/ERROR_SoSimple_1709200448.csv;ERROR_SoSimple_1709200448.csv;mt_tester_files;1;MLP_OpenLimitOrder: invalid stops! ERROR-130;130;INVALID_STOPS;False;
MT/tester/files/ERROR_SoSimple_1709200448.csv;ERROR_SoSimple_1709200448.csv;mt_tester_files;1;MLP_OpenLimitOrder: invalid stops! ERROR-130;130;INVALID_STOPS;False;
MT/tester/files/ERROR_SoSimple_1709200448.csv;ERROR_SoSimple_1709200448.csv;mt_tester_files;1;MLP_OpenLimitOrder: invalid stops! ERROR-130;130;INVALID_STOPS;False;
MT/tester/files/ERROR_SoSimple_1709200448.csv;ERROR_SoSimple_1709200448.csv;mt_tester_files;1;MLP_OpenLimitOrder: invalid stops! ERROR-130;130;INVALID_STOPS;False;
MT/tester/files/ERROR_SoSimple_1709200448.csv;ERROR_SoSimple_1709200448.csv;mt_tester_files;1;MLP_OpenLimitOrder: invalid stops! ERROR-130;130;INVALID_STOPS;False;
MT/tester/files/ERROR_SoSimple_1709200448.csv;ERROR_SoSimple_1709200448.csv;mt_tester_files;583;MLP_OpenLimitOrder: invalid stops! ERROR-130;130;INVALID_STOPS;False;
MT/tester/files/ERROR_SoSimple_1709200448.csv;ERROR_SoSimple_1709200448.csv;mt_tester_files;583;MLP_OpenLimitOrder: invalid stops! ERROR-130;130;INVALID_STOPS;False;
MT/tester/files/ERROR_SoSimple_1709200448.csv;ERROR_SoSimple_1709200448.csv;mt_tester_files;583;MLP_OpenLimitOrder: invalid stops! ERROR-130;130;INVALID_STOPS;False;
MT/tester/files/ERROR_SoSimple_1709200448.csv;ERROR_SoSimple_1709200448.csv;mt_tester_files;583;MLP_OpenLimitOrder: invalid stops! ERROR-130;130;INVALID_STOPS;False;
MT/tester/files/ERROR_SoSimple_1709200448.csv;ERROR_SoSimple_1709200448.csv;mt_tester_files;583;MLP_OpenLimitOrder: invalid stops! ERROR-130;130;INVALID_STOPS;False;
MT/tester/files/ERROR_SoSimple_1709200448.csv;ERROR_SoSimple_1709200448.csv;mt_tester_files;1;MLP_OpenLimitOrder: invalid stops! ERROR-130;130;INVALID_STOPS;False;
MT/tester/files/ERROR_SoSimple_1709200448.csv;ERROR_SoSimple_1709200448.csv;mt_tester_files;1;MLP_OpenLimitOrder: invalid stops! ERROR-130;130;INVALID_STOPS;False;
MT/tester/files/ERROR_SoSimple_1709200448.csv;ERROR_SoSimple_1709200448.csv;mt_tester_files;1;MLP_OpenLimitOrder: invalid stops! ERROR-130;130;INVALID_STOPS;False;
MT/tester/files/ERROR_SoSimple_1709200448.csv;ERROR_SoSimple_1709200448.csv;mt_tester_files;1;MLP_OpenLimitOrder: invalid stops! ERROR-130;130;INVALID_STOPS;False;
MT/tester/files/ERROR_SoSimple_1709200448.csv;ERROR_SoSimple_1709200448.csv;mt_tester_files;1;MLP_OpenLimitOrder: invalid stops! ERROR-130;130;INVALID_STOPS;False;
MT/tester/files/ERROR_SoSimple_1709200448.csv;ERROR_SoSimple_1709200448.csv;mt_tester_files;1;MLP_OpenLimitOrder: invalid stops! ERROR-130;130;INVALID_STOPS;False;
MT/tester/files/ERROR_SoSimple_1709200448.csv;ERROR_SoSimple_1709200448.csv;mt_tester_files;1;MLP_OpenLimitOrder: invalid stops! ERROR-130;130;INVALID_STOPS;False;
MT/tester/files/ERROR_SoSimple_1709200448.csv;ERROR_SoSimple_1709200448.csv;mt_tester_files;1;MLP_OpenLimitOrder: invalid stops! ERROR-130;130;INVALID_STOPS;False;
MT/tester/files/ERROR_SoSimple_1709200448.csv;ERROR_SoSimple_1709200448.csv;mt_tester_files;1;MLP_OpenLimitOrder: invalid stops! ERROR-130;130;INVALID_STOPS;False;
MT/tester/files/ERROR_SoSimple_1709200448.csv;ERROR_SoSimple_1709200448.csv;mt_tester_files;1;MLP_OpenLimitOrder: invalid stops! ERROR-130;130;INVALID_STOPS;False;
MT/tester/files/ERROR_SoSimple_1709200448.csv;ERROR_SoSimple_1709200448.csv;mt_tester_files;235;MLP_Close Ticket=235: modification denied because order is too close to market! ERROR-145;145;MODIFICATION_TOO_CLOSE;False;
MT/tester/files/ERROR_SoSimple_1709200448.csv;ERROR_SoSimple_1709200448.csv;mt_tester_files;235;MLP_Close Ticket=235: modification denied because order is too close to market! ERROR-145;145;MODIFICATION_TOO_CLOSE;False;
MT/tester/files/ERROR_SoSimple_1709200448.csv;ERROR_SoSimple_1709200448.csv;mt_tester_files;235;MLP_Close Ticket=235: modification denied because order is too close to market! ERROR-145;145;MODIFICATION_TOO_CLOSE;False;
MT/tester/files/ERROR_SoSimple_1709200448.csv;ERROR_SoSimple_1709200448.csv;mt_tester_files;235;MLP_Close Ticket=235: modification denied because order is too close to market! ERROR-145;145;MODIFICATION_TOO_CLOSE;False;
MT/tester/files/ERROR_SoSimple_1709200448.csv;ERROR_SoSimple_1709200448.csv;mt_tester_files;235;MLP_Close Ticket=235: modification denied because order is too close to market! ERROR-145;145;MODIFICATION_TOO_CLOSE;False;
MT/tester/files/ERROR_SoSimple_1709200448.csv;ERROR_SoSimple_1709200448.csv;mt_tester_files;235;MLP_Close Ticket=235: modification denied because order is too close to market! ERROR-145;145;MODIFICATION_TOO_CLOSE;False;
MT/tester/files/ERROR_SoSimple_1709200448.csv;ERROR_SoSimple_1709200448.csv;mt_tester_files;235;MLP_Close Ticket=235: modification denied because order is too close to market! ERROR-145;145;MODIFICATION_TOO_CLOSE;False;
MT/tester/files/ERROR_SoSimple_1709200448.csv;ERROR_SoSimple_1709200448.csv;mt_tester_files;235;MLP_Close Ticket=235: modification denied because order is too close to market! ERROR-145;145;MODIFICATION_TOO_CLOSE;False;
MT/tester/files/ERROR_SoSimple_1709200448.csv;ERROR_SoSimple_1709200448.csv;mt_tester_files;235;MLP_Close Ticket=235: modification denied because order is too close to market! ERROR-145;145;MODIFICATION_TOO_CLOSE;False;
MT/tester/files/ERROR_SoSimple_1709200448.csv;ERROR_SoSimple_1709200448.csv;mt_tester_files;235;MLP_Close Ticket=235: modification denied because order is too close to market! ERROR-145;145;MODIFICATION_TOO_CLOSE;False;
MT/tester/files/ERROR_SoSimple_1709200448.csv;ERROR_SoSimple_1709200448.csv;mt_tester_files;1;MLP_OpenLimitOrder: invalid stops! ERROR-130;130;INVALID_STOPS;False;
MT/tester/files/ERROR_SoSimple_1709200448.csv;ERROR_SoSimple_1709200448.csv;mt_tester_files;1;MLP_OpenLimitOrder: invalid stops! ERROR-130;130;INVALID_STOPS;False;
MT/tester/files/ERROR_SoSimple_1709200448.csv;ERROR_SoSimple_1709200448.csv;mt_tester_files;1;MLP_OpenLimitOrder: invalid stops! ERROR-130;130;INVALID_STOPS;False;
MT/tester/files/ERROR_SoSimple_1709200448.csv;ERROR_SoSimple_1709200448.csv;mt_tester_files;1;MLP_OpenLimitOrder: invalid stops! ERROR-130;130;INVALID_STOPS;False;
MT/tester/files/ERROR_SoSimple_1709200448.csv;ERROR_SoSimple_1709200448.csv;mt_tester_files;1;MLP_OpenLimitOrder: invalid stops! ERROR-130;130;INVALID_STOPS;False;
MT/tester/files/ERROR_SoSimple_1709200448.csv;ERROR_SoSimple_1709200448.csv;mt_tester_files;583;MLP_OpenLimitOrder: invalid stops! ERROR-130;130;INVALID_STOPS;False;
MT/tester/files/ERROR_SoSimple_1709200448.csv;ERROR_SoSimple_1709200448.csv;mt_tester_files;583;MLP_OpenLimitOrder: invalid stops! ERROR-130;130;INVALID_STOPS;False;
MT/tester/files/ERROR_SoSimple_1709200448.csv;ERROR_SoSimple_1709200448.csv;mt_tester_files;583;MLP_OpenLimitOrder: invalid stops! ERROR-130;130;INVALID_STOPS;False;
MT/tester/files/ERROR_SoSimple_1709200448.csv;ERROR_SoSimple_1709200448.csv;mt_tester_files;583;MLP_OpenLimitOrder: invalid stops! ERROR-130;130;INVALID_STOPS;False;
MT/tester/files/ERROR_SoSimple_1709200448.csv;ERROR_SoSimple_1709200448.csv;mt_tester_files;583;MLP_OpenLimitOrder: invalid stops! ERROR-130;130;INVALID_STOPS;False;
MT/tester/files/ERROR_SoSimple_1709200448.csv;ERROR_SoSimple_1709200448.csv;mt_tester_files;1;MLP_OpenLimitOrder: invalid stops! ERROR-130;130;INVALID_STOPS;False;
MT/tester/files/ERROR_SoSimple_1709200448.csv;ERROR_SoSimple_1709200448.csv;mt_tester_files;1;MLP_OpenLimitOrder: invalid stops! ERROR-130;130;INVALID_STOPS;False;
MT/tester/files/ERROR_SoSimple_1709200448.csv;ERROR_SoSimple_1709200448.csv;mt_tester_files;1;MLP_OpenLimitOrder: invalid stops! ERROR-130;130;INVALID_STOPS;False;
MT/tester/files/ERROR_SoSimple_1709200448.csv;ERROR_SoSimple_1709200448.csv;mt_tester_files;1;MLP_OpenLimitOrder: invalid stops! ERROR-130;130;INVALID_STOPS;False;
MT/tester/files/ERROR_SoSimple_1709200448.csv;ERROR_SoSimple_1709200448.csv;mt_tester_files;1;MLP_OpenLimitOrder: invalid stops! ERROR-130;130;INVALID_STOPS;False;
MT/tester/files/ERROR_SoSimple_1709200448.csv;ERROR_SoSimple_1709200448.csv;mt_tester_files;1;MLP_OpenLimitOrder: invalid stops! ERROR-130;130;INVALID_STOPS;False;
MT/tester/files/ERROR_SoSimple_1709200448.csv;ERROR_SoSimple_1709200448.csv;mt_tester_files;1;MLP_OpenLimitOrder: invalid stops! ERROR-130;130;INVALID_STOPS;False;
MT/tester/files/ERROR_SoSimple_1709200448.csv;ERROR_SoSimple_1709200448.csv;mt_tester_files;1;MLP_OpenLimitOrder: invalid stops! ERROR-130;130;INVALID_STOPS;False;
MT/tester/files/ERROR_SoSimple_1709200448.csv;ERROR_SoSimple_1709200448.csv;mt_tester_files;1;MLP_OpenLimitOrder: invalid stops! ERROR-130;130;INVALID_STOPS;False;
MT/tester/files/ERROR_SoSimple_1709200448.csv;ERROR_SoSimple_1709200448.csv;mt_tester_files;1;MLP_OpenLimitOrder: invalid stops! ERROR-130;130;INVALID_STOPS;False;
